sample_id,wall_ts,mono_ts,cell_index,voltage_v,reconstructed,source,pack_voltage_v
1,1786725744.819,617416.997544889,1,3.487,0,json:reported,55.63
1,1786725744.819,617416.997544889,2,3.478,0,json:reported,55.63
1,1786725744.819,617416.997544889,3,3.496,0,json:reported,55.63
1,1786725744.819,617416.997544889,4,3.492,0,json:reported,55.63
1,1786725744.819,617416.997544889,5,3.494,0,json:reported,55.63
1,1786725744.819,617416.997544889,6,3.462,0,json:reported,55.63
1,1786725744.819,617416.997544889,7,3.509,0,json:reported,55.63
1,1786725744.819,617416.997544889,8,3.459,0,json:reported,55.63
1,1786725744.819,617416.997544889,9,3.483,0,json:reported,55.63
1,1786725744.819,617416.997544889,10,3.486,0,json:reported,55.63
1,1786725744.819,617416.997544889,11,3.422,0,json:reported,55.63
1,1786725744.819,617416.997544889,12,3.467,0,json:reported,55.63
1,1786725744.819,617416.997544889,13,3.484,0,json:reported,55.63
1,1786725744.819,617416.997544889,14,3.465,0,json:reported,55.63
1,1786725744.819,617416.997544889,15,3.473,0,json:reported,55.63
1,1786725744.819,617416.997544889,16,3.472999999999999,1,json:calculated,55.63
2,1786725744.819,617418.003318764,1,3.487,0,json:reported,55.63
2,1786725744.819,617418.003318764,2,3.478,0,json:reported,55.63
2,1786725744.819,617418.003318764,3,3.496,0,json:reported,55.63
2,1786725744.819,617418.003318764,4,3.492,0,json:reported,55.63
2,1786725744.819,617418.003318764,5,3.494,0,json:reported,55.63
2,1786725744.819,617418.003318764,6,3.462,0,json:reported,55.63
2,1786725744.819,617418.003318764,7,3.509,0,json:reported,55.63
2,1786725744.819,617418.003318764,8,3.459,0,json:reported,55.63
2,1786725744.819,617418.003318764,9,3.483,0,json:reported,55.63
2,1786725744.819,617418.003318764,10,3.486,0,json:reported,55.63
2,1786725744.819,617418.003318764,11,3.422,0,json:reported,55.63
2,1786725744.819,617418.003318764,12,3.467,0,json:reported,55.63
2,1786725744.819,617418.003318764,13,3.484,0,json:reported,55.63
2,1786725744.819,617418.003318764,14,3.465,0,json:reported,55.63
2,1786725744.819,617418.003318764,15,3.473,0,json:reported,55.63
2,1786725744.819,617418.003318764,16,3.472999999999999,1,json:calculated,55.63
3,1786725744.819,617419.008832556,1,3.487,0,json:reported,55.63
3,1786725744.819,617419.008832556,2,3.478,0,json:reported,55.63
3,1786725744.819,617419.008832556,3,3.496,0,json:reported,55.63
3,1786725744.819,617419.008832556,4,3.492,0,json:reported,55.63
3,1786725744.819,617419.008832556,5,3.494,0,json:reported,55.63
3,1786725744.819,617419.008832556,6,3.462,0,json:reported,55.63
3,1786725744.819,617419.008832556,7,3.509,0,json:reported,55.63
3,1786725744.819,617419.008832556,8,3.459,0,json:reported,55.63
3,1786725744.819,617419.008832556,9,3.483,0,json:reported,55.63
3,1786725744.819,617419.008832556,10,3.486,0,json:reported,55.63
3,1786725744.819,617419.008832556,11,3.422,0,json:reported,55.63
3,1786725744.819,617419.008832556,12,3.467,0,json:reported,55.63
3,1786725744.819,617419.008832556,13,3.484,0,json:reported,55.63
3,1786725744.819,617419.008832556,14,3.465,0,json:reported,55.63
3,1786725744.819,617419.008832556,15,3.473,0,json:reported,55.63
3,1786725744.819,617419.008832556,16,3.472999999999999,1,json:calculated,55.63
4,1786725744.819,617420.023811474,1,3.487,0,json:reported,55.63
4,1786725744.819,617420.023811474,2,3.478,0,json:reported,55.63
4,1786725744.819,617420.023811474,3,3.496,0,json:reported,55.63
4,1786725744.819,617420.023811474,4,3.492,0,json:reported,55.63
4,1786725744.819,617420.023811474,5,3.494,0,json:reported,55.63
4,1786725744.819,617420.023811474,6,3.462,0,json:reported,55.63
4,1786725744.819,617420.023811474,7,3.509,0,json:reported,55.63
4,1786725744.819,617420.023811474,8,3.459,0,json:reported,55.63
4,1786725744.819,617420.023811474,9,3.483,0,json:reported,55.63
4,1786725744.819,617420.023811474,10,3.486,0,json:reported,55.63
4,1786725744.819,617420.023811474,11,3.422,0,json:reported,55.63
4,1786725744.819,617420.023811474,12,3.467,0,json:reported,55.63
4,1786725744.819,617420.023811474,13,3.484,0,json:reported,55.63
4,1786725744.819,617420.023811474,14,3.465,0,json:reported,55.63
4,1786725744.819,617420.023811474,15,3.473,0,json:reported,55.63
4,1786725744.819,617420.023811474,16,3.472999999999999,1,json:calculated,55.63
5,1786725744.819,617421.031119766,1,3.487,0,json:reported,55.63
5,1786725744.819,617421.031119766,2,3.478,0,json:reported,55.63
5,1786725744.819,617421.031119766,3,3.496,0,json:reported,55.63
5,1786725744.819,617421.031119766,4,3.492,0,json:reported,55.63
5,1786725744.819,617421.031119766,5,3.494,0,json:reported,55.63
5,1786725744.819,617421.031119766,6,3.462,0,json:reported,55.63
5,1786725744.819,617421.031119766,7,3.509,0,json:reported,55.63
5,1786725744.819,617421.031119766,8,3.459,0,json:reported,55.63
5,1786725744.819,617421.031119766,9,3.483,0,json:reported,55.63
5,1786725744.819,617421.031119766,10,3.486,0,json:reported,55.63
5,1786725744.819,617421.031119766,11,3.422,0,json:reported,55.63
5,1786725744.819,617421.031119766,12,3.467,0,json:reported,55.63
5,1786725744.819,617421.031119766,13,3.484,0,json:reported,55.63
5,1786725744.819,617421.031119766,14,3.465,0,json:reported,55.63
5,1786725744.819,617421.031119766,15,3.473,0,json:reported,55.63
5,1786725744.819,617421.031119766,16,3.472999999999999,1,json:calculated,55.63
6,1786725744.819,617422.036697349,1,3.487,0,json:reported,55.63
6,1786725744.819,617422.036697349,2,3.478,0,json:reported,55.63
6,1786725744.819,617422.036697349,3,3.496,0,json:reported,55.63
6,1786725744.819,617422.036697349,4,3.492,0,json:reported,55.63
6,1786725744.819,617422.036697349,5,3.494,0,json:reported,55.63
6,1786725744.819,617422.036697349,6,3.462,0,json:reported,55.63
6,1786725744.819,617422.036697349,7,3.509,0,json:reported,55.63
6,1786725744.819,617422.036697349,8,3.459,0,json:reported,55.63
6,1786725744.819,617422.036697349,9,3.483,0,json:reported,55.63
6,1786725744.819,617422.036697349,10,3.486,0,json:reported,55.63
6,1786725744.819,617422.036697349,11,3.422,0,json:reported,55.63
6,1786725744.819,617422.036697349,12,3.467,0,json:reported,55.63
6,1786725744.819,617422.036697349,13,3.484,0,json:reported,55.63
6,1786725744.819,617422.036697349,14,3.465,0,json:reported,55.63
6,1786725744.819,617422.036697349,15,3.473,0,json:reported,55.63
6,1786725744.819,617422.036697349,16,3.472999999999999,1,json:calculated,55.63
7,1786725744.819,617423.042202225,1,3.487,0,json:reported,55.63
7,1786725744.819,617423.042202225,2,3.478,0,json:reported,55.63
7,1786725744.819,617423.042202225,3,3.496,0,json:reported,55.63
7,1786725744.819,617423.042202225,4,3.492,0,json:reported,55.63
7,1786725744.819,617423.042202225,5,3.494,0,json:reported,55.63
7,1786725744.819,617423.042202225,6,3.462,0,json:reported,55.63
7,1786725744.819,617423.042202225,7,3.509,0,json:reported,55.63
7,1786725744.819,617423.042202225,8,3.459,0,json:reported,55.63
7,1786725744.819,617423.042202225,9,3.483,0,json:reported,55.63
7,1786725744.819,617423.042202225,10,3.486,0,json:reported,55.63
7,1786725744.819,617423.042202225,11,3.422,0,json:reported,55.63
7,1786725744.819,617423.042202225,12,3.467,0,json:reported,55.63
7,1786725744.819,617423.042202225,13,3.484,0,json:reported,55.63
7,1786725744.819,617423.042202225,14,3.465,0,json:reported,55.63
7,1786725744.819,617423.042202225,15,3.473,0,json:reported,55.63
7,1786725744.819,617423.042202225,16,3.472999999999999,1,json:calculated,55.63
8,1786725744.819,617424.057808017,1,3.487,0,json:reported,55.63
8,1786725744.819,617424.057808017,2,3.478,0,json:reported,55.63
8,1786725744.819,617424.057808017,3,3.496,0,json:reported,55.63
8,1786725744.819,617424.057808017,4,3.492,0,json:reported,55.63
8,1786725744.819,617424.057808017,5,3.494,0,json:reported,55.63
8,1786725744.819,617424.057808017,6,3.462,0,json:reported,55.63
8,1786725744.819,617424.057808017,7,3.509,0,json:reported,55.63
8,1786725744.819,617424.057808017,8,3.459,0,json:reported,55.63
8,1786725744.819,617424.057808017,9,3.483,0,json:reported,55.63
8,1786725744.819,617424.057808017,10,3.486,0,json:reported,55.63
8,1786725744.819,617424.057808017,11,3.422,0,json:reported,55.63
8,1786725744.819,617424.057808017,12,3.467,0,json:reported,55.63
8,1786725744.819,617424.057808017,13,3.484,0,json:reported,55.63
8,1786725744.819,617424.057808017,14,3.465,0,json:reported,55.63
8,1786725744.819,617424.057808017,15,3.473,0,json:reported,55.63
8,1786725744.819,617424.057808017,16,3.472999999999999,1,json:calculated,55.63
9,1786725752.544,617425.076481684,1,3.487,0,json:reported,55.64
9,1786725752.544,617425.076481684,2,3.478,0,json:reported,55.64
9,1786725752.544,617425.076481684,3,3.497,0,json:reported,55.64
9,1786725752.544,617425.076481684,4,3.493,0,json:reported,55.64
9,1786725752.544,617425.076481684,5,3.494,0,json:reported,55.64
9,1786725752.544,617425.076481684,6,3.463,0,json:reported,55.64
9,1786725752.544,617425.076481684,7,3.51,0,json:reported,55.64
9,1786725752.544,617425.076481684,8,3.459,0,json:reported,55.64
9,1786725752.544,617425.076481684,9,3.483,0,json:reported,55.64
9,1786725752.544,617425.076481684,10,3.487,0,json:reported,55.64
9,1786725752.544,617425.076481684,11,3.422,0,json:reported,55.64
9,1786725752.544,617425.076481684,12,3.467,0,json:reported,55.64
9,1786725752.544,617425.076481684,13,3.485,0,json:reported,55.64
9,1786725752.544,617425.076481684,14,3.465,0,json:reported,55.64
9,1786725752.544,617425.076481684,15,3.474,0,json:reported,55.64
9,1786725752.544,617425.076481684,16,3.475999999999999,1,json:calculated,55.64
10,1786725752.544,617426.082611185,1,3.487,0,json:reported,55.64
10,1786725752.544,617426.082611185,2,3.478,0,json:reported,55.64
10,1786725752.544,617426.082611185,3,3.497,0,json:reported,55.64
10,1786725752.544,617426.082611185,4,3.493,0,json:reported,55.64
10,1786725752.544,617426.082611185,5,3.494,0,json:reported,55.64
10,1786725752.544,617426.082611185,6,3.463,0,json:reported,55.64
10,1786725752.544,617426.082611185,7,3.51,0,json:reported,55.64
10,1786725752.544,617426.082611185,8,3.459,0,json:reported,55.64
10,1786725752.544,617426.082611185,9,3.483,0,json:reported,55.64
10,1786725752.544,617426.082611185,10,3.487,0,json:reported,55.64
10,1786725752.544,617426.082611185,11,3.422,0,json:reported,55.64
10,1786725752.544,617426.082611185,12,3.467,0,json:reported,55.64
10,1786725752.544,617426.082611185,13,3.485,0,json:reported,55.64
10,1786725752.544,617426.082611185,14,3.465,0,json:reported,55.64
10,1786725752.544,617426.082611185,15,3.474,0,json:reported,55.64
10,1786725752.544,617426.082611185,16,3.475999999999999,1,json:calculated,55.64
11,1786725752.544,617427.09737906,1,3.487,0,json:reported,55.64
11,1786725752.544,617427.09737906,2,3.478,0,json:reported,55.64
11,1786725752.544,617427.09737906,3,3.497,0,json:reported,55.64
11,1786725752.544,617427.09737906,4,3.493,0,json:reported,55.64
11,1786725752.544,617427.09737906,5,3.494,0,json:reported,55.64
11,1786725752.544,617427.09737906,6,3.463,0,json:reported,55.64
11,1786725752.544,617427.09737906,7,3.51,0,json:reported,55.64
11,1786725752.544,617427.09737906,8,3.459,0,json:reported,55.64
11,1786725752.544,617427.09737906,9,3.483,0,json:reported,55.64
11,1786725752.544,617427.09737906,10,3.487,0,json:reported,55.64
11,1786725752.544,617427.09737906,11,3.422,0,json:reported,55.64
11,1786725752.544,617427.09737906,12,3.467,0,json:reported,55.64
11,1786725752.544,617427.09737906,13,3.485,0,json:reported,55.64
11,1786725752.544,617427.09737906,14,3.465,0,json:reported,55.64
11,1786725752.544,617427.09737906,15,3.474,0,json:reported,55.64
11,1786725752.544,617427.09737906,16,3.475999999999999,1,json:calculated,55.64
12,1786725752.544,617428.103263269,1,3.487,0,json:reported,55.64
12,1786725752.544,617428.103263269,2,3.478,0,json:reported,55.64
12,1786725752.544,617428.103263269,3,3.497,0,json:reported,55.64
12,1786725752.544,617428.103263269,4,3.493,0,json:reported,55.64
12,1786725752.544,617428.103263269,5,3.494,0,json:reported,55.64
12,1786725752.544,617428.103263269,6,3.463,0,json:reported,55.64
12,1786725752.544,617428.103263269,7,3.51,0,json:reported,55.64
12,1786725752.544,617428.103263269,8,3.459,0,json:reported,55.64
12,1786725752.544,617428.103263269,9,3.483,0,json:reported,55.64
12,1786725752.544,617428.103263269,10,3.487,0,json:reported,55.64
12,1786725752.544,617428.103263269,11,3.422,0,json:reported,55.64
12,1786725752.544,617428.103263269,12,3.467,0,json:reported,55.64
12,1786725752.544,617428.103263269,13,3.485,0,json:reported,55.64
12,1786725752.544,617428.103263269,14,3.465,0,json:reported,55.64
12,1786725752.544,617428.103263269,15,3.474,0,json:reported,55.64
12,1786725752.544,617428.103263269,16,3.475999999999999,1,json:calculated,55.64
13,1786725752.544,617429.131840103,1,3.487,0,json:reported,55.64
13,1786725752.544,617429.131840103,2,3.478,0,json:reported,55.64
13,1786725752.544,617429.131840103,3,3.497,0,json:reported,55.64
13,1786725752.544,617429.131840103,4,3.493,0,json:reported,55.64
13,1786725752.544,617429.131840103,5,3.494,0,json:reported,55.64
13,1786725752.544,617429.131840103,6,3.463,0,json:reported,55.64
13,1786725752.544,617429.131840103,7,3.51,0,json:reported,55.64
13,1786725752.544,617429.131840103,8,3.459,0,json:reported,55.64
13,1786725752.544,617429.131840103,9,3.483,0,json:reported,55.64
13,1786725752.544,617429.131840103,10,3.487,0,json:reported,55.64
13,1786725752.544,617429.131840103,11,3.422,0,json:reported,55.64
13,1786725752.544,617429.131840103,12,3.467,0,json:reported,55.64
13,1786725752.544,617429.131840103,13,3.485,0,json:reported,55.64
13,1786725752.544,617429.131840103,14,3.465,0,json:reported,55.64
13,1786725752.544,617429.131840103,15,3.474,0,json:reported,55.64
13,1786725752.544,617429.131840103,16,3.475999999999999,1,json:calculated,55.64
14,1786725752.544,617430.139999478,1,3.487,0,json:reported,55.64
14,1786725752.544,617430.139999478,2,3.478,0,json:reported,55.64
14,1786725752.544,617430.139999478,3,3.497,0,json:reported,55.64
14,1786725752.544,617430.139999478,4,3.493,0,json:reported,55.64
14,1786725752.544,617430.139999478,5,3.494,0,json:reported,55.64
14,1786725752.544,617430.139999478,6,3.463,0,json:reported,55.64
14,1786725752.544,617430.139999478,7,3.51,0,json:reported,55.64
14,1786725752.544,617430.139999478,8,3.459,0,json:reported,55.64
14,1786725752.544,617430.139999478,9,3.483,0,json:reported,55.64
14,1786725752.544,617430.139999478,10,3.487,0,json:reported,55.64
14,1786725752.544,617430.139999478,11,3.422,0,json:reported,55.64
14,1786725752.544,617430.139999478,12,3.467,0,json:reported,55.64
14,1786725752.544,617430.139999478,13,3.485,0,json:reported,55.64
14,1786725752.544,617430.139999478,14,3.465,0,json:reported,55.64
14,1786725752.544,617430.139999478,15,3.474,0,json:reported,55.64
14,1786725752.544,617430.139999478,16,3.475999999999999,1,json:calculated,55.64
15,1786725752.544,617431.156771312,1,3.487,0,json:reported,55.64
15,1786725752.544,617431.156771312,2,3.478,0,json:reported,55.64
15,1786725752.544,617431.156771312,3,3.497,0,json:reported,55.64
15,1786725752.544,617431.156771312,4,3.493,0,json:reported,55.64
15,1786725752.544,617431.156771312,5,3.494,0,json:reported,55.64
15,1786725752.544,617431.156771312,6,3.463,0,json:reported,55.64
15,1786725752.544,617431.156771312,7,3.51,0,json:reported,55.64
15,1786725752.544,617431.156771312,8,3.459,0,json:reported,55.64
15,1786725752.544,617431.156771312,9,3.483,0,json:reported,55.64
15,1786725752.544,617431.156771312,10,3.487,0,json:reported,55.64
15,1786725752.544,617431.156771312,11,3.422,0,json:reported,55.64
15,1786725752.544,617431.156771312,12,3.467,0,json:reported,55.64
15,1786725752.544,617431.156771312,13,3.485,0,json:reported,55.64
15,1786725752.544,617431.156771312,14,3.465,0,json:reported,55.64
15,1786725752.544,617431.156771312,15,3.474,0,json:reported,55.64
15,1786725752.544,617431.156771312,16,3.475999999999999,1,json:calculated,55.64
16,1786725752.544,617432.168424896,1,3.487,0,json:reported,55.64
16,1786725752.544,617432.168424896,2,3.478,0,json:reported,55.64
16,1786725752.544,617432.168424896,3,3.497,0,json:reported,55.64
16,1786725752.544,617432.168424896,4,3.493,0,json:reported,55.64
16,1786725752.544,617432.168424896,5,3.494,0,json:reported,55.64
16,1786725752.544,617432.168424896,6,3.463,0,json:reported,55.64
16,1786725752.544,617432.168424896,7,3.51,0,json:reported,55.64
16,1786725752.544,617432.168424896,8,3.459,0,json:reported,55.64
16,1786725752.544,617432.168424896,9,3.483,0,json:reported,55.64
16,1786725752.544,617432.168424896,10,3.487,0,json:reported,55.64
16,1786725752.544,617432.168424896,11,3.422,0,json:reported,55.64
16,1786725752.544,617432.168424896,12,3.467,0,json:reported,55.64
16,1786725752.544,617432.168424896,13,3.485,0,json:reported,55.64
16,1786725752.544,617432.168424896,14,3.465,0,json:reported,55.64
16,1786725752.544,617432.168424896,15,3.474,0,json:reported,55.64
16,1786725752.544,617432.168424896,16,3.475999999999999,1,json:calculated,55.64
17,1786725760.76,617433.193136563,1,3.488,0,json:reported,55.65
17,1786725760.76,617433.193136563,2,3.479,0,json:reported,55.65
17,1786725760.76,617433.193136563,3,3.498,0,json:reported,55.65
17,1786725760.76,617433.193136563,4,3.493,0,json:reported,55.65
17,1786725760.76,617433.193136563,5,3.495,0,json:reported,55.65
17,1786725760.76,617433.193136563,6,3.463,0,json:reported,55.65
17,1786725760.76,617433.193136563,7,3.511,0,json:reported,55.65
17,1786725760.76,617433.193136563,8,3.46,0,json:reported,55.65
17,1786725760.76,617433.193136563,9,3.484,0,json:reported,55.65
17,1786725760.76,617433.193136563,10,3.487,0,json:reported,55.65
17,1786725760.76,617433.193136563,11,3.422,0,json:reported,55.65
17,1786725760.76,617433.193136563,12,3.468,0,json:reported,55.65
17,1786725760.76,617433.193136563,13,3.486,0,json:reported,55.65
17,1786725760.76,617433.193136563,14,3.466,0,json:reported,55.65
17,1786725760.76,617433.193136563,15,3.474,0,json:reported,55.65
17,1786725760.76,617433.193136563,16,3.475999999999999,1,json:calculated,55.65
18,1786725760.76,617434.19975623,1,3.488,0,json:reported,55.65
18,1786725760.76,617434.19975623,2,3.479,0,json:reported,55.65
18,1786725760.76,617434.19975623,3,3.498,0,json:reported,55.65
18,1786725760.76,617434.19975623,4,3.493,0,json:reported,55.65
18,1786725760.76,617434.19975623,5,3.495,0,json:reported,55.65
18,1786725760.76,617434.19975623,6,3.463,0,json:reported,55.65
18,1786725760.76,617434.19975623,7,3.511,0,json:reported,55.65
18,1786725760.76,617434.19975623,8,3.46,0,json:reported,55.65
18,1786725760.76,617434.19975623,9,3.484,0,json:reported,55.65
18,1786725760.76,617434.19975623,10,3.487,0,json:reported,55.65
18,1786725760.76,617434.19975623,11,3.422,0,json:reported,55.65
18,1786725760.76,617434.19975623,12,3.468,0,json:reported,55.65
18,1786725760.76,617434.19975623,13,3.486,0,json:reported,55.65
18,1786725760.76,617434.19975623,14,3.466,0,json:reported,55.65
18,1786725760.76,617434.19975623,15,3.474,0,json:reported,55.65
18,1786725760.76,617434.19975623,16,3.475999999999999,1,json:calculated,55.65
19,1786725760.76,617435.208278689,1,3.488,0,json:reported,55.65
19,1786725760.76,617435.208278689,2,3.479,0,json:reported,55.65
19,1786725760.76,617435.208278689,3,3.498,0,json:reported,55.65
19,1786725760.76,617435.208278689,4,3.493,0,json:reported,55.65
19,1786725760.76,617435.208278689,5,3.495,0,json:reported,55.65
19,1786725760.76,617435.208278689,6,3.463,0,json:reported,55.65
19,1786725760.76,617435.208278689,7,3.511,0,json:reported,55.65
19,1786725760.76,617435.208278689,8,3.46,0,json:reported,55.65
19,1786725760.76,617435.208278689,9,3.484,0,json:reported,55.65
19,1786725760.76,617435.208278689,10,3.487,0,json:reported,55.65
19,1786725760.76,617435.208278689,11,3.422,0,json:reported,55.65
19,1786725760.76,617435.208278689,12,3.468,0,json:reported,55.65
19,1786725760.76,617435.208278689,13,3.486,0,json:reported,55.65
19,1786725760.76,617435.208278689,14,3.466,0,json:reported,55.65
19,1786725760.76,617435.208278689,15,3.474,0,json:reported,55.65
19,1786725760.76,617435.208278689,16,3.475999999999999,1,json:calculated,55.65
20,1786725760.76,617436.230457606,1,3.488,0,json:reported,55.65
20,1786725760.76,617436.230457606,2,3.479,0,json:reported,55.65
20,1786725760.76,617436.230457606,3,3.498,0,json:reported,55.65
20,1786725760.76,617436.230457606,4,3.493,0,json:reported,55.65
20,1786725760.76,617436.230457606,5,3.495,0,json:reported,55.65
20,1786725760.76,617436.230457606,6,3.463,0,json:reported,55.65
20,1786725760.76,617436.230457606,7,3.511,0,json:reported,55.65
20,1786725760.76,617436.230457606,8,3.46,0,json:reported,55.65
20,1786725760.76,617436.230457606,9,3.484,0,json:reported,55.65
20,1786725760.76,617436.230457606,10,3.487,0,json:reported,55.65
20,1786725760.76,617436.230457606,11,3.422,0,json:reported,55.65
20,1786725760.76,617436.230457606,12,3.468,0,json:reported,55.65
20,1786725760.76,617436.230457606,13,3.486,0,json:reported,55.65
20,1786725760.76,617436.230457606,14,3.466,0,json:reported,55.65
20,1786725760.76,617436.230457606,15,3.474,0,json:reported,55.65
20,1786725760.76,617436.230457606,16,3.475999999999999,1,json:calculated,55.65
21,1786725760.76,617437.236593773,1,3.488,0,json:reported,55.65
21,1786725760.76,617437.236593773,2,3.479,0,json:reported,55.65
21,1786725760.76,617437.236593773,3,3.498,0,json:reported,55.65
21,1786725760.76,617437.236593773,4,3.493,0,json:reported,55.65
21,1786725760.76,617437.236593773,5,3.495,0,json:reported,55.65
21,1786725760.76,617437.236593773,6,3.463,0,json:reported,55.65
21,1786725760.76,617437.236593773,7,3.511,0,json:reported,55.65
21,1786725760.76,617437.236593773,8,3.46,0,json:reported,55.65
21,1786725760.76,617437.236593773,9,3.484,0,json:reported,55.65
21,1786725760.76,617437.236593773,10,3.487,0,json:reported,55.65
21,1786725760.76,617437.236593773,11,3.422,0,json:reported,55.65
21,1786725760.76,617437.236593773,12,3.468,0,json:reported,55.65
21,1786725760.76,617437.236593773,13,3.486,0,json:reported,55.65
21,1786725760.76,617437.236593773,14,3.466,0,json:reported,55.65
21,1786725760.76,617437.236593773,15,3.474,0,json:reported,55.65
21,1786725760.76,617437.236593773,16,3.475999999999999,1,json:calculated,55.65
22,1786725760.76,617438.245778274,1,3.488,0,json:reported,55.65
22,1786725760.76,617438.245778274,2,3.479,0,json:reported,55.65
22,1786725760.76,617438.245778274,3,3.498,0,json:reported,55.65
22,1786725760.76,617438.245778274,4,3.493,0,json:reported,55.65
22,1786725760.76,617438.245778274,5,3.495,0,json:reported,55.65
22,1786725760.76,617438.245778274,6,3.463,0,json:reported,55.65
22,1786725760.76,617438.245778274,7,3.511,0,json:reported,55.65
22,1786725760.76,617438.245778274,8,3.46,0,json:reported,55.65
22,1786725760.76,617438.245778274,9,3.484,0,json:reported,55.65
22,1786725760.76,617438.245778274,10,3.487,0,json:reported,55.65
22,1786725760.76,617438.245778274,11,3.422,0,json:reported,55.65
22,1786725760.76,617438.245778274,12,3.468,0,json:reported,55.65
22,1786725760.76,617438.245778274,13,3.486,0,json:reported,55.65
22,1786725760.76,617438.245778274,14,3.466,0,json:reported,55.65
22,1786725760.76,617438.245778274,15,3.474,0,json:reported,55.65
22,1786725760.76,617438.245778274,16,3.475999999999999,1,json:calculated,55.65
23,1786725760.76,617439.257399608,1,3.488,0,json:reported,55.65
23,1786725760.76,617439.257399608,2,3.479,0,json:reported,55.65
23,1786725760.76,617439.257399608,3,3.498,0,json:reported,55.65
23,1786725760.76,617439.257399608,4,3.493,0,json:reported,55.65
23,1786725760.76,617439.257399608,5,3.495,0,json:reported,55.65
23,1786725760.76,617439.257399608,6,3.463,0,json:reported,55.65
23,1786725760.76,617439.257399608,7,3.511,0,json:reported,55.65
23,1786725760.76,617439.257399608,8,3.46,0,json:reported,55.65
23,1786725760.76,617439.257399608,9,3.484,0,json:reported,55.65
23,1786725760.76,617439.257399608,10,3.487,0,json:reported,55.65
23,1786725760.76,617439.257399608,11,3.422,0,json:reported,55.65
23,1786725760.76,617439.257399608,12,3.468,0,json:reported,55.65
23,1786725760.76,617439.257399608,13,3.486,0,json:reported,55.65
23,1786725760.76,617439.257399608,14,3.466,0,json:reported,55.65
23,1786725760.76,617439.257399608,15,3.474,0,json:reported,55.65
23,1786725760.76,617439.257399608,16,3.475999999999999,1,json:calculated,55.65
24,1786725760.76,617440.263388275,1,3.488,0,json:reported,55.65
24,1786725760.76,617440.263388275,2,3.479,0,json:reported,55.65
24,1786725760.76,617440.263388275,3,3.498,0,json:reported,55.65
24,1786725760.76,617440.263388275,4,3.493,0,json:reported,55.65
24,1786725760.76,617440.263388275,5,3.495,0,json:reported,55.65
24,1786725760.76,617440.263388275,6,3.463,0,json:reported,55.65
24,1786725760.76,617440.263388275,7,3.511,0,json:reported,55.65
24,1786725760.76,617440.263388275,8,3.46,0,json:reported,55.65
24,1786725760.76,617440.263388275,9,3.484,0,json:reported,55.65
24,1786725760.76,617440.263388275,10,3.487,0,json:reported,55.65
24,1786725760.76,617440.263388275,11,3.422,0,json:reported,55.65
24,1786725760.76,617440.263388275,12,3.468,0,json:reported,55.65
24,1786725760.76,617440.263388275,13,3.486,0,json:reported,55.65
24,1786725760.76,617440.263388275,14,3.466,0,json:reported,55.65
24,1786725760.76,617440.263388275,15,3.474,0,json:reported,55.65
24,1786725760.76,617440.263388275,16,3.475999999999999,1,json:calculated,55.65
25,1786725768.997,617441.278727609,1,3.489,0,json:reported,55.66
25,1786725768.997,617441.278727609,2,3.48,0,json:reported,55.66
25,1786725768.997,617441.278727609,3,3.498,0,json:reported,55.66
25,1786725768.997,617441.278727609,4,3.494,0,json:reported,55.66
25,1786725768.997,617441.278727609,5,3.496,0,json:reported,55.66
25,1786725768.997,617441.278727609,6,3.464,0,json:reported,55.66
25,1786725768.997,617441.278727609,7,3.511,0,json:reported,55.66
25,1786725768.997,617441.278727609,8,3.46,0,json:reported,55.66
25,1786725768.997,617441.278727609,9,3.484,0,json:reported,55.66
25,1786725768.997,617441.278727609,10,3.488,0,json:reported,55.66
25,1786725768.997,617441.278727609,11,3.423,0,json:reported,55.66
25,1786725768.997,617441.278727609,12,3.469,0,json:reported,55.66
25,1786725768.997,617441.278727609,13,3.486,0,json:reported,55.66
25,1786725768.997,617441.278727609,14,3.466,0,json:reported,55.66
25,1786725768.997,617441.278727609,15,3.475,0,json:reported,55.66
25,1786725768.997,617441.278727609,16,3.4769999999999968,1,json:calculated,55.66
26,1786725768.997,617442.293313901,1,3.489,0,json:reported,55.66
26,1786725768.997,617442.293313901,2,3.48,0,json:reported,55.66
26,1786725768.997,617442.293313901,3,3.498,0,json:reported,55.66
26,1786725768.997,617442.293313901,4,3.494,0,json:reported,55.66
26,1786725768.997,617442.293313901,5,3.496,0,json:reported,55.66
26,1786725768.997,617442.293313901,6,3.464,0,json:reported,55.66
26,1786725768.997,617442.293313901,7,3.511,0,json:reported,55.66
26,1786725768.997,617442.293313901,8,3.46,0,json:reported,55.66
26,1786725768.997,617442.293313901,9,3.484,0,json:reported,55.66
26,1786725768.997,617442.293313901,10,3.488,0,json:reported,55.66
26,1786725768.997,617442.293313901,11,3.423,0,json:reported,55.66
26,1786725768.997,617442.293313901,12,3.469,0,json:reported,55.66
26,1786725768.997,617442.293313901,13,3.486,0,json:reported,55.66
26,1786725768.997,617442.293313901,14,3.466,0,json:reported,55.66
26,1786725768.997,617442.293313901,15,3.475,0,json:reported,55.66
26,1786725768.997,617442.293313901,16,3.4769999999999968,1,json:calculated,55.66
27,1786725768.997,617443.298524693,1,3.489,0,json:reported,55.66
27,1786725768.997,617443.298524693,2,3.48,0,json:reported,55.66
27,1786725768.997,617443.298524693,3,3.498,0,json:reported,55.66
27,1786725768.997,617443.298524693,4,3.494,0,json:reported,55.66
27,1786725768.997,617443.298524693,5,3.496,0,json:reported,55.66
27,1786725768.997,617443.298524693,6,3.464,0,json:reported,55.66
27,1786725768.997,617443.298524693,7,3.511,0,json:reported,55.66
27,1786725768.997,617443.298524693,8,3.46,0,json:reported,55.66
27,1786725768.997,617443.298524693,9,3.484,0,json:reported,55.66
27,1786725768.997,617443.298524693,10,3.488,0,json:reported,55.66
27,1786725768.997,617443.298524693,11,3.423,0,json:reported,55.66
27,1786725768.997,617443.298524693,12,3.469,0,json:reported,55.66
27,1786725768.997,617443.298524693,13,3.486,0,json:reported,55.66
27,1786725768.997,617443.298524693,14,3.466,0,json:reported,55.66
27,1786725768.997,617443.298524693,15,3.475,0,json:reported,55.66
27,1786725768.997,617443.298524693,16,3.4769999999999968,1,json:calculated,55.66
28,1786725768.997,617444.310759443,1,3.489,0,json:reported,55.66
28,1786725768.997,617444.310759443,2,3.48,0,json:reported,55.66
28,1786725768.997,617444.310759443,3,3.498,0,json:reported,55.66
28,1786725768.997,617444.310759443,4,3.494,0,json:reported,55.66
28,1786725768.997,617444.310759443,5,3.496,0,json:reported,55.66
28,1786725768.997,617444.310759443,6,3.464,0,json:reported,55.66
28,1786725768.997,617444.310759443,7,3.511,0,json:reported,55.66
28,1786725768.997,617444.310759443,8,3.46,0,json:reported,55.66
28,1786725768.997,617444.310759443,9,3.484,0,json:reported,55.66
28,1786725768.997,617444.310759443,10,3.488,0,json:reported,55.66
28,1786725768.997,617444.310759443,11,3.423,0,json:reported,55.66
28,1786725768.997,617444.310759443,12,3.469,0,json:reported,55.66
28,1786725768.997,617444.310759443,13,3.486,0,json:reported,55.66
28,1786725768.997,617444.310759443,14,3.466,0,json:reported,55.66
28,1786725768.997,617444.310759443,15,3.475,0,json:reported,55.66
28,1786725768.997,617444.310759443,16,3.4769999999999968,1,json:calculated,55.66
29,1786725768.997,617445.324907236,1,3.489,0,json:reported,55.66
29,1786725768.997,617445.324907236,2,3.48,0,json:reported,55.66
29,1786725768.997,617445.324907236,3,3.498,0,json:reported,55.66
29,1786725768.997,617445.324907236,4,3.494,0,json:reported,55.66
29,1786725768.997,617445.324907236,5,3.496,0,json:reported,55.66
29,1786725768.997,617445.324907236,6,3.464,0,json:reported,55.66
29,1786725768.997,617445.324907236,7,3.511,0,json:reported,55.66
29,1786725768.997,617445.324907236,8,3.46,0,json:reported,55.66
29,1786725768.997,617445.324907236,9,3.484,0,json:reported,55.66
29,1786725768.997,617445.324907236,10,3.488,0,json:reported,55.66
29,1786725768.997,617445.324907236,11,3.423,0,json:reported,55.66
29,1786725768.997,617445.324907236,12,3.469,0,json:reported,55.66
29,1786725768.997,617445.324907236,13,3.486,0,json:reported,55.66
29,1786725768.997,617445.324907236,14,3.466,0,json:reported,55.66
29,1786725768.997,617445.324907236,15,3.475,0,json:reported,55.66
29,1786725768.997,617445.324907236,16,3.4769999999999968,1,json:calculated,55.66
30,1786725768.997,617446.344249319,1,3.489,0,json:reported,55.66
30,1786725768.997,617446.344249319,2,3.48,0,json:reported,55.66
30,1786725768.997,617446.344249319,3,3.498,0,json:reported,55.66
30,1786725768.997,617446.344249319,4,3.494,0,json:reported,55.66
30,1786725768.997,617446.344249319,5,3.496,0,json:reported,55.66
30,1786725768.997,617446.344249319,6,3.464,0,json:reported,55.66
30,1786725768.997,617446.344249319,7,3.511,0,json:reported,55.66
30,1786725768.997,617446.344249319,8,3.46,0,json:reported,55.66
30,1786725768.997,617446.344249319,9,3.484,0,json:reported,55.66
30,1786725768.997,617446.344249319,10,3.488,0,json:reported,55.66
30,1786725768.997,617446.344249319,11,3.423,0,json:reported,55.66
30,1786725768.997,617446.344249319,12,3.469,0,json:reported,55.66
30,1786725768.997,617446.344249319,13,3.486,0,json:reported,55.66
30,1786725768.997,617446.344249319,14,3.466,0,json:reported,55.66
30,1786725768.997,617446.344249319,15,3.475,0,json:reported,55.66
30,1786725768.997,617446.344249319,16,3.4769999999999968,1,json:calculated,55.66
31,1786725768.997,617447.353902737,1,3.489,0,json:reported,55.66
31,1786725768.997,617447.353902737,2,3.48,0,json:reported,55.66
31,1786725768.997,617447.353902737,3,3.498,0,json:reported,55.66
31,1786725768.997,617447.353902737,4,3.494,0,json:reported,55.66
31,1786725768.997,617447.353902737,5,3.496,0,json:reported,55.66
31,1786725768.997,617447.353902737,6,3.464,0,json:reported,55.66
31,1786725768.997,617447.353902737,7,3.511,0,json:reported,55.66
31,1786725768.997,617447.353902737,8,3.46,0,json:reported,55.66
31,1786725768.997,617447.353902737,9,3.484,0,json:reported,55.66
31,1786725768.997,617447.353902737,10,3.488,0,json:reported,55.66
31,1786725768.997,617447.353902737,11,3.423,0,json:reported,55.66
31,1786725768.997,617447.353902737,12,3.469,0,json:reported,55.66
31,1786725768.997,617447.353902737,13,3.486,0,json:reported,55.66
31,1786725768.997,617447.353902737,14,3.466,0,json:reported,55.66
31,1786725768.997,617447.353902737,15,3.475,0,json:reported,55.66
31,1786725768.997,617447.353902737,16,3.4769999999999968,1,json:calculated,55.66
32,1786725768.997,617448.367081112,1,3.489,0,json:reported,55.66
32,1786725768.997,617448.367081112,2,3.48,0,json:reported,55.66
32,1786725768.997,617448.367081112,3,3.498,0,json:reported,55.66
32,1786725768.997,617448.367081112,4,3.494,0,json:reported,55.66
32,1786725768.997,617448.367081112,5,3.496,0,json:reported,55.66
32,1786725768.997,617448.367081112,6,3.464,0,json:reported,55.66
32,1786725768.997,617448.367081112,7,3.511,0,json:reported,55.66
32,1786725768.997,617448.367081112,8,3.46,0,json:reported,55.66
32,1786725768.997,617448.367081112,9,3.484,0,json:reported,55.66
32,1786725768.997,617448.367081112,10,3.488,0,json:reported,55.66
32,1786725768.997,617448.367081112,11,3.423,0,json:reported,55.66
32,1786725768.997,617448.367081112,12,3.469,0,json:reported,55.66
32,1786725768.997,617448.367081112,13,3.486,0,json:reported,55.66
32,1786725768.997,617448.367081112,14,3.466,0,json:reported,55.66
32,1786725768.997,617448.367081112,15,3.475,0,json:reported,55.66
32,1786725768.997,617448.367081112,16,3.4769999999999968,1,json:calculated,55.66
33,1786725776.92,617449.379666696,1,3.489,0,json:reported,55.67
33,1786725776.92,617449.379666696,2,3.48,0,json:reported,55.67
33,1786725776.92,617449.379666696,3,3.499,0,json:reported,55.67
33,1786725776.92,617449.379666696,4,3.495,0,json:reported,55.67
33,1786725776.92,617449.379666696,5,3.496,0,json:reported,55.67
33,1786725776.92,617449.379666696,6,3.464,0,json:reported,55.67
33,1786725776.92,617449.379666696,7,3.512,0,json:reported,55.67
33,1786725776.92,617449.379666696,8,3.461,0,json:reported,55.67
33,1786725776.92,617449.379666696,9,3.485,0,json:reported,55.67
33,1786725776.92,617449.379666696,10,3.489,0,json:reported,55.67
33,1786725776.92,617449.379666696,11,3.423,0,json:reported,55.67
33,1786725776.92,617449.379666696,12,3.469,0,json:reported,55.67
33,1786725776.92,617449.379666696,13,3.487,0,json:reported,55.67
33,1786725776.92,617449.379666696,14,3.467,0,json:reported,55.67
33,1786725776.92,617449.379666696,15,3.476,0,json:reported,55.67
33,1786725776.92,617449.379666696,16,3.4780000000000015,1,json:calculated,55.67
34,1786725776.92,617450.385819905,1,3.489,0,json:reported,55.67
34,1786725776.92,617450.385819905,2,3.48,0,json:reported,55.67
34,1786725776.92,617450.385819905,3,3.499,0,json:reported,55.67
34,1786725776.92,617450.385819905,4,3.495,0,json:reported,55.67
34,1786725776.92,617450.385819905,5,3.496,0,json:reported,55.67
34,1786725776.92,617450.385819905,6,3.464,0,json:reported,55.67
34,1786725776.92,617450.385819905,7,3.512,0,json:reported,55.67
34,1786725776.92,617450.385819905,8,3.461,0,json:reported,55.67
34,1786725776.92,617450.385819905,9,3.485,0,json:reported,55.67
34,1786725776.92,617450.385819905,10,3.489,0,json:reported,55.67
34,1786725776.92,617450.385819905,11,3.423,0,json:reported,55.67
34,1786725776.92,617450.385819905,12,3.469,0,json:reported,55.67
34,1786725776.92,617450.385819905,13,3.487,0,json:reported,55.67
34,1786725776.92,617450.385819905,14,3.467,0,json:reported,55.67
34,1786725776.92,617450.385819905,15,3.476,0,json:reported,55.67
34,1786725776.92,617450.385819905,16,3.4780000000000015,1,json:calculated,55.67
35,1786725776.92,617451.400240322,1,3.489,0,json:reported,55.67
35,1786725776.92,617451.400240322,2,3.48,0,json:reported,55.67
35,1786725776.92,617451.400240322,3,3.499,0,json:reported,55.67
35,1786725776.92,617451.400240322,4,3.495,0,json:reported,55.67
35,1786725776.92,617451.400240322,5,3.496,0,json:reported,55.67
35,1786725776.92,617451.400240322,6,3.464,0,json:reported,55.67
35,1786725776.92,617451.400240322,7,3.512,0,json:reported,55.67
35,1786725776.92,617451.400240322,8,3.461,0,json:reported,55.67
35,1786725776.92,617451.400240322,9,3.485,0,json:reported,55.67
35,1786725776.92,617451.400240322,10,3.489,0,json:reported,55.67
35,1786725776.92,617451.400240322,11,3.423,0,json:reported,55.67
35,1786725776.92,617451.400240322,12,3.469,0,json:reported,55.67
35,1786725776.92,617451.400240322,13,3.487,0,json:reported,55.67
35,1786725776.92,617451.400240322,14,3.467,0,json:reported,55.67
35,1786725776.92,617451.400240322,15,3.476,0,json:reported,55.67
35,1786725776.92,617451.400240322,16,3.4780000000000015,1,json:calculated,55.67
36,1786725776.92,617452.407874281,1,3.489,0,json:reported,55.67
36,1786725776.92,617452.407874281,2,3.48,0,json:reported,55.67
36,1786725776.92,617452.407874281,3,3.499,0,json:reported,55.67
36,1786725776.92,617452.407874281,4,3.495,0,json:reported,55.67
36,1786725776.92,617452.407874281,5,3.496,0,json:reported,55.67
36,1786725776.92,617452.407874281,6,3.464,0,json:reported,55.67
36,1786725776.92,617452.407874281,7,3.512,0,json:reported,55.67
36,1786725776.92,617452.407874281,8,3.461,0,json:reported,55.67
36,1786725776.92,617452.407874281,9,3.485,0,json:reported,55.67
36,1786725776.92,617452.407874281,10,3.489,0,json:reported,55.67
36,1786725776.92,617452.407874281,11,3.423,0,json:reported,55.67
36,1786725776.92,617452.407874281,12,3.469,0,json:reported,55.67
36,1786725776.92,617452.407874281,13,3.487,0,json:reported,55.67
36,1786725776.92,617452.407874281,14,3.467,0,json:reported,55.67
36,1786725776.92,617452.407874281,15,3.476,0,json:reported,55.67
36,1786725776.92,617452.407874281,16,3.4780000000000015,1,json:calculated,55.67
37,1786725776.92,617453.426400823,1,3.489,0,json:reported,55.67
37,1786725776.92,617453.426400823,2,3.48,0,json:reported,55.67
37,1786725776.92,617453.426400823,3,3.499,0,json:reported,55.67
37,1786725776.92,617453.426400823,4,3.495,0,json:reported,55.67
37,1786725776.92,617453.426400823,5,3.496,0,json:reported,55.67
37,1786725776.92,617453.426400823,6,3.464,0,json:reported,55.67
37,1786725776.92,617453.426400823,7,3.512,0,json:reported,55.67
37,1786725776.92,617453.426400823,8,3.461,0,json:reported,55.67
37,1786725776.92,617453.426400823,9,3.485,0,json:reported,55.67
37,1786725776.92,617453.426400823,10,3.489,0,json:reported,55.67
37,1786725776.92,617453.426400823,11,3.423,0,json:reported,55.67
37,1786725776.92,617453.426400823,12,3.469,0,json:reported,55.67
37,1786725776.92,617453.426400823,13,3.487,0,json:reported,55.67
37,1786725776.92,617453.426400823,14,3.467,0,json:reported,55.67
37,1786725776.92,617453.426400823,15,3.476,0,json:reported,55.67
37,1786725776.92,617453.426400823,16,3.4780000000000015,1,json:calculated,55.67
38,1786725776.92,617454.440861615,1,3.489,0,json:reported,55.67
38,1786725776.92,617454.440861615,2,3.48,0,json:reported,55.67
38,1786725776.92,617454.440861615,3,3.499,0,json:reported,55.67
38,1786725776.92,617454.440861615,4,3.495,0,json:reported,55.67
38,1786725776.92,617454.440861615,5,3.496,0,json:reported,55.67
38,1786725776.92,617454.440861615,6,3.464,0,json:reported,55.67
38,1786725776.92,617454.440861615,7,3.512,0,json:reported,55.67
38,1786725776.92,617454.440861615,8,3.461,0,json:reported,55.67
38,1786725776.92,617454.440861615,9,3.485,0,json:reported,55.67
38,1786725776.92,617454.440861615,10,3.489,0,json:reported,55.67
38,1786725776.92,617454.440861615,11,3.423,0,json:reported,55.67
38,1786725776.92,617454.440861615,12,3.469,0,json:reported,55.67
38,1786725776.92,617454.440861615,13,3.487,0,json:reported,55.67
38,1786725776.92,617454.440861615,14,3.467,0,json:reported,55.67
38,1786725776.92,617454.440861615,15,3.476,0,json:reported,55.67
38,1786725776.92,617454.440861615,16,3.4780000000000015,1,json:calculated,55.67
39,1786725776.92,617455.449947324,1,3.489,0,json:reported,55.67
39,1786725776.92,617455.449947324,2,3.48,0,json:reported,55.67
39,1786725776.92,617455.449947324,3,3.499,0,json:reported,55.67
39,1786725776.92,617455.449947324,4,3.495,0,json:reported,55.67
39,1786725776.92,617455.449947324,5,3.496,0,json:reported,55.67
39,1786725776.92,617455.449947324,6,3.464,0,json:reported,55.67
39,1786725776.92,617455.449947324,7,3.512,0,json:reported,55.67
39,1786725776.92,617455.449947324,8,3.461,0,json:reported,55.67
39,1786725776.92,617455.449947324,9,3.485,0,json:reported,55.67
39,1786725776.92,617455.449947324,10,3.489,0,json:reported,55.67
39,1786725776.92,617455.449947324,11,3.423,0,json:reported,55.67
39,1786725776.92,617455.449947324,12,3.469,0,json:reported,55.67
39,1786725776.92,617455.449947324,13,3.487,0,json:reported,55.67
39,1786725776.92,617455.449947324,14,3.467,0,json:reported,55.67
39,1786725776.92,617455.449947324,15,3.476,0,json:reported,55.67
39,1786725776.92,617455.449947324,16,3.4780000000000015,1,json:calculated,55.67
40,1786725776.92,617456.460869699,1,3.489,0,json:reported,55.67
40,1786725776.92,617456.460869699,2,3.48,0,json:reported,55.67
40,1786725776.92,617456.460869699,3,3.499,0,json:reported,55.67
40,1786725776.92,617456.460869699,4,3.495,0,json:reported,55.67
40,1786725776.92,617456.460869699,5,3.496,0,json:reported,55.67
40,1786725776.92,617456.460869699,6,3.464,0,json:reported,55.67
40,1786725776.92,617456.460869699,7,3.512,0,json:reported,55.67
40,1786725776.92,617456.460869699,8,3.461,0,json:reported,55.67
40,1786725776.92,617456.460869699,9,3.485,0,json:reported,55.67
40,1786725776.92,617456.460869699,10,3.489,0,json:reported,55.67
40,1786725776.92,617456.460869699,11,3.423,0,json:reported,55.67
40,1786725776.92,617456.460869699,12,3.469,0,json:reported,55.67
40,1786725776.92,617456.460869699,13,3.487,0,json:reported,55.67
40,1786725776.92,617456.460869699,14,3.467,0,json:reported,55.67
40,1786725776.92,617456.460869699,15,3.476,0,json:reported,55.67
40,1786725776.92,617456.460869699,16,3.4780000000000015,1,json:calculated,55.67
41,1786725784.88,617457.4777812,1,3.49,0,json:reported,55.68
41,1786725784.88,617457.4777812,2,3.481,0,json:reported,55.68
41,1786725784.88,617457.4777812,3,3.5,0,json:reported,55.68
41,1786725784.88,617457.4777812,4,3.495,0,json:reported,55.68
41,1786725784.88,617457.4777812,5,3.497,0,json:reported,55.68
41,1786725784.88,617457.4777812,6,3.465,0,json:reported,55.68
41,1786725784.88,617457.4777812,7,3.513,0,json:reported,55.68
41,1786725784.88,617457.4777812,8,3.461,0,json:reported,55.68
41,1786725784.88,617457.4777812,9,3.485,0,json:reported,55.68
41,1786725784.88,617457.4777812,10,3.489,0,json:reported,55.68
41,1786725784.88,617457.4777812,11,3.423,0,json:reported,55.68
41,1786725784.88,617457.4777812,12,3.47,0,json:reported,55.68
41,1786725784.88,617457.4777812,13,3.487,0,json:reported,55.68
41,1786725784.88,617457.4777812,14,3.467,0,json:reported,55.68
41,1786725784.88,617457.4777812,15,3.476,0,json:reported,55.68
41,1786725784.88,617457.4777812,16,3.4810000000000016,1,json:calculated,55.68
42,1786725784.88,617458.492750367,1,3.49,0,json:reported,55.68
42,1786725784.88,617458.492750367,2,3.481,0,json:reported,55.68
42,1786725784.88,617458.492750367,3,3.5,0,json:reported,55.68
42,1786725784.88,617458.492750367,4,3.495,0,json:reported,55.68
42,1786725784.88,617458.492750367,5,3.497,0,json:reported,55.68
42,1786725784.88,617458.492750367,6,3.465,0,json:reported,55.68
42,1786725784.88,617458.492750367,7,3.513,0,json:reported,55.68
42,1786725784.88,617458.492750367,8,3.461,0,json:reported,55.68
42,1786725784.88,617458.492750367,9,3.485,0,json:reported,55.68
42,1786725784.88,617458.492750367,10,3.489,0,json:reported,55.68
42,1786725784.88,617458.492750367,11,3.423,0,json:reported,55.68
42,1786725784.88,617458.492750367,12,3.47,0,json:reported,55.68
42,1786725784.88,617458.492750367,13,3.487,0,json:reported,55.68
42,1786725784.88,617458.492750367,14,3.467,0,json:reported,55.68
42,1786725784.88,617458.492750367,15,3.476,0,json:reported,55.68
42,1786725784.88,617458.492750367,16,3.4810000000000016,1,json:calculated,55.68
43,1786725784.88,617459.505187201,1,3.49,0,json:reported,55.68
43,1786725784.88,617459.505187201,2,3.481,0,json:reported,55.68
43,1786725784.88,617459.505187201,3,3.5,0,json:reported,55.68
43,1786725784.88,617459.505187201,4,3.495,0,json:reported,55.68
43,1786725784.88,617459.505187201,5,3.497,0,json:reported,55.68
43,1786725784.88,617459.505187201,6,3.465,0,json:reported,55.68
43,1786725784.88,617459.505187201,7,3.513,0,json:reported,55.68
43,1786725784.88,617459.505187201,8,3.461,0,json:reported,55.68
43,1786725784.88,617459.505187201,9,3.485,0,json:reported,55.68
43,1786725784.88,617459.505187201,10,3.489,0,json:reported,55.68
43,1786725784.88,617459.505187201,11,3.423,0,json:reported,55.68
43,1786725784.88,617459.505187201,12,3.47,0,json:reported,55.68
43,1786725784.88,617459.505187201,13,3.487,0,json:reported,55.68
43,1786725784.88,617459.505187201,14,3.467,0,json:reported,55.68
43,1786725784.88,617459.505187201,15,3.476,0,json:reported,55.68
43,1786725784.88,617459.505187201,16,3.4810000000000016,1,json:calculated,55.68
44,1786725784.88,617460.510953201,1,3.49,0,json:reported,55.68
44,1786725784.88,617460.510953201,2,3.481,0,json:reported,55.68
44,1786725784.88,617460.510953201,3,3.5,0,json:reported,55.68
44,1786725784.88,617460.510953201,4,3.495,0,json:reported,55.68
44,1786725784.88,617460.510953201,5,3.497,0,json:reported,55.68
44,1786725784.88,617460.510953201,6,3.465,0,json:reported,55.68
44,1786725784.88,617460.510953201,7,3.513,0,json:reported,55.68
44,1786725784.88,617460.510953201,8,3.461,0,json:reported,55.68
44,1786725784.88,617460.510953201,9,3.485,0,json:reported,55.68
44,1786725784.88,617460.510953201,10,3.489,0,json:reported,55.68
44,1786725784.88,617460.510953201,11,3.423,0,json:reported,55.68
44,1786725784.88,617460.510953201,12,3.47,0,json:reported,55.68
44,1786725784.88,617460.510953201,13,3.487,0,json:reported,55.68
44,1786725784.88,617460.510953201,14,3.467,0,json:reported,55.68
44,1786725784.88,617460.510953201,15,3.476,0,json:reported,55.68
44,1786725784.88,617460.510953201,16,3.4810000000000016,1,json:calculated,55.68
45,1786725784.88,617461.516500327,1,3.49,0,json:reported,55.68
45,1786725784.88,617461.516500327,2,3.481,0,json:reported,55.68
45,1786725784.88,617461.516500327,3,3.5,0,json:reported,55.68
45,1786725784.88,617461.516500327,4,3.495,0,json:reported,55.68
45,1786725784.88,617461.516500327,5,3.497,0,json:reported,55.68
45,1786725784.88,617461.516500327,6,3.465,0,json:reported,55.68
45,1786725784.88,617461.516500327,7,3.513,0,json:reported,55.68
45,1786725784.88,617461.516500327,8,3.461,0,json:reported,55.68
45,1786725784.88,617461.516500327,9,3.485,0,json:reported,55.68
45,1786725784.88,617461.516500327,10,3.489,0,json:reported,55.68
45,1786725784.88,617461.516500327,11,3.423,0,json:reported,55.68
45,1786725784.88,617461.516500327,12,3.47,0,json:reported,55.68
45,1786725784.88,617461.516500327,13,3.487,0,json:reported,55.68
45,1786725784.88,617461.516500327,14,3.467,0,json:reported,55.68
45,1786725784.88,617461.516500327,15,3.476,0,json:reported,55.68
45,1786725784.88,617461.516500327,16,3.4810000000000016,1,json:calculated,55.68
46,1786725784.88,617462.523662952,1,3.49,0,json:reported,55.68
46,1786725784.88,617462.523662952,2,3.481,0,json:reported,55.68
46,1786725784.88,617462.523662952,3,3.5,0,json:reported,55.68
46,1786725784.88,617462.523662952,4,3.495,0,json:reported,55.68
46,1786725784.88,617462.523662952,5,3.497,0,json:reported,55.68
46,1786725784.88,617462.523662952,6,3.465,0,json:reported,55.68
46,1786725784.88,617462.523662952,7,3.513,0,json:reported,55.68
46,1786725784.88,617462.523662952,8,3.461,0,json:reported,55.68
46,1786725784.88,617462.523662952,9,3.485,0,json:reported,55.68
46,1786725784.88,617462.523662952,10,3.489,0,json:reported,55.68
46,1786725784.88,617462.523662952,11,3.423,0,json:reported,55.68
46,1786725784.88,617462.523662952,12,3.47,0,json:reported,55.68
46,1786725784.88,617462.523662952,13,3.487,0,json:reported,55.68
46,1786725784.88,617462.523662952,14,3.467,0,json:reported,55.68
46,1786725784.88,617462.523662952,15,3.476,0,json:reported,55.68
46,1786725784.88,617462.523662952,16,3.4810000000000016,1,json:calculated,55.68
47,1786725784.88,617463.531285911,1,3.49,0,json:reported,55.68
47,1786725784.88,617463.531285911,2,3.481,0,json:reported,55.68
47,1786725784.88,617463.531285911,3,3.5,0,json:reported,55.68
47,1786725784.88,617463.531285911,4,3.495,0,json:reported,55.68
47,1786725784.88,617463.531285911,5,3.497,0,json:reported,55.68
47,1786725784.88,617463.531285911,6,3.465,0,json:reported,55.68
47,1786725784.88,617463.531285911,7,3.513,0,json:reported,55.68
47,1786725784.88,617463.531285911,8,3.461,0,json:reported,55.68
47,1786725784.88,617463.531285911,9,3.485,0,json:reported,55.68
47,1786725784.88,617463.531285911,10,3.489,0,json:reported,55.68
47,1786725784.88,617463.531285911,11,3.423,0,json:reported,55.68
47,1786725784.88,617463.531285911,12,3.47,0,json:reported,55.68
47,1786725784.88,617463.531285911,13,3.487,0,json:reported,55.68
47,1786725784.88,617463.531285911,14,3.467,0,json:reported,55.68
47,1786725784.88,617463.531285911,15,3.476,0,json:reported,55.68
47,1786725784.88,617463.531285911,16,3.4810000000000016,1,json:calculated,55.68
48,1786725784.88,617464.548897161,1,3.49,0,json:reported,55.68
48,1786725784.88,617464.548897161,2,3.481,0,json:reported,55.68
48,1786725784.88,617464.548897161,3,3.5,0,json:reported,55.68
48,1786725784.88,617464.548897161,4,3.495,0,json:reported,55.68
48,1786725784.88,617464.548897161,5,3.497,0,json:reported,55.68
48,1786725784.88,617464.548897161,6,3.465,0,json:reported,55.68
48,1786725784.88,617464.548897161,7,3.513,0,json:reported,55.68
48,1786725784.88,617464.548897161,8,3.461,0,json:reported,55.68
48,1786725784.88,617464.548897161,9,3.485,0,json:reported,55.68
48,1786725784.88,617464.548897161,10,3.489,0,json:reported,55.68
48,1786725784.88,617464.548897161,11,3.423,0,json:reported,55.68
48,1786725784.88,617464.548897161,12,3.47,0,json:reported,55.68
48,1786725784.88,617464.548897161,13,3.487,0,json:reported,55.68
48,1786725784.88,617464.548897161,14,3.467,0,json:reported,55.68
48,1786725784.88,617464.548897161,15,3.476,0,json:reported,55.68
48,1786725784.88,617464.548897161,16,3.4810000000000016,1,json:calculated,55.68
49,1786725792.88,617465.565377245,1,3.49,0,json:reported,55.69
49,1786725792.88,617465.565377245,2,3.481,0,json:reported,55.69
49,1786725792.88,617465.565377245,3,3.5,0,json:reported,55.69
49,1786725792.88,617465.565377245,4,3.496,0,json:reported,55.69
49,1786725792.88,617465.565377245,5,3.498,0,json:reported,55.69
49,1786725792.88,617465.565377245,6,3.465,0,json:reported,55.69
49,1786725792.88,617465.565377245,7,3.514,0,json:reported,55.69
49,1786725792.88,617465.565377245,8,3.462,0,json:reported,55.69
49,1786725792.88,617465.565377245,9,3.486,0,json:reported,55.69
49,1786725792.88,617465.565377245,10,3.49,0,json:reported,55.69
49,1786725792.88,617465.565377245,11,3.423,0,json:reported,55.69
49,1786725792.88,617465.565377245,12,3.47,0,json:reported,55.69
49,1786725792.88,617465.565377245,13,3.488,0,json:reported,55.69
49,1786725792.88,617465.565377245,14,3.468,0,json:reported,55.69
49,1786725792.88,617465.565377245,15,3.477,0,json:reported,55.69
49,1786725792.88,617465.565377245,16,3.4819999999999993,1,json:calculated,55.69
50,1786725792.88,617466.573542121,1,3.49,0,json:reported,55.69
50,1786725792.88,617466.573542121,2,3.481,0,json:reported,55.69
50,1786725792.88,617466.573542121,3,3.5,0,json:reported,55.69
50,1786725792.88,617466.573542121,4,3.496,0,json:reported,55.69
50,1786725792.88,617466.573542121,5,3.498,0,json:reported,55.69
50,1786725792.88,617466.573542121,6,3.465,0,json:reported,55.69
50,1786725792.88,617466.573542121,7,3.514,0,json:reported,55.69
50,1786725792.88,617466.573542121,8,3.462,0,json:reported,55.69
50,1786725792.88,617466.573542121,9,3.486,0,json:reported,55.69
50,1786725792.88,617466.573542121,10,3.49,0,json:reported,55.69
50,1786725792.88,617466.573542121,11,3.423,0,json:reported,55.69
50,1786725792.88,617466.573542121,12,3.47,0,json:reported,55.69
50,1786725792.88,617466.573542121,13,3.488,0,json:reported,55.69
50,1786725792.88,617466.573542121,14,3.468,0,json:reported,55.69
50,1786725792.88,617466.573542121,15,3.477,0,json:reported,55.69
50,1786725792.88,617466.573542121,16,3.4819999999999993,1,json:calculated,55.69
51,1786725792.88,617467.583079496,1,3.49,0,json:reported,55.69
51,1786725792.88,617467.583079496,2,3.481,0,json:reported,55.69
51,1786725792.88,617467.583079496,3,3.5,0,json:reported,55.69
51,1786725792.88,617467.583079496,4,3.496,0,json:reported,55.69
51,1786725792.88,617467.583079496,5,3.498,0,json:reported,55.69
51,1786725792.88,617467.583079496,6,3.465,0,json:reported,55.69
51,1786725792.88,617467.583079496,7,3.514,0,json:reported,55.69
51,1786725792.88,617467.583079496,8,3.462,0,json:reported,55.69
51,1786725792.88,617467.583079496,9,3.486,0,json:reported,55.69
51,1786725792.88,617467.583079496,10,3.49,0,json:reported,55.69
51,1786725792.88,617467.583079496,11,3.423,0,json:reported,55.69
51,1786725792.88,617467.583079496,12,3.47,0,json:reported,55.69
51,1786725792.88,617467.583079496,13,3.488,0,json:reported,55.69
51,1786725792.88,617467.583079496,14,3.468,0,json:reported,55.69
51,1786725792.88,617467.583079496,15,3.477,0,json:reported,55.69
51,1786725792.88,617467.583079496,16,3.4819999999999993,1,json:calculated,55.69
52,1786725792.88,617468.597533288,1,3.49,0,json:reported,55.69
52,1786725792.88,617468.597533288,2,3.481,0,json:reported,55.69
52,1786725792.88,617468.597533288,3,3.5,0,json:reported,55.69
52,1786725792.88,617468.597533288,4,3.496,0,json:reported,55.69
52,1786725792.88,617468.597533288,5,3.498,0,json:reported,55.69
52,1786725792.88,617468.597533288,6,3.465,0,json:reported,55.69
52,1786725792.88,617468.597533288,7,3.514,0,json:reported,55.69
52,1786725792.88,617468.597533288,8,3.462,0,json:reported,55.69
52,1786725792.88,617468.597533288,9,3.486,0,json:reported,55.69
52,1786725792.88,617468.597533288,10,3.49,0,json:reported,55.69
52,1786725792.88,617468.597533288,11,3.423,0,json:reported,55.69
52,1786725792.88,617468.597533288,12,3.47,0,json:reported,55.69
52,1786725792.88,617468.597533288,13,3.488,0,json:reported,55.69
52,1786725792.88,617468.597533288,14,3.468,0,json:reported,55.69
52,1786725792.88,617468.597533288,15,3.477,0,json:reported,55.69
52,1786725792.88,617468.597533288,16,3.4819999999999993,1,json:calculated,55.69
53,1786725792.88,617469.609572247,1,3.49,0,json:reported,55.69
53,1786725792.88,617469.609572247,2,3.481,0,json:reported,55.69
53,1786725792.88,617469.609572247,3,3.5,0,json:reported,55.69
53,1786725792.88,617469.609572247,4,3.496,0,json:reported,55.69
53,1786725792.88,617469.609572247,5,3.498,0,json:reported,55.69
53,1786725792.88,617469.609572247,6,3.465,0,json:reported,55.69
53,1786725792.88,617469.609572247,7,3.514,0,json:reported,55.69
53,1786725792.88,617469.609572247,8,3.462,0,json:reported,55.69
53,1786725792.88,617469.609572247,9,3.486,0,json:reported,55.69
53,1786725792.88,617469.609572247,10,3.49,0,json:reported,55.69
53,1786725792.88,617469.609572247,11,3.423,0,json:reported,55.69
53,1786725792.88,617469.609572247,12,3.47,0,json:reported,55.69
53,1786725792.88,617469.609572247,13,3.488,0,json:reported,55.69
53,1786725792.88,617469.609572247,14,3.468,0,json:reported,55.69
53,1786725792.88,617469.609572247,15,3.477,0,json:reported,55.69
53,1786725792.88,617469.609572247,16,3.4819999999999993,1,json:calculated,55.69
54,1786725792.88,617470.629746539,1,3.49,0,json:reported,55.69
54,1786725792.88,617470.629746539,2,3.481,0,json:reported,55.69
54,1786725792.88,617470.629746539,3,3.5,0,json:reported,55.69
54,1786725792.88,617470.629746539,4,3.496,0,json:reported,55.69
54,1786725792.88,617470.629746539,5,3.498,0,json:reported,55.69
54,1786725792.88,617470.629746539,6,3.465,0,json:reported,55.69
54,1786725792.88,617470.629746539,7,3.514,0,json:reported,55.69
54,1786725792.88,617470.629746539,8,3.462,0,json:reported,55.69
54,1786725792.88,617470.629746539,9,3.486,0,json:reported,55.69
54,1786725792.88,617470.629746539,10,3.49,0,json:reported,55.69
54,1786725792.88,617470.629746539,11,3.423,0,json:reported,55.69
54,1786725792.88,617470.629746539,12,3.47,0,json:reported,55.69
54,1786725792.88,617470.629746539,13,3.488,0,json:reported,55.69
54,1786725792.88,617470.629746539,14,3.468,0,json:reported,55.69
54,1786725792.88,617470.629746539,15,3.477,0,json:reported,55.69
54,1786725792.88,617470.629746539,16,3.4819999999999993,1,json:calculated,55.69
55,1786725792.88,617471.647374956,1,3.49,0,json:reported,55.69
55,1786725792.88,617471.647374956,2,3.481,0,json:reported,55.69
55,1786725792.88,617471.647374956,3,3.5,0,json:reported,55.69
55,1786725792.88,617471.647374956,4,3.496,0,json:reported,55.69
55,1786725792.88,617471.647374956,5,3.498,0,json:reported,55.69
55,1786725792.88,617471.647374956,6,3.465,0,json:reported,55.69
55,1786725792.88,617471.647374956,7,3.514,0,json:reported,55.69
55,1786725792.88,617471.647374956,8,3.462,0,json:reported,55.69
55,1786725792.88,617471.647374956,9,3.486,0,json:reported,55.69
55,1786725792.88,617471.647374956,10,3.49,0,json:reported,55.69
55,1786725792.88,617471.647374956,11,3.423,0,json:reported,55.69
55,1786725792.88,617471.647374956,12,3.47,0,json:reported,55.69
55,1786725792.88,617471.647374956,13,3.488,0,json:reported,55.69
55,1786725792.88,617471.647374956,14,3.468,0,json:reported,55.69
55,1786725792.88,617471.647374956,15,3.477,0,json:reported,55.69
55,1786725792.88,617471.647374956,16,3.4819999999999993,1,json:calculated,55.69
56,1786725792.88,617472.662901457,1,3.49,0,json:reported,55.69
56,1786725792.88,617472.662901457,2,3.481,0,json:reported,55.69
56,1786725792.88,617472.662901457,3,3.5,0,json:reported,55.69
56,1786725792.88,617472.662901457,4,3.496,0,json:reported,55.69
56,1786725792.88,617472.662901457,5,3.498,0,json:reported,55.69
56,1786725792.88,617472.662901457,6,3.465,0,json:reported,55.69
56,1786725792.88,617472.662901457,7,3.514,0,json:reported,55.69
56,1786725792.88,617472.662901457,8,3.462,0,json:reported,55.69
56,1786725792.88,617472.662901457,9,3.486,0,json:reported,55.69
56,1786725792.88,617472.662901457,10,3.49,0,json:reported,55.69
56,1786725792.88,617472.662901457,11,3.423,0,json:reported,55.69
56,1786725792.88,617472.662901457,12,3.47,0,json:reported,55.69
56,1786725792.88,617472.662901457,13,3.488,0,json:reported,55.69
56,1786725792.88,617472.662901457,14,3.468,0,json:reported,55.69
56,1786725792.88,617472.662901457,15,3.477,0,json:reported,55.69
56,1786725792.88,617472.662901457,16,3.4819999999999993,1,json:calculated,55.69
57,1786725800.967,617473.669122457,1,3.491,0,json:reported,55.7
57,1786725800.967,617473.669122457,2,3.482,0,json:reported,55.7
57,1786725800.967,617473.669122457,3,3.501,0,json:reported,55.7
57,1786725800.967,617473.669122457,4,3.497,0,json:reported,55.7
57,1786725800.967,617473.669122457,5,3.498,0,json:reported,55.7
57,1786725800.967,617473.669122457,6,3.466,0,json:reported,55.7
57,1786725800.967,617473.669122457,7,3.515,0,json:reported,55.7
57,1786725800.967,617473.669122457,8,3.462,0,json:reported,55.7
57,1786725800.967,617473.669122457,9,3.487,0,json:reported,55.7
57,1786725800.967,617473.669122457,10,3.491,0,json:reported,55.7
57,1786725800.967,617473.669122457,11,3.424,0,json:reported,55.7
57,1786725800.967,617473.669122457,12,3.471,0,json:reported,55.7
57,1786725800.967,617473.669122457,13,3.489,0,json:reported,55.7
57,1786725800.967,617473.669122457,14,3.468,0,json:reported,55.7
57,1786725800.967,617473.669122457,15,3.477,0,json:reported,55.7
57,1786725800.967,617473.669122457,16,3.4810000000000016,1,json:calculated,55.7
58,1786725800.967,617474.688027625,1,3.491,0,json:reported,55.7
58,1786725800.967,617474.688027625,2,3.482,0,json:reported,55.7
58,1786725800.967,617474.688027625,3,3.501,0,json:reported,55.7
58,1786725800.967,617474.688027625,4,3.497,0,json:reported,55.7
58,1786725800.967,617474.688027625,5,3.498,0,json:reported,55.7
58,1786725800.967,617474.688027625,6,3.466,0,json:reported,55.7
58,1786725800.967,617474.688027625,7,3.515,0,json:reported,55.7
58,1786725800.967,617474.688027625,8,3.462,0,json:reported,55.7
58,1786725800.967,617474.688027625,9,3.487,0,json:reported,55.7
58,1786725800.967,617474.688027625,10,3.491,0,json:reported,55.7
58,1786725800.967,617474.688027625,11,3.424,0,json:reported,55.7
58,1786725800.967,617474.688027625,12,3.471,0,json:reported,55.7
58,1786725800.967,617474.688027625,13,3.489,0,json:reported,55.7
58,1786725800.967,617474.688027625,14,3.468,0,json:reported,55.7
58,1786725800.967,617474.688027625,15,3.477,0,json:reported,55.7
58,1786725800.967,617474.688027625,16,3.4810000000000016,1,json:calculated,55.7
59,1786725800.967,617475.696398833,1,3.491,0,json:reported,55.7
59,1786725800.967,617475.696398833,2,3.482,0,json:reported,55.7
59,1786725800.967,617475.696398833,3,3.501,0,json:reported,55.7
59,1786725800.967,617475.696398833,4,3.497,0,json:reported,55.7
59,1786725800.967,617475.696398833,5,3.498,0,json:reported,55.7
59,1786725800.967,617475.696398833,6,3.466,0,json:reported,55.7
59,1786725800.967,617475.696398833,7,3.515,0,json:reported,55.7
59,1786725800.967,617475.696398833,8,3.462,0,json:reported,55.7
59,1786725800.967,617475.696398833,9,3.487,0,json:reported,55.7
59,1786725800.967,617475.696398833,10,3.491,0,json:reported,55.7
59,1786725800.967,617475.696398833,11,3.424,0,json:reported,55.7
59,1786725800.967,617475.696398833,12,3.471,0,json:reported,55.7
59,1786725800.967,617475.696398833,13,3.489,0,json:reported,55.7
59,1786725800.967,617475.696398833,14,3.468,0,json:reported,55.7
59,1786725800.967,617475.696398833,15,3.477,0,json:reported,55.7
59,1786725800.967,617475.696398833,16,3.4810000000000016,1,json:calculated,55.7
60,1786725800.967,617476.703901209,1,3.491,0,json:reported,55.7
60,1786725800.967,617476.703901209,2,3.482,0,json:reported,55.7
60,1786725800.967,617476.703901209,3,3.501,0,json:reported,55.7
60,1786725800.967,617476.703901209,4,3.497,0,json:reported,55.7
60,1786725800.967,617476.703901209,5,3.498,0,json:reported,55.7
60,1786725800.967,617476.703901209,6,3.466,0,json:reported,55.7
60,1786725800.967,617476.703901209,7,3.515,0,json:reported,55.7
60,1786725800.967,617476.703901209,8,3.462,0,json:reported,55.7
60,1786725800.967,617476.703901209,9,3.487,0,json:reported,55.7
60,1786725800.967,617476.703901209,10,3.491,0,json:reported,55.7
60,1786725800.967,617476.703901209,11,3.424,0,json:reported,55.7
60,1786725800.967,617476.703901209,12,3.471,0,json:reported,55.7
60,1786725800.967,617476.703901209,13,3.489,0,json:reported,55.7
60,1786725800.967,617476.703901209,14,3.468,0,json:reported,55.7
60,1786725800.967,617476.703901209,15,3.477,0,json:reported,55.7
60,1786725800.967,617476.703901209,16,3.4810000000000016,1,json:calculated,55.7
61,1786725800.967,617477.709117418,1,3.491,0,json:reported,55.7
61,1786725800.967,617477.709117418,2,3.482,0,json:reported,55.7
61,1786725800.967,617477.709117418,3,3.501,0,json:reported,55.7
61,1786725800.967,617477.709117418,4,3.497,0,json:reported,55.7
61,1786725800.967,617477.709117418,5,3.498,0,json:reported,55.7
61,1786725800.967,617477.709117418,6,3.466,0,json:reported,55.7
61,1786725800.967,617477.709117418,7,3.515,0,json:reported,55.7
61,1786725800.967,617477.709117418,8,3.462,0,json:reported,55.7
61,1786725800.967,617477.709117418,9,3.487,0,json:reported,55.7
61,1786725800.967,617477.709117418,10,3.491,0,json:reported,55.7
61,1786725800.967,617477.709117418,11,3.424,0,json:reported,55.7
61,1786725800.967,617477.709117418,12,3.471,0,json:reported,55.7
61,1786725800.967,617477.709117418,13,3.489,0,json:reported,55.7
61,1786725800.967,617477.709117418,14,3.468,0,json:reported,55.7
61,1786725800.967,617477.709117418,15,3.477,0,json:reported,55.7
61,1786725800.967,617477.709117418,16,3.4810000000000016,1,json:calculated,55.7
62,1786725800.967,617478.722159168,1,3.491,0,json:reported,55.7
62,1786725800.967,617478.722159168,2,3.482,0,json:reported,55.7
62,1786725800.967,617478.722159168,3,3.501,0,json:reported,55.7
62,1786725800.967,617478.722159168,4,3.497,0,json:reported,55.7
62,1786725800.967,617478.722159168,5,3.498,0,json:reported,55.7
62,1786725800.967,617478.722159168,6,3.466,0,json:reported,55.7
62,1786725800.967,617478.722159168,7,3.515,0,json:reported,55.7
62,1786725800.967,617478.722159168,8,3.462,0,json:reported,55.7
62,1786725800.967,617478.722159168,9,3.487,0,json:reported,55.7
62,1786725800.967,617478.722159168,10,3.491,0,json:reported,55.7
62,1786725800.967,617478.722159168,11,3.424,0,json:reported,55.7
62,1786725800.967,617478.722159168,12,3.471,0,json:reported,55.7
62,1786725800.967,617478.722159168,13,3.489,0,json:reported,55.7
62,1786725800.967,617478.722159168,14,3.468,0,json:reported,55.7
62,1786725800.967,617478.722159168,15,3.477,0,json:reported,55.7
62,1786725800.967,617478.722159168,16,3.4810000000000016,1,json:calculated,55.7
63,1786725800.967,617479.732145585,1,3.491,0,json:reported,55.7
63,1786725800.967,617479.732145585,2,3.482,0,json:reported,55.7
63,1786725800.967,617479.732145585,3,3.501,0,json:reported,55.7
63,1786725800.967,617479.732145585,4,3.497,0,json:reported,55.7
63,1786725800.967,617479.732145585,5,3.498,0,json:reported,55.7
63,1786725800.967,617479.732145585,6,3.466,0,json:reported,55.7
63,1786725800.967,617479.732145585,7,3.515,0,json:reported,55.7
63,1786725800.967,617479.732145585,8,3.462,0,json:reported,55.7
63,1786725800.967,617479.732145585,9,3.487,0,json:reported,55.7
63,1786725800.967,617479.732145585,10,3.491,0,json:reported,55.7
63,1786725800.967,617479.732145585,11,3.424,0,json:reported,55.7
63,1786725800.967,617479.732145585,12,3.471,0,json:reported,55.7
63,1786725800.967,617479.732145585,13,3.489,0,json:reported,55.7
63,1786725800.967,617479.732145585,14,3.468,0,json:reported,55.7
63,1786725800.967,617479.732145585,15,3.477,0,json:reported,55.7
63,1786725800.967,617479.732145585,16,3.4810000000000016,1,json:calculated,55.7
64,1786725808.906,617480.739414544,1,3.492,0,json:reported,55.71
64,1786725808.906,617480.739414544,2,3.483,0,json:reported,55.71
64,1786725808.906,617480.739414544,3,3.502,0,json:reported,55.71
64,1786725808.906,617480.739414544,4,3.497,0,json:reported,55.71
64,1786725808.906,617480.739414544,5,3.499,0,json:reported,55.71
64,1786725808.906,617480.739414544,6,3.466,0,json:reported,55.71
64,1786725808.906,617480.739414544,7,3.515,0,json:reported,55.71
64,1786725808.906,617480.739414544,8,3.463,0,json:reported,55.71
64,1786725808.906,617480.739414544,9,3.487,0,json:reported,55.71
64,1786725808.906,617480.739414544,10,3.491,0,json:reported,55.71
64,1786725808.906,617480.739414544,11,3.424,0,json:reported,55.71
64,1786725808.906,617480.739414544,12,3.471,0,json:reported,55.71
64,1786725808.906,617480.739414544,13,3.489,0,json:reported,55.71
64,1786725808.906,617480.739414544,14,3.469,0,json:reported,55.71
64,1786725808.906,617480.739414544,15,3.478,0,json:reported,55.71
64,1786725808.906,617480.739414544,16,3.4840000000000018,1,json:calculated,55.71
65,1786725808.906,617481.745665878,1,3.492,0,json:reported,55.71
65,1786725808.906,617481.745665878,2,3.483,0,json:reported,55.71
65,1786725808.906,617481.745665878,3,3.502,0,json:reported,55.71
65,1786725808.906,617481.745665878,4,3.497,0,json:reported,55.71
65,1786725808.906,617481.745665878,5,3.499,0,json:reported,55.71
65,1786725808.906,617481.745665878,6,3.466,0,json:reported,55.71
65,1786725808.906,617481.745665878,7,3.515,0,json:reported,55.71
65,1786725808.906,617481.745665878,8,3.463,0,json:reported,55.71
65,1786725808.906,617481.745665878,9,3.487,0,json:reported,55.71
65,1786725808.906,617481.745665878,10,3.491,0,json:reported,55.71
65,1786725808.906,617481.745665878,11,3.424,0,json:reported,55.71
65,1786725808.906,617481.745665878,12,3.471,0,json:reported,55.71
65,1786725808.906,617481.745665878,13,3.489,0,json:reported,55.71
65,1786725808.906,617481.745665878,14,3.469,0,json:reported,55.71
65,1786725808.906,617481.745665878,15,3.478,0,json:reported,55.71
65,1786725808.906,617481.745665878,16,3.4840000000000018,1,json:calculated,55.71
66,1786725808.906,617482.754214003,1,3.492,0,json:reported,55.71
66,1786725808.906,617482.754214003,2,3.483,0,json:reported,55.71
66,1786725808.906,617482.754214003,3,3.502,0,json:reported,55.71
66,1786725808.906,617482.754214003,4,3.497,0,json:reported,55.71
66,1786725808.906,617482.754214003,5,3.499,0,json:reported,55.71
66,1786725808.906,617482.754214003,6,3.466,0,json:reported,55.71
66,1786725808.906,617482.754214003,7,3.515,0,json:reported,55.71
66,1786725808.906,617482.754214003,8,3.463,0,json:reported,55.71
66,1786725808.906,617482.754214003,9,3.487,0,json:reported,55.71
66,1786725808.906,617482.754214003,10,3.491,0,json:reported,55.71
66,1786725808.906,617482.754214003,11,3.424,0,json:reported,55.71
66,1786725808.906,617482.754214003,12,3.471,0,json:reported,55.71
66,1786725808.906,617482.754214003,13,3.489,0,json:reported,55.71
66,1786725808.906,617482.754214003,14,3.469,0,json:reported,55.71
66,1786725808.906,617482.754214003,15,3.478,0,json:reported,55.71
66,1786725808.906,617482.754214003,16,3.4840000000000018,1,json:calculated,55.71
67,1786725808.906,617483.764879296,1,3.492,0,json:reported,55.71
67,1786725808.906,617483.764879296,2,3.483,0,json:reported,55.71
67,1786725808.906,617483.764879296,3,3.502,0,json:reported,55.71
67,1786725808.906,617483.764879296,4,3.497,0,json:reported,55.71
67,1786725808.906,617483.764879296,5,3.499,0,json:reported,55.71
67,1786725808.906,617483.764879296,6,3.466,0,json:reported,55.71
67,1786725808.906,617483.764879296,7,3.515,0,json:reported,55.71
67,1786725808.906,617483.764879296,8,3.463,0,json:reported,55.71
67,1786725808.906,617483.764879296,9,3.487,0,json:reported,55.71
67,1786725808.906,617483.764879296,10,3.491,0,json:reported,55.71
67,1786725808.906,617483.764879296,11,3.424,0,json:reported,55.71
67,1786725808.906,617483.764879296,12,3.471,0,json:reported,55.71
67,1786725808.906,617483.764879296,13,3.489,0,json:reported,55.71
67,1786725808.906,617483.764879296,14,3.469,0,json:reported,55.71
67,1786725808.906,617483.764879296,15,3.478,0,json:reported,55.71
67,1786725808.906,617483.764879296,16,3.4840000000000018,1,json:calculated,55.71
68,1786725808.906,617484.771428588,1,3.492,0,json:reported,55.71
68,1786725808.906,617484.771428588,2,3.483,0,json:reported,55.71
68,1786725808.906,617484.771428588,3,3.502,0,json:reported,55.71
68,1786725808.906,617484.771428588,4,3.497,0,json:reported,55.71
68,1786725808.906,617484.771428588,5,3.499,0,json:reported,55.71
68,1786725808.906,617484.771428588,6,3.466,0,json:reported,55.71
68,1786725808.906,617484.771428588,7,3.515,0,json:reported,55.71
68,1786725808.906,617484.771428588,8,3.463,0,json:reported,55.71
68,1786725808.906,617484.771428588,9,3.487,0,json:reported,55.71
68,1786725808.906,617484.771428588,10,3.491,0,json:reported,55.71
68,1786725808.906,617484.771428588,11,3.424,0,json:reported,55.71
68,1786725808.906,617484.771428588,12,3.471,0,json:reported,55.71
68,1786725808.906,617484.771428588,13,3.489,0,json:reported,55.71
68,1786725808.906,617484.771428588,14,3.469,0,json:reported,55.71
68,1786725808.906,617484.771428588,15,3.478,0,json:reported,55.71
68,1786725808.906,617484.771428588,16,3.4840000000000018,1,json:calculated,55.71
69,1786725808.906,617485.789028713,1,3.492,0,json:reported,55.71
69,1786725808.906,617485.789028713,2,3.483,0,json:reported,55.71
69,1786725808.906,617485.789028713,3,3.502,0,json:reported,55.71
69,1786725808.906,617485.789028713,4,3.497,0,json:reported,55.71
69,1786725808.906,617485.789028713,5,3.499,0,json:reported,55.71
69,1786725808.906,617485.789028713,6,3.466,0,json:reported,55.71
69,1786725808.906,617485.789028713,7,3.515,0,json:reported,55.71
69,1786725808.906,617485.789028713,8,3.463,0,json:reported,55.71
69,1786725808.906,617485.789028713,9,3.487,0,json:reported,55.71
69,1786725808.906,617485.789028713,10,3.491,0,json:reported,55.71
69,1786725808.906,617485.789028713,11,3.424,0,json:reported,55.71
69,1786725808.906,617485.789028713,12,3.471,0,json:reported,55.71
69,1786725808.906,617485.789028713,13,3.489,0,json:reported,55.71
69,1786725808.906,617485.789028713,14,3.469,0,json:reported,55.71
69,1786725808.906,617485.789028713,15,3.478,0,json:reported,55.71
69,1786725808.906,617485.789028713,16,3.4840000000000018,1,json:calculated,55.71
70,1786725808.906,617486.79699163,1,3.492,0,json:reported,55.71
70,1786725808.906,617486.79699163,2,3.483,0,json:reported,55.71
70,1786725808.906,617486.79699163,3,3.502,0,json:reported,55.71
70,1786725808.906,617486.79699163,4,3.497,0,json:reported,55.71
70,1786725808.906,617486.79699163,5,3.499,0,json:reported,55.71
70,1786725808.906,617486.79699163,6,3.466,0,json:reported,55.71
70,1786725808.906,617486.79699163,7,3.515,0,json:reported,55.71
70,1786725808.906,617486.79699163,8,3.463,0,json:reported,55.71
70,1786725808.906,617486.79699163,9,3.487,0,json:reported,55.71
70,1786725808.906,617486.79699163,10,3.491,0,json:reported,55.71
70,1786725808.906,617486.79699163,11,3.424,0,json:reported,55.71
70,1786725808.906,617486.79699163,12,3.471,0,json:reported,55.71
70,1786725808.906,617486.79699163,13,3.489,0,json:reported,55.71
70,1786725808.906,617486.79699163,14,3.469,0,json:reported,55.71
70,1786725808.906,617486.79699163,15,3.478,0,json:reported,55.71
70,1786725808.906,617486.79699163,16,3.4840000000000018,1,json:calculated,55.71
71,1786725808.906,617487.806507756,1,3.492,0,json:reported,55.71
71,1786725808.906,617487.806507756,2,3.483,0,json:reported,55.71
71,1786725808.906,617487.806507756,3,3.502,0,json:reported,55.71
71,1786725808.906,617487.806507756,4,3.497,0,json:reported,55.71
71,1786725808.906,617487.806507756,5,3.499,0,json:reported,55.71
71,1786725808.906,617487.806507756,6,3.466,0,json:reported,55.71
71,1786725808.906,617487.806507756,7,3.515,0,json:reported,55.71
71,1786725808.906,617487.806507756,8,3.463,0,json:reported,55.71
71,1786725808.906,617487.806507756,9,3.487,0,json:reported,55.71
71,1786725808.906,617487.806507756,10,3.491,0,json:reported,55.71
71,1786725808.906,617487.806507756,11,3.424,0,json:reported,55.71
71,1786725808.906,617487.806507756,12,3.471,0,json:reported,55.71
71,1786725808.906,617487.806507756,13,3.489,0,json:reported,55.71
71,1786725808.906,617487.806507756,14,3.469,0,json:reported,55.71
71,1786725808.906,617487.806507756,15,3.478,0,json:reported,55.71
71,1786725808.906,617487.806507756,16,3.4840000000000018,1,json:calculated,55.71
72,1786725816.732,617488.813426048,1,3.492,0,json:reported,55.72
72,1786725816.732,617488.813426048,2,3.483,0,json:reported,55.72
72,1786725816.732,617488.813426048,3,3.502,0,json:reported,55.72
72,1786725816.732,617488.813426048,4,3.498,0,json:reported,55.72
72,1786725816.732,617488.813426048,5,3.5,0,json:reported,55.72
72,1786725816.732,617488.813426048,6,3.467,0,json:reported,55.72
72,1786725816.732,617488.813426048,7,3.516,0,json:reported,55.72
72,1786725816.732,617488.813426048,8,3.463,0,json:reported,55.72
72,1786725816.732,617488.813426048,9,3.488,0,json:reported,55.72
72,1786725816.732,617488.813426048,10,3.492,0,json:reported,55.72
72,1786725816.732,617488.813426048,11,3.424,0,json:reported,55.72
72,1786725816.732,617488.813426048,12,3.472,0,json:reported,55.72
72,1786725816.732,617488.813426048,13,3.49,0,json:reported,55.72
72,1786725816.732,617488.813426048,14,3.469,0,json:reported,55.72
72,1786725816.732,617488.813426048,15,3.478,0,json:reported,55.72
72,1786725816.732,617488.813426048,16,3.485999999999997,1,json:calculated,55.72
73,1786725816.732,617489.819545215,1,3.492,0,json:reported,55.72
73,1786725816.732,617489.819545215,2,3.483,0,json:reported,55.72
73,1786725816.732,617489.819545215,3,3.502,0,json:reported,55.72
73,1786725816.732,617489.819545215,4,3.498,0,json:reported,55.72
73,1786725816.732,617489.819545215,5,3.5,0,json:reported,55.72
73,1786725816.732,617489.819545215,6,3.467,0,json:reported,55.72
73,1786725816.732,617489.819545215,7,3.516,0,json:reported,55.72
73,1786725816.732,617489.819545215,8,3.463,0,json:reported,55.72
73,1786725816.732,617489.819545215,9,3.488,0,json:reported,55.72
73,1786725816.732,617489.819545215,10,3.492,0,json:reported,55.72
73,1786725816.732,617489.819545215,11,3.424,0,json:reported,55.72
73,1786725816.732,617489.819545215,12,3.472,0,json:reported,55.72
73,1786725816.732,617489.819545215,13,3.49,0,json:reported,55.72
73,1786725816.732,617489.819545215,14,3.469,0,json:reported,55.72
73,1786725816.732,617489.819545215,15,3.478,0,json:reported,55.72
73,1786725816.732,617489.819545215,16,3.485999999999997,1,json:calculated,55.72
74,1786725816.732,617490.825013257,1,3.492,0,json:reported,55.72
74,1786725816.732,617490.825013257,2,3.483,0,json:reported,55.72
74,1786725816.732,617490.825013257,3,3.502,0,json:reported,55.72
74,1786725816.732,617490.825013257,4,3.498,0,json:reported,55.72
74,1786725816.732,617490.825013257,5,3.5,0,json:reported,55.72
74,1786725816.732,617490.825013257,6,3.467,0,json:reported,55.72
74,1786725816.732,617490.825013257,7,3.516,0,json:reported,55.72
74,1786725816.732,617490.825013257,8,3.463,0,json:reported,55.72
74,1786725816.732,617490.825013257,9,3.488,0,json:reported,55.72
74,1786725816.732,617490.825013257,10,3.492,0,json:reported,55.72
74,1786725816.732,617490.825013257,11,3.424,0,json:reported,55.72
74,1786725816.732,617490.825013257,12,3.472,0,json:reported,55.72
74,1786725816.732,617490.825013257,13,3.49,0,json:reported,55.72
74,1786725816.732,617490.825013257,14,3.469,0,json:reported,55.72
74,1786725816.732,617490.825013257,15,3.478,0,json:reported,55.72
74,1786725816.732,617490.825013257,16,3.485999999999997,1,json:calculated,55.72
75,1786725816.732,617491.832887258,1,3.492,0,json:reported,55.72
75,1786725816.732,617491.832887258,2,3.483,0,json:reported,55.72
75,1786725816.732,617491.832887258,3,3.502,0,json:reported,55.72
75,1786725816.732,617491.832887258,4,3.498,0,json:reported,55.72
75,1786725816.732,617491.832887258,5,3.5,0,json:reported,55.72
75,1786725816.732,617491.832887258,6,3.467,0,json:reported,55.72
75,1786725816.732,617491.832887258,7,3.516,0,json:reported,55.72
75,1786725816.732,617491.832887258,8,3.463,0,json:reported,55.72
75,1786725816.732,617491.832887258,9,3.488,0,json:reported,55.72
75,1786725816.732,617491.832887258,10,3.492,0,json:reported,55.72
75,1786725816.732,617491.832887258,11,3.424,0,json:reported,55.72
75,1786725816.732,617491.832887258,12,3.472,0,json:reported,55.72
75,1786725816.732,617491.832887258,13,3.49,0,json:reported,55.72
75,1786725816.732,617491.832887258,14,3.469,0,json:reported,55.72
75,1786725816.732,617491.832887258,15,3.478,0,json:reported,55.72
75,1786725816.732,617491.832887258,16,3.485999999999997,1,json:calculated,55.72
76,1786725816.732,617492.838897175,1,3.492,0,json:reported,55.72
76,1786725816.732,617492.838897175,2,3.483,0,json:reported,55.72
76,1786725816.732,617492.838897175,3,3.502,0,json:reported,55.72
76,1786725816.732,617492.838897175,4,3.498,0,json:reported,55.72
76,1786725816.732,617492.838897175,5,3.5,0,json:reported,55.72
76,1786725816.732,617492.838897175,6,3.467,0,json:reported,55.72
76,1786725816.732,617492.838897175,7,3.516,0,json:reported,55.72
76,1786725816.732,617492.838897175,8,3.463,0,json:reported,55.72
76,1786725816.732,617492.838897175,9,3.488,0,json:reported,55.72
76,1786725816.732,617492.838897175,10,3.492,0,json:reported,55.72
76,1786725816.732,617492.838897175,11,3.424,0,json:reported,55.72
76,1786725816.732,617492.838897175,12,3.472,0,json:reported,55.72
76,1786725816.732,617492.838897175,13,3.49,0,json:reported,55.72
76,1786725816.732,617492.838897175,14,3.469,0,json:reported,55.72
76,1786725816.732,617492.838897175,15,3.478,0,json:reported,55.72
76,1786725816.732,617492.838897175,16,3.485999999999997,1,json:calculated,55.72
77,1786725816.732,617493.844570009,1,3.492,0,json:reported,55.72
77,1786725816.732,617493.844570009,2,3.483,0,json:reported,55.72
77,1786725816.732,617493.844570009,3,3.502,0,json:reported,55.72
77,1786725816.732,617493.844570009,4,3.498,0,json:reported,55.72
77,1786725816.732,617493.844570009,5,3.5,0,json:reported,55.72
77,1786725816.732,617493.844570009,6,3.467,0,json:reported,55.72
77,1786725816.732,617493.844570009,7,3.516,0,json:reported,55.72
77,1786725816.732,617493.844570009,8,3.463,0,json:reported,55.72
77,1786725816.732,617493.844570009,9,3.488,0,json:reported,55.72
77,1786725816.732,617493.844570009,10,3.492,0,json:reported,55.72
77,1786725816.732,617493.844570009,11,3.424,0,json:reported,55.72
77,1786725816.732,617493.844570009,12,3.472,0,json:reported,55.72
77,1786725816.732,617493.844570009,13,3.49,0,json:reported,55.72
77,1786725816.732,617493.844570009,14,3.469,0,json:reported,55.72
77,1786725816.732,617493.844570009,15,3.478,0,json:reported,55.72
77,1786725816.732,617493.844570009,16,3.485999999999997,1,json:calculated,55.72
78,1786725816.732,617494.850933051,1,3.492,0,json:reported,55.72
78,1786725816.732,617494.850933051,2,3.483,0,json:reported,55.72
78,1786725816.732,617494.850933051,3,3.502,0,json:reported,55.72
78,1786725816.732,617494.850933051,4,3.498,0,json:reported,55.72
78,1786725816.732,617494.850933051,5,3.5,0,json:reported,55.72
78,1786725816.732,617494.850933051,6,3.467,0,json:reported,55.72
78,1786725816.732,617494.850933051,7,3.516,0,json:reported,55.72
78,1786725816.732,617494.850933051,8,3.463,0,json:reported,55.72
78,1786725816.732,617494.850933051,9,3.488,0,json:reported,55.72
78,1786725816.732,617494.850933051,10,3.492,0,json:reported,55.72
78,1786725816.732,617494.850933051,11,3.424,0,json:reported,55.72
78,1786725816.732,617494.850933051,12,3.472,0,json:reported,55.72
78,1786725816.732,617494.850933051,13,3.49,0,json:reported,55.72
78,1786725816.732,617494.850933051,14,3.469,0,json:reported,55.72
78,1786725816.732,617494.850933051,15,3.478,0,json:reported,55.72
78,1786725816.732,617494.850933051,16,3.485999999999997,1,json:calculated,55.72
79,1786725816.732,617495.86733351,1,3.492,0,json:reported,55.72
79,1786725816.732,617495.86733351,2,3.483,0,json:reported,55.72
79,1786725816.732,617495.86733351,3,3.502,0,json:reported,55.72
79,1786725816.732,617495.86733351,4,3.498,0,json:reported,55.72
79,1786725816.732,617495.86733351,5,3.5,0,json:reported,55.72
79,1786725816.732,617495.86733351,6,3.467,0,json:reported,55.72
79,1786725816.732,617495.86733351,7,3.516,0,json:reported,55.72
79,1786725816.732,617495.86733351,8,3.463,0,json:reported,55.72
79,1786725816.732,617495.86733351,9,3.488,0,json:reported,55.72
79,1786725816.732,617495.86733351,10,3.492,0,json:reported,55.72
79,1786725816.732,617495.86733351,11,3.424,0,json:reported,55.72
79,1786725816.732,617495.86733351,12,3.472,0,json:reported,55.72
79,1786725816.732,617495.86733351,13,3.49,0,json:reported,55.72
79,1786725816.732,617495.86733351,14,3.469,0,json:reported,55.72
79,1786725816.732,617495.86733351,15,3.478,0,json:reported,55.72
79,1786725816.732,617495.86733351,16,3.485999999999997,1,json:calculated,55.72
80,1786725824.552,617496.882395177,1,3.493,0,json:reported,55.73
80,1786725824.552,617496.882395177,2,3.484,0,json:reported,55.73
80,1786725824.552,617496.882395177,3,3.503,0,json:reported,55.73
80,1786725824.552,617496.882395177,4,3.499,0,json:reported,55.73
80,1786725824.552,617496.882395177,5,3.5,0,json:reported,55.73
80,1786725824.552,617496.882395177,6,3.467,0,json:reported,55.73
80,1786725824.552,617496.882395177,7,3.517,0,json:reported,55.73
80,1786725824.552,617496.882395177,8,3.463,0,json:reported,55.73
80,1786725824.552,617496.882395177,9,3.489,0,json:reported,55.73
80,1786725824.552,617496.882395177,10,3.492,0,json:reported,55.73
80,1786725824.552,617496.882395177,11,3.425,0,json:reported,55.73
80,1786725824.552,617496.882395177,12,3.472,0,json:reported,55.73
80,1786725824.552,617496.882395177,13,3.49,0,json:reported,55.73
80,1786725824.552,617496.882395177,14,3.47,0,json:reported,55.73
80,1786725824.552,617496.882395177,15,3.479,0,json:reported,55.73
80,1786725824.552,617496.882395177,16,3.4869999999999948,1,json:calculated,55.73
81,1786725824.552,617497.888109427,1,3.493,0,json:reported,55.73
81,1786725824.552,617497.888109427,2,3.484,0,json:reported,55.73
81,1786725824.552,617497.888109427,3,3.503,0,json:reported,55.73
81,1786725824.552,617497.888109427,4,3.499,0,json:reported,55.73
81,1786725824.552,617497.888109427,5,3.5,0,json:reported,55.73
81,1786725824.552,617497.888109427,6,3.467,0,json:reported,55.73
81,1786725824.552,617497.888109427,7,3.517,0,json:reported,55.73
81,1786725824.552,617497.888109427,8,3.463,0,json:reported,55.73
81,1786725824.552,617497.888109427,9,3.489,0,json:reported,55.73
81,1786725824.552,617497.888109427,10,3.492,0,json:reported,55.73
81,1786725824.552,617497.888109427,11,3.425,0,json:reported,55.73
81,1786725824.552,617497.888109427,12,3.472,0,json:reported,55.73
81,1786725824.552,617497.888109427,13,3.49,0,json:reported,55.73
81,1786725824.552,617497.888109427,14,3.47,0,json:reported,55.73
81,1786725824.552,617497.888109427,15,3.479,0,json:reported,55.73
81,1786725824.552,617497.888109427,16,3.4869999999999948,1,json:calculated,55.73
82,1786725824.552,617498.893922469,1,3.493,0,json:reported,55.73
82,1786725824.552,617498.893922469,2,3.484,0,json:reported,55.73
82,1786725824.552,617498.893922469,3,3.503,0,json:reported,55.73
82,1786725824.552,617498.893922469,4,3.499,0,json:reported,55.73
82,1786725824.552,617498.893922469,5,3.5,0,json:reported,55.73
82,1786725824.552,617498.893922469,6,3.467,0,json:reported,55.73
82,1786725824.552,617498.893922469,7,3.517,0,json:reported,55.73
82,1786725824.552,617498.893922469,8,3.463,0,json:reported,55.73
82,1786725824.552,617498.893922469,9,3.489,0,json:reported,55.73
82,1786725824.552,617498.893922469,10,3.492,0,json:reported,55.73
82,1786725824.552,617498.893922469,11,3.425,0,json:reported,55.73
82,1786725824.552,617498.893922469,12,3.472,0,json:reported,55.73
82,1786725824.552,617498.893922469,13,3.49,0,json:reported,55.73
82,1786725824.552,617498.893922469,14,3.47,0,json:reported,55.73
82,1786725824.552,617498.893922469,15,3.479,0,json:reported,55.73
82,1786725824.552,617498.893922469,16,3.4869999999999948,1,json:calculated,55.73
83,1786725824.552,617499.903261637,1,3.493,0,json:reported,55.73
83,1786725824.552,617499.903261637,2,3.484,0,json:reported,55.73
83,1786725824.552,617499.903261637,3,3.503,0,json:reported,55.73
83,1786725824.552,617499.903261637,4,3.499,0,json:reported,55.73
83,1786725824.552,617499.903261637,5,3.5,0,json:reported,55.73
83,1786725824.552,617499.903261637,6,3.467,0,json:reported,55.73
83,1786725824.552,617499.903261637,7,3.517,0,json:reported,55.73
83,1786725824.552,617499.903261637,8,3.463,0,json:reported,55.73
83,1786725824.552,617499.903261637,9,3.489,0,json:reported,55.73
83,1786725824.552,617499.903261637,10,3.492,0,json:reported,55.73
83,1786725824.552,617499.903261637,11,3.425,0,json:reported,55.73
83,1786725824.552,617499.903261637,12,3.472,0,json:reported,55.73
83,1786725824.552,617499.903261637,13,3.49,0,json:reported,55.73
83,1786725824.552,617499.903261637,14,3.47,0,json:reported,55.73
83,1786725824.552,617499.903261637,15,3.479,0,json:reported,55.73
83,1786725824.552,617499.903261637,16,3.4869999999999948,1,json:calculated,55.73
84,1786725824.552,617500.910927595,1,3.493,0,json:reported,55.73
84,1786725824.552,617500.910927595,2,3.484,0,json:reported,55.73
84,1786725824.552,617500.910927595,3,3.503,0,json:reported,55.73
84,1786725824.552,617500.910927595,4,3.499,0,json:reported,55.73
84,1786725824.552,617500.910927595,5,3.5,0,json:reported,55.73
84,1786725824.552,617500.910927595,6,3.467,0,json:reported,55.73
84,1786725824.552,617500.910927595,7,3.517,0,json:reported,55.73
84,1786725824.552,617500.910927595,8,3.463,0,json:reported,55.73
84,1786725824.552,617500.910927595,9,3.489,0,json:reported,55.73
84,1786725824.552,617500.910927595,10,3.492,0,json:reported,55.73
84,1786725824.552,617500.910927595,11,3.425,0,json:reported,55.73
84,1786725824.552,617500.910927595,12,3.472,0,json:reported,55.73
84,1786725824.552,617500.910927595,13,3.49,0,json:reported,55.73
84,1786725824.552,617500.910927595,14,3.47,0,json:reported,55.73
84,1786725824.552,617500.910927595,15,3.479,0,json:reported,55.73
84,1786725824.552,617500.910927595,16,3.4869999999999948,1,json:calculated,55.73
85,1786725824.552,617501.916885596,1,3.493,0,json:reported,55.73
85,1786725824.552,617501.916885596,2,3.484,0,json:reported,55.73
85,1786725824.552,617501.916885596,3,3.503,0,json:reported,55.73
85,1786725824.552,617501.916885596,4,3.499,0,json:reported,55.73
85,1786725824.552,617501.916885596,5,3.5,0,json:reported,55.73
85,1786725824.552,617501.916885596,6,3.467,0,json:reported,55.73
85,1786725824.552,617501.916885596,7,3.517,0,json:reported,55.73
85,1786725824.552,617501.916885596,8,3.463,0,json:reported,55.73
85,1786725824.552,617501.916885596,9,3.489,0,json:reported,55.73
85,1786725824.552,617501.916885596,10,3.492,0,json:reported,55.73
85,1786725824.552,617501.916885596,11,3.425,0,json:reported,55.73
85,1786725824.552,617501.916885596,12,3.472,0,json:reported,55.73
85,1786725824.552,617501.916885596,13,3.49,0,json:reported,55.73
85,1786725824.552,617501.916885596,14,3.47,0,json:reported,55.73
85,1786725824.552,617501.916885596,15,3.479,0,json:reported,55.73
85,1786725824.552,617501.916885596,16,3.4869999999999948,1,json:calculated,55.73
86,1786725824.552,617502.92220893,1,3.493,0,json:reported,55.73
86,1786725824.552,617502.92220893,2,3.484,0,json:reported,55.73
86,1786725824.552,617502.92220893,3,3.503,0,json:reported,55.73
86,1786725824.552,617502.92220893,4,3.499,0,json:reported,55.73
86,1786725824.552,617502.92220893,5,3.5,0,json:reported,55.73
86,1786725824.552,617502.92220893,6,3.467,0,json:reported,55.73
86,1786725824.552,617502.92220893,7,3.517,0,json:reported,55.73
86,1786725824.552,617502.92220893,8,3.463,0,json:reported,55.73
86,1786725824.552,617502.92220893,9,3.489,0,json:reported,55.73
86,1786725824.552,617502.92220893,10,3.492,0,json:reported,55.73
86,1786725824.552,617502.92220893,11,3.425,0,json:reported,55.73
86,1786725824.552,617502.92220893,12,3.472,0,json:reported,55.73
86,1786725824.552,617502.92220893,13,3.49,0,json:reported,55.73
86,1786725824.552,617502.92220893,14,3.47,0,json:reported,55.73
86,1786725824.552,617502.92220893,15,3.479,0,json:reported,55.73
86,1786725824.552,617502.92220893,16,3.4869999999999948,1,json:calculated,55.73
87,1786725824.552,617503.959216805,1,3.493,0,json:reported,55.73
87,1786725824.552,617503.959216805,2,3.484,0,json:reported,55.73
87,1786725824.552,617503.959216805,3,3.503,0,json:reported,55.73
87,1786725824.552,617503.959216805,4,3.499,0,json:reported,55.73
87,1786725824.552,617503.959216805,5,3.5,0,json:reported,55.73
87,1786725824.552,617503.959216805,6,3.467,0,json:reported,55.73
87,1786725824.552,617503.959216805,7,3.517,0,json:reported,55.73
87,1786725824.552,617503.959216805,8,3.463,0,json:reported,55.73
87,1786725824.552,617503.959216805,9,3.489,0,json:reported,55.73
87,1786725824.552,617503.959216805,10,3.492,0,json:reported,55.73
87,1786725824.552,617503.959216805,11,3.425,0,json:reported,55.73
87,1786725824.552,617503.959216805,12,3.472,0,json:reported,55.73
87,1786725824.552,617503.959216805,13,3.49,0,json:reported,55.73
87,1786725824.552,617503.959216805,14,3.47,0,json:reported,55.73
87,1786725824.552,617503.959216805,15,3.479,0,json:reported,55.73
87,1786725824.552,617503.959216805,16,3.4869999999999948,1,json:calculated,55.73
88,1786725832.625,617504.965587514,1,3.494,0,json:reported,55.74
88,1786725832.625,617504.965587514,2,3.484,0,json:reported,55.74
88,1786725832.625,617504.965587514,3,3.504,0,json:reported,55.74
88,1786725832.625,617504.965587514,4,3.499,0,json:reported,55.74
88,1786725832.625,617504.965587514,5,3.501,0,json:reported,55.74
88,1786725832.625,617504.965587514,6,3.468,0,json:reported,55.74
88,1786725832.625,617504.965587514,7,3.518,0,json:reported,55.74
88,1786725832.625,617504.965587514,8,3.464,0,json:reported,55.74
88,1786725832.625,617504.965587514,9,3.489,0,json:reported,55.74
88,1786725832.625,617504.965587514,10,3.493,0,json:reported,55.74
88,1786725832.625,617504.965587514,11,3.425,0,json:reported,55.74
88,1786725832.625,617504.965587514,12,3.473,0,json:reported,55.74
88,1786725832.625,617504.965587514,13,3.491,0,json:reported,55.74
88,1786725832.625,617504.965587514,14,3.47,0,json:reported,55.74
88,1786725832.625,617504.965587514,15,3.479,0,json:reported,55.74
88,1786725832.625,617504.965587514,16,3.4879999999999995,1,json:calculated,55.74
89,1786725832.625,617505.97250514,1,3.494,0,json:reported,55.74
89,1786725832.625,617505.97250514,2,3.484,0,json:reported,55.74
89,1786725832.625,617505.97250514,3,3.504,0,json:reported,55.74
89,1786725832.625,617505.97250514,4,3.499,0,json:reported,55.74
89,1786725832.625,617505.97250514,5,3.501,0,json:reported,55.74
89,1786725832.625,617505.97250514,6,3.468,0,json:reported,55.74
89,1786725832.625,617505.97250514,7,3.518,0,json:reported,55.74
89,1786725832.625,617505.97250514,8,3.464,0,json:reported,55.74
89,1786725832.625,617505.97250514,9,3.489,0,json:reported,55.74
89,1786725832.625,617505.97250514,10,3.493,0,json:reported,55.74
89,1786725832.625,617505.97250514,11,3.425,0,json:reported,55.74
89,1786725832.625,617505.97250514,12,3.473,0,json:reported,55.74
89,1786725832.625,617505.97250514,13,3.491,0,json:reported,55.74
89,1786725832.625,617505.97250514,14,3.47,0,json:reported,55.74
89,1786725832.625,617505.97250514,15,3.479,0,json:reported,55.74
89,1786725832.625,617505.97250514,16,3.4879999999999995,1,json:calculated,55.74
90,1786725832.625,617506.97820814,1,3.494,0,json:reported,55.74
90,1786725832.625,617506.97820814,2,3.484,0,json:reported,55.74
90,1786725832.625,617506.97820814,3,3.504,0,json:reported,55.74
90,1786725832.625,617506.97820814,4,3.499,0,json:reported,55.74
90,1786725832.625,617506.97820814,5,3.501,0,json:reported,55.74
90,1786725832.625,617506.97820814,6,3.468,0,json:reported,55.74
90,1786725832.625,617506.97820814,7,3.518,0,json:reported,55.74
90,1786725832.625,617506.97820814,8,3.464,0,json:reported,55.74
90,1786725832.625,617506.97820814,9,3.489,0,json:reported,55.74
90,1786725832.625,617506.97820814,10,3.493,0,json:reported,55.74
90,1786725832.625,617506.97820814,11,3.425,0,json:reported,55.74
90,1786725832.625,617506.97820814,12,3.473,0,json:reported,55.74
90,1786725832.625,617506.97820814,13,3.491,0,json:reported,55.74
90,1786725832.625,617506.97820814,14,3.47,0,json:reported,55.74
90,1786725832.625,617506.97820814,15,3.479,0,json:reported,55.74
90,1786725832.625,617506.97820814,16,3.4879999999999995,1,json:calculated,55.74
91,1786725832.625,617507.987626265,1,3.494,0,json:reported,55.74
91,1786725832.625,617507.987626265,2,3.484,0,json:reported,55.74
91,1786725832.625,617507.987626265,3,3.504,0,json:reported,55.74
91,1786725832.625,617507.987626265,4,3.499,0,json:reported,55.74
91,1786725832.625,617507.987626265,5,3.501,0,json:reported,55.74
91,1786725832.625,617507.987626265,6,3.468,0,json:reported,55.74
91,1786725832.625,617507.987626265,7,3.518,0,json:reported,55.74
91,1786725832.625,617507.987626265,8,3.464,0,json:reported,55.74
91,1786725832.625,617507.987626265,9,3.489,0,json:reported,55.74
91,1786725832.625,617507.987626265,10,3.493,0,json:reported,55.74
91,1786725832.625,617507.987626265,11,3.425,0,json:reported,55.74
91,1786725832.625,617507.987626265,12,3.473,0,json:reported,55.74
91,1786725832.625,617507.987626265,13,3.491,0,json:reported,55.74
91,1786725832.625,617507.987626265,14,3.47,0,json:reported,55.74
91,1786725832.625,617507.987626265,15,3.479,0,json:reported,55.74
91,1786725832.625,617507.987626265,16,3.4879999999999995,1,json:calculated,55.74
92,1786725832.625,617509.001195433,1,3.494,0,json:reported,55.74
92,1786725832.625,617509.001195433,2,3.484,0,json:reported,55.74
92,1786725832.625,617509.001195433,3,3.504,0,json:reported,55.74
92,1786725832.625,617509.001195433,4,3.499,0,json:reported,55.74
92,1786725832.625,617509.001195433,5,3.501,0,json:reported,55.74
92,1786725832.625,617509.001195433,6,3.468,0,json:reported,55.74
92,1786725832.625,617509.001195433,7,3.518,0,json:reported,55.74
92,1786725832.625,617509.001195433,8,3.464,0,json:reported,55.74
92,1786725832.625,617509.001195433,9,3.489,0,json:reported,55.74
92,1786725832.625,617509.001195433,10,3.493,0,json:reported,55.74
92,1786725832.625,617509.001195433,11,3.425,0,json:reported,55.74
92,1786725832.625,617509.001195433,12,3.473,0,json:reported,55.74
92,1786725832.625,617509.001195433,13,3.491,0,json:reported,55.74
92,1786725832.625,617509.001195433,14,3.47,0,json:reported,55.74
92,1786725832.625,617509.001195433,15,3.479,0,json:reported,55.74
92,1786725832.625,617509.001195433,16,3.4879999999999995,1,json:calculated,55.74
93,1786725832.625,617510.007695433,1,3.494,0,json:reported,55.74
93,1786725832.625,617510.007695433,2,3.484,0,json:reported,55.74
93,1786725832.625,617510.007695433,3,3.504,0,json:reported,55.74
93,1786725832.625,617510.007695433,4,3.499,0,json:reported,55.74
93,1786725832.625,617510.007695433,5,3.501,0,json:reported,55.74
93,1786725832.625,617510.007695433,6,3.468,0,json:reported,55.74
93,1786725832.625,617510.007695433,7,3.518,0,json:reported,55.74
93,1786725832.625,617510.007695433,8,3.464,0,json:reported,55.74
93,1786725832.625,617510.007695433,9,3.489,0,json:reported,55.74
93,1786725832.625,617510.007695433,10,3.493,0,json:reported,55.74
93,1786725832.625,617510.007695433,11,3.425,0,json:reported,55.74
93,1786725832.625,617510.007695433,12,3.473,0,json:reported,55.74
93,1786725832.625,617510.007695433,13,3.491,0,json:reported,55.74
93,1786725832.625,617510.007695433,14,3.47,0,json:reported,55.74
93,1786725832.625,617510.007695433,15,3.479,0,json:reported,55.74
93,1786725832.625,617510.007695433,16,3.4879999999999995,1,json:calculated,55.74
94,1786725832.625,617511.014679809,1,3.494,0,json:reported,55.74
94,1786725832.625,617511.014679809,2,3.484,0,json:reported,55.74
94,1786725832.625,617511.014679809,3,3.504,0,json:reported,55.74
94,1786725832.625,617511.014679809,4,3.499,0,json:reported,55.74
94,1786725832.625,617511.014679809,5,3.501,0,json:reported,55.74
94,1786725832.625,617511.014679809,6,3.468,0,json:reported,55.74
94,1786725832.625,617511.014679809,7,3.518,0,json:reported,55.74
94,1786725832.625,617511.014679809,8,3.464,0,json:reported,55.74
94,1786725832.625,617511.014679809,9,3.489,0,json:reported,55.74
94,1786725832.625,617511.014679809,10,3.493,0,json:reported,55.74
94,1786725832.625,617511.014679809,11,3.425,0,json:reported,55.74
94,1786725832.625,617511.014679809,12,3.473,0,json:reported,55.74
94,1786725832.625,617511.014679809,13,3.491,0,json:reported,55.74
94,1786725832.625,617511.014679809,14,3.47,0,json:reported,55.74
94,1786725832.625,617511.014679809,15,3.479,0,json:reported,55.74
94,1786725832.625,617511.014679809,16,3.4879999999999995,1,json:calculated,55.74
95,1786725832.625,617512.028992142,1,3.494,0,json:reported,55.74
95,1786725832.625,617512.028992142,2,3.484,0,json:reported,55.74
95,1786725832.625,617512.028992142,3,3.504,0,json:reported,55.74
95,1786725832.625,617512.028992142,4,3.499,0,json:reported,55.74
95,1786725832.625,617512.028992142,5,3.501,0,json:reported,55.74
95,1786725832.625,617512.028992142,6,3.468,0,json:reported,55.74
95,1786725832.625,617512.028992142,7,3.518,0,json:reported,55.74
95,1786725832.625,617512.028992142,8,3.464,0,json:reported,55.74
95,1786725832.625,617512.028992142,9,3.489,0,json:reported,55.74
95,1786725832.625,617512.028992142,10,3.493,0,json:reported,55.74
95,1786725832.625,617512.028992142,11,3.425,0,json:reported,55.74
95,1786725832.625,617512.028992142,12,3.473,0,json:reported,55.74
95,1786725832.625,617512.028992142,13,3.491,0,json:reported,55.74
95,1786725832.625,617512.028992142,14,3.47,0,json:reported,55.74
95,1786725832.625,617512.028992142,15,3.479,0,json:reported,55.74
95,1786725832.625,617512.028992142,16,3.4879999999999995,1,json:calculated,55.74
96,1786725840.547,617513.036067726,1,3.494,0,json:reported,55.75
96,1786725840.547,617513.036067726,2,3.485,0,json:reported,55.75
96,1786725840.547,617513.036067726,3,3.505,0,json:reported,55.75
96,1786725840.547,617513.036067726,4,3.5,0,json:reported,55.75
96,1786725840.547,617513.036067726,5,3.502,0,json:reported,55.75
96,1786725840.547,617513.036067726,6,3.468,0,json:reported,55.75
96,1786725840.547,617513.036067726,7,3.518,0,json:reported,55.75
96,1786725840.547,617513.036067726,8,3.464,0,json:reported,55.75
96,1786725840.547,617513.036067726,9,3.49,0,json:reported,55.75
96,1786725840.547,617513.036067726,10,3.494,0,json:reported,55.75
96,1786725840.547,617513.036067726,11,3.425,0,json:reported,55.75
96,1786725840.547,617513.036067726,12,3.473,0,json:reported,55.75
96,1786725840.547,617513.036067726,13,3.492,0,json:reported,55.75
96,1786725840.547,617513.036067726,14,3.471,0,json:reported,55.75
96,1786725840.547,617513.036067726,15,3.48,0,json:reported,55.75
96,1786725840.547,617513.036067726,16,3.488999999999997,1,json:calculated,55.75
97,1786725840.547,617514.044344602,1,3.494,0,json:reported,55.75
97,1786725840.547,617514.044344602,2,3.485,0,json:reported,55.75
97,1786725840.547,617514.044344602,3,3.505,0,json:reported,55.75
97,1786725840.547,617514.044344602,4,3.5,0,json:reported,55.75
97,1786725840.547,617514.044344602,5,3.502,0,json:reported,55.75
97,1786725840.547,617514.044344602,6,3.468,0,json:reported,55.75
97,1786725840.547,617514.044344602,7,3.518,0,json:reported,55.75
97,1786725840.547,617514.044344602,8,3.464,0,json:reported,55.75
97,1786725840.547,617514.044344602,9,3.49,0,json:reported,55.75
97,1786725840.547,617514.044344602,10,3.494,0,json:reported,55.75
97,1786725840.547,617514.044344602,11,3.425,0,json:reported,55.75
97,1786725840.547,617514.044344602,12,3.473,0,json:reported,55.75
97,1786725840.547,617514.044344602,13,3.492,0,json:reported,55.75
97,1786725840.547,617514.044344602,14,3.471,0,json:reported,55.75
97,1786725840.547,617514.044344602,15,3.48,0,json:reported,55.75
97,1786725840.547,617514.044344602,16,3.488999999999997,1,json:calculated,55.75
98,1786725840.547,617515.050837644,1,3.494,0,json:reported,55.75
98,1786725840.547,617515.050837644,2,3.485,0,json:reported,55.75
98,1786725840.547,617515.050837644,3,3.505,0,json:reported,55.75
98,1786725840.547,617515.050837644,4,3.5,0,json:reported,55.75
98,1786725840.547,617515.050837644,5,3.502,0,json:reported,55.75
98,1786725840.547,617515.050837644,6,3.468,0,json:reported,55.75
98,1786725840.547,617515.050837644,7,3.518,0,json:reported,55.75
98,1786725840.547,617515.050837644,8,3.464,0,json:reported,55.75
98,1786725840.547,617515.050837644,9,3.49,0,json:reported,55.75
98,1786725840.547,617515.050837644,10,3.494,0,json:reported,55.75
98,1786725840.547,617515.050837644,11,3.425,0,json:reported,55.75
98,1786725840.547,617515.050837644,12,3.473,0,json:reported,55.75
98,1786725840.547,617515.050837644,13,3.492,0,json:reported,55.75
98,1786725840.547,617515.050837644,14,3.471,0,json:reported,55.75
98,1786725840.547,617515.050837644,15,3.48,0,json:reported,55.75
98,1786725840.547,617515.050837644,16,3.488999999999997,1,json:calculated,55.75
99,1786725840.547,617516.056746394,1,3.494,0,json:reported,55.75
99,1786725840.547,617516.056746394,2,3.485,0,json:reported,55.75
99,1786725840.547,617516.056746394,3,3.505,0,json:reported,55.75
99,1786725840.547,617516.056746394,4,3.5,0,json:reported,55.75
99,1786725840.547,617516.056746394,5,3.502,0,json:reported,55.75
99,1786725840.547,617516.056746394,6,3.468,0,json:reported,55.75
99,1786725840.547,617516.056746394,7,3.518,0,json:reported,55.75
99,1786725840.547,617516.056746394,8,3.464,0,json:reported,55.75
99,1786725840.547,617516.056746394,9,3.49,0,json:reported,55.75
99,1786725840.547,617516.056746394,10,3.494,0,json:reported,55.75
99,1786725840.547,617516.056746394,11,3.425,0,json:reported,55.75
99,1786725840.547,617516.056746394,12,3.473,0,json:reported,55.75
99,1786725840.547,617516.056746394,13,3.492,0,json:reported,55.75
99,1786725840.547,617516.056746394,14,3.471,0,json:reported,55.75
99,1786725840.547,617516.056746394,15,3.48,0,json:reported,55.75
99,1786725840.547,617516.056746394,16,3.488999999999997,1,json:calculated,55.75
100,1786725840.547,617517.063708186,1,3.494,0,json:reported,55.75
100,1786725840.547,617517.063708186,2,3.485,0,json:reported,55.75
100,1786725840.547,617517.063708186,3,3.505,0,json:reported,55.75
100,1786725840.547,617517.063708186,4,3.5,0,json:reported,55.75
100,1786725840.547,617517.063708186,5,3.502,0,json:reported,55.75
100,1786725840.547,617517.063708186,6,3.468,0,json:reported,55.75
100,1786725840.547,617517.063708186,7,3.518,0,json:reported,55.75
100,1786725840.547,617517.063708186,8,3.464,0,json:reported,55.75
100,1786725840.547,617517.063708186,9,3.49,0,json:reported,55.75
100,1786725840.547,617517.063708186,10,3.494,0,json:reported,55.75
100,1786725840.547,617517.063708186,11,3.425,0,json:reported,55.75
100,1786725840.547,617517.063708186,12,3.473,0,json:reported,55.75
100,1786725840.547,617517.063708186,13,3.492,0,json:reported,55.75
100,1786725840.547,617517.063708186,14,3.471,0,json:reported,55.75
100,1786725840.547,617517.063708186,15,3.48,0,json:reported,55.75
100,1786725840.547,617517.063708186,16,3.488999999999997,1,json:calculated,55.75
101,1786725840.547,617518.069925729,1,3.494,0,json:reported,55.75
101,1786725840.547,617518.069925729,2,3.485,0,json:reported,55.75
101,1786725840.547,617518.069925729,3,3.505,0,json:reported,55.75
101,1786725840.547,617518.069925729,4,3.5,0,json:reported,55.75
101,1786725840.547,617518.069925729,5,3.502,0,json:reported,55.75
101,1786725840.547,617518.069925729,6,3.468,0,json:reported,55.75
101,1786725840.547,617518.069925729,7,3.518,0,json:reported,55.75
101,1786725840.547,617518.069925729,8,3.464,0,json:reported,55.75
101,1786725840.547,617518.069925729,9,3.49,0,json:reported,55.75
101,1786725840.547,617518.069925729,10,3.494,0,json:reported,55.75
101,1786725840.547,617518.069925729,11,3.425,0,json:reported,55.75
101,1786725840.547,617518.069925729,12,3.473,0,json:reported,55.75
101,1786725840.547,617518.069925729,13,3.492,0,json:reported,55.75
101,1786725840.547,617518.069925729,14,3.471,0,json:reported,55.75
101,1786725840.547,617518.069925729,15,3.48,0,json:reported,55.75
101,1786725840.547,617518.069925729,16,3.488999999999997,1,json:calculated,55.75
102,1786725840.547,617519.081257146,1,3.494,0,json:reported,55.75
102,1786725840.547,617519.081257146,2,3.485,0,json:reported,55.75
102,1786725840.547,617519.081257146,3,3.505,0,json:reported,55.75
102,1786725840.547,617519.081257146,4,3.5,0,json:reported,55.75
102,1786725840.547,617519.081257146,5,3.502,0,json:reported,55.75
102,1786725840.547,617519.081257146,6,3.468,0,json:reported,55.75
102,1786725840.547,617519.081257146,7,3.518,0,json:reported,55.75
102,1786725840.547,617519.081257146,8,3.464,0,json:reported,55.75
102,1786725840.547,617519.081257146,9,3.49,0,json:reported,55.75
102,1786725840.547,617519.081257146,10,3.494,0,json:reported,55.75
102,1786725840.547,617519.081257146,11,3.425,0,json:reported,55.75
102,1786725840.547,617519.081257146,12,3.473,0,json:reported,55.75
102,1786725840.547,617519.081257146,13,3.492,0,json:reported,55.75
102,1786725840.547,617519.081257146,14,3.471,0,json:reported,55.75
102,1786725840.547,617519.081257146,15,3.48,0,json:reported,55.75
102,1786725840.547,617519.081257146,16,3.488999999999997,1,json:calculated,55.75
103,1786725840.547,617520.094842813,1,3.494,0,json:reported,55.75
103,1786725840.547,617520.094842813,2,3.485,0,json:reported,55.75
103,1786725840.547,617520.094842813,3,3.505,0,json:reported,55.75
103,1786725840.547,617520.094842813,4,3.5,0,json:reported,55.75
103,1786725840.547,617520.094842813,5,3.502,0,json:reported,55.75
103,1786725840.547,617520.094842813,6,3.468,0,json:reported,55.75
103,1786725840.547,617520.094842813,7,3.518,0,json:reported,55.75
103,1786725840.547,617520.094842813,8,3.464,0,json:reported,55.75
103,1786725840.547,617520.094842813,9,3.49,0,json:reported,55.75
103,1786725840.547,617520.094842813,10,3.494,0,json:reported,55.75
103,1786725840.547,617520.094842813,11,3.425,0,json:reported,55.75
103,1786725840.547,617520.094842813,12,3.473,0,json:reported,55.75
103,1786725840.547,617520.094842813,13,3.492,0,json:reported,55.75
103,1786725840.547,617520.094842813,14,3.471,0,json:reported,55.75
103,1786725840.547,617520.094842813,15,3.48,0,json:reported,55.75
103,1786725840.547,617520.094842813,16,3.488999999999997,1,json:calculated,55.75
104,1786725848.578,617521.111390897,1,3.495,0,json:reported,55.75
104,1786725848.578,617521.111390897,2,3.485,0,json:reported,55.75
104,1786725848.578,617521.111390897,3,3.505,0,json:reported,55.75
104,1786725848.578,617521.111390897,4,3.501,0,json:reported,55.75
104,1786725848.578,617521.111390897,5,3.502,0,json:reported,55.75
104,1786725848.578,617521.111390897,6,3.469,0,json:reported,55.75
104,1786725848.578,617521.111390897,7,3.519,0,json:reported,55.75
104,1786725848.578,617521.111390897,8,3.465,0,json:reported,55.75
104,1786725848.578,617521.111390897,9,3.49,0,json:reported,55.75
104,1786725848.578,617521.111390897,10,3.494,0,json:reported,55.75
104,1786725848.578,617521.111390897,11,3.426,0,json:reported,55.75
104,1786725848.578,617521.111390897,12,3.474,0,json:reported,55.75
104,1786725848.578,617521.111390897,13,3.492,0,json:reported,55.75
104,1786725848.578,617521.111390897,14,3.471,0,json:reported,55.75
104,1786725848.578,617521.111390897,15,3.48,0,json:reported,55.75
104,1786725848.578,617521.111390897,16,3.4819999999999993,1,json:calculated,55.75
105,1786725848.578,617522.117039647,1,3.495,0,json:reported,55.75
105,1786725848.578,617522.117039647,2,3.485,0,json:reported,55.75
105,1786725848.578,617522.117039647,3,3.505,0,json:reported,55.75
105,1786725848.578,617522.117039647,4,3.501,0,json:reported,55.75
105,1786725848.578,617522.117039647,5,3.502,0,json:reported,55.75
105,1786725848.578,617522.117039647,6,3.469,0,json:reported,55.75
105,1786725848.578,617522.117039647,7,3.519,0,json:reported,55.75
105,1786725848.578,617522.117039647,8,3.465,0,json:reported,55.75
105,1786725848.578,617522.117039647,9,3.49,0,json:reported,55.75
105,1786725848.578,617522.117039647,10,3.494,0,json:reported,55.75
105,1786725848.578,617522.117039647,11,3.426,0,json:reported,55.75
105,1786725848.578,617522.117039647,12,3.474,0,json:reported,55.75
105,1786725848.578,617522.117039647,13,3.492,0,json:reported,55.75
105,1786725848.578,617522.117039647,14,3.471,0,json:reported,55.75
105,1786725848.578,617522.117039647,15,3.48,0,json:reported,55.75
105,1786725848.578,617522.117039647,16,3.4819999999999993,1,json:calculated,55.75
106,1786725848.578,617523.128048814,1,3.495,0,json:reported,55.75
106,1786725848.578,617523.128048814,2,3.485,0,json:reported,55.75
106,1786725848.578,617523.128048814,3,3.505,0,json:reported,55.75
106,1786725848.578,617523.128048814,4,3.501,0,json:reported,55.75
106,1786725848.578,617523.128048814,5,3.502,0,json:reported,55.75
106,1786725848.578,617523.128048814,6,3.469,0,json:reported,55.75
106,1786725848.578,617523.128048814,7,3.519,0,json:reported,55.75
106,1786725848.578,617523.128048814,8,3.465,0,json:reported,55.75
106,1786725848.578,617523.128048814,9,3.49,0,json:reported,55.75
106,1786725848.578,617523.128048814,10,3.494,0,json:reported,55.75
106,1786725848.578,617523.128048814,11,3.426,0,json:reported,55.75
106,1786725848.578,617523.128048814,12,3.474,0,json:reported,55.75
106,1786725848.578,617523.128048814,13,3.492,0,json:reported,55.75
106,1786725848.578,617523.128048814,14,3.471,0,json:reported,55.75
106,1786725848.578,617523.128048814,15,3.48,0,json:reported,55.75
106,1786725848.578,617523.128048814,16,3.4819999999999993,1,json:calculated,55.75
107,1786725848.578,617524.134569273,1,3.495,0,json:reported,55.75
107,1786725848.578,617524.134569273,2,3.485,0,json:reported,55.75
107,1786725848.578,617524.134569273,3,3.505,0,json:reported,55.75
107,1786725848.578,617524.134569273,4,3.501,0,json:reported,55.75
107,1786725848.578,617524.134569273,5,3.502,0,json:reported,55.75
107,1786725848.578,617524.134569273,6,3.469,0,json:reported,55.75
107,1786725848.578,617524.134569273,7,3.519,0,json:reported,55.75
107,1786725848.578,617524.134569273,8,3.465,0,json:reported,55.75
107,1786725848.578,617524.134569273,9,3.49,0,json:reported,55.75
107,1786725848.578,617524.134569273,10,3.494,0,json:reported,55.75
107,1786725848.578,617524.134569273,11,3.426,0,json:reported,55.75
107,1786725848.578,617524.134569273,12,3.474,0,json:reported,55.75
107,1786725848.578,617524.134569273,13,3.492,0,json:reported,55.75
107,1786725848.578,617524.134569273,14,3.471,0,json:reported,55.75
107,1786725848.578,617524.134569273,15,3.48,0,json:reported,55.75
107,1786725848.578,617524.134569273,16,3.4819999999999993,1,json:calculated,55.75
108,1786725848.578,617525.140745565,1,3.495,0,json:reported,55.75
108,1786725848.578,617525.140745565,2,3.485,0,json:reported,55.75
108,1786725848.578,617525.140745565,3,3.505,0,json:reported,55.75
108,1786725848.578,617525.140745565,4,3.501,0,json:reported,55.75
108,1786725848.578,617525.140745565,5,3.502,0,json:reported,55.75
108,1786725848.578,617525.140745565,6,3.469,0,json:reported,55.75
108,1786725848.578,617525.140745565,7,3.519,0,json:reported,55.75
108,1786725848.578,617525.140745565,8,3.465,0,json:reported,55.75
108,1786725848.578,617525.140745565,9,3.49,0,json:reported,55.75
108,1786725848.578,617525.140745565,10,3.494,0,json:reported,55.75
108,1786725848.578,617525.140745565,11,3.426,0,json:reported,55.75
108,1786725848.578,617525.140745565,12,3.474,0,json:reported,55.75
108,1786725848.578,617525.140745565,13,3.492,0,json:reported,55.75
108,1786725848.578,617525.140745565,14,3.471,0,json:reported,55.75
108,1786725848.578,617525.140745565,15,3.48,0,json:reported,55.75
108,1786725848.578,617525.140745565,16,3.4819999999999993,1,json:calculated,55.75
109,1786725848.578,617526.146533774,1,3.495,0,json:reported,55.75
109,1786725848.578,617526.146533774,2,3.485,0,json:reported,55.75
109,1786725848.578,617526.146533774,3,3.505,0,json:reported,55.75
109,1786725848.578,617526.146533774,4,3.501,0,json:reported,55.75
109,1786725848.578,617526.146533774,5,3.502,0,json:reported,55.75
109,1786725848.578,617526.146533774,6,3.469,0,json:reported,55.75
109,1786725848.578,617526.146533774,7,3.519,0,json:reported,55.75
109,1786725848.578,617526.146533774,8,3.465,0,json:reported,55.75
109,1786725848.578,617526.146533774,9,3.49,0,json:reported,55.75
109,1786725848.578,617526.146533774,10,3.494,0,json:reported,55.75
109,1786725848.578,617526.146533774,11,3.426,0,json:reported,55.75
109,1786725848.578,617526.146533774,12,3.474,0,json:reported,55.75
109,1786725848.578,617526.146533774,13,3.492,0,json:reported,55.75
109,1786725848.578,617526.146533774,14,3.471,0,json:reported,55.75
109,1786725848.578,617526.146533774,15,3.48,0,json:reported,55.75
109,1786725848.578,617526.146533774,16,3.4819999999999993,1,json:calculated,55.75
110,1786725848.578,617527.1534239,1,3.495,0,json:reported,55.75
110,1786725848.578,617527.1534239,2,3.485,0,json:reported,55.75
110,1786725848.578,617527.1534239,3,3.505,0,json:reported,55.75
110,1786725848.578,617527.1534239,4,3.501,0,json:reported,55.75
110,1786725848.578,617527.1534239,5,3.502,0,json:reported,55.75
110,1786725848.578,617527.1534239,6,3.469,0,json:reported,55.75
110,1786725848.578,617527.1534239,7,3.519,0,json:reported,55.75
110,1786725848.578,617527.1534239,8,3.465,0,json:reported,55.75
110,1786725848.578,617527.1534239,9,3.49,0,json:reported,55.75
110,1786725848.578,617527.1534239,10,3.494,0,json:reported,55.75
110,1786725848.578,617527.1534239,11,3.426,0,json:reported,55.75
110,1786725848.578,617527.1534239,12,3.474,0,json:reported,55.75
110,1786725848.578,617527.1534239,13,3.492,0,json:reported,55.75
110,1786725848.578,617527.1534239,14,3.471,0,json:reported,55.75
110,1786725848.578,617527.1534239,15,3.48,0,json:reported,55.75
110,1786725848.578,617527.1534239,16,3.4819999999999993,1,json:calculated,55.75
111,1786725848.578,617528.163801358,1,3.495,0,json:reported,55.75
111,1786725848.578,617528.163801358,2,3.485,0,json:reported,55.75
111,1786725848.578,617528.163801358,3,3.505,0,json:reported,55.75
111,1786725848.578,617528.163801358,4,3.501,0,json:reported,55.75
111,1786725848.578,617528.163801358,5,3.502,0,json:reported,55.75
111,1786725848.578,617528.163801358,6,3.469,0,json:reported,55.75
111,1786725848.578,617528.163801358,7,3.519,0,json:reported,55.75
111,1786725848.578,617528.163801358,8,3.465,0,json:reported,55.75
111,1786725848.578,617528.163801358,9,3.49,0,json:reported,55.75
111,1786725848.578,617528.163801358,10,3.494,0,json:reported,55.75
111,1786725848.578,617528.163801358,11,3.426,0,json:reported,55.75
111,1786725848.578,617528.163801358,12,3.474,0,json:reported,55.75
111,1786725848.578,617528.163801358,13,3.492,0,json:reported,55.75
111,1786725848.578,617528.163801358,14,3.471,0,json:reported,55.75
111,1786725848.578,617528.163801358,15,3.48,0,json:reported,55.75
111,1786725848.578,617528.163801358,16,3.4819999999999993,1,json:calculated,55.75
112,1786725856.592,617529.174704151,1,3.496,0,json:reported,55.76
112,1786725856.592,617529.174704151,2,3.486,0,json:reported,55.76
112,1786725856.592,617529.174704151,3,3.506,0,json:reported,55.76
112,1786725856.592,617529.174704151,4,3.501,0,json:reported,55.76
112,1786725856.592,617529.174704151,5,3.503,0,json:reported,55.76
112,1786725856.592,617529.174704151,6,3.469,0,json:reported,55.76
112,1786725856.592,617529.174704151,7,3.52,0,json:reported,55.76
112,1786725856.592,617529.174704151,8,3.465,0,json:reported,55.76
112,1786725856.592,617529.174704151,9,3.491,0,json:reported,55.76
112,1786725856.592,617529.174704151,10,3.495,0,json:reported,55.76
112,1786725856.592,617529.174704151,11,3.426,0,json:reported,55.76
112,1786725856.592,617529.174704151,12,3.474,0,json:reported,55.76
112,1786725856.592,617529.174704151,13,3.493,0,json:reported,55.76
112,1786725856.592,617529.174704151,14,3.472,0,json:reported,55.76
112,1786725856.592,617529.174704151,15,3.481,0,json:reported,55.76
112,1786725856.592,617529.174704151,16,3.4819999999999993,1,json:calculated,55.76
113,1786725856.592,617530.182601984,1,3.496,0,json:reported,55.76
113,1786725856.592,617530.182601984,2,3.486,0,json:reported,55.76
113,1786725856.592,617530.182601984,3,3.506,0,json:reported,55.76
113,1786725856.592,617530.182601984,4,3.501,0,json:reported,55.76
113,1786725856.592,617530.182601984,5,3.503,0,json:reported,55.76
113,1786725856.592,617530.182601984,6,3.469,0,json:reported,55.76
113,1786725856.592,617530.182601984,7,3.52,0,json:reported,55.76
113,1786725856.592,617530.182601984,8,3.465,0,json:reported,55.76
113,1786725856.592,617530.182601984,9,3.491,0,json:reported,55.76
113,1786725856.592,617530.182601984,10,3.495,0,json:reported,55.76
113,1786725856.592,617530.182601984,11,3.426,0,json:reported,55.76
113,1786725856.592,617530.182601984,12,3.474,0,json:reported,55.76
113,1786725856.592,617530.182601984,13,3.493,0,json:reported,55.76
113,1786725856.592,617530.182601984,14,3.472,0,json:reported,55.76
113,1786725856.592,617530.182601984,15,3.481,0,json:reported,55.76
113,1786725856.592,617530.182601984,16,3.4819999999999993,1,json:calculated,55.76
114,1786725856.592,617531.191125902,1,3.496,0,json:reported,55.76
114,1786725856.592,617531.191125902,2,3.486,0,json:reported,55.76
114,1786725856.592,617531.191125902,3,3.506,0,json:reported,55.76
114,1786725856.592,617531.191125902,4,3.501,0,json:reported,55.76
114,1786725856.592,617531.191125902,5,3.503,0,json:reported,55.76
114,1786725856.592,617531.191125902,6,3.469,0,json:reported,55.76
114,1786725856.592,617531.191125902,7,3.52,0,json:reported,55.76
114,1786725856.592,617531.191125902,8,3.465,0,json:reported,55.76
114,1786725856.592,617531.191125902,9,3.491,0,json:reported,55.76
114,1786725856.592,617531.191125902,10,3.495,0,json:reported,55.76
114,1786725856.592,617531.191125902,11,3.426,0,json:reported,55.76
114,1786725856.592,617531.191125902,12,3.474,0,json:reported,55.76
114,1786725856.592,617531.191125902,13,3.493,0,json:reported,55.76
114,1786725856.592,617531.191125902,14,3.472,0,json:reported,55.76
114,1786725856.592,617531.191125902,15,3.481,0,json:reported,55.76
114,1786725856.592,617531.191125902,16,3.4819999999999993,1,json:calculated,55.76
115,1786725856.592,617532.202388735,1,3.496,0,json:reported,55.76
115,1786725856.592,617532.202388735,2,3.486,0,json:reported,55.76
115,1786725856.592,617532.202388735,3,3.506,0,json:reported,55.76
115,1786725856.592,617532.202388735,4,3.501,0,json:reported,55.76
115,1786725856.592,617532.202388735,5,3.503,0,json:reported,55.76
115,1786725856.592,617532.202388735,6,3.469,0,json:reported,55.76
115,1786725856.592,617532.202388735,7,3.52,0,json:reported,55.76
115,1786725856.592,617532.202388735,8,3.465,0,json:reported,55.76
115,1786725856.592,617532.202388735,9,3.491,0,json:reported,55.76
115,1786725856.592,617532.202388735,10,3.495,0,json:reported,55.76
115,1786725856.592,617532.202388735,11,3.426,0,json:reported,55.76
115,1786725856.592,617532.202388735,12,3.474,0,json:reported,55.76
115,1786725856.592,617532.202388735,13,3.493,0,json:reported,55.76
115,1786725856.592,617532.202388735,14,3.472,0,json:reported,55.76
115,1786725856.592,617532.202388735,15,3.481,0,json:reported,55.76
115,1786725856.592,617532.202388735,16,3.4819999999999993,1,json:calculated,55.76
116,1786725856.592,617533.209454236,1,3.496,0,json:reported,55.76
116,1786725856.592,617533.209454236,2,3.486,0,json:reported,55.76
116,1786725856.592,617533.209454236,3,3.506,0,json:reported,55.76
116,1786725856.592,617533.209454236,4,3.501,0,json:reported,55.76
116,1786725856.592,617533.209454236,5,3.503,0,json:reported,55.76
116,1786725856.592,617533.209454236,6,3.469,0,json:reported,55.76
116,1786725856.592,617533.209454236,7,3.52,0,json:reported,55.76
116,1786725856.592,617533.209454236,8,3.465,0,json:reported,55.76
116,1786725856.592,617533.209454236,9,3.491,0,json:reported,55.76
116,1786725856.592,617533.209454236,10,3.495,0,json:reported,55.76
116,1786725856.592,617533.209454236,11,3.426,0,json:reported,55.76
116,1786725856.592,617533.209454236,12,3.474,0,json:reported,55.76
116,1786725856.592,617533.209454236,13,3.493,0,json:reported,55.76
116,1786725856.592,617533.209454236,14,3.472,0,json:reported,55.76
116,1786725856.592,617533.209454236,15,3.481,0,json:reported,55.76
116,1786725856.592,617533.209454236,16,3.4819999999999993,1,json:calculated,55.76
117,1786725856.592,617534.214819903,1,3.496,0,json:reported,55.76
117,1786725856.592,617534.214819903,2,3.486,0,json:reported,55.76
117,1786725856.592,617534.214819903,3,3.506,0,json:reported,55.76
117,1786725856.592,617534.214819903,4,3.501,0,json:reported,55.76
117,1786725856.592,617534.214819903,5,3.503,0,json:reported,55.76
117,1786725856.592,617534.214819903,6,3.469,0,json:reported,55.76
117,1786725856.592,617534.214819903,7,3.52,0,json:reported,55.76
117,1786725856.592,617534.214819903,8,3.465,0,json:reported,55.76
117,1786725856.592,617534.214819903,9,3.491,0,json:reported,55.76
117,1786725856.592,617534.214819903,10,3.495,0,json:reported,55.76
117,1786725856.592,617534.214819903,11,3.426,0,json:reported,55.76
117,1786725856.592,617534.214819903,12,3.474,0,json:reported,55.76
117,1786725856.592,617534.214819903,13,3.493,0,json:reported,55.76
117,1786725856.592,617534.214819903,14,3.472,0,json:reported,55.76
117,1786725856.592,617534.214819903,15,3.481,0,json:reported,55.76
117,1786725856.592,617534.214819903,16,3.4819999999999993,1,json:calculated,55.76
118,1786725856.592,617535.224653903,1,3.496,0,json:reported,55.76
118,1786725856.592,617535.224653903,2,3.486,0,json:reported,55.76
118,1786725856.592,617535.224653903,3,3.506,0,json:reported,55.76
118,1786725856.592,617535.224653903,4,3.501,0,json:reported,55.76
118,1786725856.592,617535.224653903,5,3.503,0,json:reported,55.76
118,1786725856.592,617535.224653903,6,3.469,0,json:reported,55.76
118,1786725856.592,617535.224653903,7,3.52,0,json:reported,55.76
118,1786725856.592,617535.224653903,8,3.465,0,json:reported,55.76
118,1786725856.592,617535.224653903,9,3.491,0,json:reported,55.76
118,1786725856.592,617535.224653903,10,3.495,0,json:reported,55.76
118,1786725856.592,617535.224653903,11,3.426,0,json:reported,55.76
118,1786725856.592,617535.224653903,12,3.474,0,json:reported,55.76
118,1786725856.592,617535.224653903,13,3.493,0,json:reported,55.76
118,1786725856.592,617535.224653903,14,3.472,0,json:reported,55.76
118,1786725856.592,617535.224653903,15,3.481,0,json:reported,55.76
118,1786725856.592,617535.224653903,16,3.4819999999999993,1,json:calculated,55.76
119,1786725856.592,617536.240836904,1,3.496,0,json:reported,55.76
119,1786725856.592,617536.240836904,2,3.486,0,json:reported,55.76
119,1786725856.592,617536.240836904,3,3.506,0,json:reported,55.76
119,1786725856.592,617536.240836904,4,3.501,0,json:reported,55.76
119,1786725856.592,617536.240836904,5,3.503,0,json:reported,55.76
119,1786725856.592,617536.240836904,6,3.469,0,json:reported,55.76
119,1786725856.592,617536.240836904,7,3.52,0,json:reported,55.76
119,1786725856.592,617536.240836904,8,3.465,0,json:reported,55.76
119,1786725856.592,617536.240836904,9,3.491,0,json:reported,55.76
119,1786725856.592,617536.240836904,10,3.495,0,json:reported,55.76
119,1786725856.592,617536.240836904,11,3.426,0,json:reported,55.76
119,1786725856.592,617536.240836904,12,3.474,0,json:reported,55.76
119,1786725856.592,617536.240836904,13,3.493,0,json:reported,55.76
119,1786725856.592,617536.240836904,14,3.472,0,json:reported,55.76
119,1786725856.592,617536.240836904,15,3.481,0,json:reported,55.76
119,1786725856.592,617536.240836904,16,3.4819999999999993,1,json:calculated,55.76
120,1786725864.612,617537.252142238,1,3.496,0,json:reported,55.78
120,1786725864.612,617537.252142238,2,3.487,0,json:reported,55.78
120,1786725864.612,617537.252142238,3,3.507,0,json:reported,55.78
120,1786725864.612,617537.252142238,4,3.502,0,json:reported,55.78
120,1786725864.612,617537.252142238,5,3.504,0,json:reported,55.78
120,1786725864.612,617537.252142238,6,3.47,0,json:reported,55.78
120,1786725864.612,617537.252142238,7,3.521,0,json:reported,55.78
120,1786725864.612,617537.252142238,8,3.466,0,json:reported,55.78
120,1786725864.612,617537.252142238,9,3.492,0,json:reported,55.78
120,1786725864.612,617537.252142238,10,3.496,0,json:reported,55.78
120,1786725864.612,617537.252142238,11,3.426,0,json:reported,55.78
120,1786725864.612,617537.252142238,12,3.475,0,json:reported,55.78
120,1786725864.612,617537.252142238,13,3.494,0,json:reported,55.78
120,1786725864.612,617537.252142238,14,3.472,0,json:reported,55.78
120,1786725864.612,617537.252142238,15,3.482,0,json:reported,55.78
120,1786725864.612,617537.252142238,16,3.490000000000002,1,json:calculated,55.78
121,1786725864.612,617538.267364155,1,3.496,0,json:reported,55.78
121,1786725864.612,617538.267364155,2,3.487,0,json:reported,55.78
121,1786725864.612,617538.267364155,3,3.507,0,json:reported,55.78
121,1786725864.612,617538.267364155,4,3.502,0,json:reported,55.78
121,1786725864.612,617538.267364155,5,3.504,0,json:reported,55.78
121,1786725864.612,617538.267364155,6,3.47,0,json:reported,55.78
121,1786725864.612,617538.267364155,7,3.521,0,json:reported,55.78
121,1786725864.612,617538.267364155,8,3.466,0,json:reported,55.78
121,1786725864.612,617538.267364155,9,3.492,0,json:reported,55.78
121,1786725864.612,617538.267364155,10,3.496,0,json:reported,55.78
121,1786725864.612,617538.267364155,11,3.426,0,json:reported,55.78
121,1786725864.612,617538.267364155,12,3.475,0,json:reported,55.78
121,1786725864.612,617538.267364155,13,3.494,0,json:reported,55.78
121,1786725864.612,617538.267364155,14,3.472,0,json:reported,55.78
121,1786725864.612,617538.267364155,15,3.482,0,json:reported,55.78
121,1786725864.612,617538.267364155,16,3.490000000000002,1,json:calculated,55.78
122,1786725864.612,617539.296265989,1,3.496,0,json:reported,55.78
122,1786725864.612,617539.296265989,2,3.487,0,json:reported,55.78
122,1786725864.612,617539.296265989,3,3.507,0,json:reported,55.78
122,1786725864.612,617539.296265989,4,3.502,0,json:reported,55.78
122,1786725864.612,617539.296265989,5,3.504,0,json:reported,55.78
122,1786725864.612,617539.296265989,6,3.47,0,json:reported,55.78
122,1786725864.612,617539.296265989,7,3.521,0,json:reported,55.78
122,1786725864.612,617539.296265989,8,3.466,0,json:reported,55.78
122,1786725864.612,617539.296265989,9,3.492,0,json:reported,55.78
122,1786725864.612,617539.296265989,10,3.496,0,json:reported,55.78
122,1786725864.612,617539.296265989,11,3.426,0,json:reported,55.78
122,1786725864.612,617539.296265989,12,3.475,0,json:reported,55.78
122,1786725864.612,617539.296265989,13,3.494,0,json:reported,55.78
122,1786725864.612,617539.296265989,14,3.472,0,json:reported,55.78
122,1786725864.612,617539.296265989,15,3.482,0,json:reported,55.78
122,1786725864.612,617539.296265989,16,3.490000000000002,1,json:calculated,55.78
123,1786725864.612,617540.307016281,1,3.496,0,json:reported,55.78
123,1786725864.612,617540.307016281,2,3.487,0,json:reported,55.78
123,1786725864.612,617540.307016281,3,3.507,0,json:reported,55.78
123,1786725864.612,617540.307016281,4,3.502,0,json:reported,55.78
123,1786725864.612,617540.307016281,5,3.504,0,json:reported,55.78
123,1786725864.612,617540.307016281,6,3.47,0,json:reported,55.78
123,1786725864.612,617540.307016281,7,3.521,0,json:reported,55.78
123,1786725864.612,617540.307016281,8,3.466,0,json:reported,55.78
123,1786725864.612,617540.307016281,9,3.492,0,json:reported,55.78
123,1786725864.612,617540.307016281,10,3.496,0,json:reported,55.78
123,1786725864.612,617540.307016281,11,3.426,0,json:reported,55.78
123,1786725864.612,617540.307016281,12,3.475,0,json:reported,55.78
123,1786725864.612,617540.307016281,13,3.494,0,json:reported,55.78
123,1786725864.612,617540.307016281,14,3.472,0,json:reported,55.78
123,1786725864.612,617540.307016281,15,3.482,0,json:reported,55.78
123,1786725864.612,617540.307016281,16,3.490000000000002,1,json:calculated,55.78
124,1786725864.612,617541.331841031,1,3.496,0,json:reported,55.78
124,1786725864.612,617541.331841031,2,3.487,0,json:reported,55.78
124,1786725864.612,617541.331841031,3,3.507,0,json:reported,55.78
124,1786725864.612,617541.331841031,4,3.502,0,json:reported,55.78
124,1786725864.612,617541.331841031,5,3.504,0,json:reported,55.78
124,1786725864.612,617541.331841031,6,3.47,0,json:reported,55.78
124,1786725864.612,617541.331841031,7,3.521,0,json:reported,55.78
124,1786725864.612,617541.331841031,8,3.466,0,json:reported,55.78
124,1786725864.612,617541.331841031,9,3.492,0,json:reported,55.78
124,1786725864.612,617541.331841031,10,3.496,0,json:reported,55.78
124,1786725864.612,617541.331841031,11,3.426,0,json:reported,55.78
124,1786725864.612,617541.331841031,12,3.475,0,json:reported,55.78
124,1786725864.612,617541.331841031,13,3.494,0,json:reported,55.78
124,1786725864.612,617541.331841031,14,3.472,0,json:reported,55.78
124,1786725864.612,617541.331841031,15,3.482,0,json:reported,55.78
124,1786725864.612,617541.331841031,16,3.490000000000002,1,json:calculated,55.78
125,1786725864.612,617542.33758449,1,3.496,0,json:reported,55.78
125,1786725864.612,617542.33758449,2,3.487,0,json:reported,55.78
125,1786725864.612,617542.33758449,3,3.507,0,json:reported,55.78
125,1786725864.612,617542.33758449,4,3.502,0,json:reported,55.78
125,1786725864.612,617542.33758449,5,3.504,0,json:reported,55.78
125,1786725864.612,617542.33758449,6,3.47,0,json:reported,55.78
125,1786725864.612,617542.33758449,7,3.521,0,json:reported,55.78
125,1786725864.612,617542.33758449,8,3.466,0,json:reported,55.78
125,1786725864.612,617542.33758449,9,3.492,0,json:reported,55.78
125,1786725864.612,617542.33758449,10,3.496,0,json:reported,55.78
125,1786725864.612,617542.33758449,11,3.426,0,json:reported,55.78
125,1786725864.612,617542.33758449,12,3.475,0,json:reported,55.78
125,1786725864.612,617542.33758449,13,3.494,0,json:reported,55.78
125,1786725864.612,617542.33758449,14,3.472,0,json:reported,55.78
125,1786725864.612,617542.33758449,15,3.482,0,json:reported,55.78
125,1786725864.612,617542.33758449,16,3.490000000000002,1,json:calculated,55.78
126,1786725864.612,617543.347530491,1,3.496,0,json:reported,55.78
126,1786725864.612,617543.347530491,2,3.487,0,json:reported,55.78
126,1786725864.612,617543.347530491,3,3.507,0,json:reported,55.78
126,1786725864.612,617543.347530491,4,3.502,0,json:reported,55.78
126,1786725864.612,617543.347530491,5,3.504,0,json:reported,55.78
126,1786725864.612,617543.347530491,6,3.47,0,json:reported,55.78
126,1786725864.612,617543.347530491,7,3.521,0,json:reported,55.78
126,1786725864.612,617543.347530491,8,3.466,0,json:reported,55.78
126,1786725864.612,617543.347530491,9,3.492,0,json:reported,55.78
126,1786725864.612,617543.347530491,10,3.496,0,json:reported,55.78
126,1786725864.612,617543.347530491,11,3.426,0,json:reported,55.78
126,1786725864.612,617543.347530491,12,3.475,0,json:reported,55.78
126,1786725864.612,617543.347530491,13,3.494,0,json:reported,55.78
126,1786725864.612,617543.347530491,14,3.472,0,json:reported,55.78
126,1786725864.612,617543.347530491,15,3.482,0,json:reported,55.78
126,1786725864.612,617543.347530491,16,3.490000000000002,1,json:calculated,55.78
127,1786725872.598,617544.361188158,1,3.497,0,json:reported,55.78
127,1786725872.598,617544.361188158,2,3.487,0,json:reported,55.78
127,1786725872.598,617544.361188158,3,3.507,0,json:reported,55.78
127,1786725872.598,617544.361188158,4,3.503,0,json:reported,55.78
127,1786725872.598,617544.361188158,5,3.505,0,json:reported,55.78
127,1786725872.598,617544.361188158,6,3.47,0,json:reported,55.78
127,1786725872.598,617544.361188158,7,3.522,0,json:reported,55.78
127,1786725872.598,617544.361188158,8,3.466,0,json:reported,55.78
127,1786725872.598,617544.361188158,9,3.492,0,json:reported,55.78
127,1786725872.598,617544.361188158,10,3.496,0,json:reported,55.78
127,1786725872.598,617544.361188158,11,3.427,0,json:reported,55.78
127,1786725872.598,617544.361188158,12,3.476,0,json:reported,55.78
127,1786725872.598,617544.361188158,13,3.494,0,json:reported,55.78
127,1786725872.598,617544.361188158,14,3.473,0,json:reported,55.78
127,1786725872.598,617544.361188158,15,3.482,0,json:reported,55.78
127,1786725872.598,617544.361188158,16,3.483000000000004,1,json:calculated,55.78
128,1786725872.598,617545.366918825,1,3.497,0,json:reported,55.78
128,1786725872.598,617545.366918825,2,3.487,0,json:reported,55.78
128,1786725872.598,617545.366918825,3,3.507,0,json:reported,55.78
128,1786725872.598,617545.366918825,4,3.503,0,json:reported,55.78
128,1786725872.598,617545.366918825,5,3.505,0,json:reported,55.78
128,1786725872.598,617545.366918825,6,3.47,0,json:reported,55.78
128,1786725872.598,617545.366918825,7,3.522,0,json:reported,55.78
128,1786725872.598,617545.366918825,8,3.466,0,json:reported,55.78
128,1786725872.598,617545.366918825,9,3.492,0,json:reported,55.78
128,1786725872.598,617545.366918825,10,3.496,0,json:reported,55.78
128,1786725872.598,617545.366918825,11,3.427,0,json:reported,55.78
128,1786725872.598,617545.366918825,12,3.476,0,json:reported,55.78
128,1786725872.598,617545.366918825,13,3.494,0,json:reported,55.78
128,1786725872.598,617545.366918825,14,3.473,0,json:reported,55.78
128,1786725872.598,617545.366918825,15,3.482,0,json:reported,55.78
128,1786725872.598,617545.366918825,16,3.483000000000004,1,json:calculated,55.78
129,1786725872.598,617546.373734242,1,3.497,0,json:reported,55.78
129,1786725872.598,617546.373734242,2,3.487,0,json:reported,55.78
129,1786725872.598,617546.373734242,3,3.507,0,json:reported,55.78
129,1786725872.598,617546.373734242,4,3.503,0,json:reported,55.78
129,1786725872.598,617546.373734242,5,3.505,0,json:reported,55.78
129,1786725872.598,617546.373734242,6,3.47,0,json:reported,55.78
129,1786725872.598,617546.373734242,7,3.522,0,json:reported,55.78
129,1786725872.598,617546.373734242,8,3.466,0,json:reported,55.78
129,1786725872.598,617546.373734242,9,3.492,0,json:reported,55.78
129,1786725872.598,617546.373734242,10,3.496,0,json:reported,55.78
129,1786725872.598,617546.373734242,11,3.427,0,json:reported,55.78
129,1786725872.598,617546.373734242,12,3.476,0,json:reported,55.78
129,1786725872.598,617546.373734242,13,3.494,0,json:reported,55.78
129,1786725872.598,617546.373734242,14,3.473,0,json:reported,55.78
129,1786725872.598,617546.373734242,15,3.482,0,json:reported,55.78
129,1786725872.598,617546.373734242,16,3.483000000000004,1,json:calculated,55.78
130,1786725872.598,617547.386937243,1,3.497,0,json:reported,55.78
130,1786725872.598,617547.386937243,2,3.487,0,json:reported,55.78
130,1786725872.598,617547.386937243,3,3.507,0,json:reported,55.78
130,1786725872.598,617547.386937243,4,3.503,0,json:reported,55.78
130,1786725872.598,617547.386937243,5,3.505,0,json:reported,55.78
130,1786725872.598,617547.386937243,6,3.47,0,json:reported,55.78
130,1786725872.598,617547.386937243,7,3.522,0,json:reported,55.78
130,1786725872.598,617547.386937243,8,3.466,0,json:reported,55.78
130,1786725872.598,617547.386937243,9,3.492,0,json:reported,55.78
130,1786725872.598,617547.386937243,10,3.496,0,json:reported,55.78
130,1786725872.598,617547.386937243,11,3.427,0,json:reported,55.78
130,1786725872.598,617547.386937243,12,3.476,0,json:reported,55.78
130,1786725872.598,617547.386937243,13,3.494,0,json:reported,55.78
130,1786725872.598,617547.386937243,14,3.473,0,json:reported,55.78
130,1786725872.598,617547.386937243,15,3.482,0,json:reported,55.78
130,1786725872.598,617547.386937243,16,3.483000000000004,1,json:calculated,55.78
131,1786725872.598,617548.39333641,1,3.497,0,json:reported,55.78
131,1786725872.598,617548.39333641,2,3.487,0,json:reported,55.78
131,1786725872.598,617548.39333641,3,3.507,0,json:reported,55.78
131,1786725872.598,617548.39333641,4,3.503,0,json:reported,55.78
131,1786725872.598,617548.39333641,5,3.505,0,json:reported,55.78
131,1786725872.598,617548.39333641,6,3.47,0,json:reported,55.78
131,1786725872.598,617548.39333641,7,3.522,0,json:reported,55.78
131,1786725872.598,617548.39333641,8,3.466,0,json:reported,55.78
131,1786725872.598,617548.39333641,9,3.492,0,json:reported,55.78
131,1786725872.598,617548.39333641,10,3.496,0,json:reported,55.78
131,1786725872.598,617548.39333641,11,3.427,0,json:reported,55.78
131,1786725872.598,617548.39333641,12,3.476,0,json:reported,55.78
131,1786725872.598,617548.39333641,13,3.494,0,json:reported,55.78
131,1786725872.598,617548.39333641,14,3.473,0,json:reported,55.78
131,1786725872.598,617548.39333641,15,3.482,0,json:reported,55.78
131,1786725872.598,617548.39333641,16,3.483000000000004,1,json:calculated,55.78
132,1786725872.598,617549.400163827,1,3.497,0,json:reported,55.78
132,1786725872.598,617549.400163827,2,3.487,0,json:reported,55.78
132,1786725872.598,617549.400163827,3,3.507,0,json:reported,55.78
132,1786725872.598,617549.400163827,4,3.503,0,json:reported,55.78
132,1786725872.598,617549.400163827,5,3.505,0,json:reported,55.78
132,1786725872.598,617549.400163827,6,3.47,0,json:reported,55.78
132,1786725872.598,617549.400163827,7,3.522,0,json:reported,55.78
132,1786725872.598,617549.400163827,8,3.466,0,json:reported,55.78
132,1786725872.598,617549.400163827,9,3.492,0,json:reported,55.78
132,1786725872.598,617549.400163827,10,3.496,0,json:reported,55.78
132,1786725872.598,617549.400163827,11,3.427,0,json:reported,55.78
132,1786725872.598,617549.400163827,12,3.476,0,json:reported,55.78
132,1786725872.598,617549.400163827,13,3.494,0,json:reported,55.78
132,1786725872.598,617549.400163827,14,3.473,0,json:reported,55.78
132,1786725872.598,617549.400163827,15,3.482,0,json:reported,55.78
132,1786725872.598,617549.400163827,16,3.483000000000004,1,json:calculated,55.78
133,1786725872.598,617550.410892952,1,3.497,0,json:reported,55.78
133,1786725872.598,617550.410892952,2,3.487,0,json:reported,55.78
133,1786725872.598,617550.410892952,3,3.507,0,json:reported,55.78
133,1786725872.598,617550.410892952,4,3.503,0,json:reported,55.78
133,1786725872.598,617550.410892952,5,3.505,0,json:reported,55.78
133,1786725872.598,617550.410892952,6,3.47,0,json:reported,55.78
133,1786725872.598,617550.410892952,7,3.522,0,json:reported,55.78
133,1786725872.598,617550.410892952,8,3.466,0,json:reported,55.78
133,1786725872.598,617550.410892952,9,3.492,0,json:reported,55.78
133,1786725872.598,617550.410892952,10,3.496,0,json:reported,55.78
133,1786725872.598,617550.410892952,11,3.427,0,json:reported,55.78
133,1786725872.598,617550.410892952,12,3.476,0,json:reported,55.78
133,1786725872.598,617550.410892952,13,3.494,0,json:reported,55.78
133,1786725872.598,617550.410892952,14,3.473,0,json:reported,55.78
133,1786725872.598,617550.410892952,15,3.482,0,json:reported,55.78
133,1786725872.598,617550.410892952,16,3.483000000000004,1,json:calculated,55.78
134,1786725872.598,617551.41789512,1,3.497,0,json:reported,55.78
134,1786725872.598,617551.41789512,2,3.487,0,json:reported,55.78
134,1786725872.598,617551.41789512,3,3.507,0,json:reported,55.78
134,1786725872.598,617551.41789512,4,3.503,0,json:reported,55.78
134,1786725872.598,617551.41789512,5,3.505,0,json:reported,55.78
134,1786725872.598,617551.41789512,6,3.47,0,json:reported,55.78
134,1786725872.598,617551.41789512,7,3.522,0,json:reported,55.78
134,1786725872.598,617551.41789512,8,3.466,0,json:reported,55.78
134,1786725872.598,617551.41789512,9,3.492,0,json:reported,55.78
134,1786725872.598,617551.41789512,10,3.496,0,json:reported,55.78
134,1786725872.598,617551.41789512,11,3.427,0,json:reported,55.78
134,1786725872.598,617551.41789512,12,3.476,0,json:reported,55.78
134,1786725872.598,617551.41789512,13,3.494,0,json:reported,55.78
134,1786725872.598,617551.41789512,14,3.473,0,json:reported,55.78
134,1786725872.598,617551.41789512,15,3.482,0,json:reported,55.78
134,1786725872.598,617551.41789512,16,3.483000000000004,1,json:calculated,55.78
135,1786725872.598,617552.42607912,1,3.497,0,json:reported,55.78
135,1786725872.598,617552.42607912,2,3.487,0,json:reported,55.78
135,1786725872.598,617552.42607912,3,3.507,0,json:reported,55.78
135,1786725872.598,617552.42607912,4,3.503,0,json:reported,55.78
135,1786725872.598,617552.42607912,5,3.505,0,json:reported,55.78
135,1786725872.598,617552.42607912,6,3.47,0,json:reported,55.78
135,1786725872.598,617552.42607912,7,3.522,0,json:reported,55.78
135,1786725872.598,617552.42607912,8,3.466,0,json:reported,55.78
135,1786725872.598,617552.42607912,9,3.492,0,json:reported,55.78
135,1786725872.598,617552.42607912,10,3.496,0,json:reported,55.78
135,1786725872.598,617552.42607912,11,3.427,0,json:reported,55.78
135,1786725872.598,617552.42607912,12,3.476,0,json:reported,55.78
135,1786725872.598,617552.42607912,13,3.494,0,json:reported,55.78
135,1786725872.598,617552.42607912,14,3.473,0,json:reported,55.78
135,1786725872.598,617552.42607912,15,3.482,0,json:reported,55.78
135,1786725872.598,617552.42607912,16,3.483000000000004,1,json:calculated,55.78
136,1786725880.744,617553.446040912,1,3.498,0,json:reported,55.8
136,1786725880.744,617553.446040912,2,3.488,0,json:reported,55.8
136,1786725880.744,617553.446040912,3,3.508,0,json:reported,55.8
136,1786725880.744,617553.446040912,4,3.503,0,json:reported,55.8
136,1786725880.744,617553.446040912,5,3.505,0,json:reported,55.8
136,1786725880.744,617553.446040912,6,3.471,0,json:reported,55.8
136,1786725880.744,617553.446040912,7,3.523,0,json:reported,55.8
136,1786725880.744,617553.446040912,8,3.467,0,json:reported,55.8
136,1786725880.744,617553.446040912,9,3.493,0,json:reported,55.8
136,1786725880.744,617553.446040912,10,3.497,0,json:reported,55.8
136,1786725880.744,617553.446040912,11,3.427,0,json:reported,55.8
136,1786725880.744,617553.446040912,12,3.476,0,json:reported,55.8
136,1786725880.744,617553.446040912,13,3.495,0,json:reported,55.8
136,1786725880.744,617553.446040912,14,3.474,0,json:reported,55.8
136,1786725880.744,617553.446040912,15,3.483,0,json:reported,55.8
136,1786725880.744,617553.446040912,16,3.4919999999999973,1,json:calculated,55.8
137,1786725880.744,617554.468304204,1,3.498,0,json:reported,55.8
137,1786725880.744,617554.468304204,2,3.488,0,json:reported,55.8
137,1786725880.744,617554.468304204,3,3.508,0,json:reported,55.8
137,1786725880.744,617554.468304204,4,3.503,0,json:reported,55.8
137,1786725880.744,617554.468304204,5,3.505,0,json:reported,55.8
137,1786725880.744,617554.468304204,6,3.471,0,json:reported,55.8
137,1786725880.744,617554.468304204,7,3.523,0,json:reported,55.8
137,1786725880.744,617554.468304204,8,3.467,0,json:reported,55.8
137,1786725880.744,617554.468304204,9,3.493,0,json:reported,55.8
137,1786725880.744,617554.468304204,10,3.497,0,json:reported,55.8
137,1786725880.744,617554.468304204,11,3.427,0,json:reported,55.8
137,1786725880.744,617554.468304204,12,3.476,0,json:reported,55.8
137,1786725880.744,617554.468304204,13,3.495,0,json:reported,55.8
137,1786725880.744,617554.468304204,14,3.474,0,json:reported,55.8
137,1786725880.744,617554.468304204,15,3.483,0,json:reported,55.8
137,1786725880.744,617554.468304204,16,3.4919999999999973,1,json:calculated,55.8
138,1786725880.744,617555.476729038,1,3.498,0,json:reported,55.8
138,1786725880.744,617555.476729038,2,3.488,0,json:reported,55.8
138,1786725880.744,617555.476729038,3,3.508,0,json:reported,55.8
138,1786725880.744,617555.476729038,4,3.503,0,json:reported,55.8
138,1786725880.744,617555.476729038,5,3.505,0,json:reported,55.8
138,1786725880.744,617555.476729038,6,3.471,0,json:reported,55.8
138,1786725880.744,617555.476729038,7,3.523,0,json:reported,55.8
138,1786725880.744,617555.476729038,8,3.467,0,json:reported,55.8
138,1786725880.744,617555.476729038,9,3.493,0,json:reported,55.8
138,1786725880.744,617555.476729038,10,3.497,0,json:reported,55.8
138,1786725880.744,617555.476729038,11,3.427,0,json:reported,55.8
138,1786725880.744,617555.476729038,12,3.476,0,json:reported,55.8
138,1786725880.744,617555.476729038,13,3.495,0,json:reported,55.8
138,1786725880.744,617555.476729038,14,3.474,0,json:reported,55.8
138,1786725880.744,617555.476729038,15,3.483,0,json:reported,55.8
138,1786725880.744,617555.476729038,16,3.4919999999999973,1,json:calculated,55.8
139,1786725880.744,617556.496435414,1,3.498,0,json:reported,55.8
139,1786725880.744,617556.496435414,2,3.488,0,json:reported,55.8
139,1786725880.744,617556.496435414,3,3.508,0,json:reported,55.8
139,1786725880.744,617556.496435414,4,3.503,0,json:reported,55.8
139,1786725880.744,617556.496435414,5,3.505,0,json:reported,55.8
139,1786725880.744,617556.496435414,6,3.471,0,json:reported,55.8
139,1786725880.744,617556.496435414,7,3.523,0,json:reported,55.8
139,1786725880.744,617556.496435414,8,3.467,0,json:reported,55.8
139,1786725880.744,617556.496435414,9,3.493,0,json:reported,55.8
139,1786725880.744,617556.496435414,10,3.497,0,json:reported,55.8
139,1786725880.744,617556.496435414,11,3.427,0,json:reported,55.8
139,1786725880.744,617556.496435414,12,3.476,0,json:reported,55.8
139,1786725880.744,617556.496435414,13,3.495,0,json:reported,55.8
139,1786725880.744,617556.496435414,14,3.474,0,json:reported,55.8
139,1786725880.744,617556.496435414,15,3.483,0,json:reported,55.8
139,1786725880.744,617556.496435414,16,3.4919999999999973,1,json:calculated,55.8
140,1786725880.744,617557.506757997,1,3.498,0,json:reported,55.8
140,1786725880.744,617557.506757997,2,3.488,0,json:reported,55.8
140,1786725880.744,617557.506757997,3,3.508,0,json:reported,55.8
140,1786725880.744,617557.506757997,4,3.503,0,json:reported,55.8
140,1786725880.744,617557.506757997,5,3.505,0,json:reported,55.8
140,1786725880.744,617557.506757997,6,3.471,0,json:reported,55.8
140,1786725880.744,617557.506757997,7,3.523,0,json:reported,55.8
140,1786725880.744,617557.506757997,8,3.467,0,json:reported,55.8
140,1786725880.744,617557.506757997,9,3.493,0,json:reported,55.8
140,1786725880.744,617557.506757997,10,3.497,0,json:reported,55.8
140,1786725880.744,617557.506757997,11,3.427,0,json:reported,55.8
140,1786725880.744,617557.506757997,12,3.476,0,json:reported,55.8
140,1786725880.744,617557.506757997,13,3.495,0,json:reported,55.8
140,1786725880.744,617557.506757997,14,3.474,0,json:reported,55.8
140,1786725880.744,617557.506757997,15,3.483,0,json:reported,55.8
140,1786725880.744,617557.506757997,16,3.4919999999999973,1,json:calculated,55.8
141,1786725880.744,617558.515767165,1,3.498,0,json:reported,55.8
141,1786725880.744,617558.515767165,2,3.488,0,json:reported,55.8
141,1786725880.744,617558.515767165,3,3.508,0,json:reported,55.8
141,1786725880.744,617558.515767165,4,3.503,0,json:reported,55.8
141,1786725880.744,617558.515767165,5,3.505,0,json:reported,55.8
141,1786725880.744,617558.515767165,6,3.471,0,json:reported,55.8
141,1786725880.744,617558.515767165,7,3.523,0,json:reported,55.8
141,1786725880.744,617558.515767165,8,3.467,0,json:reported,55.8
141,1786725880.744,617558.515767165,9,3.493,0,json:reported,55.8
141,1786725880.744,617558.515767165,10,3.497,0,json:reported,55.8
141,1786725880.744,617558.515767165,11,3.427,0,json:reported,55.8
141,1786725880.744,617558.515767165,12,3.476,0,json:reported,55.8
141,1786725880.744,617558.515767165,13,3.495,0,json:reported,55.8
141,1786725880.744,617558.515767165,14,3.474,0,json:reported,55.8
141,1786725880.744,617558.515767165,15,3.483,0,json:reported,55.8
141,1786725880.744,617558.515767165,16,3.4919999999999973,1,json:calculated,55.8
