seq,wall_ts,mono_ts,can_id,is_extended,is_remote,is_error,is_local,direction,dlc,data_hex,interface
1,1786725744.263786,617415.678896888,858,0,0,0,0,BUS_RX,8,0000000000000000,can1
2,1786725744.275581,617415.690690388,860,0,0,0,0,BUS_RX,8,C000000000000000,can1
3,1786725744.2927527,617415.707865388,862,0,0,0,0,BUS_RX,8,44594E4553532D4C,can1
4,1786725744.3372366,617415.752348596,863,0,0,0,0,BUS_RX,8,2BA4EB0E2A020000,can1
5,1786725744.3902676,617415.80537993,880,0,0,0,0,BUS_RX,8,44594E4553532D4C,can1
6,1786725744.3913863,617415.806494763,1023,0,0,0,0,BUS_RX,8,630F980000000001,can1
7,1786725744.439332,617415.854445805,881,0,0,0,0,BUS_RX,8,2042415454455259,can1
8,1786725744.4941618,617415.909310097,781,0,0,0,0,BUS_RX,8,640005001E013002,can1
9,1786725744.6358457,617416.050959263,1023,0,0,0,0,BUS_RX,8,630F970000000001,can1
10,1786725744.6635847,617416.07869718,773,0,0,0,1,CERBO_TX,8,0000000000000000,can1
11,1786725744.6646626,617416.07976968,775,0,0,0,1,CERBO_TX,8,1234567856494300,can1
12,1786725744.885916,617416.301024722,1023,0,0,0,0,BUS_RX,8,630F970000000001,can1
13,1786725744.9357831,617416.350895097,783,0,0,0,0,BUS_RX,8,0000000000000000,can1
14,1786725744.9862206,617416.40133218,849,0,0,0,0,BUS_RX,8,35026004880FE001,can1
15,1786725745.0358443,617416.450958513,853,0,0,0,0,BUS_RX,8,6300640000000000,can1
16,1786725745.0905707,617416.505682972,854,0,0,0,0,BUS_RX,8,64151300F0000000,can1
17,1786725745.138359,617416.55347143,857,0,0,0,0,BUS_RX,8,0000000002000000,can1
18,1786725745.1393557,617416.554461889,1023,0,0,0,0,BUS_RX,8,630F960000000001,can1
19,1786725745.1870322,617416.602145014,858,0,0,0,0,BUS_RX,8,0000000000000000,can1
20,1786725745.242744,617416.657856014,860,0,0,0,0,BUS_RX,8,C000000000000000,can1
21,1786725745.2870533,617416.702166139,862,0,0,0,0,BUS_RX,8,44594E4553532D4C,can1
22,1786725745.3355896,617416.750701889,863,0,0,0,0,BUS_RX,8,2BA4EB0E2A020000,can1
23,1786725745.3862581,617416.801371014,880,0,0,0,0,BUS_RX,8,44594E4553532D4C,can1
24,1786725745.390029,617416.805138639,1023,0,0,0,0,BUS_RX,8,630F970000000001,can1
25,1786725745.44216,617416.85727243,881,0,0,0,0,BUS_RX,8,2042415454455259,can1
26,1786725745.4876733,617416.902785764,781,0,0,0,0,BUS_RX,8,640005001E013002,can1
27,1786725745.6357317,617417.050845139,1023,0,0,0,0,BUS_RX,8,630F960000000001,can1
28,1786725745.6628432,617417.077955347,773,0,0,0,1,CERBO_TX,8,0000000000000000,can1
29,1786725745.663875,617417.07898393,775,0,0,0,1,CERBO_TX,8,1234567856494300,can1
30,1786725745.885756,617417.300881847,1023,0,0,0,0,BUS_RX,8,630F960000000001,can1
31,1786725745.9363,617417.351414014,783,0,0,0,0,BUS_RX,8,0000000000000000,can1
32,1786725745.9873056,617417.402417097,849,0,0,0,0,BUS_RX,8,35026004880FE001,can1
33,1786725746.035768,617417.450882389,853,0,0,0,0,BUS_RX,8,6300640000000000,can1
34,1786725746.0855682,617417.500680597,854,0,0,0,0,BUS_RX,8,64151400F0000000,can1
35,1786725746.1355426,617417.550655306,857,0,0,0,0,BUS_RX,8,0000000002000000,can1
36,1786725746.1367521,617417.551858472,1023,0,0,0,0,BUS_RX,8,630F960000000001,can1
37,1786725746.1855395,617417.600651764,858,0,0,0,0,BUS_RX,8,0000000000000000,can1
38,1786725746.2370386,617417.652150639,860,0,0,0,0,BUS_RX,8,C000000000000000,can1
39,1786725746.2855132,617417.700625472,862,0,0,0,0,BUS_RX,8,44594E4553532D4C,can1
40,1786725746.336504,617417.751618056,863,0,0,0,0,BUS_RX,8,2BA4EB0E2A020000,can1
41,1786725746.3857133,617417.800825556,880,0,0,0,0,BUS_RX,8,44594E4553532D4C,can1
42,1786725746.3866656,617417.801772431,1023,0,0,0,0,BUS_RX,8,630F970000000001,can1
43,1786725746.4364364,617417.851549847,881,0,0,0,0,BUS_RX,8,2042415454455259,can1
44,1786725746.485557,617417.900669639,781,0,0,0,0,BUS_RX,8,640005001E013002,can1
45,1786725746.6355999,617418.050711973,1023,0,0,0,0,BUS_RX,8,630F970000000001,can1
46,1786725746.6637506,617418.078862514,773,0,0,0,1,CERBO_TX,8,0000000000000000,can1
47,1786725746.6650114,617418.080120306,775,0,0,0,1,CERBO_TX,8,1234567856494300,can1
48,1786725746.8884175,617418.303529764,1023,0,0,0,0,BUS_RX,8,630F960000000001,can1
49,1786725746.9359682,617418.351080139,783,0,0,0,0,BUS_RX,8,0000000000000000,can1
50,1786725746.985992,617418.401104014,849,0,0,0,0,BUS_RX,8,35026004880FE001,can1
51,1786725747.0362456,617418.451357639,853,0,0,0,0,BUS_RX,8,6300640000000000,can1
52,1786725747.086172,617418.501285389,854,0,0,0,0,BUS_RX,8,64151200F0000000,can1
53,1786725747.1357667,617418.550879389,857,0,0,0,0,BUS_RX,8,0000000002000000,can1
54,1786725747.1368964,617418.552003556,1023,0,0,0,0,BUS_RX,8,630F970000000001,can1
55,1786725747.1855946,617418.600708223,858,0,0,0,0,BUS_RX,8,0000000000000000,can1
56,1786725747.2407417,617418.655852681,860,0,0,0,0,BUS_RX,8,C000000000000000,can1
57,1786725747.285505,617418.700617265,862,0,0,0,0,BUS_RX,8,44594E4553532D4C,can1
58,1786725747.335546,617418.750658348,863,0,0,0,0,BUS_RX,8,2BA4EB0E2A020000,can1
59,1786725747.3876288,617418.802744723,880,0,0,0,0,BUS_RX,8,44594E4553532D4C,can1
60,1786725747.3887455,617418.803852723,1023,0,0,0,0,BUS_RX,8,630F9B0000000001,can1
61,1786725747.4356012,617418.850713848,881,0,0,0,0,BUS_RX,8,2042415454455259,can1
62,1786725747.4856138,617418.900723556,781,0,0,0,0,BUS_RX,8,640005001E013002,can1
63,1786725747.636861,617419.051971348,1023,0,0,0,0,BUS_RX,8,630F9B0000000001,can1
64,1786725747.6617627,617419.076874931,773,0,0,0,1,CERBO_TX,8,0000000000000000,can1
65,1786725747.6627257,617419.07783414,775,0,0,0,1,CERBO_TX,8,1234567856494300,can1
66,1786725747.8856833,617419.30079589,1023,0,0,0,0,BUS_RX,8,630F990000000001,can1
67,1786725747.9354527,617419.350564265,783,0,0,0,0,BUS_RX,8,0000000000000000,can1
68,1786725747.9855537,617419.400666098,849,0,0,0,0,BUS_RX,8,35026004880FE001,can1
69,1786725748.035487,617419.450599932,853,0,0,0,0,BUS_RX,8,6300640000000000,can1
70,1786725748.0868485,617419.501979598,854,0,0,0,0,BUS_RX,8,64150B00F0000000,can1
71,1786725748.135698,617419.550815973,857,0,0,0,0,BUS_RX,8,0000000002000000,can1
72,1786725748.138188,617419.553300848,1023,0,0,0,0,BUS_RX,8,630F970000000001,can1
73,1786725748.1855,617419.600612932,858,0,0,0,0,BUS_RX,8,0000000000000000,can1
74,1786725748.2355344,617419.650646557,860,0,0,0,0,BUS_RX,8,C000000000000000,can1
75,1786725748.2856348,617419.700747265,862,0,0,0,0,BUS_RX,8,44594E4553532D4C,can1
76,1786725748.335422,617419.75053489,863,0,0,0,0,BUS_RX,8,2BA4EB0E2A020000,can1
77,1786725748.385641,617419.800753723,880,0,0,0,0,BUS_RX,8,44594E4553532D4C,can1
78,1786725748.3865933,617419.80169989,1023,0,0,0,0,BUS_RX,8,630F970000000001,can1
79,1786725748.435406,617419.850518057,881,0,0,0,0,BUS_RX,8,2042415454455259,can1
80,1786725748.485379,617419.900491182,781,0,0,0,0,BUS_RX,8,640005001E013002,can1
81,1786725748.6354065,617420.05051714,1023,0,0,0,0,BUS_RX,8,630F970000000001,can1
82,1786725748.660882,617420.07599514,773,0,0,0,1,CERBO_TX,8,0000000000000000,can1
83,1786725748.661964,617420.077071932,775,0,0,0,1,CERBO_TX,8,1234567856494300,can1
84,1786725748.886496,617420.301609099,1023,0,0,0,0,BUS_RX,8,630F970000000001,can1
85,1786725748.940768,617420.35588189,783,0,0,0,0,BUS_RX,8,0000000000000000,can1
86,1786725748.9855292,617420.400641307,849,0,0,0,0,BUS_RX,8,35026004880FE001,can1
87,1786725749.03551,617420.450623099,853,0,0,0,0,BUS_RX,8,6300640000000000,can1
88,1786725749.0953808,617420.51049364,854,0,0,0,0,BUS_RX,8,64151200F0000000,can1
89,1786725749.1356657,617420.550778474,857,0,0,0,0,BUS_RX,8,0000000002000000,can1
90,1786725749.1367066,617420.551813932,1023,0,0,0,0,BUS_RX,8,630F980000000001,can1
91,1786725749.1857514,617420.60086439,858,0,0,0,0,BUS_RX,8,0000000000000000,can1
92,1786725749.2355218,617420.650634557,860,0,0,0,0,BUS_RX,8,C000000000000000,can1
93,1786725749.2854042,617420.700516266,862,0,0,0,0,BUS_RX,8,44594E4553532D4C,can1
94,1786725749.3353865,617420.750499016,863,0,0,0,0,BUS_RX,8,2BA4EB0E2A020000,can1
95,1786725749.387748,617420.802861516,880,0,0,0,0,BUS_RX,8,44594E4553532D4C,can1
96,1786725749.3888745,617420.803982807,1023,0,0,0,0,BUS_RX,8,630F9C0000000001,can1
97,1786725749.4354646,617420.850576641,881,0,0,0,0,BUS_RX,8,2042415454455259,can1
98,1786725749.4853814,617420.900493099,781,0,0,0,0,BUS_RX,8,640005001E013002,can1
99,1786725749.635369,617421.050479349,1023,0,0,0,0,BUS_RX,8,630F970000000001,can1
100,1786725749.660214,617421.075326099,773,0,0,0,1,CERBO_TX,8,0000000000000000,can1
101,1786725749.6680346,617421.083143807,775,0,0,0,1,CERBO_TX,8,1234567856494300,can1
102,1786725749.8853986,617421.300511099,1023,0,0,0,0,BUS_RX,8,630F970000000001,can1
103,1786725749.9358304,617421.350941807,783,0,0,0,0,BUS_RX,8,0000000000000000,can1
104,1786725749.985357,617421.400468724,849,0,0,0,0,BUS_RX,8,35026004880FE001,can1
105,1786725750.0353506,617421.450460433,853,0,0,0,0,BUS_RX,8,6300640000000000,can1
106,1786725750.0852923,617421.500403016,854,0,0,0,0,BUS_RX,8,64151300F0000000,can1
107,1786725750.1356003,617421.550714558,857,0,0,0,0,BUS_RX,8,0000000002000000,can1
108,1786725750.1368308,617421.551938266,1023,0,0,0,0,BUS_RX,8,630F970000000001,can1
109,1786725750.1854374,617421.600550474,858,0,0,0,0,BUS_RX,8,0000000000000000,can1
110,1786725750.2353487,617421.650458099,860,0,0,0,0,BUS_RX,8,C000000000000000,can1
111,1786725750.2853577,617421.700469183,862,0,0,0,0,BUS_RX,8,44594E4553532D4C,can1
112,1786725750.3353882,617421.750499808,863,0,0,0,0,BUS_RX,8,2BA4EB0E2A020000,can1
113,1786725750.385574,617421.800687766,880,0,0,0,0,BUS_RX,8,44594E4553532D4C,can1
114,1786725750.3867085,617421.801815058,1023,0,0,0,0,BUS_RX,8,630F980000000001,can1
115,1786725750.435558,617421.850669641,881,0,0,0,0,BUS_RX,8,2042415454455259,can1
116,1786725750.4853294,617421.900441974,781,0,0,0,0,BUS_RX,8,640005001E013002,can1
117,1786725750.635694,617422.050800891,1023,0,0,0,0,BUS_RX,8,630F970000000001,can1
118,1786725750.660773,617422.075885433,773,0,0,0,1,CERBO_TX,8,0000000000000000,can1
119,1786725750.6648903,617422.079997475,775,0,0,0,1,CERBO_TX,8,1234567856494300,can1
120,1786725750.8855386,617422.300651141,1023,0,0,0,0,BUS_RX,8,630F970000000001,can1
121,1786725750.9355695,617422.350682683,783,0,0,0,0,BUS_RX,8,0000000000000000,can1
122,1786725750.9854903,617422.400603308,849,0,0,0,0,BUS_RX,8,35026004880FE001,can1
123,1786725751.0355413,617422.450654058,853,0,0,0,0,BUS_RX,8,6300640000000000,can1
124,1786725751.089564,617422.504676933,854,0,0,0,0,BUS_RX,8,64151100F0000000,can1
125,1786725751.1357,617422.5508131,857,0,0,0,0,BUS_RX,8,0000000002000000,can1
126,1786725751.1371377,617422.5522491,1023,0,0,0,0,BUS_RX,8,630F970000000001,can1
127,1786725751.1854055,617422.600518558,858,0,0,0,0,BUS_RX,8,0000000000000000,can1
128,1786725751.2407384,617422.655851183,860,0,0,0,0,BUS_RX,8,C000000000000000,can1
129,1786725751.2942183,617422.709330266,862,0,0,0,0,BUS_RX,8,44594E4553532D4C,can1
130,1786725751.3357384,617422.750850641,863,0,0,0,0,BUS_RX,8,2BA4EB0E2A020000,can1
131,1786725751.3898706,617422.804990892,880,0,0,0,0,BUS_RX,8,44594E4553532D4C,can1
132,1786725751.3909714,617422.806077892,1023,0,0,0,0,BUS_RX,8,630F980000000001,can1
133,1786725751.4355943,617422.8507071,881,0,0,0,0,BUS_RX,8,2042415454455259,can1
134,1786725751.4906037,617422.905715558,781,0,0,0,0,BUS_RX,8,640005001E013002,can1
135,1786725751.635567,617423.05067935,1023,0,0,0,0,BUS_RX,8,630F960000000001,can1
136,1786725751.6634436,617423.078555975,773,0,0,0,1,CERBO_TX,8,0000000000000000,can1
137,1786725751.6644752,617423.079582433,775,0,0,0,1,CERBO_TX,8,1234567856494300,can1
138,1786725751.8886633,617423.303775725,1023,0,0,0,0,BUS_RX,8,630F960000000001,can1
139,1786725751.9358928,617423.351004767,783,0,0,0,0,BUS_RX,8,0000000000000000,can1
140,1786725751.9857178,617423.400852808,849,0,0,0,0,BUS_RX,8,35026004880FE001,can1
141,1786725752.035416,617423.4505286,853,0,0,0,0,BUS_RX,8,6300640000000000,can1
142,1786725752.0854282,617423.500540809,854,0,0,0,0,BUS_RX,8,64151200F0000000,can1
143,1786725752.135447,617423.550559642,857,0,0,0,0,BUS_RX,8,0000000002000000,can1
144,1786725752.1365633,617423.5516726,1023,0,0,0,0,BUS_RX,8,630F960000000001,can1
145,1786725752.1854615,617423.600574767,858,0,0,0,0,BUS_RX,8,0000000000000000,can1
146,1786725752.2372258,617423.652337142,860,0,0,0,0,BUS_RX,8,C000000000000000,can1
147,1786725752.28564,617423.700757934,862,0,0,0,0,BUS_RX,8,44594E4553532D4C,can1
148,1786725752.3357224,617423.751220309,863,0,0,0,0,BUS_RX,8,2BA4EB0E2A020000,can1
149,1786725752.385413,617423.800525475,880,0,0,0,0,BUS_RX,8,44594E4553532D4C,can1
150,1786725752.386362,617423.801468225,1023,0,0,0,0,BUS_RX,8,630F960000000001,can1
151,1786725752.4353743,617423.85048585,881,0,0,0,0,BUS_RX,8,2042415454455259,can1
152,1786725752.4886298,617423.903741934,781,0,0,0,0,BUS_RX,8,640005001E013002,can1
153,1786725752.6458938,617424.061005767,1023,0,0,0,0,BUS_RX,8,630F970000000001,can1
154,1786725752.6591034,617424.0742166,773,0,0,0,1,CERBO_TX,8,0000000000000000,can1
155,1786725752.6601863,617424.075294267,775,0,0,0,1,CERBO_TX,8,1234567856494300,can1
156,1786725752.886302,617424.301414517,1023,0,0,0,0,BUS_RX,8,630F960000000001,can1
157,1786725752.9361537,617424.351266351,783,0,0,0,0,BUS_RX,8,0000000000000000,can1
158,1786725752.9855833,617424.400697851,849,0,0,0,0,BUS_RX,8,35026004880FE001,can1
159,1786725753.0354807,617424.450593642,853,0,0,0,0,BUS_RX,8,6300640000000000,can1
160,1786725753.0856912,617424.500802851,854,0,0,0,0,BUS_RX,8,64151200F0000000,can1
161,1786725753.140116,617424.555228309,857,0,0,0,0,BUS_RX,8,0000000002000000,can1
162,1786725753.141204,617424.556313601,1023,0,0,0,0,BUS_RX,8,630F970000000001,can1
163,1786725753.185462,617424.600574684,858,0,0,0,0,BUS_RX,8,0000000000000000,can1
164,1786725753.2353547,617424.650486101,860,0,0,0,0,BUS_RX,8,C000000000000000,can1
165,1786725753.2853262,617424.700437601,862,0,0,0,0,BUS_RX,8,44594E4553532D4C,can1
166,1786725753.3353317,617424.750444517,863,0,0,0,0,BUS_RX,8,2BA4EB0E2A020000,can1
167,1786725753.385553,617424.800665642,880,0,0,0,0,BUS_RX,8,44594E4553532D4C,can1
168,1786725753.3869898,617424.802100434,1023,0,0,0,0,BUS_RX,8,630F980000000001,can1
169,1786725753.4354122,617424.850525184,881,0,0,0,0,BUS_RX,8,2042415454455259,can1
170,1786725753.485302,617424.900414143,781,0,0,0,0,BUS_RX,8,640005001E013002,can1
171,1786725753.6371753,617425.052287393,1023,0,0,0,0,BUS_RX,8,630F960000000001,can1
172,1786725753.667905,617425.083017018,773,0,0,0,1,CERBO_TX,8,0000000000000000,can1
173,1786725753.668899,617425.084005976,775,0,0,0,1,CERBO_TX,8,1234567856494300,can1
174,1786725753.886306,617425.301417976,1023,0,0,0,0,BUS_RX,8,630F960000000001,can1
175,1786725753.937761,617425.352874143,783,0,0,0,0,BUS_RX,8,0000000000000000,can1
176,1786725753.9868581,617425.401972226,849,0,0,0,0,BUS_RX,8,35026004880FE001,can1
177,1786725754.0354621,617425.450574351,853,0,0,0,0,BUS_RX,8,6300640000000000,can1
178,1786725754.0867746,617425.501886434,854,0,0,0,0,BUS_RX,8,65151300F0000000,can1
179,1786725754.135382,617425.550496018,857,0,0,0,0,BUS_RX,8,0000000002000000,can1
180,1786725754.1367304,617425.551844726,1023,0,0,0,0,BUS_RX,8,630F960000000001,can1
181,1786725754.1854017,617425.600514601,858,0,0,0,0,BUS_RX,8,0000000000000000,can1
182,1786725754.235292,617425.650404768,860,0,0,0,0,BUS_RX,8,C000000000000000,can1
183,1786725754.285398,617425.700511393,862,0,0,0,0,BUS_RX,8,44594E4553532D4C,can1
184,1786725754.335579,617425.750689768,863,0,0,0,0,BUS_RX,8,2BA4EB0E2A020000,can1
185,1786725754.3854053,617425.800517685,880,0,0,0,0,BUS_RX,8,44594E4553532D4C,can1
186,1786725754.3865905,617425.801697935,1023,0,0,0,0,BUS_RX,8,630F960000000001,can1
187,1786725754.4357598,617425.850873393,881,0,0,0,0,BUS_RX,8,2042415454455259,can1
188,1786725754.485647,617425.90076031,781,0,0,0,0,BUS_RX,8,640005001E013002,can1
189,1786725754.635759,617426.050875393,1023,0,0,0,0,BUS_RX,8,630F970000000001,can1
190,1786725754.6603692,617426.075481768,773,0,0,0,1,CERBO_TX,8,0000000000000000,can1
191,1786725754.661537,617426.076645935,775,0,0,0,1,CERBO_TX,8,1234567856494300,can1
192,1786725754.8855643,617426.300676227,1023,0,0,0,0,BUS_RX,8,630F970000000001,can1
193,1786725754.9353147,617426.350426227,783,0,0,0,0,BUS_RX,8,0000000000000000,can1
194,1786725754.9852898,617426.400401477,849,0,0,0,0,BUS_RX,8,35026004880FE001,can1
195,1786725755.038854,617426.453967185,853,0,0,0,0,BUS_RX,8,6300640000000000,can1
196,1786725755.085455,617426.50056781,854,0,0,0,0,BUS_RX,8,64151100F0000000,can1
197,1786725755.135984,617426.551096393,857,0,0,0,0,BUS_RX,8,0000000002000000,can1
198,1786725755.138099,617426.553207768,1023,0,0,0,0,BUS_RX,8,630F970000000001,can1
199,1786725755.185741,617426.600853102,858,0,0,0,0,BUS_RX,8,0000000000000000,can1
200,1786725755.235131,617426.65024306,860,0,0,0,0,BUS_RX,8,C000000000000000,can1
201,1786725755.2893567,617426.704470018,862,0,0,0,0,BUS_RX,8,44594E4553532D4C,can1
202,1786725755.3351426,617426.75025456,863,0,0,0,0,BUS_RX,8,2BA4EB0E2A020000,can1
203,1786725755.3858035,617426.800917977,880,0,0,0,0,BUS_RX,8,44594E4553532D4C,can1
204,1786725755.3921654,617426.807277518,1023,0,0,0,0,BUS_RX,8,630F960000000001,can1
205,1786725755.4352286,617426.850341518,881,0,0,0,0,BUS_RX,8,2042415454455259,can1
206,1786725755.4851635,617426.900275643,781,0,0,0,0,BUS_RX,8,640005001E013002,can1
207,1786725755.6351962,617427.05030806,1023,0,0,0,0,BUS_RX,8,630F960000000001,can1
208,1786725755.6612148,617427.076329227,773,0,0,0,1,CERBO_TX,8,0000000000000000,can1
209,1786725755.6623235,617427.077431644,775,0,0,0,1,CERBO_TX,8,1234567856494300,can1
210,1786725755.8851826,617427.300294227,1023,0,0,0,0,BUS_RX,8,630F960000000001,can1
211,1786725755.9353092,617427.350421144,783,0,0,0,0,BUS_RX,8,0000000000000000,can1
212,1786725755.989683,617427.404794769,849,0,0,0,0,BUS_RX,8,35026004880FE001,can1
213,1786725756.0352254,617427.450338435,853,0,0,0,0,BUS_RX,8,6300640000000000,can1
214,1786725756.0853028,617427.500416894,854,0,0,0,0,BUS_RX,8,64151400F0000000,can1
215,1786725756.1352928,617427.550404727,857,0,0,0,0,BUS_RX,8,0000000002000000,can1
216,1786725756.1362305,617427.551336144,1023,0,0,0,0,BUS_RX,8,630F960000000001,can1
217,1786725756.1852548,617427.60037881,858,0,0,0,0,BUS_RX,8,0000000000000000,can1
218,1786725756.235295,617427.650407477,860,0,0,0,0,BUS_RX,8,C000000000000000,can1
219,1786725756.2893376,617427.704450102,862,0,0,0,0,BUS_RX,8,44594E4553532D4C,can1
220,1786725756.3351696,617427.750281477,863,0,0,0,0,BUS_RX,8,2BA4EB0E2A020000,can1
221,1786725756.3862917,617427.801405477,880,0,0,0,0,BUS_RX,8,44594E4553532D4C,can1
222,1786725756.387393,617427.802502519,1023,0,0,0,0,BUS_RX,8,630F980000000001,can1
223,1786725756.4353018,617427.850414894,881,0,0,0,0,BUS_RX,8,2042415454455259,can1
224,1786725756.4851348,617427.900246436,781,0,0,0,0,BUS_RX,8,640005001E013002,can1
225,1786725756.6358101,617428.050921644,1023,0,0,0,0,BUS_RX,8,630F970000000001,can1
226,1786725756.6617184,617428.076831811,773,0,0,0,1,CERBO_TX,8,0000000000000000,can1
227,1786725756.6630688,617428.078177102,775,0,0,0,1,CERBO_TX,8,1234567856494300,can1
228,1786725756.8852682,617428.300379727,1023,0,0,0,0,BUS_RX,8,630F960000000001,can1
229,1786725756.9356327,617428.350746936,783,0,0,0,0,BUS_RX,8,0000000000000000,can1
230,1786725756.9857376,617428.400849436,849,0,0,0,0,BUS_RX,8,35026004880FE001,can1
231,1786725757.0378509,617428.452965519,853,0,0,0,0,BUS_RX,8,6300640000000000,can1
232,1786725757.0852954,617428.500407269,854,0,0,0,0,BUS_RX,8,64151200F0000000,can1
233,1786725757.1357572,617428.550869353,857,0,0,0,0,BUS_RX,8,0000000002000000,can1
234,1786725757.136857,617428.551965103,1023,0,0,0,0,BUS_RX,8,630F960000000001,can1
235,1786725757.185128,617428.600240519,858,0,0,0,0,BUS_RX,8,0000000000000000,can1
236,1786725757.2353978,617428.650511061,860,0,0,0,0,BUS_RX,8,C000000000000000,can1
237,1786725757.285123,617428.700235853,862,0,0,0,0,BUS_RX,8,44594E4553532D4C,can1
238,1786725757.3351774,617428.750289394,863,0,0,0,0,BUS_RX,8,2BA4EB0E2A020000,can1
239,1786725757.3852267,617428.800340561,880,0,0,0,0,BUS_RX,8,44594E4553532D4C,can1
240,1786725757.3863363,617428.801445603,1023,0,0,0,0,BUS_RX,8,630F960000000001,can1
241,1786725757.4351926,617428.850304103,881,0,0,0,0,BUS_RX,8,2042415454455259,can1
242,1786725757.485121,617428.900232603,781,0,0,0,0,BUS_RX,8,640005001E013002,can1
243,1786725757.6352835,617429.050396394,1023,0,0,0,0,BUS_RX,8,630F970000000001,can1
244,1786725757.6613433,617429.076456186,773,0,0,0,1,CERBO_TX,8,0000000000000000,can1
245,1786725757.6626523,617429.077759645,775,0,0,0,1,CERBO_TX,8,1234567856494300,can1
246,1786725757.8851814,617429.300295686,1023,0,0,0,0,BUS_RX,8,630F960000000001,can1
247,1786725757.9353492,617429.350461645,783,0,0,0,0,BUS_RX,8,0000000000000000,can1
248,1786725757.9851804,617429.400293978,849,0,0,0,0,BUS_RX,8,35026004880FE001,can1
249,1786725758.0351002,617429.45021352,853,0,0,0,0,BUS_RX,8,6300640000000000,can1
250,1786725758.087075,617429.502188853,854,0,0,0,0,BUS_RX,8,65151300F0000000,can1
251,1786725758.1353092,617429.550423061,857,0,0,0,0,BUS_RX,8,0000000002000000,can1
252,1786725758.136399,617429.551505645,1023,0,0,0,0,BUS_RX,8,630F980000000001,can1
253,1786725758.185163,617429.600275561,858,0,0,0,0,BUS_RX,8,0000000000000000,can1
254,1786725758.235214,617429.650327061,860,0,0,0,0,BUS_RX,8,C000000000000000,can1
255,1786725758.2911394,617429.70625202,862,0,0,0,0,BUS_RX,8,44594E4553532D4C,can1
256,1786725758.3351774,617429.750290728,863,0,0,0,0,BUS_RX,8,2BA4EB0E2A020000,can1
257,1786725758.3867085,617429.80182077,880,0,0,0,0,BUS_RX,8,44594E4553532D4C,can1
258,1786725758.3877134,617429.802827562,1023,0,0,0,0,BUS_RX,8,630F990000000001,can1
259,1786725758.4354844,617429.85059777,881,0,0,0,0,BUS_RX,8,2042415454455259,can1
260,1786725758.4855132,617429.90062827,781,0,0,0,0,BUS_RX,8,640005001E013002,can1
261,1786725758.6357126,617430.05082502,1023,0,0,0,0,BUS_RX,8,630F970000000001,can1
262,1786725758.660566,617430.075679312,773,0,0,0,1,CERBO_TX,8,0000000000000000,can1
263,1786725758.6626987,617430.077812812,775,0,0,0,1,CERBO_TX,8,1234567856494300,can1
264,1786725758.8853066,617430.300419603,1023,0,0,0,0,BUS_RX,8,630F970000000001,can1
265,1786725758.9400156,617430.355131562,783,0,0,0,0,BUS_RX,8,0000000000000000,can1
266,1786725758.9869306,617430.402045895,849,0,0,0,0,BUS_RX,8,35026004880FE001,can1
267,1786725759.0375507,617430.452662312,853,0,0,0,0,BUS_RX,8,6300640000000000,can1
268,1786725759.0873706,617430.502503145,854,0,0,0,0,BUS_RX,8,65151200F0000000,can1
269,1786725759.1373758,617430.55248852,857,0,0,0,0,BUS_RX,8,0000000002000000,can1
270,1786725759.1383882,617430.553494979,1023,0,0,0,0,BUS_RX,8,630F970000000001,can1
271,1786725759.1856294,617430.600741854,858,0,0,0,0,BUS_RX,8,0000000000000000,can1
272,1786725759.2354603,617430.65059502,860,0,0,0,0,BUS_RX,8,C000000000000000,can1
273,1786725759.285158,617430.700271562,862,0,0,0,0,BUS_RX,8,44594E4553532D4C,can1
274,1786725759.3350651,617430.75017902,863,0,0,0,0,BUS_RX,8,2BA4EB0E2A020000,can1
275,1786725759.3854094,617430.800523229,880,0,0,0,0,BUS_RX,8,44594E4553532D4C,can1
276,1786725759.388462,617430.803568687,1023,0,0,0,0,BUS_RX,8,630F970000000001,can1
277,1786725759.4350684,617430.850181854,881,0,0,0,0,BUS_RX,8,2042415454455259,can1
278,1786725759.4850903,617430.900202687,781,0,0,0,0,BUS_RX,8,640005001E013002,can1
279,1786725759.6351643,617431.050277437,1023,0,0,0,0,BUS_RX,8,630F970000000001,can1
280,1786725759.6599739,617431.075085354,773,0,0,0,1,CERBO_TX,8,0000000000000000,can1
281,1786725759.6609201,617431.076026437,775,0,0,0,1,CERBO_TX,8,1234567856494300,can1
282,1786725759.8853648,617431.300477979,1023,0,0,0,0,BUS_RX,8,630F960000000001,can1
283,1786725759.935462,617431.350588604,783,0,0,0,0,BUS_RX,8,0000000000000000,can1
284,1786725759.9850805,617431.400194479,849,0,0,0,0,BUS_RX,8,35026004880FE001,can1
285,1786725760.0350444,617431.450161437,853,0,0,0,0,BUS_RX,8,6300640000000000,can1
286,1786725760.0851398,617431.500253437,854,0,0,0,0,BUS_RX,8,64151300F0000000,can1
287,1786725760.1352205,617431.550332687,857,0,0,0,0,BUS_RX,8,0000000002000000,can1
288,1786725760.1363807,617431.551487437,1023,0,0,0,0,BUS_RX,8,630F970000000001,can1
289,1786725760.18515,617431.600263312,858,0,0,0,0,BUS_RX,8,0000000000000000,can1
290,1786725760.2355182,617431.650631979,860,0,0,0,0,BUS_RX,8,C000000000000000,can1
291,1786725760.285493,617431.700605854,862,0,0,0,0,BUS_RX,8,44594E4553532D4C,can1
292,1786725760.335436,617431.750548896,863,0,0,0,0,BUS_RX,8,2BA4EB0E2A020000,can1
293,1786725760.3900669,617431.805179562,880,0,0,0,0,BUS_RX,8,44594E4553532D4C,can1
294,1786725760.391114,617431.806221187,1023,0,0,0,0,BUS_RX,8,630F960000000001,can1
295,1786725760.4353068,617431.850421146,881,0,0,0,0,BUS_RX,8,2042415454455259,can1
296,1786725760.485085,617431.900198979,781,0,0,0,0,BUS_RX,8,640005001E013002,can1
297,1786725760.6350677,617432.050181021,1023,0,0,0,0,BUS_RX,8,630F960000000001,can1
298,1786725760.6624558,617432.077568438,773,0,0,0,1,CERBO_TX,8,0000000000000000,can1
299,1786725760.6633995,617432.078504979,775,0,0,0,1,CERBO_TX,8,1234567856494300,can1
300,1786725760.8876941,617432.302805813,1023,0,0,0,0,BUS_RX,8,630F960000000001,can1
301,1786725760.9353302,617432.350442313,783,0,0,0,0,BUS_RX,8,0000000000000000,can1
302,1786725760.9853055,617432.400418271,849,0,0,0,0,BUS_RX,8,35026004880FE001,can1
303,1786725761.0354338,617432.450546271,853,0,0,0,0,BUS_RX,8,6300640000000000,can1
304,1786725761.0851755,617432.500288313,854,0,0,0,0,BUS_RX,8,64151300F0000000,can1
305,1786725761.135623,617432.550735396,857,0,0,0,0,BUS_RX,8,0000000002000000,can1
306,1786725761.136619,617432.551725563,1023,0,0,0,0,BUS_RX,8,630F960000000001,can1
307,1786725761.1969216,617432.612033021,858,0,0,0,0,BUS_RX,8,0000000000000000,can1
308,1786725761.235153,617432.650266313,860,0,0,0,0,BUS_RX,8,C000000000000000,can1
309,1786725761.2857525,617432.700901355,862,0,0,0,0,BUS_RX,8,44594E4553532D4C,can1
310,1786725761.3351312,617432.750244646,863,0,0,0,0,BUS_RX,8,2BA4EB0E2A020000,can1
311,1786725761.3854578,617432.800570396,880,0,0,0,0,BUS_RX,8,44594E4553532D4C,can1
312,1786725761.3865554,617432.801663646,1023,0,0,0,0,BUS_RX,8,630F960000000001,can1
313,1786725761.4351437,617432.850259938,881,0,0,0,0,BUS_RX,8,2042415454455259,can1
314,1786725761.4850364,617432.900148771,781,0,0,0,0,BUS_RX,8,640005001E013002,can1
315,1786725761.6347704,617433.049883063,1023,0,0,0,0,BUS_RX,8,630F980000000001,can1
316,1786725761.6648188,617433.079934063,773,0,0,0,1,CERBO_TX,8,0000000000000000,can1
317,1786725761.6662035,617433.081309313,775,0,0,0,1,CERBO_TX,8,1234567856494300,can1
318,1786725761.8848205,617433.29993298,1023,0,0,0,0,BUS_RX,8,630F970000000001,can1
319,1786725761.9350345,617433.350147563,783,0,0,0,0,BUS_RX,8,0000000000000000,can1
320,1786725761.9896522,617433.404765522,849,0,0,0,0,BUS_RX,8,35026004880FE001,can1
321,1786725762.0352428,617433.450356188,853,0,0,0,0,BUS_RX,8,6300640000000000,can1
322,1786725762.0847576,617433.499870147,854,0,0,0,0,BUS_RX,8,65151000F0000000,can1
323,1786725762.1348383,617433.549949897,857,0,0,0,0,BUS_RX,8,0000000002000000,can1
324,1786725762.135911,617433.551017147,1023,0,0,0,0,BUS_RX,8,630F970000000001,can1
325,1786725762.1847975,617433.599909688,858,0,0,0,0,BUS_RX,8,0000000000000000,can1
326,1786725762.2347825,617433.64989423,860,0,0,0,0,BUS_RX,8,C000000000000000,can1
327,1786725762.2847795,617433.699891272,862,0,0,0,0,BUS_RX,8,44594E4553532D4C,can1
328,1786725762.334772,617433.749884188,863,0,0,0,0,BUS_RX,8,2BA4EB0E2A020000,can1
329,1786725762.3853273,617433.800440563,880,0,0,0,0,BUS_RX,8,44594E4553532D4C,can1
330,1786725762.3864584,617433.801564772,1023,0,0,0,0,BUS_RX,8,630F980000000001,can1
331,1786725762.4347446,617433.849856355,881,0,0,0,0,BUS_RX,8,2042415454455259,can1
332,1786725762.4847703,617433.899882022,781,0,0,0,0,BUS_RX,8,640005001E013002,can1
333,1786725762.6347878,617434.049900314,1023,0,0,0,0,BUS_RX,8,630F980000000001,can1
334,1786725762.6697621,617434.084874522,773,0,0,0,1,CERBO_TX,8,0000000000000000,can1
335,1786725762.6709328,617434.086041355,775,0,0,0,1,CERBO_TX,8,1234567856494300,can1
336,1786725762.884844,617434.299956689,1023,0,0,0,0,BUS_RX,8,630F970000000001,can1
337,1786725762.9347687,617434.349880272,783,0,0,0,0,BUS_RX,8,0000000000000000,can1
338,1786725762.9847553,617434.399867022,849,0,0,0,0,BUS_RX,8,35026004880FE001,can1
339,1786725763.0347345,617434.449846147,853,0,0,0,0,BUS_RX,8,6300640000000000,can1
340,1786725763.0852842,617434.50039723,854,0,0,0,0,BUS_RX,8,65151000F0000000,can1
341,1786725763.1347873,617434.549900314,857,0,0,0,0,BUS_RX,8,0000000002000000,can1
342,1786725763.1359699,617434.551077939,1023,0,0,0,0,BUS_RX,8,630F970000000001,can1
343,1786725763.1875136,617434.602626605,858,0,0,0,0,BUS_RX,8,0000000000000000,can1
344,1786725763.2350774,617434.650190606,860,0,0,0,0,BUS_RX,8,C000000000000000,can1
345,1786725763.2847216,617434.699833647,862,0,0,0,0,BUS_RX,8,44594E4553532D4C,can1
346,1786725763.3351896,617434.750307231,863,0,0,0,0,BUS_RX,8,2BA4EB0E2A020000,can1
347,1786725763.3852348,617434.800348147,880,0,0,0,0,BUS_RX,8,44594E4553532D4C,can1
348,1786725763.3865497,617434.801655564,1023,0,0,0,0,BUS_RX,8,630F970000000001,can1
349,1786725763.434778,617434.849889356,881,0,0,0,0,BUS_RX,8,2042415454455259,can1
350,1786725763.4847076,617434.899816356,781,0,0,0,0,BUS_RX,8,640005001E013002,can1
351,1786725763.6359947,617435.051107981,1023,0,0,0,0,BUS_RX,8,630F970000000001,can1
352,1786725763.6675978,617435.082711189,773,0,0,0,1,CERBO_TX,8,0000000000000000,can1
353,1786725763.6687555,617435.083863731,775,0,0,0,1,CERBO_TX,8,1234567856494300,can1
354,1786725763.8848782,617435.299989731,1023,0,0,0,0,BUS_RX,8,630F9A0000000001,can1
355,1786725763.9350212,617435.350133731,783,0,0,0,0,BUS_RX,8,0000000000000000,can1
356,1786725763.9853706,617435.400483273,849,0,0,0,0,BUS_RX,8,35026004880FE001,can1
357,1786725764.0347593,617435.449871148,853,0,0,0,0,BUS_RX,8,6300640000000000,can1
358,1786725764.0848396,617435.499951606,854,0,0,0,0,BUS_RX,8,64151300F0000000,can1
359,1786725764.1346893,617435.549801314,857,0,0,0,0,BUS_RX,8,0000000002000000,can1
360,1786725764.1358113,617435.550916856,1023,0,0,0,0,BUS_RX,8,630F9C0000000001,can1
361,1786725764.1846898,617435.599801856,858,0,0,0,0,BUS_RX,8,0000000000000000,can1
362,1786725764.2350285,617435.650140898,860,0,0,0,0,BUS_RX,8,C000000000000000,can1
363,1786725764.2847362,617435.699847939,862,0,0,0,0,BUS_RX,8,44594E4553532D4C,can1
364,1786725764.3352642,617435.750378523,863,0,0,0,0,BUS_RX,8,2BA4EB0E2A020000,can1
365,1786725764.3871186,617435.802231273,880,0,0,0,0,BUS_RX,8,44594E4553532D4C,can1
366,1786725764.388187,617435.803293814,1023,0,0,0,0,BUS_RX,8,630F9A0000000001,can1
367,1786725764.434664,617435.849776898,881,0,0,0,0,BUS_RX,8,2042415454455259,can1
368,1786725764.4848013,617435.899915106,781,0,0,0,0,BUS_RX,8,640005001E013002,can1
369,1786725764.6348562,617436.04996844,1023,0,0,0,0,BUS_RX,8,630F990000000001,can1
370,1786725764.6624904,617436.07760244,773,0,0,0,1,CERBO_TX,8,0000000000000000,can1
371,1786725764.6634967,617436.078607065,775,0,0,0,1,CERBO_TX,8,1234567856494300,can1
372,1786725764.8853061,617436.300418981,1023,0,0,0,0,BUS_RX,8,630F990000000001,can1
373,1786725764.9378629,617436.352975606,783,0,0,0,0,BUS_RX,8,0000000000000000,can1
374,1786725764.9848108,617436.399922773,849,0,0,0,0,BUS_RX,8,35026004880FE001,can1
375,1786725765.0347037,617436.449816565,853,0,0,0,0,BUS_RX,8,6300640000000000,can1
376,1786725765.0865643,617436.501678148,854,0,0,0,0,BUS_RX,8,64150E00F0000000,can1
377,1786725765.1347094,617436.549821481,857,0,0,0,0,BUS_RX,8,0000000002000000,can1
378,1786725765.1361656,617436.551273773,1023,0,0,0,0,BUS_RX,8,630F990000000001,can1
379,1786725765.1851466,617436.600259106,858,0,0,0,0,BUS_RX,8,0000000000000000,can1
380,1786725765.2346923,617436.649803398,860,0,0,0,0,BUS_RX,8,C000000000000000,can1
381,1786725765.2847037,617436.699815773,862,0,0,0,0,BUS_RX,8,44594E4553532D4C,can1
382,1786725765.3383796,617436.753491565,863,0,0,0,0,BUS_RX,8,2BA4EB0E2A020000,can1
383,1786725765.3848422,617436.799954398,880,0,0,0,0,BUS_RX,8,44594E4553532D4C,can1
384,1786725765.3861613,617436.801269607,1023,0,0,0,0,BUS_RX,8,630F9A0000000001,can1
385,1786725765.438699,617436.853810273,881,0,0,0,0,BUS_RX,8,2042415454455259,can1
386,1786725765.4847853,617436.89989794,781,0,0,0,0,BUS_RX,8,640005001E013002,can1
387,1786725765.6348968,617437.05010819,1023,0,0,0,0,BUS_RX,8,630F9A0000000001,can1
388,1786725765.6627262,617437.077838523,773,0,0,0,1,CERBO_TX,8,0000000000000000,can1
389,1786725765.664638,617437.07974819,775,0,0,0,1,CERBO_TX,8,1234567856494300,can1
390,1786725765.885779,617437.300891232,1023,0,0,0,0,BUS_RX,8,630F990000000001,can1
391,1786725765.9387653,617437.353877773,783,0,0,0,0,BUS_RX,8,0000000000000000,can1
392,1786725765.9846687,617437.399781648,849,0,0,0,0,BUS_RX,8,35026004880FE001,can1
393,1786725766.03476,617437.449873149,853,0,0,0,0,BUS_RX,8,6300640000000000,can1
394,1786725766.086656,617437.501769107,854,0,0,0,0,BUS_RX,8,64150C00F0000000,can1
395,1786725766.13476,617437.549872149,857,0,0,0,0,BUS_RX,8,0000000002000000,can1
396,1786725766.1360416,617437.551148607,1023,0,0,0,0,BUS_RX,8,630F980000000001,can1
397,1786725766.1847277,617437.599840857,858,0,0,0,0,BUS_RX,8,0000000000000000,can1
398,1786725766.2374406,617437.652552607,860,0,0,0,0,BUS_RX,8,C000000000000000,can1
399,1786725766.2851126,617437.700238857,862,0,0,0,0,BUS_RX,8,44594E4553532D4C,can1
400,1786725766.33487,617437.749983482,863,0,0,0,0,BUS_RX,8,2BA4EB0E2A020000,can1
401,1786725766.3848472,617437.799969357,880,0,0,0,0,BUS_RX,8,44594E4553532D4C,can1
402,1786725766.3868196,617437.801929315,1023,0,0,0,0,BUS_RX,8,630F970000000001,can1
403,1786725766.4349954,617437.850110274,881,0,0,0,0,BUS_RX,8,2042415454455259,can1
404,1786725766.4846807,617437.899797607,781,0,0,0,0,BUS_RX,8,640005001E013002,can1
405,1786725766.6346147,617438.04972894,1023,0,0,0,0,BUS_RX,8,630F980000000001,can1
406,1786725766.6621537,617438.077265774,773,0,0,0,1,CERBO_TX,8,0000000000000000,can1
407,1786725766.6630933,617438.078199315,775,0,0,0,1,CERBO_TX,8,1234567856494300,can1
408,1786725766.8848188,617438.299930441,1023,0,0,0,0,BUS_RX,8,630F9A0000000001,can1
409,1786725766.934664,617438.349776441,783,0,0,0,0,BUS_RX,8,0000000000000000,can1
410,1786725766.9846456,617438.399758857,849,0,0,0,0,BUS_RX,8,35026004880FE001,can1
411,1786725767.0346901,617438.449803691,853,0,0,0,0,BUS_RX,8,6300640000000000,can1
412,1786725767.0851161,617438.500229149,854,0,0,0,0,BUS_RX,8,64151100F0000000,can1
413,1786725767.1351366,617438.550269274,857,0,0,0,0,BUS_RX,8,0000000002000000,can1
414,1786725767.1363673,617438.551475232,1023,0,0,0,0,BUS_RX,8,630F9B0000000001,can1
415,1786725767.1846783,617438.599790524,858,0,0,0,0,BUS_RX,8,0000000000000000,can1
416,1786725767.2346776,617438.649791066,860,0,0,0,0,BUS_RX,8,C000000000000000,can1
417,1786725767.2848701,617438.699982774,862,0,0,0,0,BUS_RX,8,44594E4553532D4C,can1
418,1786725767.334598,617438.749712191,863,0,0,0,0,BUS_RX,8,2BA4EB0E2A020000,can1
419,1786725767.3845613,617438.799674524,880,0,0,0,0,BUS_RX,8,44594E4553532D4C,can1
420,1786725767.3860748,617438.801182816,1023,0,0,0,0,BUS_RX,8,630F980000000001,can1
421,1786725767.434564,617438.849675899,881,0,0,0,0,BUS_RX,8,2042415454455259,can1
422,1786725767.484562,617438.899674108,781,0,0,0,0,BUS_RX,8,640005001E013002,can1
423,1786725767.6350436,617439.050157191,1023,0,0,0,0,BUS_RX,8,630F970000000001,can1
424,1786725767.6626422,617439.077755316,773,0,0,0,1,CERBO_TX,8,0000000000000000,can1
425,1786725767.6637137,617439.078822524,775,0,0,0,1,CERBO_TX,8,1234567856494300,can1
426,1786725767.8847408,617439.299852816,1023,0,0,0,0,BUS_RX,8,630F970000000001,can1
427,1786725767.934615,617439.349729774,783,0,0,0,0,BUS_RX,8,0000000000000000,can1
428,1786725767.9856617,617439.400780816,849,0,0,0,0,BUS_RX,8,35026004880FE001,can1
429,1786725768.0345516,617439.449664858,853,0,0,0,0,BUS_RX,8,6300640000000000,can1
430,1786725768.08475,617439.499862149,854,0,0,0,0,BUS_RX,8,64151000F0000000,can1
431,1786725768.1353781,617439.550490066,857,0,0,0,0,BUS_RX,8,0000000002000000,can1
432,1786725768.1364746,617439.551582108,1023,0,0,0,0,BUS_RX,8,630F970000000001,can1
433,1786725768.1846795,617439.599792191,858,0,0,0,0,BUS_RX,8,0000000000000000,can1
434,1786725768.235085,617439.650196025,860,0,0,0,0,BUS_RX,8,C000000000000000,can1
435,1786725768.2871063,617439.702219691,862,0,0,0,0,BUS_RX,8,44594E4553532D4C,can1
436,1786725768.33452,617439.749631775,863,0,0,0,0,BUS_RX,8,2BA4EB0E2A020000,can1
437,1786725768.3955684,617439.810680358,880,0,0,0,0,BUS_RX,8,44594E4553532D4C,can1
438,1786725768.3966112,617439.811719025,1023,0,0,0,0,BUS_RX,8,630F970000000001,can1
439,1786725768.4344826,617439.84959115,881,0,0,0,0,BUS_RX,8,2042415454455259,can1
440,1786725768.485934,617439.901045316,781,0,0,0,0,BUS_RX,8,640005001E013002,can1
441,1786725768.637378,617440.052548941,1023,0,0,0,0,BUS_RX,8,630F970000000001,can1
442,1786725768.6625514,617440.077665941,773,0,0,0,1,CERBO_TX,8,0000000000000000,can1
443,1786725768.6638696,617440.07897815,775,0,0,0,1,CERBO_TX,8,1234567856494300,can1
444,1786725768.8847044,617440.299816983,1023,0,0,0,0,BUS_RX,8,630F960000000001,can1
445,1786725768.934589,617440.349701358,783,0,0,0,0,BUS_RX,8,0000000000000000,can1
446,1786725768.9845016,617440.399614233,849,0,0,0,0,BUS_RX,8,35026004880FE001,can1
447,1786725769.034538,617440.449650067,853,0,0,0,0,BUS_RX,8,6300640000000000,can1
448,1786725769.096337,617440.511449442,854,0,0,0,0,BUS_RX,8,64151100F0000000,can1
449,1786725769.1350312,617440.550145108,857,0,0,0,0,BUS_RX,8,0000000002000000,can1
450,1786725769.1360824,617440.551189192,1023,0,0,0,0,BUS_RX,8,630F960000000001,can1
451,1786725769.185361,617440.6004739,858,0,0,0,0,BUS_RX,8,0000000000000000,can1
452,1786725769.2350855,617440.650198358,860,0,0,0,0,BUS_RX,8,C000000000000000,can1
453,1786725769.2846224,617440.699734567,862,0,0,0,0,BUS_RX,8,44594E4553532D4C,can1
454,1786725769.3358736,617440.75098515,863,0,0,0,0,BUS_RX,8,2BA4EB0E2A020000,can1
455,1786725769.3875093,617440.802620775,880,0,0,0,0,BUS_RX,8,44594E4553532D4C,can1
456,1786725769.3884625,617440.803568358,1023,0,0,0,0,BUS_RX,8,630F960000000001,can1
457,1786725769.4347496,617440.849861317,881,0,0,0,0,BUS_RX,8,2042415454455259,can1
458,1786725769.4845219,617440.899633733,781,0,0,0,0,BUS_RX,8,640005001E013002,can1
459,1786725769.634461,617441.049572609,1023,0,0,0,0,BUS_RX,8,630F970000000001,can1
460,1786725769.6599674,617441.075080234,773,0,0,0,1,CERBO_TX,8,0000000000000000,can1
461,1786725769.6610065,617441.076112275,775,0,0,0,1,CERBO_TX,8,1234567856494300,can1
462,1786725769.8844283,617441.299540025,1023,0,0,0,0,BUS_RX,8,630F980000000001,can1
463,1786725769.9345896,617441.349702234,783,0,0,0,0,BUS_RX,8,0000000000000000,can1
464,1786725769.9844089,617441.399521067,849,0,0,0,0,BUS_RX,8,35026004880FE001,can1
465,1786725770.034491,617441.449603567,853,0,0,0,0,BUS_RX,8,6300640000000000,can1
466,1786725770.0845082,617441.499621109,854,0,0,0,0,BUS_RX,8,65151300F0000000,can1
467,1786725770.1344492,617441.549561317,857,0,0,0,0,BUS_RX,8,0000000002000000,can1
468,1786725770.1355321,617441.550637359,1023,0,0,0,0,BUS_RX,8,630F990000000001,can1
469,1786725770.1844246,617441.599535984,858,0,0,0,0,BUS_RX,8,0000000000000000,can1
470,1786725770.23439,617441.649501692,860,0,0,0,0,BUS_RX,8,C000000000000000,can1
471,1786725770.284399,617441.699511276,862,0,0,0,0,BUS_RX,8,44594E4553532D4C,can1
472,1786725770.3344035,617441.749515526,863,0,0,0,0,BUS_RX,8,2BA4EB0E2A020000,can1
473,1786725770.384778,617441.799891817,880,0,0,0,0,BUS_RX,8,44594E4553532D4C,can1
474,1786725770.3860905,617441.801198359,1023,0,0,0,0,BUS_RX,8,630F970000000001,can1
475,1786725770.4343615,617441.849473526,881,0,0,0,0,BUS_RX,8,2042415454455259,can1
476,1786725770.4844015,617441.899513109,781,0,0,0,0,BUS_RX,8,640005001E013002,can1
477,1786725770.6345167,617442.049629526,1023,0,0,0,0,BUS_RX,8,630F960000000001,can1
478,1786725770.6623666,617442.077479026,773,0,0,0,1,CERBO_TX,8,0000000000000000,can1
479,1786725770.66336,617442.078466984,775,0,0,0,1,CERBO_TX,8,1234567856494300,can1
480,1786725770.8847508,617442.299863526,1023,0,0,0,0,BUS_RX,8,630F960000000001,can1
481,1786725770.935693,617442.350805359,783,0,0,0,0,BUS_RX,8,0000000000000000,can1
482,1786725770.9852512,617442.400367443,849,0,0,0,0,BUS_RX,8,35026004880FE001,can1
483,1786725771.0352895,617442.450402526,853,0,0,0,0,BUS_RX,8,6300640000000000,can1
484,1786725771.084801,617442.499913984,854,0,0,0,0,BUS_RX,8,65151200F0000000,can1
485,1786725771.1404812,617442.555592776,857,0,0,0,0,BUS_RX,8,0000000002000000,can1
486,1786725771.1414342,617442.556540401,1023,0,0,0,0,BUS_RX,8,630F980000000001,can1
487,1786725771.1857574,617442.600870109,858,0,0,0,0,BUS_RX,8,0000000000000000,can1
488,1786725771.2346885,617442.649802193,860,0,0,0,0,BUS_RX,8,C000000000000000,can1
489,1786725771.2886667,617442.703779484,862,0,0,0,0,BUS_RX,8,44594E4553532D4C,can1
490,1786725771.3356786,617442.750791443,863,0,0,0,0,BUS_RX,8,2BA4EB0E2A020000,can1
491,1786725771.3880372,617442.803149568,880,0,0,0,0,BUS_RX,8,44594E4553532D4C,can1
492,1786725771.3892062,617442.804314109,1023,0,0,0,0,BUS_RX,8,630F980000000001,can1
493,1786725771.434412,617442.849524193,881,0,0,0,0,BUS_RX,8,2042415454455259,can1
494,1786725771.4844484,617442.899562026,781,0,0,0,0,BUS_RX,8,640005001E013002,can1
495,1786725771.635277,617443.050389651,1023,0,0,0,0,BUS_RX,8,630F980000000001,can1
496,1786725771.6626732,617443.077784818,773,0,0,0,1,CERBO_TX,8,0000000000000000,can1
497,1786725771.6639147,617443.079022235,775,0,0,0,1,CERBO_TX,8,1234567856494300,can1
498,1786725771.8870218,617443.302133443,1023,0,0,0,0,BUS_RX,8,630F960000000001,can1
499,1786725771.9344482,617443.349559526,783,0,0,0,0,BUS_RX,8,0000000000000000,can1
500,1786725771.985118,617443.400232485,849,0,0,0,0,BUS_RX,8,35026004880FE001,can1
501,1786725772.0344055,617443.449517776,853,0,0,0,0,BUS_RX,8,6300640000000000,can1
502,1786725772.0843585,617443.499470776,854,0,0,0,0,BUS_RX,8,65151100F0000000,can1
503,1786725772.1344795,617443.549591901,857,0,0,0,0,BUS_RX,8,0000000002000000,can1
504,1786725772.135675,617443.550783318,1023,0,0,0,0,BUS_RX,8,630F970000000001,can1
505,1786725772.1845915,617443.599703985,858,0,0,0,0,BUS_RX,8,0000000000000000,can1
506,1786725772.2345552,617443.649668276,860,0,0,0,0,BUS_RX,8,C000000000000000,can1
507,1786725772.284579,617443.699691568,862,0,0,0,0,BUS_RX,8,44594E4553532D4C,can1
508,1786725772.334436,617443.74954886,863,0,0,0,0,BUS_RX,8,2BA4EB0E2A020000,can1
509,1786725772.3843584,617443.79946986,880,0,0,0,0,BUS_RX,8,44594E4553532D4C,can1
510,1786725772.3856032,617443.800710485,1023,0,0,0,0,BUS_RX,8,630F970000000001,can1
511,1786725772.4344456,617443.849558735,881,0,0,0,0,BUS_RX,8,2042415454455259,can1
512,1786725772.4844599,617443.899574152,781,0,0,0,0,BUS_RX,8,640005001E013002,can1
513,1786725772.634475,617444.049586818,1023,0,0,0,0,BUS_RX,8,630F970000000001,can1
514,1786725772.6618538,617444.076965277,773,0,0,0,1,CERBO_TX,8,0000000000000000,can1
515,1786725772.662817,617444.077923443,775,0,0,0,1,CERBO_TX,8,1234567856494300,can1
516,1786725772.8846698,617444.299784068,1023,0,0,0,0,BUS_RX,8,630F980000000001,can1
517,1786725772.9344363,617444.349547777,783,0,0,0,0,BUS_RX,8,0000000000000000,can1
518,1786725772.985693,617444.400804152,849,0,0,0,0,BUS_RX,8,35026004880FE001,can1
519,1786725773.0345614,617444.449674319,853,0,0,0,0,BUS_RX,8,6300640000000000,can1
520,1786725773.0858877,617444.501002319,854,0,0,0,0,BUS_RX,8,65151100F0000000,can1
521,1786725773.1346161,617444.54974811,857,0,0,0,0,BUS_RX,8,0000000002000000,can1
522,1786725773.1361208,617444.55122786,1023,0,0,0,0,BUS_RX,8,630F970000000001,can1
523,1786725773.1848133,617444.599925569,858,0,0,0,0,BUS_RX,8,0000000000000000,can1
524,1786725773.2343807,617444.649500235,860,0,0,0,0,BUS_RX,8,C000000000000000,can1
525,1786725773.2842314,617444.699342902,862,0,0,0,0,BUS_RX,8,44594E4553532D4C,can1
526,1786725773.3366756,617444.751788444,863,0,0,0,0,BUS_RX,8,2BA4EB0E2A020000,can1
527,1786725773.3843303,617444.799443277,880,0,0,0,0,BUS_RX,8,44594E4553532D4C,can1
528,1786725773.3857756,617444.800885069,1023,0,0,0,0,BUS_RX,8,630F970000000001,can1
529,1786725773.4346175,617444.84973111,881,0,0,0,0,BUS_RX,8,2042415454455259,can1
530,1786725773.484649,617444.899760485,781,0,0,0,0,BUS_RX,8,640005001E013002,can1
531,1786725773.6354125,617445.050525402,1023,0,0,0,0,BUS_RX,8,630F970000000001,can1
532,1786725773.6618414,617445.076955319,773,0,0,0,1,CERBO_TX,8,0000000000000000,can1
533,1786725773.6628485,617445.077954194,775,0,0,0,1,CERBO_TX,8,1234567856494300,can1
534,1786725773.8846517,617445.299764319,1023,0,0,0,0,BUS_RX,8,630F970000000001,can1
535,1786725773.9344702,617445.349581694,783,0,0,0,0,BUS_RX,8,0000000000000000,can1
536,1786725773.9843202,617445.399434777,849,0,0,0,0,BUS_RX,8,35026004880FE001,can1
537,1786725774.035931,617445.451042652,853,0,0,0,0,BUS_RX,8,6300640000000000,can1
538,1786725774.08487,617445.499983694,854,0,0,0,0,BUS_RX,8,64151200F0000000,can1
539,1786725774.1345046,617445.549617652,857,0,0,0,0,BUS_RX,8,0000000002000000,can1
540,1786725774.135988,617445.551095486,1023,0,0,0,0,BUS_RX,8,630F980000000001,can1
541,1786725774.1843853,617445.599498444,858,0,0,0,0,BUS_RX,8,0000000000000000,can1
542,1786725774.2363803,617445.651492652,860,0,0,0,0,BUS_RX,8,C000000000000000,can1
543,1786725774.2845156,617445.699631611,862,0,0,0,0,BUS_RX,8,44594E4553532D4C,can1
544,1786725774.3347614,617445.749874777,863,0,0,0,0,BUS_RX,8,2BA4EB0E2A020000,can1
545,1786725774.385494,617445.800606319,880,0,0,0,0,BUS_RX,8,44594E4553532D4C,can1
546,1786725774.3865676,617445.801674694,1023,0,0,0,0,BUS_RX,8,630F980000000001,can1
547,1786725774.434704,617445.849816486,881,0,0,0,0,BUS_RX,8,2042415454455259,can1
548,1786725774.4848378,617445.899950278,781,0,0,0,0,BUS_RX,8,640005001E013002,can1
549,1786725774.636086,617446.051210319,1023,0,0,0,0,BUS_RX,8,630F9A0000000001,can1
550,1786725774.6565921,617446.071704361,773,0,0,0,1,CERBO_TX,8,0000000000000000,can1
551,1786725774.6579344,617446.073043569,775,0,0,0,1,CERBO_TX,8,1234567856494300,can1
552,1786725774.8850355,617446.300148069,1023,0,0,0,0,BUS_RX,8,630F990000000001,can1
553,1786725774.9354935,617446.351249111,783,0,0,0,0,BUS_RX,8,0000000000000000,can1
554,1786725774.984259,617446.399371153,849,0,0,0,0,BUS_RX,8,35026004880FE001,can1
555,1786725775.0343208,617446.449433611,853,0,0,0,0,BUS_RX,8,6300640000000000,can1
556,1786725775.0863557,617446.501468528,854,0,0,0,0,BUS_RX,8,64150C00F0000000,can1
557,1786725775.1343231,617446.54943657,857,0,0,0,0,BUS_RX,8,0000000002000000,can1
558,1786725775.1359777,617446.55108407,1023,0,0,0,0,BUS_RX,8,630F980000000001,can1
559,1786725775.1843312,617446.599443028,858,0,0,0,0,BUS_RX,8,0000000000000000,can1
560,1786725775.2352102,617446.650328903,860,0,0,0,0,BUS_RX,8,C000000000000000,can1
561,1786725775.2841601,617446.699272528,862,0,0,0,0,BUS_RX,8,44594E4553532D4C,can1
562,1786725775.3341537,617446.749265653,863,0,0,0,0,BUS_RX,8,2BA4EB0E2A020000,can1
563,1786725775.384339,617446.799451695,880,0,0,0,0,BUS_RX,8,44594E4553532D4C,can1
564,1786725775.3856883,617446.800796945,1023,0,0,0,0,BUS_RX,8,630F990000000001,can1
565,1786725775.4340923,617446.849201695,881,0,0,0,0,BUS_RX,8,2042415454455259,can1
566,1786725775.4842517,617446.899362361,781,0,0,0,0,BUS_RX,8,640005001E013002,can1
567,1786725775.6341488,617447.04926107,1023,0,0,0,0,BUS_RX,8,630F9A0000000001,can1
568,1786725775.670006,617447.085116903,773,0,0,0,1,CERBO_TX,8,0000000000000000,can1
569,1786725775.6714733,617447.086591445,775,0,0,0,1,CERBO_TX,8,1234567856494300,can1
570,1786725775.884256,617447.29936882,1023,0,0,0,0,BUS_RX,8,630F990000000001,can1
571,1786725775.9456673,617447.360778403,783,0,0,0,0,BUS_RX,8,0000000000000000,can1
572,1786725775.9842587,617447.399371945,849,0,0,0,0,BUS_RX,8,35026004880FE001,can1
573,1786725776.034252,617447.449364153,853,0,0,0,0,BUS_RX,8,6300640000000000,can1
574,1786725776.088533,617447.503645987,854,0,0,0,0,BUS_RX,8,65150D00F0000000,can1
575,1786725776.134658,617447.549770987,857,0,0,0,0,BUS_RX,8,0000000002000000,can1
576,1786725776.1359577,617447.551064237,1023,0,0,0,0,BUS_RX,8,630F9A0000000001,can1
577,1786725776.184282,617447.599394737,858,0,0,0,0,BUS_RX,8,0000000000000000,can1
578,1786725776.2356777,617447.650790653,860,0,0,0,0,BUS_RX,8,C000000000000000,can1
579,1786725776.2843354,617447.699447112,862,0,0,0,0,BUS_RX,8,44594E4553532D4C,can1
580,1786725776.334299,617447.74941082,863,0,0,0,0,BUS_RX,8,2BA4EB0E2A020000,can1
581,1786725776.384413,617447.799523487,880,0,0,0,0,BUS_RX,8,44594E4553532D4C,can1
582,1786725776.385523,617447.800628737,1023,0,0,0,0,BUS_RX,8,630F9B0000000001,can1
583,1786725776.434226,617447.84933807,881,0,0,0,0,BUS_RX,8,2042415454455259,can1
584,1786725776.4851828,617447.90029682,781,0,0,0,0,BUS_RX,8,640005001E013002,can1
585,1786725776.6340923,617448.049204362,1023,0,0,0,0,BUS_RX,8,630F9B0000000001,can1
586,1786725776.662509,617448.077622362,773,0,0,0,1,CERBO_TX,8,0000000000000000,can1
587,1786725776.6636646,617448.078772195,775,0,0,0,1,CERBO_TX,8,1234567856494300,can1
588,1786725776.8845358,617448.299648695,1023,0,0,0,0,BUS_RX,8,630F9B0000000001,can1
589,1786725776.935879,617448.350992904,783,0,0,0,0,BUS_RX,8,0000000000000000,can1
590,1786725776.9845397,617448.399652487,849,0,0,0,0,BUS_RX,8,35026004880FE001,can1
591,1786725777.0399923,617448.455105529,853,0,0,0,0,BUS_RX,8,6300640000000000,can1
592,1786725777.0843742,617448.499487695,854,0,0,0,0,BUS_RX,8,65150A00F0000000,can1
593,1786725777.13445,617448.54956282,857,0,0,0,0,BUS_RX,8,0000000002000000,can1
594,1786725777.1391394,617448.554247654,1023,0,0,0,0,BUS_RX,8,630F9C0000000001,can1
595,1786725777.1843696,617448.599482779,858,0,0,0,0,BUS_RX,8,0000000000000000,can1
596,1786725777.234434,617448.649548529,860,0,0,0,0,BUS_RX,8,C000000000000000,can1
597,1786725777.2934678,617448.708594571,862,0,0,0,0,BUS_RX,8,44594E4553532D4C,can1
598,1786725777.3343568,617448.749469779,863,0,0,0,0,BUS_RX,8,2BA4EB0E2A020000,can1
599,1786725777.3868558,617448.801969779,880,0,0,0,0,BUS_RX,8,44594E4553532D4C,can1
600,1786725777.3879251,617448.803034737,1023,0,0,0,0,BUS_RX,8,630F9E0000000001,can1
601,1786725777.434018,617448.849127029,881,0,0,0,0,BUS_RX,8,2042415454455259,can1
602,1786725777.4840918,617448.899203904,781,0,0,0,0,BUS_RX,8,640005001E013002,can1
603,1786725777.634222,617449.049334612,1023,0,0,0,0,BUS_RX,8,630FA40000000001,can1
604,1786725777.6710856,617449.086196904,773,0,0,0,1,CERBO_TX,8,0000000000000000,can1
605,1786725777.6720383,617449.087144196,775,0,0,0,1,CERBO_TX,8,1234567856494300,can1
606,1786725777.8841612,617449.299274404,1023,0,0,0,0,BUS_RX,8,630F9E0000000001,can1
607,1786725777.9342213,617449.349333529,783,0,0,0,0,BUS_RX,8,0000000000000000,can1
608,1786725777.9841216,617449.399234488,849,0,0,0,0,BUS_RX,8,35026004880FE001,can1
609,1786725778.0341923,617449.449305154,853,0,0,0,0,BUS_RX,8,6300640000000000,can1
610,1786725778.084106,617449.499218029,854,0,0,0,0,BUS_RX,8,6415F9FFF0000000,can1
611,1786725778.134663,617449.549770863,857,0,0,0,0,BUS_RX,8,0000000002000000,can1
612,1786725778.135856,617449.550965113,1023,0,0,0,0,BUS_RX,8,630F9D0000000001,can1
613,1786725778.184248,617449.599360446,858,0,0,0,0,BUS_RX,8,0000000000000000,can1
614,1786725778.234258,617449.649371029,860,0,0,0,0,BUS_RX,8,C000000000000000,can1
615,1786725778.2843392,617449.699452113,862,0,0,0,0,BUS_RX,8,44594E4553532D4C,can1
616,1786725778.3341224,617449.749235946,863,0,0,0,0,BUS_RX,8,2BA4EB0E2A020000,can1
617,1786725778.3972101,617449.812322946,880,0,0,0,0,BUS_RX,8,44594E4553532D4C,can1
618,1786725778.3982215,617449.813328154,1023,0,0,0,0,BUS_RX,8,630F9E0000000001,can1
619,1786725778.434105,617449.849218446,881,0,0,0,0,BUS_RX,8,2042415454455259,can1
620,1786725778.4841275,617449.899239904,781,0,0,0,0,BUS_RX,8,640005001E013002,can1
621,1786725778.6341448,617450.049256363,1023,0,0,0,0,BUS_RX,8,630F9E0000000001,can1
622,1786725778.6625807,617450.077692113,773,0,0,0,1,CERBO_TX,8,0000000000000000,can1
623,1786725778.6645112,617450.079623071,775,0,0,0,1,CERBO_TX,8,1234567856494300,can1
624,1786725778.8901207,617450.305233321,1023,0,0,0,0,BUS_RX,8,630F980000000001,can1
625,1786725778.9356477,617450.350760155,783,0,0,0,0,BUS_RX,8,0000000000000000,can1
626,1786725778.9841042,617450.399217821,849,0,0,0,0,BUS_RX,8,35026004880FE001,can1
627,1786725779.0384014,617450.453513821,853,0,0,0,0,BUS_RX,8,6300640000000000,can1
628,1786725779.0864687,617450.501581196,854,0,0,0,0,BUS_RX,8,64150600F0000000,can1
629,1786725779.1343036,617450.549416488,857,0,0,0,0,BUS_RX,8,0000000002000000,can1
630,1786725779.135533,617450.550642155,1023,0,0,0,0,BUS_RX,8,630F970000000001,can1
631,1786725779.1842139,617450.599327655,858,0,0,0,0,BUS_RX,8,0000000000000000,can1
632,1786725779.235413,617450.650526613,860,0,0,0,0,BUS_RX,8,C000000000000000,can1
633,1786725779.2840173,617450.69913028,862,0,0,0,0,BUS_RX,8,44594E4553532D4C,can1
634,1786725779.3340073,617450.749119613,863,0,0,0,0,BUS_RX,8,2BA4EB0E2A020000,can1
635,1786725779.3867738,617450.801887572,880,0,0,0,0,BUS_RX,8,44594E4553532D4C,can1
636,1786725779.3892696,617450.804375613,1023,0,0,0,0,BUS_RX,8,630F970000000001,can1
637,1786725779.4339392,617450.849050988,881,0,0,0,0,BUS_RX,8,2042415454455259,can1
638,1786725779.484008,617450.899120155,781,0,0,0,0,BUS_RX,8,640005001E013002,can1
639,1786725779.6352937,617451.050407488,1023,0,0,0,0,BUS_RX,8,630F990000000001,can1
640,1786725779.661887,617451.07699903,773,0,0,0,1,CERBO_TX,8,0000000000000000,can1
641,1786725779.662946,617451.078051947,775,0,0,0,1,CERBO_TX,8,1234567856494300,can1
642,1786725779.8851054,617451.300217988,1023,0,0,0,0,BUS_RX,8,630F970000000001,can1
643,1786725779.9341297,617451.349242363,783,0,0,0,0,BUS_RX,8,0000000000000000,can1
644,1786725779.9866207,617451.401730822,849,0,0,0,0,BUS_RX,8,35026004880FE001,can1
645,1786725780.0340312,617451.449143405,853,0,0,0,0,BUS_RX,8,6300640000000000,can1
646,1786725780.0840528,617451.499165447,854,0,0,0,0,BUS_RX,8,65150F00F0000000,can1
647,1786725780.1341767,617451.549289364,857,0,0,0,0,BUS_RX,8,0000000002000000,can1
648,1786725780.1355548,617451.55066253,1023,0,0,0,0,BUS_RX,8,630F980000000001,can1
649,1786725780.1841853,617451.599297614,858,0,0,0,0,BUS_RX,8,0000000000000000,can1
650,1786725780.2353382,617451.650451697,860,0,0,0,0,BUS_RX,8,C000000000000000,can1
651,1786725780.2839427,617451.699055989,862,0,0,0,0,BUS_RX,8,44594E4553532D4C,can1
652,1786725780.3340447,617451.749158572,863,0,0,0,0,BUS_RX,8,2BA4EB0E2A020000,can1
653,1786725780.3845222,617451.799633989,880,0,0,0,0,BUS_RX,8,44594E4553532D4C,can1
654,1786725780.3857741,617451.80088128,1023,0,0,0,0,BUS_RX,8,630F980000000001,can1
655,1786725780.4340148,617451.849127197,881,0,0,0,0,BUS_RX,8,2042415454455259,can1
656,1786725780.484224,617451.899337697,781,0,0,0,0,BUS_RX,8,640005001E013002,can1
657,1786725780.635612,617452.050725155,1023,0,0,0,0,BUS_RX,8,630F980000000001,can1
658,1786725780.6612692,617452.076382114,773,0,0,0,1,CERBO_TX,8,0000000000000000,can1
659,1786725780.6622443,617452.077351072,775,0,0,0,1,CERBO_TX,8,1234567856494300,can1
660,1786725780.885269,617452.300380864,1023,0,0,0,0,BUS_RX,8,630F980000000001,can1
661,1786725780.9343147,617452.349427781,783,0,0,0,0,BUS_RX,8,0000000000000000,can1
662,1786725780.983993,617452.399106781,849,0,0,0,0,BUS_RX,8,35026004880FE001,can1
663,1786725781.0353587,617452.450471322,853,0,0,0,0,BUS_RX,8,6300640000000000,can1
664,1786725781.0839553,617452.499067614,854,0,0,0,0,BUS_RX,8,65151200F0000000,can1
665,1786725781.1339686,617452.549081489,857,0,0,0,0,BUS_RX,8,0000000002000000,can1
666,1786725781.13519,617452.550298906,1023,0,0,0,0,BUS_RX,8,630F980000000001,can1
667,1786725781.1841266,617452.599239156,858,0,0,0,0,BUS_RX,8,0000000000000000,can1
668,1786725781.2340744,617452.649186489,860,0,0,0,0,BUS_RX,8,C000000000000000,can1
669,1786725781.2841039,617452.699216447,862,0,0,0,0,BUS_RX,8,44594E4553532D4C,can1
670,1786725781.335533,617452.750644906,863,0,0,0,0,BUS_RX,8,2BA4EB0E2A020000,can1
671,1786725781.3843405,617452.799452739,880,0,0,0,0,BUS_RX,8,44594E4553532D4C,can1
672,1786725781.3855886,617452.800696156,1023,0,0,0,0,BUS_RX,8,630F970000000001,can1
673,1786725781.4342473,617452.849359739,881,0,0,0,0,BUS_RX,8,2042415454455259,can1
674,1786725781.4839478,617452.899058864,781,0,0,0,0,BUS_RX,8,640005001E013002,can1
675,1786725781.633874,617453.048985698,1023,0,0,0,0,BUS_RX,8,630F970000000001,can1
676,1786725781.6615326,617453.076645739,773,0,0,0,1,CERBO_TX,8,0000000000000000,can1
677,1786725781.6626084,617453.077716864,775,0,0,0,1,CERBO_TX,8,1234567856494300,can1
678,1786725781.8838625,617453.298974739,1023,0,0,0,0,BUS_RX,8,630F980000000001,can1
679,1786725781.9340966,617453.349209573,783,0,0,0,0,BUS_RX,8,0000000000000000,can1
680,1786725781.9840796,617453.399191989,849,0,0,0,0,BUS_RX,8,35026004880FE001,can1
681,1786725782.0342293,617453.449342198,853,0,0,0,0,BUS_RX,8,6300640000000000,can1
682,1786725782.0838788,617453.498990823,854,0,0,0,0,BUS_RX,8,64151200F0000000,can1
683,1786725782.1339083,617453.549019615,857,0,0,0,0,BUS_RX,8,0000000002000000,can1
684,1786725782.1350555,617453.550163115,1023,0,0,0,0,BUS_RX,8,630F970000000001,can1
685,1786725782.1838627,617453.598975073,858,0,0,0,0,BUS_RX,8,0000000000000000,can1
686,1786725782.2338579,617453.648970323,860,0,0,0,0,BUS_RX,8,C000000000000000,can1
687,1786725782.2838905,617453.699001656,862,0,0,0,0,BUS_RX,8,44594E4553532D4C,can1
688,1786725782.333846,617453.748959115,863,0,0,0,0,BUS_RX,8,2BA4EB0E2A020000,can1
689,1786725782.3840759,617453.799189323,880,0,0,0,0,BUS_RX,8,44594E4553532D4C,can1
690,1786725782.385658,617453.800768156,1023,0,0,0,0,BUS_RX,8,630F980000000001,can1
691,1786725782.4338126,617453.848924156,881,0,0,0,0,BUS_RX,8,2042415454455259,can1
692,1786725782.4838407,617453.898952781,781,0,0,0,0,BUS_RX,8,640005001E013002,can1
693,1786725782.6338053,617454.048916948,1023,0,0,0,0,BUS_RX,8,630F970000000001,can1
694,1786725782.6617603,617454.076873323,773,0,0,0,1,CERBO_TX,8,0000000000000000,can1
695,1786725782.662869,617454.077977115,775,0,0,0,1,CERBO_TX,8,1234567856494300,can1
696,1786725782.8843024,617454.299413948,1023,0,0,0,0,BUS_RX,8,630F980000000001,can1
697,1786725782.9358165,617454.350930407,783,0,0,0,0,BUS_RX,8,0000000000000000,can1
698,1786725782.9838843,617454.398994198,849,0,0,0,0,BUS_RX,8,35026004880FE001,can1
699,1786725783.0341825,617454.449295073,853,0,0,0,0,BUS_RX,8,6300640000000000,can1
700,1786725783.0838015,617454.498913198,854,0,0,0,0,BUS_RX,8,64151100F0000000,can1
701,1786725783.1347432,617454.549856532,857,0,0,0,0,BUS_RX,8,0000000002000000,can1
702,1786725783.1362343,617454.551341657,1023,0,0,0,0,BUS_RX,8,630F970000000001,can1
703,1786725783.1840527,617454.599166115,858,0,0,0,0,BUS_RX,8,0000000000000000,can1
704,1786725783.2339385,617454.649050865,860,0,0,0,0,BUS_RX,8,C000000000000000,can1
705,1786725783.2838335,617454.698946907,862,0,0,0,0,BUS_RX,8,44594E4553532D4C,can1
706,1786725783.3338797,617454.74899174,863,0,0,0,0,BUS_RX,8,2BA4EB0E2A020000,can1
707,1786725783.386923,617454.802035532,880,0,0,0,0,BUS_RX,8,44594E4553532D4C,can1
708,1786725783.3879635,617454.803071907,1023,0,0,0,0,BUS_RX,8,630F980000000001,can1
709,1786725783.4339957,617454.84910774,881,0,0,0,0,BUS_RX,8,2042415454455259,can1
710,1786725783.4839292,617454.899041782,781,0,0,0,0,BUS_RX,8,640005001E013002,can1
711,1786725783.633824,617455.04893574,1023,0,0,0,0,BUS_RX,8,630F990000000001,can1
712,1786725783.6615033,617455.076615449,773,0,0,0,1,CERBO_TX,8,0000000000000000,can1
713,1786725783.663837,617455.078948657,775,0,0,0,1,CERBO_TX,8,1234567856494300,can1
714,1786725783.8838701,617455.298982199,1023,0,0,0,0,BUS_RX,8,630F980000000001,can1
715,1786725783.9338171,617455.34892899,783,0,0,0,0,BUS_RX,8,0000000000000000,can1
716,1786725783.9837654,617455.398877865,849,0,0,0,0,BUS_RX,8,35026004880FE001,can1
717,1786725784.036398,617455.451506907,853,0,0,0,0,BUS_RX,8,6300640000000000,can1
718,1786725784.0838394,617455.498951699,854,0,0,0,0,BUS_RX,8,65150F00F0000000,can1
719,1786725784.1339514,617455.54906424,857,0,0,0,0,BUS_RX,8,0000000002000000,can1
720,1786725784.135194,617455.550302449,1023,0,0,0,0,BUS_RX,8,630F980000000001,can1
721,1786725784.1839154,617455.599026532,858,0,0,0,0,BUS_RX,8,0000000000000000,can1
722,1786725784.2338316,617455.648943782,860,0,0,0,0,BUS_RX,8,C000000000000000,can1
723,1786725784.2837987,617455.698911616,862,0,0,0,0,BUS_RX,8,44594E4553532D4C,can1
724,1786725784.333852,617455.748964532,863,0,0,0,0,BUS_RX,8,2BA4EB0E2A020000,can1
725,1786725784.3837833,617455.798895866,880,0,0,0,0,BUS_RX,8,44594E4553532D4C,can1
726,1786725784.3852992,617455.800427782,1023,0,0,0,0,BUS_RX,8,630F970000000001,can1
727,1786725784.434344,617455.849457074,881,0,0,0,0,BUS_RX,8,2042415454455259,can1
728,1786725784.4851098,617455.900216574,781,0,0,0,0,BUS_RX,8,640005001E013002,can1
729,1786725784.6353385,617456.050451616,1023,0,0,0,0,BUS_RX,8,630F970000000001,can1
730,1786725784.6627066,617456.077818074,773,0,0,0,1,CERBO_TX,8,0000000000000000,can1
731,1786725784.6638536,617456.078959449,775,0,0,0,1,CERBO_TX,8,1234567856494300,can1
732,1786725784.8840308,617456.302879741,1023,0,0,0,0,BUS_RX,8,630F970000000001,can1
733,1786725784.9346604,617456.349772491,783,0,0,0,0,BUS_RX,8,0000000000000000,can1
734,1786725784.9843843,617456.399497241,849,0,0,0,0,BUS_RX,8,35026004880FE001,can1
735,1786725785.0339055,617456.449036199,853,0,0,0,0,BUS_RX,8,6300640000000000,can1
736,1786725785.0838702,617456.498983324,854,0,0,0,0,BUS_RX,8,66151200F0000000,can1
737,1786725785.1340268,617456.549139033,857,0,0,0,0,BUS_RX,8,0000000002000000,can1
738,1786725785.1351612,617456.550269991,1023,0,0,0,0,BUS_RX,8,630F980000000001,can1
739,1786725785.1840901,617456.599202408,858,0,0,0,0,BUS_RX,8,0000000000000000,can1
740,1786725785.2342165,617456.649328658,860,0,0,0,0,BUS_RX,8,C000000000000000,can1
741,1786725785.28403,617456.699141616,862,0,0,0,0,BUS_RX,8,44594E4553532D4C,can1
742,1786725785.333757,617456.748870158,863,0,0,0,0,BUS_RX,8,2BA4EB0E2A020000,can1
743,1786725785.3838205,617456.798933366,880,0,0,0,0,BUS_RX,8,44594E4553532D4C,can1
744,1786725785.3848164,617456.799922824,1023,0,0,0,0,BUS_RX,8,630F980000000001,can1
745,1786725785.434728,617456.849836824,881,0,0,0,0,BUS_RX,8,2042415454455259,can1
746,1786725785.483965,617456.899077658,781,0,0,0,0,BUS_RX,8,640005001E013002,can1
747,1786725785.6338062,617457.048919033,1023,0,0,0,0,BUS_RX,8,630F970000000001,can1
748,1786725785.6634111,617457.078523158,773,0,0,0,1,CERBO_TX,8,0000000000000000,can1
749,1786725785.6645913,617457.07969945,775,0,0,0,1,CERBO_TX,8,1234567856494300,can1
750,1786725785.8839824,617457.299114991,1023,0,0,0,0,BUS_RX,8,630F980000000001,can1
751,1786725785.9363413,617457.351454283,783,0,0,0,0,BUS_RX,8,0000000000000000,can1
752,1786725785.9852724,617457.40038545,849,0,0,0,0,BUS_RX,8,35026004880FE001,can1
753,1786725786.0342882,617457.449400366,853,0,0,0,0,BUS_RX,8,6300640000000000,can1
754,1786725786.0851383,617457.500277658,854,0,0,0,0,BUS_RX,8,65151100F0000000,can1
755,1786725786.1365514,617457.551665283,857,0,0,0,0,BUS_RX,8,0000000002000000,can1
756,1786725786.1379185,617457.553026616,1023,0,0,0,0,BUS_RX,8,630F970000000001,can1
757,1786725786.1840675,617457.599181116,858,0,0,0,0,BUS_RX,8,0000000000000000,can1
758,1786725786.233945,617457.649056991,860,0,0,0,0,BUS_RX,8,C000000000000000,can1
759,1786725786.2838871,617457.698999366,862,0,0,0,0,BUS_RX,8,44594E4553532D4C,can1
760,1786725786.3337054,617457.748834367,863,0,0,0,0,BUS_RX,8,2BA4EB0E2A020000,can1
761,1786725786.3838441,617457.798956158,880,0,0,0,0,BUS_RX,8,44594E4553532D4C,can1
762,1786725786.3851283,617457.800238242,1023,0,0,0,0,BUS_RX,8,630F980000000001,can1
763,1786725786.4337654,617457.848879075,881,0,0,0,0,BUS_RX,8,2042415454455259,can1
764,1786725786.4853067,617457.900420492,781,0,0,0,0,BUS_RX,8,640005001E013002,can1
765,1786725786.6338196,617458.0489332,1023,0,0,0,0,BUS_RX,8,630F980000000001,can1
766,1786725786.6601248,617458.075236783,773,0,0,0,1,CERBO_TX,8,0000000000000000,can1
767,1786725786.661078,617458.076183908,775,0,0,0,1,CERBO_TX,8,1234567856494300,can1
768,1786725786.8857117,617458.300825158,1023,0,0,0,0,BUS_RX,8,630F970000000001,can1
769,1786725786.9340804,617458.349193242,783,0,0,0,0,BUS_RX,8,0000000000000000,can1
770,1786725786.985688,617458.4008032,849,0,0,0,0,BUS_RX,8,35026004880FE001,can1
771,1786725787.0337603,617458.4488742,853,0,0,0,0,BUS_RX,8,6300640000000000,can1
772,1786725787.0843754,617458.499484242,854,0,0,0,0,BUS_RX,8,65151000F0000000,can1
773,1786725787.136541,617458.551654325,857,0,0,0,0,BUS_RX,8,0000000002000000,can1
774,1786725787.1377082,617458.55281695,1023,0,0,0,0,BUS_RX,8,630F980000000001,can1
775,1786725787.1840239,617458.599137284,858,0,0,0,0,BUS_RX,8,0000000000000000,can1
776,1786725787.2353435,617458.650456992,860,0,0,0,0,BUS_RX,8,C000000000000000,can1
777,1786725787.2840147,617458.69912645,862,0,0,0,0,BUS_RX,8,44594E4553532D4C,can1
778,1786725787.3338087,617458.748919617,863,0,0,0,0,BUS_RX,8,2BA4EB0E2A020000,can1
779,1786725787.385237,617458.800351117,880,0,0,0,0,BUS_RX,8,44594E4553532D4C,can1
780,1786725787.3862147,617458.801320867,1023,0,0,0,0,BUS_RX,8,630F970000000001,can1
781,1786725787.4338,617458.848911659,881,0,0,0,0,BUS_RX,8,2042415454455259,can1
782,1786725787.4847834,617458.899895284,781,0,0,0,0,BUS_RX,8,640005001E013002,can1
783,1786725787.634128,617459.049242242,1023,0,0,0,0,BUS_RX,8,630F980000000001,can1
784,1786725787.6606462,617459.07575895,773,0,0,0,1,CERBO_TX,8,0000000000000000,can1
785,1786725787.6616013,617459.076707575,775,0,0,0,1,CERBO_TX,8,1234567856494300,can1
786,1786725787.884158,617459.299270867,1023,0,0,0,0,BUS_RX,8,630F970000000001,can1
787,1786725787.9336216,617459.348734992,783,0,0,0,0,BUS_RX,8,0000000000000000,can1
788,1786725787.9836013,617459.398713284,849,0,0,0,0,BUS_RX,8,35026004880FE001,can1
789,1786725788.0336897,617459.448802367,853,0,0,0,0,BUS_RX,8,6300640000000000,can1
790,1786725788.0837557,617459.498867701,854,0,0,0,0,BUS_RX,8,65151100F0000000,can1
791,1786725788.1336226,617459.548734992,857,0,0,0,0,BUS_RX,8,0000000002000000,can1
792,1786725788.1346889,617459.549795617,1023,0,0,0,0,BUS_RX,8,630F980000000001,can1
793,1786725788.1836379,617459.598750242,858,0,0,0,0,BUS_RX,8,0000000000000000,can1
794,1786725788.2335486,617459.648660784,860,0,0,0,0,BUS_RX,8,C000000000000000,can1
795,1786725788.28361,617459.698722784,862,0,0,0,0,BUS_RX,8,44594E4553532D4C,can1
796,1786725788.3335826,617459.748695284,863,0,0,0,0,BUS_RX,8,2BA4EB0E2A020000,can1
797,1786725788.383619,617459.798732242,880,0,0,0,0,BUS_RX,8,44594E4553532D4C,can1
798,1786725788.3846488,617459.799758159,1023,0,0,0,0,BUS_RX,8,630F970000000001,can1
799,1786725788.4335668,617459.848678326,881,0,0,0,0,BUS_RX,8,2042415454455259,can1
800,1786725788.4835415,617459.898653701,781,0,0,0,0,BUS_RX,8,640005001E013002,can1
801,1786725788.6348777,617460.049990409,1023,0,0,0,0,BUS_RX,8,630F970000000001,can1
802,1786725788.661196,617460.076308409,773,0,0,0,1,CERBO_TX,8,0000000000000000,can1
803,1786725788.6622546,617460.077362118,775,0,0,0,1,CERBO_TX,8,1234567856494300,can1
804,1786725788.8838096,617460.298921284,1023,0,0,0,0,BUS_RX,8,630F970000000001,can1
805,1786725788.9341383,617460.349251409,783,0,0,0,0,BUS_RX,8,0000000000000000,can1
806,1786725788.9836423,617460.398753743,849,0,0,0,0,BUS_RX,8,35026004880FE001,can1
807,1786725789.0335393,617460.448650659,853,0,0,0,0,BUS_RX,8,6300640000000000,can1
808,1786725789.0835128,617460.498624701,854,0,0,0,0,BUS_RX,8,66151200F0000000,can1
809,1786725789.135331,617460.550442493,857,0,0,0,0,BUS_RX,8,0000000002000000,can1
810,1786725789.1363428,617460.551450576,1023,0,0,0,0,BUS_RX,8,630F980000000001,can1
811,1786725789.1865401,617460.601651868,858,0,0,0,0,BUS_RX,8,0000000000000000,can1
812,1786725789.2347617,617460.649873826,860,0,0,0,0,BUS_RX,8,C000000000000000,can1
813,1786725789.2835288,617460.698640118,862,0,0,0,0,BUS_RX,8,44594E4553532D4C,can1
814,1786725789.3335025,617460.748614701,863,0,0,0,0,BUS_RX,8,2BA4EB0E2A020000,can1
815,1786725789.3835292,617460.79864166,880,0,0,0,0,BUS_RX,8,44594E4553532D4C,can1
816,1786725789.3847573,617460.799864951,1023,0,0,0,0,BUS_RX,8,630F990000000001,can1
817,1786725789.4335008,617460.848612743,881,0,0,0,0,BUS_RX,8,2042415454455259,can1
818,1786725789.4835563,617460.898668076,781,0,0,0,0,BUS_RX,8,640005001E013002,can1
819,1786725789.6335137,617461.048626201,1023,0,0,0,0,BUS_RX,8,630F980000000001,can1
820,1786725789.6617925,617461.07690566,773,0,0,0,1,CERBO_TX,8,0000000000000000,can1
821,1786725789.6629012,617461.07801091,775,0,0,0,1,CERBO_TX,8,1234567856494300,can1
822,1786725789.8834896,617461.29860191,1023,0,0,0,0,BUS_RX,8,630F970000000001,can1
823,1786725789.9335854,617461.348697577,783,0,0,0,0,BUS_RX,8,0000000000000000,can1
824,1786725789.983486,617461.398598327,849,0,0,0,0,BUS_RX,8,35026004880FE001,can1
825,1786725790.0335133,617461.44862566,853,0,0,0,0,BUS_RX,8,6300640000000000,can1
826,1786725790.083579,617461.498691868,854,0,0,0,0,BUS_RX,8,66150F00F0000000,can1
827,1786725790.1336126,617461.548724993,857,0,0,0,0,BUS_RX,8,0000000002000000,can1
828,1786725790.1345801,617461.549686702,1023,0,0,0,0,BUS_RX,8,630F970000000001,can1
829,1786725790.183622,617461.598732952,858,0,0,0,0,BUS_RX,8,0000000000000000,can1
830,1786725790.2335112,617461.648622993,860,0,0,0,0,BUS_RX,8,C000000000000000,can1
831,1786725790.2834864,617461.698598702,862,0,0,0,0,BUS_RX,8,44594E4553532D4C,can1
832,1786725790.3340132,617461.74912541,863,0,0,0,0,BUS_RX,8,2BA4EB0E2A020000,can1
833,1786725790.3880503,617461.803165243,880,0,0,0,0,BUS_RX,8,44594E4553532D4C,can1
834,1786725790.389284,617461.804401452,1023,0,0,0,0,BUS_RX,8,630F970000000001,can1
835,1786725790.4339163,617461.84902841,881,0,0,0,0,BUS_RX,8,2042415454455259,can1
836,1786725790.4837372,617461.898850285,781,0,0,0,0,BUS_RX,8,640005001E013002,can1
837,1786725790.6336029,617462.048715577,1023,0,0,0,0,BUS_RX,8,630F980000000001,can1
838,1786725790.6635075,617462.078636577,773,0,0,0,1,CERBO_TX,8,0000000000000000,can1
839,1786725790.6648302,617462.079937577,775,0,0,0,1,CERBO_TX,8,1234567856494300,can1
840,1786725790.884023,617462.29913616,1023,0,0,0,0,BUS_RX,8,630F980000000001,can1
841,1786725790.9354777,617462.35059191,783,0,0,0,0,BUS_RX,8,0000000000000000,can1
842,1786725790.9837162,617462.398830119,849,0,0,0,0,BUS_RX,8,35026004880FE001,can1
843,1786725791.0336235,617462.448736702,853,0,0,0,0,BUS_RX,8,6300640000000000,can1
844,1786725791.0835574,617462.498669452,854,0,0,0,0,BUS_RX,8,65151000F0000000,can1
845,1786725791.1337497,617462.548862327,857,0,0,0,0,BUS_RX,8,0000000002000000,can1
846,1786725791.1347783,617462.549885119,1023,0,0,0,0,BUS_RX,8,630F970000000001,can1
847,1786725791.1838343,617462.598946619,858,0,0,0,0,BUS_RX,8,0000000000000000,can1
848,1786725791.235212,617462.650324786,860,0,0,0,0,BUS_RX,8,C000000000000000,can1
849,1786725791.2847595,617462.699872369,862,0,0,0,0,BUS_RX,8,44594E4553532D4C,can1
850,1786725791.3334222,617462.748533202,863,0,0,0,0,BUS_RX,8,2BA4EB0E2A020000,can1
851,1786725791.3853533,617462.800466536,880,0,0,0,0,BUS_RX,8,44594E4553532D4C,can1
852,1786725791.3864899,617462.801596327,1023,0,0,0,0,BUS_RX,8,630F970000000001,can1
853,1786725791.4335115,617462.848624536,881,0,0,0,0,BUS_RX,8,2042415454455259,can1
854,1786725791.4837003,617462.898810244,781,0,0,0,0,BUS_RX,8,640005001E013002,can1
855,1786725791.6334665,617463.048580327,1023,0,0,0,0,BUS_RX,8,630F980000000001,can1
856,1786725791.6632047,617463.078315994,773,0,0,0,1,CERBO_TX,8,0000000000000000,can1
857,1786725791.6641955,617463.079303286,775,0,0,0,1,CERBO_TX,8,1234567856494300,can1
858,1786725791.8852484,617463.300361286,1023,0,0,0,0,BUS_RX,8,630F980000000001,can1
859,1786725791.9336233,617463.348736078,783,0,0,0,0,BUS_RX,8,0000000000000000,can1
860,1786725791.9836128,617463.398727911,849,0,0,0,0,BUS_RX,8,35026004880FE001,can1
861,1786725792.0357487,617463.450861411,853,0,0,0,0,BUS_RX,8,6300640000000000,can1
862,1786725792.0834138,617463.498525536,854,0,0,0,0,BUS_RX,8,64151000F0000000,can1
863,1786725792.1337242,617463.548845578,857,0,0,0,0,BUS_RX,8,0000000002000000,can1
864,1786725792.1348267,617463.549933119,1023,0,0,0,0,BUS_RX,8,630F990000000001,can1
865,1786725792.1834407,617463.598570036,858,0,0,0,0,BUS_RX,8,0000000000000000,can1
866,1786725792.240236,617463.655349578,860,0,0,0,0,BUS_RX,8,C000000000000000,can1
867,1786725792.2835746,617463.698687036,862,0,0,0,0,BUS_RX,8,44594E4553532D4C,can1
868,1786725792.3336594,617463.748771494,863,0,0,0,0,BUS_RX,8,2BA4EB0E2A020000,can1
869,1786725792.386702,617463.801810536,880,0,0,0,0,BUS_RX,8,44594E4553532D4C,can1
870,1786725792.3877215,617463.802827578,1023,0,0,0,0,BUS_RX,8,630F990000000001,can1
871,1786725792.4333396,617463.848451786,881,0,0,0,0,BUS_RX,8,2042415454455259,can1
872,1786725792.4834938,617463.898620911,781,0,0,0,0,BUS_RX,8,640005001E013002,can1
873,1786725792.633847,617464.048962453,1023,0,0,0,0,BUS_RX,8,630F980000000001,can1
874,1786725792.6599603,617464.075072911,773,0,0,0,1,CERBO_TX,8,0000000000000000,can1
875,1786725792.6609256,617464.076032203,775,0,0,0,1,CERBO_TX,8,1234567856494300,can1
876,1786725792.8860803,617464.301194245,1023,0,0,0,0,BUS_RX,8,630F970000000001,can1
877,1786725792.9334104,617464.34852312,783,0,0,0,0,BUS_RX,8,0000000000000000,can1
878,1786725792.9835763,617464.398689245,849,0,0,0,0,BUS_RX,8,35026004880FE001,can1
879,1786725793.0392976,617464.45441462,853,0,0,0,0,BUS_RX,8,6300640000000000,can1
880,1786725793.0838656,617464.498977995,854,0,0,0,0,BUS_RX,8,65151000F0000000,can1
881,1786725793.1481004,617464.563211911,857,0,0,0,0,BUS_RX,8,0000000002000000,can1
882,1786725793.1491466,617464.564255203,1023,0,0,0,0,BUS_RX,8,630F980000000001,can1
883,1786725793.1835325,617464.598644203,858,0,0,0,0,BUS_RX,8,0000000000000000,can1
884,1786725793.233743,617464.648855536,860,0,0,0,0,BUS_RX,8,C000000000000000,can1
885,1786725793.2835364,617464.69864837,862,0,0,0,0,BUS_RX,8,44594E4553532D4C,can1
886,1786725793.3335614,617464.748673495,863,0,0,0,0,BUS_RX,8,2BA4EB0E2A020000,can1
887,1786725793.3895006,617464.804613287,880,0,0,0,0,BUS_RX,8,44594E4553532D4C,can1
888,1786725793.3906415,617464.805749787,1023,0,0,0,0,BUS_RX,8,630F960000000001,can1
889,1786725793.433837,617464.848949578,881,0,0,0,0,BUS_RX,8,2042415454455259,can1
890,1786725793.4853182,617464.900431495,781,0,0,0,0,BUS_RX,8,640005001E013002,can1
891,1786725793.6333964,617465.048509162,1023,0,0,0,0,BUS_RX,8,630F980000000001,can1
892,1786725793.6656222,617465.080734828,773,0,0,0,1,CERBO_TX,8,0000000000000000,can1
893,1786725793.6666853,617465.081793453,775,0,0,0,1,CERBO_TX,8,1234567856494300,can1
894,1786725793.883924,617465.29903737,1023,0,0,0,0,BUS_RX,8,630F970000000001,can1
895,1786725793.9354913,617465.350605287,783,0,0,0,0,BUS_RX,8,0000000000000000,can1
896,1786725793.9833672,617465.39848187,849,0,0,0,0,BUS_RX,8,35026004880FE001,can1
897,1786725794.033338,617465.448450495,853,0,0,0,0,BUS_RX,8,6300640000000000,can1
898,1786725794.0851903,617465.500317079,854,0,0,0,0,BUS_RX,8,66151000F0000000,can1
899,1786725794.133534,617465.548648287,857,0,0,0,0,BUS_RX,8,0000000002000000,can1
900,1786725794.1347318,617465.54984012,1023,0,0,0,0,BUS_RX,8,630F970000000001,can1
901,1786725794.1835265,617465.59863837,858,0,0,0,0,BUS_RX,8,0000000000000000,can1
902,1786725794.2337375,617465.64885137,860,0,0,0,0,BUS_RX,8,C000000000000000,can1
903,1786725794.2847552,617465.699868204,862,0,0,0,0,BUS_RX,8,44594E4553532D4C,can1
904,1786725794.333607,617465.748720912,863,0,0,0,0,BUS_RX,8,2BA4EB0E2A020000,can1
905,1786725794.3833582,617465.79847112,880,0,0,0,0,BUS_RX,8,44594E4553532D4C,can1
906,1786725794.384674,617465.799781954,1023,0,0,0,0,BUS_RX,8,630F970000000001,can1
907,1786725794.433328,617465.848440662,881,0,0,0,0,BUS_RX,8,2042415454455259,can1
908,1786725794.48561,617465.900719537,781,0,0,0,0,BUS_RX,8,640005001E013002,can1
909,1786725794.6332278,617466.04834012,1023,0,0,0,0,BUS_RX,8,630F970000000001,can1
910,1786725794.6611888,617466.076302329,773,0,0,0,1,CERBO_TX,8,0000000000000000,can1
911,1786725794.6624184,617466.077526329,775,0,0,0,1,CERBO_TX,8,1234567856494300,can1
912,1786725794.883811,617466.298923746,1023,0,0,0,0,BUS_RX,8,630F980000000001,can1
913,1786725794.9352841,617466.350396537,783,0,0,0,0,BUS_RX,8,0000000000000000,can1
914,1786725794.983402,617466.398513954,849,0,0,0,0,BUS_RX,8,35026004880FE001,can1
915,1786725795.0332408,617466.448352662,853,0,0,0,0,BUS_RX,8,6300640000000000,can1
916,1786725795.0835469,617466.498659246,854,0,0,0,0,BUS_RX,8,65151000F0000000,can1
917,1786725795.1333652,617466.548478371,857,0,0,0,0,BUS_RX,8,0000000002000000,can1
918,1786725795.134528,617466.549643329,1023,0,0,0,0,BUS_RX,8,630F990000000001,can1
919,1786725795.183353,617466.598464746,858,0,0,0,0,BUS_RX,8,0000000000000000,can1
920,1786725795.2332711,617466.648383121,860,0,0,0,0,BUS_RX,8,C000000000000000,can1
921,1786725795.283218,617466.698330454,862,0,0,0,0,BUS_RX,8,44594E4553532D4C,can1
922,1786725795.333236,617466.748347537,863,0,0,0,0,BUS_RX,8,2BA4EB0E2A020000,can1
923,1786725795.3844266,617466.799539079,880,0,0,0,0,BUS_RX,8,44594E4553532D4C,can1
924,1786725795.3860419,617466.801148496,1023,0,0,0,0,BUS_RX,8,630F990000000001,can1
925,1786725795.4331892,617466.848301038,881,0,0,0,0,BUS_RX,8,2042415454455259,can1
926,1786725795.484042,617466.899153913,781,0,0,0,0,BUS_RX,8,640005001E013002,can1
927,1786725795.6427953,617467.057907121,1023,0,0,0,0,BUS_RX,8,630F980000000001,can1
928,1786725795.660224,617467.075335704,773,0,0,0,1,CERBO_TX,8,0000000000000000,can1
929,1786725795.6612508,617467.076357663,775,0,0,0,1,CERBO_TX,8,1234567856494300,can1
930,1786725795.8832784,617467.298390413,1023,0,0,0,0,BUS_RX,8,630F980000000001,can1
931,1786725795.9332893,617467.348401954,783,0,0,0,0,BUS_RX,8,0000000000000000,can1
932,1786725795.9832144,617467.398327246,849,0,0,0,0,BUS_RX,8,35026004880FE001,can1
933,1786725796.035273,617467.450384996,853,0,0,0,0,BUS_RX,8,6300640000000000,can1
934,1786725796.0835857,617467.498698121,854,0,0,0,0,BUS_RX,8,65150E00F0000000,can1
935,1786725796.1331894,617467.548300371,857,0,0,0,0,BUS_RX,8,0000000002000000,can1
936,1786725796.1341512,617467.549257955,1023,0,0,0,0,BUS_RX,8,630F980000000001,can1
937,1786725796.1838887,617467.599001996,858,0,0,0,0,BUS_RX,8,0000000000000000,can1
938,1786725796.2332103,617467.648320371,860,0,0,0,0,BUS_RX,8,C000000000000000,can1
939,1786725796.2831948,617467.698307288,862,0,0,0,0,BUS_RX,8,44594E4553532D4C,can1
940,1786725796.3331716,617467.748282163,863,0,0,0,0,BUS_RX,8,2BA4EB0E2A020000,can1
941,1786725796.3832436,617467.798355538,880,0,0,0,0,BUS_RX,8,44594E4553532D4C,can1
942,1786725796.3853006,617467.80041258,1023,0,0,0,0,BUS_RX,8,630F980000000001,can1
943,1786725796.4332147,617467.848325705,881,0,0,0,0,BUS_RX,8,2042415454455259,can1
944,1786725796.4831963,617467.898308663,781,0,0,0,0,BUS_RX,8,640005001E013002,can1
945,1786725796.635177,617468.050288163,1023,0,0,0,0,BUS_RX,8,630F980000000001,can1
946,1786725796.660001,617468.075113205,773,0,0,0,1,CERBO_TX,8,0000000000000000,can1
947,1786725796.6615531,617468.076662496,775,0,0,0,1,CERBO_TX,8,1234567856494300,can1
948,1786725796.8834262,617468.298538747,1023,0,0,0,0,BUS_RX,8,630F990000000001,can1
949,1786725796.9334412,617468.348568497,783,0,0,0,0,BUS_RX,8,0000000000000000,can1
950,1786725796.9840443,617468.399158247,849,0,0,0,0,BUS_RX,8,35026004880FE001,can1
951,1786725797.0334322,617468.448546205,853,0,0,0,0,BUS_RX,8,6300640000000000,can1
952,1786725797.0833228,617468.498435872,854,0,0,0,0,BUS_RX,8,65150F00F0000000,can1
953,1786725797.1353753,617468.550488705,857,0,0,0,0,BUS_RX,8,0000000002000000,can1
954,1786725797.1364043,617468.551510747,1023,0,0,0,0,BUS_RX,8,630F970000000001,can1
955,1786725797.1840868,617468.599196747,858,0,0,0,0,BUS_RX,8,0000000000000000,can1
956,1786725797.2332091,617468.648321913,860,0,0,0,0,BUS_RX,8,C000000000000000,can1
957,1786725797.283127,617468.698238538,862,0,0,0,0,BUS_RX,8,44594E4553532D4C,can1
958,1786725797.333143,617468.748254705,863,0,0,0,0,BUS_RX,8,2BA4EB0E2A020000,can1
959,1786725797.3832293,617468.798342038,880,0,0,0,0,BUS_RX,8,44594E4553532D4C,can1
960,1786725797.3843875,617468.799500705,1023,0,0,0,0,BUS_RX,8,630F980000000001,can1
961,1786725797.4330692,617468.848181247,881,0,0,0,0,BUS_RX,8,2042415454455259,can1
962,1786725797.4832106,617468.898323455,781,0,0,0,0,BUS_RX,8,640005001E013002,can1
963,1786725797.6331985,617469.048310039,1023,0,0,0,0,BUS_RX,8,630F990000000001,can1
964,1786725797.6611466,617469.07625808,773,0,0,0,1,CERBO_TX,8,0000000000000000,can1
965,1786725797.662304,617469.077409664,775,0,0,0,1,CERBO_TX,8,1234567856494300,can1
966,1786725797.8831964,617469.298309539,1023,0,0,0,0,BUS_RX,8,630F990000000001,can1
967,1786725797.934425,617469.349536705,783,0,0,0,0,BUS_RX,8,0000000000000000,can1
968,1786725797.9834037,617469.398517539,849,0,0,0,0,BUS_RX,8,35026004880FE001,can1
969,1786725798.0334034,617469.448511705,853,0,0,0,0,BUS_RX,8,6300640000000000,can1
970,1786725798.0855997,617469.500711539,854,0,0,0,0,BUS_RX,8,66150F00F0000000,can1
971,1786725798.1334646,617469.548577247,857,0,0,0,0,BUS_RX,8,0000000002000000,can1
972,1786725798.1420822,617469.557191705,1023,0,0,0,0,BUS_RX,8,630F990000000001,can1
973,1786725798.1832392,617469.598352247,858,0,0,0,0,BUS_RX,8,0000000000000000,can1
974,1786725798.2333627,617469.648478789,860,0,0,0,0,BUS_RX,8,C000000000000000,can1
975,1786725798.2852874,617469.700400456,862,0,0,0,0,BUS_RX,8,44594E4553532D4C,can1
976,1786725798.333293,617469.748406122,863,0,0,0,0,BUS_RX,8,2BA4EB0E2A020000,can1
977,1786725798.3833613,617469.798473122,880,0,0,0,0,BUS_RX,8,44594E4553532D4C,can1
978,1786725798.384353,617469.799460789,1023,0,0,0,0,BUS_RX,8,630F9B0000000001,can1
979,1786725798.433111,617469.848224164,881,0,0,0,0,BUS_RX,8,2042415454455259,can1
980,1786725798.4838703,617469.898982414,781,0,0,0,0,BUS_RX,8,640005001E013002,can1
981,1786725798.633894,617470.049005372,1023,0,0,0,0,BUS_RX,8,630F9F0000000001,can1
982,1786725798.6613717,617470.076485247,773,0,0,0,1,CERBO_TX,8,0000000000000000,can1
983,1786725798.6626146,617470.077723331,775,0,0,0,1,CERBO_TX,8,1234567856494300,can1
984,1786725798.8832352,617470.298355456,1023,0,0,0,0,BUS_RX,8,630F9A0000000001,can1
985,1786725798.9333363,617470.348449539,783,0,0,0,0,BUS_RX,8,0000000000000000,can1
986,1786725798.9926236,617470.407736581,849,0,0,0,0,BUS_RX,8,35026004880FE001,can1
987,1786725799.0353744,617470.450530664,853,0,0,0,0,BUS_RX,8,6300640000000000,can1
988,1786725799.0831804,617470.498292414,854,0,0,0,0,BUS_RX,8,65150400F0000000,can1
989,1786725799.1331875,617470.548300164,857,0,0,0,0,BUS_RX,8,0000000002000000,can1
990,1786725799.1345377,617470.549647581,1023,0,0,0,0,BUS_RX,8,630F9D0000000001,can1
991,1786725799.1853426,617470.600456039,858,0,0,0,0,BUS_RX,8,0000000000000000,can1
992,1786725799.234455,617470.649568456,860,0,0,0,0,BUS_RX,8,C000000000000000,can1
993,1786725799.2868984,617470.702009498,862,0,0,0,0,BUS_RX,8,44594E4553532D4C,can1
994,1786725799.333162,617470.748274289,863,0,0,0,0,BUS_RX,8,2BA4EB0E2A020000,can1
995,1786725799.3831587,617470.798271664,880,0,0,0,0,BUS_RX,8,44594E4553532D4C,can1
996,1786725799.384167,617470.799273664,1023,0,0,0,0,BUS_RX,8,630F9E0000000001,can1
997,1786725799.4331722,617470.848286081,881,0,0,0,0,BUS_RX,8,2042415454455259,can1
998,1786725799.4836566,617470.898769873,781,0,0,0,0,BUS_RX,8,640005001E013002,can1
999,1786725799.6380231,617471.053135248,1023,0,0,0,0,BUS_RX,8,630F9B0000000001,can1
1000,1786725799.6606188,617471.075731373,773,0,0,0,1,CERBO_TX,8,0000000000000000,can1
1001,1786725799.6660714,617471.081180165,775,0,0,0,1,CERBO_TX,8,1234567856494300,can1
1002,1786725799.883208,617471.298320623,1023,0,0,0,0,BUS_RX,8,630F990000000001,can1
1003,1786725799.9334822,617471.348595956,783,0,0,0,0,BUS_RX,8,0000000000000000,can1
1004,1786725799.9833813,617471.398495373,849,0,0,0,0,BUS_RX,8,35026004880FE001,can1
1005,1786725800.0362391,617471.451355623,853,0,0,0,0,BUS_RX,8,6300640000000000,can1
1006,1786725800.0885692,617471.503682081,854,0,0,0,0,BUS_RX,8,65150A00F0000000,can1
1007,1786725800.1334724,617471.548585456,857,0,0,0,0,BUS_RX,8,0000000002000000,can1
1008,1786725800.135416,617471.55052729,1023,0,0,0,0,BUS_RX,8,630F980000000001,can1
1009,1786725800.1835127,617471.59864679,858,0,0,0,0,BUS_RX,8,0000000000000000,can1
1010,1786725800.2353141,617471.650427748,860,0,0,0,0,BUS_RX,8,C000000000000000,can1
1011,1786725800.283096,617471.698208456,862,0,0,0,0,BUS_RX,8,44594E4553532D4C,can1
1012,1786725800.3331082,617471.748221665,863,0,0,0,0,BUS_RX,8,2BA4EB0E2A020000,can1
1013,1786725800.3873477,617471.802459832,880,0,0,0,0,BUS_RX,8,44594E4553532D4C,can1
1014,1786725800.3883867,617471.803494457,1023,0,0,0,0,BUS_RX,8,630F990000000001,can1
1015,1786725800.433467,617471.848579332,881,0,0,0,0,BUS_RX,8,2042415454455259,can1
1016,1786725800.4831982,617471.898310332,781,0,0,0,0,BUS_RX,8,640005001E013002,can1
1017,1786725800.633137,617472.048250165,1023,0,0,0,0,BUS_RX,8,630F990000000001,can1
1018,1786725800.6611495,617472.07626354,773,0,0,0,1,CERBO_TX,8,0000000000000000,can1
1019,1786725800.6622713,617472.077379123,775,0,0,0,1,CERBO_TX,8,1234567856494300,can1
1020,1786725800.8854616,617472.30057379,1023,0,0,0,0,BUS_RX,8,630F990000000001,can1
1021,1786725800.933385,617472.348512665,783,0,0,0,0,BUS_RX,8,0000000000000000,can1
1022,1786725800.9830272,617472.398134665,849,0,0,0,0,BUS_RX,8,35026004880FE001,can1
1023,1786725801.035689,617472.450802665,853,0,0,0,0,BUS_RX,8,6300640000000000,can1
1024,1786725801.0830374,617472.498147999,854,0,0,0,0,BUS_RX,8,65150F00F0000000,can1
1025,1786725801.1331127,617472.54822504,857,0,0,0,0,BUS_RX,8,0000000002000000,can1
1026,1786725801.1353648,617472.550474415,1023,0,0,0,0,BUS_RX,8,630F980000000001,can1
1027,1786725801.1833825,617472.598495124,858,0,0,0,0,BUS_RX,8,0000000000000000,can1
1028,1786725801.2332122,617472.648328624,860,0,0,0,0,BUS_RX,8,C000000000000000,can1
1029,1786725801.2831714,617472.698283874,862,0,0,0,0,BUS_RX,8,44594E4553532D4C,can1
1030,1786725801.333227,617472.748339457,863,0,0,0,0,BUS_RX,8,2BA4EB0E2A020000,can1
1031,1786725801.3830314,617472.798143582,880,0,0,0,0,BUS_RX,8,44594E4553532D4C,can1
1032,1786725801.384176,617472.799282165,1023,0,0,0,0,BUS_RX,8,630F990000000001,can1
1033,1786725801.4329371,617472.848048957,881,0,0,0,0,BUS_RX,8,2042415454455259,can1
1034,1786725801.4829257,617472.898038249,781,0,0,0,0,BUS_RX,8,640005001E013002,can1
1035,1786725801.6329515,617473.048063832,1023,0,0,0,0,BUS_RX,8,630F980000000001,can1
1036,1786725801.665614,617473.080724249,773,0,0,0,1,CERBO_TX,8,0000000000000000,can1
1037,1786725801.6665518,617473.081657374,775,0,0,0,1,CERBO_TX,8,1234567856494300,can1
1038,1786725801.8829162,617473.298028499,1023,0,0,0,0,BUS_RX,8,630F980000000001,can1
1039,1786725801.9330237,617473.348135624,783,0,0,0,0,BUS_RX,8,0000000000000000,can1
1040,1786725801.9833686,617473.398483416,849,0,0,0,0,BUS_RX,8,35026004880FE001,can1
1041,1786725802.0364227,617473.451535041,853,0,0,0,0,BUS_RX,8,6300640000000000,can1
1042,1786725802.0829268,617473.498039207,854,0,0,0,0,BUS_RX,8,66151000F0000000,can1
1043,1786725802.1329796,617473.548092291,857,0,0,0,0,BUS_RX,8,0000000002000000,can1
1044,1786725802.1339293,617473.549036374,1023,0,0,0,0,BUS_RX,8,630F990000000001,can1
1045,1786725802.1829386,617473.598050332,858,0,0,0,0,BUS_RX,8,0000000000000000,can1
1046,1786725802.2329195,617473.648031582,860,0,0,0,0,BUS_RX,8,C000000000000000,can1
1047,1786725802.2829201,617473.698031874,862,0,0,0,0,BUS_RX,8,44594E4553532D4C,can1
1048,1786725802.3356118,617473.750724582,863,0,0,0,0,BUS_RX,8,2BA4EB0E2A020000,can1
1049,1786725802.3829246,617473.798038166,880,0,0,0,0,BUS_RX,8,44594E4553532D4C,can1
1050,1786725802.384016,617473.799123083,1023,0,0,0,0,BUS_RX,8,630F9B0000000001,can1
1051,1786725802.4329374,617473.848048958,881,0,0,0,0,BUS_RX,8,2042415454455259,can1
1052,1786725802.4829025,617473.898014166,781,0,0,0,0,BUS_RX,8,640005001E013002,can1
1053,1786725802.6328938,617474.048005166,1023,0,0,0,0,BUS_RX,8,630F990000000001,can1
1054,1786725802.6605392,617474.075670583,773,0,0,0,1,CERBO_TX,8,0000000000000000,can1
1055,1786725802.662142,617474.077250999,775,0,0,0,1,CERBO_TX,8,1234567856494300,can1
1056,1786725802.8830528,617474.298164958,1023,0,0,0,0,BUS_RX,8,630F990000000001,can1
1057,1786725802.9405646,617474.355677458,783,0,0,0,0,BUS_RX,8,0000000000000000,can1
1058,1786725802.9854548,617474.400567708,849,0,0,0,0,BUS_RX,8,35026004880FE001,can1
1059,1786725803.033078,617474.448190124,853,0,0,0,0,BUS_RX,8,6300640000000000,can1
1060,1786725803.0853994,617474.500512791,854,0,0,0,0,BUS_RX,8,66150D00F0000000,can1
1061,1786725803.1354883,617474.550601875,857,0,0,0,0,BUS_RX,8,0000000002000000,can1
1062,1786725803.1365345,617474.551640916,1023,0,0,0,0,BUS_RX,8,630F990000000001,can1
1063,1786725803.1829667,617474.598078708,858,0,0,0,0,BUS_RX,8,0000000000000000,can1
1064,1786725803.2329514,617474.648063583,860,0,0,0,0,BUS_RX,8,C000000000000000,can1
1065,1786725803.285538,617474.700651166,862,0,0,0,0,BUS_RX,8,44594E4553532D4C,can1
1066,1786725803.3331215,617474.748234333,863,0,0,0,0,BUS_RX,8,2BA4EB0E2A020000,can1
1067,1786725803.388306,617474.803418791,880,0,0,0,0,BUS_RX,8,44594E4553532D4C,can1
1068,1786725803.3896275,617474.804736083,1023,0,0,0,0,BUS_RX,8,630F980000000001,can1
1069,1786725803.4330993,617474.84821075,881,0,0,0,0,BUS_RX,8,2042415454455259,can1
1070,1786725803.4828439,617474.897955208,781,0,0,0,0,BUS_RX,8,640005001E013002,can1
1071,1786725803.6328993,617475.048011375,1023,0,0,0,0,BUS_RX,8,630F990000000001,can1
1072,1786725803.660567,617475.075679958,773,0,0,0,1,CERBO_TX,8,0000000000000000,can1
1073,1786725803.6616018,617475.076713291,775,0,0,0,1,CERBO_TX,8,1234567856494300,can1
1074,1786725803.88308,617475.298192625,1023,0,0,0,0,BUS_RX,8,630F980000000001,can1
1075,1786725803.9329333,617475.348045292,783,0,0,0,0,BUS_RX,8,0000000000000000,can1
1076,1786725803.982839,617475.397951292,849,0,0,0,0,BUS_RX,8,35026004880FE001,can1
1077,1786725804.0328064,617475.447918792,853,0,0,0,0,BUS_RX,8,6300640000000000,can1
1078,1786725804.0827985,617475.497909958,854,0,0,0,0,BUS_RX,8,65150F00F0000000,can1
1079,1786725804.132866,617475.547979458,857,0,0,0,0,BUS_RX,8,0000000002000000,can1
1080,1786725804.133832,617475.548937417,1023,0,0,0,0,BUS_RX,8,630F980000000001,can1
1081,1786725804.182801,617475.597913083,858,0,0,0,0,BUS_RX,8,0000000000000000,can1
1082,1786725804.2329285,617475.648041458,860,0,0,0,0,BUS_RX,8,C000000000000000,can1
1083,1786725804.2856145,617475.700727083,862,0,0,0,0,BUS_RX,8,44594E4553532D4C,can1
1084,1786725804.33279,617475.747902042,863,0,0,0,0,BUS_RX,8,2BA4EB0E2A020000,can1
1085,1786725804.3831322,617475.79824575,880,0,0,0,0,BUS_RX,8,44594E4553532D4C,can1
1086,1786725804.3844688,617475.799577375,1023,0,0,0,0,BUS_RX,8,630F990000000001,can1
1087,1786725804.4327896,617475.847901292,881,0,0,0,0,BUS_RX,8,2042415454455259,can1
1088,1786725804.4828975,617475.898010875,781,0,0,0,0,BUS_RX,8,640005001E013002,can1
1089,1786725804.6353116,617476.050425042,1023,0,0,0,0,BUS_RX,8,630F980000000001,can1
1090,1786725804.6619742,617476.077086334,773,0,0,0,1,CERBO_TX,8,0000000000000000,can1
1091,1786725804.6631024,617476.078210375,775,0,0,0,1,CERBO_TX,8,1234567856494300,can1
1092,1786725804.8834667,617476.298580375,1023,0,0,0,0,BUS_RX,8,630F980000000001,can1
1093,1786725804.935331,617476.350443542,783,0,0,0,0,BUS_RX,8,0000000000000000,can1
1094,1786725804.9919713,617476.407093125,849,0,0,0,0,BUS_RX,8,35026004880FE001,can1
1095,1786725805.0329545,617476.448066584,853,0,0,0,0,BUS_RX,8,6300640000000000,can1
1096,1786725805.083027,617476.498138459,854,0,0,0,0,BUS_RX,8,65150F00F0000000,can1
1097,1786725805.1381106,617476.553222375,857,0,0,0,0,BUS_RX,8,0000000002000000,can1
1098,1786725805.1394951,617476.554602042,1023,0,0,0,0,BUS_RX,8,630F980000000001,can1
1099,1786725805.1852748,617476.600386792,858,0,0,0,0,BUS_RX,8,0000000000000000,can1
1100,1786725805.2352784,617476.650391334,860,0,0,0,0,BUS_RX,8,C000000000000000,can1
1101,1786725805.282999,617476.698111584,862,0,0,0,0,BUS_RX,8,44594E4553532D4C,can1
1102,1786725805.3351028,617476.750216501,863,0,0,0,0,BUS_RX,8,2BA4EB0E2A020000,can1
1103,1786725805.3827837,617476.797895501,880,0,0,0,0,BUS_RX,8,44594E4553532D4C,can1
1104,1786725805.3837488,617476.798853501,1023,0,0,0,0,BUS_RX,8,630F980000000001,can1
1105,1786725805.4337618,617476.848874501,881,0,0,0,0,BUS_RX,8,2042415454455259,can1
1106,1786725805.483024,617476.898136751,781,0,0,0,0,BUS_RX,8,640005001E013002,can1
1107,1786725805.6353233,617477.050435126,1023,0,0,0,0,BUS_RX,8,630F980000000001,can1
1108,1786725805.6605155,617477.075628459,773,0,0,0,1,CERBO_TX,8,0000000000000000,can1
1109,1786725805.6638215,617477.078930042,775,0,0,0,1,CERBO_TX,8,1234567856494300,can1
1110,1786725805.8828146,617477.297927168,1023,0,0,0,0,BUS_RX,8,630F9A0000000001,can1
1111,1786725805.9328122,617477.347924126,783,0,0,0,0,BUS_RX,8,0000000000000000,can1
1112,1786725805.982816,617477.397927751,849,0,0,0,0,BUS_RX,8,35026004880FE001,can1
1113,1786725806.0335357,617477.448647709,853,0,0,0,0,BUS_RX,8,6300640000000000,can1
1114,1786725806.0846057,617477.499717751,854,0,0,0,0,BUS_RX,8,65150F00F0000000,can1
1115,1786725806.1329556,617477.548065001,857,0,0,0,0,BUS_RX,8,0000000002000000,can1
1116,1786725806.1343024,617477.549411418,1023,0,0,0,0,BUS_RX,8,630F9B0000000001,can1
1117,1786725806.1829147,617477.598041709,858,0,0,0,0,BUS_RX,8,0000000000000000,can1
1118,1786725806.2330906,617477.648202334,860,0,0,0,0,BUS_RX,8,C000000000000000,can1
1119,1786725806.2828019,617477.697913626,862,0,0,0,0,BUS_RX,8,44594E4553532D4C,can1
1120,1786725806.3327882,617477.747897459,863,0,0,0,0,BUS_RX,8,2BA4EB0E2A020000,can1
1121,1786725806.3832104,617477.798324709,880,0,0,0,0,BUS_RX,8,44594E4553532D4C,can1
1122,1786725806.3845155,617477.799623209,1023,0,0,0,0,BUS_RX,8,630F990000000001,can1
1123,1786725806.4338439,617477.848956043,881,0,0,0,0,BUS_RX,8,2042415454455259,can1
1124,1786725806.4828925,617477.898005584,781,0,0,0,0,BUS_RX,8,640005001E013002,can1
1125,1786725806.6329749,617478.048088501,1023,0,0,0,0,BUS_RX,8,630F990000000001,can1
1126,1786725806.661959,617478.077071085,773,0,0,0,1,CERBO_TX,8,0000000000000000,can1
1127,1786725806.6629703,617478.078078793,775,0,0,0,1,CERBO_TX,8,1234567856494300,can1
1128,1786725806.883242,617478.29835446,1023,0,0,0,0,BUS_RX,8,630F990000000001,can1
1129,1786725806.9340756,617478.349188751,783,0,0,0,0,BUS_RX,8,0000000000000000,can1
1130,1786725806.9834783,617478.39859296,849,0,0,0,0,BUS_RX,8,35026004880FE001,can1
1131,1786725807.0354466,617478.45056096,853,0,0,0,0,BUS_RX,8,6300640000000000,can1
1132,1786725807.0854344,617478.500546085,854,0,0,0,0,BUS_RX,8,66150D00F0000000,can1
1133,1786725807.1334374,617478.54855071,857,0,0,0,0,BUS_RX,8,0000000002000000,can1
1134,1786725807.1345537,617478.549662626,1023,0,0,0,0,BUS_RX,8,630F9A0000000001,can1
1135,1786725807.1827843,617478.597897001,858,0,0,0,0,BUS_RX,8,0000000000000000,can1
1136,1786725807.232912,617478.64804696,860,0,0,0,0,BUS_RX,8,C000000000000000,can1
1137,1786725807.2852361,617478.70034846,862,0,0,0,0,BUS_RX,8,44594E4553532D4C,can1
1138,1786725807.3344038,617478.749515585,863,0,0,0,0,BUS_RX,8,2BA4EB0E2A020000,can1
1139,1786725807.3827453,617478.797856085,880,0,0,0,0,BUS_RX,8,44594E4553532D4C,can1
1140,1786725807.3839355,617478.799043835,1023,0,0,0,0,BUS_RX,8,630F9E0000000001,can1
1141,1786725807.4329967,617478.848110377,881,0,0,0,0,BUS_RX,8,2042415454455259,can1
1142,1786725807.4888642,617478.903974335,781,0,0,0,0,BUS_RX,8,640005001E013002,can1
1143,1786725807.6332006,617479.048310585,1023,0,0,0,0,BUS_RX,8,630F9E0000000001,can1
1144,1786725807.6608589,617479.075970085,773,0,0,0,1,CERBO_TX,8,0000000000000000,can1
1145,1786725807.6618342,617479.076941377,775,0,0,0,1,CERBO_TX,8,1234567856494300,can1
1146,1786725807.8852603,617479.300372835,1023,0,0,0,0,BUS_RX,8,630F990000000001,can1
1147,1786725807.9329493,617479.348060918,783,0,0,0,0,BUS_RX,8,0000000000000000,can1
1148,1786725807.9838026,617479.398915794,849,0,0,0,0,BUS_RX,8,35026004880FE001,can1
1149,1786725808.0353723,617479.450484377,853,0,0,0,0,BUS_RX,8,6300640000000000,can1
1150,1786725808.08293,617479.498043085,854,0,0,0,0,BUS_RX,8,65150300F0000000,can1
1151,1786725808.1350958,617479.550216044,857,0,0,0,0,BUS_RX,8,0000000002000000,can1
1152,1786725808.1362557,617479.551362835,1023,0,0,0,0,BUS_RX,8,630F990000000001,can1
1153,1786725808.1828048,617479.597916752,858,0,0,0,0,BUS_RX,8,0000000000000000,can1
1154,1786725808.2336457,617479.648757127,860,0,0,0,0,BUS_RX,8,C000000000000000,can1
1155,1786725808.282995,617479.69810771,862,0,0,0,0,BUS_RX,8,44594E4553532D4C,can1
1156,1786725808.332705,617479.74781896,863,0,0,0,0,BUS_RX,8,2BA4EB0E2A020000,can1
1157,1786725808.3829393,617479.798052002,880,0,0,0,0,BUS_RX,8,44594E4553532D4C,can1
1158,1786725808.384224,617479.799331127,1023,0,0,0,0,BUS_RX,8,630F990000000001,can1
1159,1786725808.4325743,617479.847682127,881,0,0,0,0,BUS_RX,8,2042415454455259,can1
1160,1786725808.4827127,617479.89782421,781,0,0,0,0,BUS_RX,8,640005001E013002,can1
1161,1786725808.632596,617480.04770796,1023,0,0,0,0,BUS_RX,8,630F9B0000000001,can1
1162,1786725808.660249,617480.075361085,773,0,0,0,1,CERBO_TX,8,0000000000000000,can1
1163,1786725808.661854,617480.076961835,775,0,0,0,1,CERBO_TX,8,1234567856494300,can1
1164,1786725808.8826845,617480.297796544,1023,0,0,0,0,BUS_RX,8,630F9C0000000001,can1
1165,1786725808.9340203,617480.349133044,783,0,0,0,0,BUS_RX,8,0000000000000000,can1
1166,1786725808.9829068,617480.398020211,849,0,0,0,0,BUS_RX,8,35026004880FE001,can1
1167,1786725809.0328343,617480.447947502,853,0,0,0,0,BUS_RX,8,6300640000000000,can1
1168,1786725809.0827644,617480.497876377,854,0,0,0,0,BUS_RX,8,65150A00F0000000,can1
1169,1786725809.1332617,617480.548374377,857,0,0,0,0,BUS_RX,8,0000000002000000,can1
1170,1786725809.1342745,617480.549381044,1023,0,0,0,0,BUS_RX,8,630F990000000001,can1
1171,1786725809.1829095,617480.598022252,858,0,0,0,0,BUS_RX,8,0000000000000000,can1
1172,1786725809.2383559,617480.653469086,860,0,0,0,0,BUS_RX,8,C000000000000000,can1
1173,1786725809.282565,617480.697677002,862,0,0,0,0,BUS_RX,8,44594E4553532D4C,can1
1174,1786725809.3336046,617480.748716794,863,0,0,0,0,BUS_RX,8,2BA4EB0E2A020000,can1
1175,1786725809.3827546,617480.797880336,880,0,0,0,0,BUS_RX,8,44594E4553532D4C,can1
1176,1786725809.3844912,617480.799601044,1023,0,0,0,0,BUS_RX,8,630F9A0000000001,can1
1177,1786725809.4341083,617480.849220711,881,0,0,0,0,BUS_RX,8,2042415454455259,can1
1178,1786725809.4826279,617480.897741211,781,0,0,0,0,BUS_RX,8,640005001E013002,can1
1179,1786725809.6325734,617481.047685003,1023,0,0,0,0,BUS_RX,8,630F9A0000000001,can1
1180,1786725809.6618752,617481.076988544,773,0,0,0,1,CERBO_TX,8,0000000000000000,can1
1181,1786725809.6629806,617481.078087878,775,0,0,0,1,CERBO_TX,8,1234567856494300,can1
1182,1786725809.8825805,617481.297693336,1023,0,0,0,0,BUS_RX,8,630F9A0000000001,can1
1183,1786725809.9326546,617481.347766711,783,0,0,0,0,BUS_RX,8,0000000000000000,can1
1184,1786725809.9826078,617481.397720503,849,0,0,0,0,BUS_RX,8,35026004880FE001,can1
1185,1786725810.0332978,617481.448409836,853,0,0,0,0,BUS_RX,8,6300640000000000,can1
1186,1786725810.083726,617481.49883892,854,0,0,0,0,BUS_RX,8,66150B00F0000000,can1
1187,1786725810.132619,617481.547731295,857,0,0,0,0,BUS_RX,8,0000000002000000,can1
1188,1786725810.1335795,617481.548684961,1023,0,0,0,0,BUS_RX,8,630F9B0000000001,can1
1189,1786725810.1826215,617481.59773392,858,0,0,0,0,BUS_RX,8,0000000000000000,can1
1190,1786725810.2328858,617481.647999045,860,0,0,0,0,BUS_RX,8,C000000000000000,can1
1191,1786725810.282984,617481.698096336,862,0,0,0,0,BUS_RX,8,44594E4553532D4C,can1
1192,1786725810.33658,617481.751690253,863,0,0,0,0,BUS_RX,8,2BA4EB0E2A020000,can1
1193,1786725810.385492,617481.800604045,880,0,0,0,0,BUS_RX,8,44594E4553532D4C,can1
1194,1786725810.3866248,617481.801734003,1023,0,0,0,0,BUS_RX,8,630F9A0000000001,can1
1195,1786725810.4327621,617481.847875086,881,0,0,0,0,BUS_RX,8,2042415454455259,can1
1196,1786725810.4843507,617481.899462586,781,0,0,0,0,BUS_RX,8,640005001E013002,can1
1197,1786725810.63336,617482.048471461,1023,0,0,0,0,BUS_RX,8,630F990000000001,can1
1198,1786725810.6609974,617482.076109961,773,0,0,0,1,CERBO_TX,8,0000000000000000,can1
1199,1786725810.6624777,617482.077602836,775,0,0,0,1,CERBO_TX,8,1234567856494300,can1
1200,1786725810.8828993,617482.298012462,1023,0,0,0,0,BUS_RX,8,630F990000000001,can1
1201,1786725810.9357214,617482.350835795,783,0,0,0,0,BUS_RX,8,0000000000000000,can1
1202,1786725810.9856114,617482.400725253,849,0,0,0,0,BUS_RX,8,35026004880FE001,can1
1203,1786725811.0326192,617482.447732337,853,0,0,0,0,BUS_RX,8,6300640000000000,can1
1204,1786725811.0826402,617482.497753295,854,0,0,0,0,BUS_RX,8,66150E00F0000000,can1
1205,1786725811.1326013,617482.547715045,857,0,0,0,0,BUS_RX,8,0000000002000000,can1
1206,1786725811.1354342,617482.550547795,1023,0,0,0,0,BUS_RX,8,630F990000000001,can1
1207,1786725811.1825895,617482.597700962,858,0,0,0,0,BUS_RX,8,0000000000000000,can1
1208,1786725811.2352834,617482.650395503,860,0,0,0,0,BUS_RX,8,C000000000000000,can1
1209,1786725811.2825022,617482.69761167,862,0,0,0,0,BUS_RX,8,44594E4553532D4C,can1
1210,1786725811.3326063,617482.747718462,863,0,0,0,0,BUS_RX,8,2BA4EB0E2A020000,can1
1211,1786725811.3834393,617482.798550087,880,0,0,0,0,BUS_RX,8,44594E4553532D4C,can1
1212,1786725811.3846521,617482.799763462,1023,0,0,0,0,BUS_RX,8,630F9A0000000001,can1
1213,1786725811.4324517,617482.847563878,881,0,0,0,0,BUS_RX,8,2042415454455259,can1
1214,1786725811.4827247,617482.897842587,781,0,0,0,0,BUS_RX,8,640005001E013002,can1
1215,1786725811.632646,617483.047758545,1023,0,0,0,0,BUS_RX,8,630F990000000001,can1
1216,1786725811.6624064,617483.077519129,773,0,0,0,1,CERBO_TX,8,0000000000000000,can1
1217,1786725811.6638188,617483.078925837,775,0,0,0,1,CERBO_TX,8,1234567856494300,can1
1218,1786725811.8852522,617483.30036492,1023,0,0,0,0,BUS_RX,8,630F990000000001,can1
1219,1786725811.932512,617483.347625587,783,0,0,0,0,BUS_RX,8,0000000000000000,can1
1220,1786725811.9828434,617483.39795617,849,0,0,0,0,BUS_RX,8,35026004880FE001,can1
1221,1786725812.0357563,617483.450867087,853,0,0,0,0,BUS_RX,8,6300640000000000,can1
1222,1786725812.0824704,617483.49758217,854,0,0,0,0,BUS_RX,8,65150D00F0000000,can1
1223,1786725812.1326165,617483.547739004,857,0,0,0,0,BUS_RX,8,0000000002000000,can1
1224,1786725812.1338677,617483.548976212,1023,0,0,0,0,BUS_RX,8,630F990000000001,can1
1225,1786725812.1825273,617483.597639046,858,0,0,0,0,BUS_RX,8,0000000000000000,can1
1226,1786725812.232456,617483.647568712,860,0,0,0,0,BUS_RX,8,C000000000000000,can1
1227,1786725812.282477,617483.697589546,862,0,0,0,0,BUS_RX,8,44594E4553532D4C,can1
1228,1786725812.3324559,617483.747567921,863,0,0,0,0,BUS_RX,8,2BA4EB0E2A020000,can1
1229,1786725812.3831038,617483.798217754,880,0,0,0,0,BUS_RX,8,44594E4553532D4C,can1
1230,1786725812.3841898,617483.799296004,1023,0,0,0,0,BUS_RX,8,630F9A0000000001,can1
1231,1786725812.432397,617483.847509129,881,0,0,0,0,BUS_RX,8,2042415454455259,can1
1232,1786725812.4824622,617483.897575004,781,0,0,0,0,BUS_RX,8,640005001E013002,can1
1233,1786725812.6343868,617484.049500296,1023,0,0,0,0,BUS_RX,8,630F980000000001,can1
1234,1786725812.663935,617484.079046879,773,0,0,0,1,CERBO_TX,8,0000000000000000,can1
1235,1786725812.665113,617484.080222671,775,0,0,0,1,CERBO_TX,8,1234567856494300,can1
1236,1786725812.8876355,617484.302748421,1023,0,0,0,0,BUS_RX,8,630F990000000001,can1
1237,1786725812.932598,617484.347709546,783,0,0,0,0,BUS_RX,8,0000000000000000,can1
1238,1786725812.982568,617484.397681504,849,0,0,0,0,BUS_RX,8,35026004880FE001,can1
1239,1786725813.0327518,617484.447864671,853,0,0,0,0,BUS_RX,8,6300640000000000,can1
1240,1786725813.0833092,617484.498441713,854,0,0,0,0,BUS_RX,8,65150E00F0000000,can1
1241,1786725813.1327293,617484.547840338,857,0,0,0,0,BUS_RX,8,0000000002000000,can1
1242,1786725813.1337202,617484.548828671,1023,0,0,0,0,BUS_RX,8,630F990000000001,can1
1243,1786725813.1827269,617484.597839421,858,0,0,0,0,BUS_RX,8,0000000000000000,can1
1244,1786725813.2326245,617484.647737379,860,0,0,0,0,BUS_RX,8,C000000000000000,can1
1245,1786725813.2846887,617484.699800046,862,0,0,0,0,BUS_RX,8,44594E4553532D4C,can1
1246,1786725813.3334434,617484.748554796,863,0,0,0,0,BUS_RX,8,2BA4EB0E2A020000,can1
1247,1786725813.3824902,617484.797602254,880,0,0,0,0,BUS_RX,8,44594E4553532D4C,can1
1248,1786725813.3839796,617484.799091879,1023,0,0,0,0,BUS_RX,8,630F990000000001,can1
1249,1786725813.4323907,617484.847517421,881,0,0,0,0,BUS_RX,8,2042415454455259,can1
1250,1786725813.4837294,617484.898842463,781,0,0,0,0,BUS_RX,8,640005001E013002,can1
1251,1786725813.6324682,617485.047581088,1023,0,0,0,0,BUS_RX,8,630F990000000001,can1
1252,1786725813.6599452,617485.075057421,773,0,0,0,1,CERBO_TX,8,0000000000000000,can1
1253,1786725813.6609073,617485.076013338,775,0,0,0,1,CERBO_TX,8,1234567856494300,can1
1254,1786725813.8862321,617485.301343505,1023,0,0,0,0,BUS_RX,8,630F990000000001,can1
1255,1786725813.9332478,617485.348361171,783,0,0,0,0,BUS_RX,8,0000000000000000,can1
1256,1786725813.982581,617485.397693338,849,0,0,0,0,BUS_RX,8,35026004880FE001,can1
1257,1786725814.0326974,617485.44781063,853,0,0,0,0,BUS_RX,8,6300640000000000,can1
1258,1786725814.0830054,617485.498118755,854,0,0,0,0,BUS_RX,8,65150F00F0000000,can1
1259,1786725814.1327333,617485.547846671,857,0,0,0,0,BUS_RX,8,0000000002000000,can1
1260,1786725814.133733,617485.548838588,1023,0,0,0,0,BUS_RX,8,630F990000000001,can1
1261,1786725814.1831045,617485.598217713,858,0,0,0,0,BUS_RX,8,0000000000000000,can1
1262,1786725814.2338414,617485.648953963,860,0,0,0,0,BUS_RX,8,C000000000000000,can1
1263,1786725814.2824674,617485.697579797,862,0,0,0,0,BUS_RX,8,44594E4553532D4C,can1
1264,1786725814.3350937,617485.750206672,863,0,0,0,0,BUS_RX,8,2BA4EB0E2A020000,can1
1265,1786725814.3823345,617485.797446797,880,0,0,0,0,BUS_RX,8,44594E4553532D4C,can1
1266,1786725814.383683,617485.798792505,1023,0,0,0,0,BUS_RX,8,630F990000000001,can1
1267,1786725814.433713,617485.848838797,881,0,0,0,0,BUS_RX,8,2042415454455259,can1
1268,1786725814.4823465,617485.89745913,781,0,0,0,0,BUS_RX,8,640005001E013002,can1
1269,1786725814.6324406,617486.047553172,1023,0,0,0,0,BUS_RX,8,630F980000000001,can1
1270,1786725814.6600666,617486.075179922,773,0,0,0,1,CERBO_TX,8,0000000000000000,can1
1271,1786725814.661215,617486.076322838,775,0,0,0,1,CERBO_TX,8,1234567856494300,can1
1272,1786725814.882413,617486.297525255,1023,0,0,0,0,BUS_RX,8,630F980000000001,can1
1273,1786725814.9327803,617486.347892422,783,0,0,0,0,BUS_RX,8,0000000000000000,can1
1274,1786725814.98238,617486.397492589,849,0,0,0,0,BUS_RX,8,35026004880FE001,can1
1275,1786725815.033988,617486.449100589,853,0,0,0,0,BUS_RX,8,6300640000000000,can1
1276,1786725815.0826237,617486.497736422,854,0,0,0,0,BUS_RX,8,66150F00F0000000,can1
1277,1786725815.1325932,617486.547705339,857,0,0,0,0,BUS_RX,8,0000000002000000,can1
1278,1786725815.1336906,617486.548798339,1023,0,0,0,0,BUS_RX,8,630F9A0000000001,can1
1279,1786725815.1826854,617486.597797839,858,0,0,0,0,BUS_RX,8,0000000000000000,can1
1280,1786725815.2325306,617486.647643672,860,0,0,0,0,BUS_RX,8,C000000000000000,can1
1281,1786725815.2916467,617486.706759547,862,0,0,0,0,BUS_RX,8,44594E4553532D4C,can1
1282,1786725815.3324034,617486.747515464,863,0,0,0,0,BUS_RX,8,2BA4EB0E2A020000,can1
1283,1786725815.3855412,617486.800652547,880,0,0,0,0,BUS_RX,8,44594E4553532D4C,can1
1284,1786725815.3866422,617486.801751755,1023,0,0,0,0,BUS_RX,8,630F990000000001,can1
1285,1786725815.4323637,617486.847476589,881,0,0,0,0,BUS_RX,8,2042415454455259,can1
1286,1786725815.4824016,617486.897513672,781,0,0,0,0,BUS_RX,8,640005001E013002,can1
1287,1786725815.6325293,617487.04764313,1023,0,0,0,0,BUS_RX,8,630F9A0000000001,can1
1288,1786725815.6624591,617487.077571505,773,0,0,0,1,CERBO_TX,8,0000000000000000,can1
1289,1786725815.663405,617487.078510714,775,0,0,0,1,CERBO_TX,8,1234567856494300,can1
1290,1786725815.8823078,617487.297419922,1023,0,0,0,0,BUS_RX,8,630F990000000001,can1
1291,1786725815.9323404,617487.347451631,783,0,0,0,0,BUS_RX,8,0000000000000000,can1
1292,1786725815.9823556,617487.397467547,849,0,0,0,0,BUS_RX,8,35026004880FE001,can1
1293,1786725816.0323796,617487.447488964,853,0,0,0,0,BUS_RX,8,6300640000000000,can1
1294,1786725816.0826125,617487.497726297,854,0,0,0,0,BUS_RX,8,66150E00F0000000,can1
1295,1786725816.1323776,617487.547489881,857,0,0,0,0,BUS_RX,8,0000000002000000,can1
1296,1786725816.1333852,617487.548490547,1023,0,0,0,0,BUS_RX,8,630F990000000001,can1
1297,1786725816.1827006,617487.597812922,858,0,0,0,0,BUS_RX,8,0000000000000000,can1
1298,1786725816.2323205,617487.647430214,860,0,0,0,0,BUS_RX,8,C000000000000000,can1
1299,1786725816.2823615,617487.697474922,862,0,0,0,0,BUS_RX,8,44594E4553532D4C,can1
1300,1786725816.332299,617487.747411589,863,0,0,0,0,BUS_RX,8,2BA4EB0E2A020000,can1
1301,1786725816.3825467,617487.797660714,880,0,0,0,0,BUS_RX,8,44594E4553532D4C,can1
1302,1786725816.387007,617487.802114589,1023,0,0,0,0,BUS_RX,8,630F990000000001,can1
1303,1786725816.4323173,617487.847428298,881,0,0,0,0,BUS_RX,8,2042415454455259,can1
1304,1786725816.4822445,617487.897357464,781,0,0,0,0,BUS_RX,8,640005001E013002,can1
1305,1786725816.6322844,617488.047395173,1023,0,0,0,0,BUS_RX,8,630F990000000001,can1
1306,1786725816.6600049,617488.075117673,773,0,0,0,1,CERBO_TX,8,0000000000000000,can1
1307,1786725816.6612394,617488.076345798,775,0,0,0,1,CERBO_TX,8,1234567856494300,can1
1308,1786725816.8875568,617488.302670339,1023,0,0,0,0,BUS_RX,8,630F9A0000000001,can1
1309,1786725816.9353862,617488.350498923,783,0,0,0,0,BUS_RX,8,0000000000000000,can1
1310,1786725816.9856253,617488.400738006,849,0,0,0,0,BUS_RX,8,35026004880FE001,can1
1311,1786725817.037412,617488.452524131,853,0,0,0,0,BUS_RX,8,6300640000000000,can1
1312,1786725817.0852757,617488.500388965,854,0,0,0,0,BUS_RX,8,66150E00F0000000,can1
1313,1786725817.1323233,617488.547435006,857,0,0,0,0,BUS_RX,8,0000000002000000,can1
1314,1786725817.133707,617488.548817673,1023,0,0,0,0,BUS_RX,8,630F9B0000000001,can1
1315,1786725817.1857011,617488.600814465,858,0,0,0,0,BUS_RX,8,0000000000000000,can1
1316,1786725817.2355127,617488.650625465,860,0,0,0,0,BUS_RX,8,C000000000000000,can1
1317,1786725817.282321,617488.697432798,862,0,0,0,0,BUS_RX,8,44594E4553532D4C,can1
1318,1786725817.3322823,617488.747395048,863,0,0,0,0,BUS_RX,8,2BA4EB0E2A020000,can1
1319,1786725817.382559,617488.797673506,880,0,0,0,0,BUS_RX,8,44594E4553532D4C,can1
1320,1786725817.3836503,617488.798763298,1023,0,0,0,0,BUS_RX,8,630F9B0000000001,can1
1321,1786725817.4322224,617488.84733459,881,0,0,0,0,BUS_RX,8,2042415454455259,can1
1322,1786725817.4828806,617488.897993173,781,0,0,0,0,BUS_RX,8,640005001E013002,can1
1323,1786725817.6330419,617489.048154881,1023,0,0,0,0,BUS_RX,8,630F990000000001,can1
1324,1786725817.6627805,617489.077892923,773,0,0,0,1,CERBO_TX,8,0000000000000000,can1
1325,1786725817.6642587,617489.079368298,775,0,0,0,1,CERBO_TX,8,1234567856494300,can1
1326,1786725817.8824298,617489.297542215,1023,0,0,0,0,BUS_RX,8,630F9B0000000001,can1
1327,1786725817.9340427,617489.349155007,783,0,0,0,0,BUS_RX,8,0000000000000000,can1
1328,1786725817.9853618,617489.400475757,849,0,0,0,0,BUS_RX,8,35026004880FE001,can1
1329,1786725818.0322938,617489.447406757,853,0,0,0,0,BUS_RX,8,6300640000000000,can1
1330,1786725818.0823793,617489.497491173,854,0,0,0,0,BUS_RX,8,65150B00F0000000,can1
1331,1786725818.1322465,617489.547358757,857,0,0,0,0,BUS_RX,8,0000000002000000,can1
1332,1786725818.133531,617489.548640673,1023,0,0,0,0,BUS_RX,8,630F9B0000000001,can1
1333,1786725818.182164,617489.597276007,858,0,0,0,0,BUS_RX,8,0000000000000000,can1
1334,1786725818.2321398,617489.647252132,860,0,0,0,0,BUS_RX,8,C000000000000000,can1
1335,1786725818.282129,617489.697242298,862,0,0,0,0,BUS_RX,8,44594E4553532D4C,can1
1336,1786725818.3353124,617489.750424923,863,0,0,0,0,BUS_RX,8,2BA4EB0E2A020000,can1
1337,1786725818.3823621,617489.797475298,880,0,0,0,0,BUS_RX,8,44594E4553532D4C,can1
1338,1786725818.3836296,617489.79873534,1023,0,0,0,0,BUS_RX,8,630F990000000001,can1
1339,1786725818.432271,617489.84738409,881,0,0,0,0,BUS_RX,8,2042415454455259,can1
1340,1786725818.485173,617489.900285007,781,0,0,0,0,BUS_RX,8,640005001E013002,can1
1341,1786725818.6337104,617490.04882309,1023,0,0,0,0,BUS_RX,8,630F9A0000000001,can1
1342,1786725818.6642795,617490.079391507,773,0,0,0,1,CERBO_TX,8,0000000000000000,can1
1343,1786725818.6655426,617490.080651465,775,0,0,0,1,CERBO_TX,8,1234567856494300,can1
1344,1786725818.8824153,617490.29752759,1023,0,0,0,0,BUS_RX,8,630F9A0000000001,can1
1345,1786725818.9348302,617490.349942299,783,0,0,0,0,BUS_RX,8,0000000000000000,can1
1346,1786725818.9846804,617490.399794257,849,0,0,0,0,BUS_RX,8,35026004880FE001,can1
1347,1786725819.032455,617490.44756709,853,0,0,0,0,BUS_RX,8,6300640000000000,can1
1348,1786725819.0821826,617490.497294507,854,0,0,0,0,BUS_RX,8,66150E00F0000000,can1
1349,1786725819.1323347,617490.547446549,857,0,0,0,0,BUS_RX,8,0000000002000000,can1
1350,1786725819.1402953,617490.555406882,1023,0,0,0,0,BUS_RX,8,630F9A0000000001,can1
1351,1786725819.1823697,617490.597482424,858,0,0,0,0,BUS_RX,8,0000000000000000,can1
1352,1786725819.232335,617490.647447424,860,0,0,0,0,BUS_RX,8,C000000000000000,can1
1353,1786725819.2824833,617490.697595341,862,0,0,0,0,BUS_RX,8,44594E4553532D4C,can1
1354,1786725819.3328393,617490.747951966,863,0,0,0,0,BUS_RX,8,2BA4EB0E2A020000,can1
1355,1786725819.3827944,617490.797911841,880,0,0,0,0,BUS_RX,8,44594E4553532D4C,can1
1356,1786725819.3839948,617490.799102049,1023,0,0,0,0,BUS_RX,8,630F9C0000000001,can1
1357,1786725819.4322927,617490.847404924,881,0,0,0,0,BUS_RX,8,2042415454455259,can1
1358,1786725819.4821908,617490.897321716,781,0,0,0,0,BUS_RX,8,640005001E013002,can1
1359,1786725819.6322017,617491.047313382,1023,0,0,0,0,BUS_RX,8,630F9B0000000001,can1
1360,1786725819.6594782,617491.074591091,773,0,0,0,1,CERBO_TX,8,0000000000000000,can1
1361,1786725819.660562,617491.075669757,775,0,0,0,1,CERBO_TX,8,1234567856494300,can1
1362,1786725819.8828137,617491.297928091,1023,0,0,0,0,BUS_RX,8,630F990000000001,can1
1363,1786725819.9354134,617491.350526299,783,0,0,0,0,BUS_RX,8,0000000000000000,can1
1364,1786725819.9841084,617491.399223799,849,0,0,0,0,BUS_RX,8,35026004880FE001,can1
1365,1786725820.0354328,617491.450559591,853,0,0,0,0,BUS_RX,8,6300640000000000,can1
1366,1786725820.0824997,617491.497613466,854,0,0,0,0,BUS_RX,8,65150A00F0000000,can1
1367,1786725820.1322808,617491.547683049,857,0,0,0,0,BUS_RX,8,0000000002000000,can1
1368,1786725820.1337998,617491.548908799,1023,0,0,0,0,BUS_RX,8,630F990000000001,can1
1369,1786725820.1821988,617491.597312174,858,0,0,0,0,BUS_RX,8,0000000000000000,can1
1370,1786725820.23214,617491.647251674,860,0,0,0,0,BUS_RX,8,C000000000000000,can1
1371,1786725820.2823124,617491.697425508,862,0,0,0,0,BUS_RX,8,44594E4553532D4C,can1
1372,1786725820.3321803,617491.747294924,863,0,0,0,0,BUS_RX,8,2BA4EB0E2A020000,can1
1373,1786725820.3822412,617491.797354133,880,0,0,0,0,BUS_RX,8,44594E4553532D4C,can1
1374,1786725820.3836863,617491.798795966,1023,0,0,0,0,BUS_RX,8,630F990000000001,can1
1375,1786725820.432116,617491.847229216,881,0,0,0,0,BUS_RX,8,2042415454455259,can1
1376,1786725820.4821157,617491.897228883,781,0,0,0,0,BUS_RX,8,640005001E013002,can1
1377,1786725820.6322753,617492.047389508,1023,0,0,0,0,BUS_RX,8,630F990000000001,can1
1378,1786725820.6611707,617492.076282508,773,0,0,0,1,CERBO_TX,8,0000000000000000,can1
1379,1786725820.6621442,617492.077249883,775,0,0,0,1,CERBO_TX,8,1234567856494300,can1
1380,1786725820.8823917,617492.29750455,1023,0,0,0,0,BUS_RX,8,630F990000000001,can1
1381,1786725820.932837,617492.347953133,783,0,0,0,0,BUS_RX,8,0000000000000000,can1
1382,1786725820.98369,617492.398804716,849,0,0,0,0,BUS_RX,8,35026004880FE001,can1
1383,1786725821.0324514,617492.447564133,853,0,0,0,0,BUS_RX,8,6300640000000000,can1
1384,1786725821.0839696,617492.499082966,854,0,0,0,0,BUS_RX,8,66150E00F0000000,can1
1385,1786725821.1322763,617492.547388091,857,0,0,0,0,BUS_RX,8,0000000002000000,can1
1386,1786725821.1333816,617492.548489508,1023,0,0,0,0,BUS_RX,8,630F9A0000000001,can1
1387,1786725821.1842058,617492.599318091,858,0,0,0,0,BUS_RX,8,0000000000000000,can1
1388,1786725821.2323236,617492.64743555,860,0,0,0,0,BUS_RX,8,C000000000000000,can1
1389,1786725821.2820764,617492.6971868,862,0,0,0,0,BUS_RX,8,44594E4553532D4C,can1
1390,1786725821.332071,617492.7472583,863,0,0,0,0,BUS_RX,8,2BA4EB0E2A020000,can1
1391,1786725821.3821337,617492.797244758,880,0,0,0,0,BUS_RX,8,44594E4553532D4C,can1
1392,1786725821.3836775,617492.798785258,1023,0,0,0,0,BUS_RX,8,630F9A0000000001,can1
1393,1786725821.431955,617492.847067883,881,0,0,0,0,BUS_RX,8,2042415454455259,can1
1394,1786725821.4820933,617492.897202717,781,0,0,0,0,BUS_RX,8,640005001E013002,can1
1395,1786725821.6320097,617493.047122383,1023,0,0,0,0,BUS_RX,8,630F990000000001,can1
1396,1786725821.6637304,617493.078842175,773,0,0,0,1,CERBO_TX,8,0000000000000000,can1
1397,1786725821.664667,617493.079773175,775,0,0,0,1,CERBO_TX,8,1234567856494300,can1
1398,1786725821.882,617493.29711155,1023,0,0,0,0,BUS_RX,8,630F9F0000000001,can1
1399,1786725821.9320967,617493.347209175,783,0,0,0,0,BUS_RX,8,0000000000000000,can1
1400,1786725821.9819493,617493.397061467,849,0,0,0,0,BUS_RX,8,35026004880FE001,can1
1401,1786725822.032111,617493.447224175,853,0,0,0,0,BUS_RX,8,6300640000000000,can1
1402,1786725822.0833452,617493.498456759,854,0,0,0,0,BUS_RX,8,65150A00F0000000,can1
1403,1786725822.1321623,617493.547275217,857,0,0,0,0,BUS_RX,8,0000000002000000,can1
1404,1786725822.1331165,617493.548222925,1023,0,0,0,0,BUS_RX,8,630F9B0000000001,can1
1405,1786725822.1820085,617493.597120134,858,0,0,0,0,BUS_RX,8,0000000000000000,can1
1406,1786725822.2319837,617493.647095467,860,0,0,0,0,BUS_RX,8,C000000000000000,can1
1407,1786725822.281945,617493.697057134,862,0,0,0,0,BUS_RX,8,44594E4553532D4C,can1
1408,1786725822.3319962,617493.747108884,863,0,0,0,0,BUS_RX,8,2BA4EB0E2A020000,can1
1409,1786725822.3836107,617493.798723925,880,0,0,0,0,BUS_RX,8,44594E4553532D4C,can1
1410,1786725822.3850842,617493.80019305,1023,0,0,0,0,BUS_RX,8,630F9E0000000001,can1
1411,1786725822.4320252,617493.847135175,881,0,0,0,0,BUS_RX,8,2042415454455259,can1
1412,1786725822.4819589,617493.897072217,781,0,0,0,0,BUS_RX,8,640005001E013002,can1
1413,1786725822.6320121,617494.047123967,1023,0,0,0,0,BUS_RX,8,630F990000000001,can1
1414,1786725822.6603842,617494.075498426,773,0,0,0,1,CERBO_TX,8,0000000000000000,can1
1415,1786725822.6618803,617494.076989176,775,0,0,0,1,CERBO_TX,8,1234567856494300,can1
1416,1786725822.8850791,617494.300191217,1023,0,0,0,0,BUS_RX,8,630F990000000001,can1
1417,1786725822.9359634,617494.351078801,783,0,0,0,0,BUS_RX,8,0000000000000000,can1
1418,1786725822.9825873,617494.397701009,849,0,0,0,0,BUS_RX,8,35026004880FE001,can1
1419,1786725823.0326085,617494.447721634,853,0,0,0,0,BUS_RX,8,6300640000000000,can1
1420,1786725823.0819392,617494.497050592,854,0,0,0,0,BUS_RX,8,66150D00F0000000,can1
1421,1786725823.131962,617494.547074051,857,0,0,0,0,BUS_RX,8,0000000002000000,can1
1422,1786725823.1329403,617494.548046217,1023,0,0,0,0,BUS_RX,8,630F990000000001,can1
1423,1786725823.1820621,617494.597174467,858,0,0,0,0,BUS_RX,8,0000000000000000,can1
1424,1786725823.2320561,617494.647168551,860,0,0,0,0,BUS_RX,8,C000000000000000,can1
1425,1786725823.28201,617494.697122717,862,0,0,0,0,BUS_RX,8,44594E4553532D4C,can1
1426,1786725823.3320465,617494.747158634,863,0,0,0,0,BUS_RX,8,2BA4EB0E2A020000,can1
1427,1786725823.3847861,617494.799899801,880,0,0,0,0,BUS_RX,8,44594E4553532D4C,can1
1428,1786725823.386007,617494.801114926,1023,0,0,0,0,BUS_RX,8,630F990000000001,can1
1429,1786725823.4324665,617494.847576718,881,0,0,0,0,BUS_RX,8,2042415454455259,can1
1430,1786725823.4820035,617494.897115968,781,0,0,0,0,BUS_RX,8,640005001E013002,can1
1431,1786725823.6319683,617495.047080343,1023,0,0,0,0,BUS_RX,8,630F9A0000000001,can1
1432,1786725823.6595473,617495.074659301,773,0,0,0,1,CERBO_TX,8,0000000000000000,can1
1433,1786725823.660695,617495.075801259,775,0,0,0,1,CERBO_TX,8,1234567856494300,can1
1434,1786725823.8819942,617495.297106718,1023,0,0,0,0,BUS_RX,8,630F9B0000000001,can1
1435,1786725823.931953,617495.347065509,783,0,0,0,0,BUS_RX,8,0000000000000000,can1
1436,1786725823.9819608,617495.397074134,849,0,0,0,0,BUS_RX,8,35026004880FE001,can1
1437,1786725824.0319912,617495.447103759,853,0,0,0,0,BUS_RX,8,6300640000000000,can1
1438,1786725824.0820143,617495.497127926,854,0,0,0,0,BUS_RX,8,66150C00F0000000,can1
1439,1786725824.1320179,617495.547131676,857,0,0,0,0,BUS_RX,8,0000000002000000,can1
1440,1786725824.1334758,617495.548586468,1023,0,0,0,0,BUS_RX,8,630F9C0000000001,can1
1441,1786725824.1818862,617495.59699826,858,0,0,0,0,BUS_RX,8,0000000000000000,can1
1442,1786725824.2319539,617495.647064093,860,0,0,0,0,BUS_RX,8,C000000000000000,can1
1443,1786725824.2819207,617495.697034093,862,0,0,0,0,BUS_RX,8,44594E4553532D4C,can1
1444,1786725824.3324807,617495.747593051,863,0,0,0,0,BUS_RX,8,2BA4EB0E2A020000,can1
1445,1786725824.3825314,617495.797643718,880,0,0,0,0,BUS_RX,8,44594E4553532D4C,can1
1446,1786725824.3837867,617495.798899551,1023,0,0,0,0,BUS_RX,8,630F9A0000000001,can1
1447,1786725824.435306,617495.850417801,881,0,0,0,0,BUS_RX,8,2042415454455259,can1
1448,1786725824.4926057,617495.90771201,781,0,0,0,0,BUS_RX,8,640005001E013002,can1
1449,1786725824.6319165,617496.047028885,1023,0,0,0,0,BUS_RX,8,630F9A0000000001,can1
1450,1786725824.665275,617496.080388301,773,0,0,0,1,CERBO_TX,8,0000000000000000,can1
1451,1786725824.6663146,617496.081421135,775,0,0,0,1,CERBO_TX,8,1234567856494300,can1
1452,1786725824.8952534,617496.310366385,1023,0,0,0,0,BUS_RX,8,630F9A0000000001,can1
1453,1786725824.9369175,617496.352030802,783,0,0,0,0,BUS_RX,8,0000000000000000,can1
1454,1786725824.9819105,617496.397024302,849,0,0,0,0,BUS_RX,8,35026004880FE001,can1
1455,1786725825.0354748,617496.45058651,853,0,0,0,0,BUS_RX,8,6300640000000000,can1
1456,1786725825.082304,617496.497416552,854,0,0,0,0,BUS_RX,8,66150C00F0000000,can1
1457,1786725825.135074,617496.55018801,857,0,0,0,0,BUS_RX,8,0000000002000000,can1
1458,1786725825.136284,617496.551392302,1023,0,0,0,0,BUS_RX,8,630F990000000001,can1
1459,1786725825.1840408,617496.59915376,858,0,0,0,0,BUS_RX,8,0000000000000000,can1
1460,1786725825.2322931,617496.64740126,860,0,0,0,0,BUS_RX,8,C000000000000000,can1
1461,1786725825.281859,617496.696971802,862,0,0,0,0,BUS_RX,8,44594E4553532D4C,can1
1462,1786725825.3328216,617496.747934385,863,0,0,0,0,BUS_RX,8,2BA4EB0E2A020000,can1
1463,1786725825.386205,617496.801316427,880,0,0,0,0,BUS_RX,8,44594E4553532D4C,can1
1464,1786725825.387307,617496.802414677,1023,0,0,0,0,BUS_RX,8,630F9B0000000001,can1
1465,1786725825.4319663,617496.84707776,881,0,0,0,0,BUS_RX,8,2042415454455259,can1
1466,1786725825.4818194,617496.896934052,781,0,0,0,0,BUS_RX,8,640005001E013002,can1
1467,1786725825.6318295,617497.046938844,1023,0,0,0,0,BUS_RX,8,630F9A0000000001,can1
1468,1786725825.6632884,617497.07840051,773,0,0,0,1,CERBO_TX,8,0000000000000000,can1
1469,1786725825.664298,617497.079407344,775,0,0,0,1,CERBO_TX,8,1234567856494300,can1
1470,1786725825.8821518,617497.297265427,1023,0,0,0,0,BUS_RX,8,630F990000000001,can1
1471,1786725825.9325113,617497.34762401,783,0,0,0,0,BUS_RX,8,0000000000000000,can1
1472,1786725825.9820094,617497.397121469,849,0,0,0,0,BUS_RX,8,35026004880FE001,can1
1473,1786725826.031976,617497.447087844,853,0,0,0,0,BUS_RX,8,6300640000000000,can1
1474,1786725826.082017,617497.49712951,854,0,0,0,0,BUS_RX,8,65150C00F0000000,can1
1475,1786725826.1330426,617497.54815551,857,0,0,0,0,BUS_RX,8,0000000002000000,can1
1476,1786725826.1340792,617497.549185177,1023,0,0,0,0,BUS_RX,8,630F990000000001,can1
1477,1786725826.182097,617497.597209927,858,0,0,0,0,BUS_RX,8,0000000000000000,can1
1478,1786725826.2318306,617497.646942719,860,0,0,0,0,BUS_RX,8,C000000000000000,can1
1479,1786725826.2818182,617497.696931094,862,0,0,0,0,BUS_RX,8,44594E4553532D4C,can1
1480,1786725826.3318498,617497.746961552,863,0,0,0,0,BUS_RX,8,2BA4EB0E2A020000,can1
1481,1786725826.3839843,617497.799098302,880,0,0,0,0,BUS_RX,8,44594E4553532D4C,can1
1482,1786725826.3855088,617497.800617844,1023,0,0,0,0,BUS_RX,8,630F990000000001,can1
1483,1786725826.4320743,617497.847186761,881,0,0,0,0,BUS_RX,8,2042415454455259,can1
1484,1786725826.4820151,617497.897127552,781,0,0,0,0,BUS_RX,8,640005001E013002,can1
1485,1786725826.6319654,617498.047098552,1023,0,0,0,0,BUS_RX,8,630F990000000001,can1
1486,1786725826.6594875,617498.074599052,773,0,0,0,1,CERBO_TX,8,0000000000000000,can1
1487,1786725826.6604328,617498.075539386,775,0,0,0,1,CERBO_TX,8,1234567856494300,can1
1488,1786725826.8873723,617498.302493344,1023,0,0,0,0,BUS_RX,8,630F9A0000000001,can1
1489,1786725826.9354842,617498.350596719,783,0,0,0,0,BUS_RX,8,0000000000000000,can1
1490,1786725826.9818404,617498.396954594,849,0,0,0,0,BUS_RX,8,35026004880FE001,can1
1491,1786725827.0321422,617498.447254719,853,0,0,0,0,BUS_RX,8,6300640000000000,can1
1492,1786725827.085323,617498.500456969,854,0,0,0,0,BUS_RX,8,66150D00F0000000,can1
1493,1786725827.1319885,617498.547100428,857,0,0,0,0,BUS_RX,8,0000000002000000,can1
1494,1786725827.1330006,617498.548107553,1023,0,0,0,0,BUS_RX,8,630F9A0000000001,can1
1495,1786725827.1827831,617498.597896428,858,0,0,0,0,BUS_RX,8,0000000000000000,can1
1496,1786725827.2336693,617498.648782053,860,0,0,0,0,BUS_RX,8,C000000000000000,can1
1497,1786725827.2834089,617498.698522511,862,0,0,0,0,BUS_RX,8,44594E4553532D4C,can1
1498,1786725827.3320835,617498.747196803,863,0,0,0,0,BUS_RX,8,2BA4EB0E2A020000,can1
1499,1786725827.3819063,617498.797018719,880,0,0,0,0,BUS_RX,8,44594E4553532D4C,can1
1500,1786725827.3828523,617498.797958011,1023,0,0,0,0,BUS_RX,8,630F990000000001,can1
1501,1786725827.4320936,617498.847205594,881,0,0,0,0,BUS_RX,8,2042415454455259,can1
1502,1786725827.4853067,617498.900419386,781,0,0,0,0,BUS_RX,8,640005001E013002,can1
1503,1786725827.6332421,617499.04835572,1023,0,0,0,0,BUS_RX,8,630F990000000001,can1
1504,1786725827.6621108,617499.077222595,773,0,0,0,1,CERBO_TX,8,0000000000000000,can1
1505,1786725827.663158,617499.078265386,775,0,0,0,1,CERBO_TX,8,1234567856494300,can1
1506,1786725827.8820956,617499.297208303,1023,0,0,0,0,BUS_RX,8,630F9A0000000001,can1
1507,1786725827.9318507,617499.346962386,783,0,0,0,0,BUS_RX,8,0000000000000000,can1
1508,1786725827.9816883,617499.396797636,849,0,0,0,0,BUS_RX,8,35026004880FE001,can1
1509,1786725828.031712,617499.446823595,853,0,0,0,0,BUS_RX,8,6300640000000000,can1
1510,1786725828.081682,617499.496793886,854,0,0,0,0,BUS_RX,8,66150D00F0000000,can1
1511,1786725828.132693,617499.547803845,857,0,0,0,0,BUS_RX,8,0000000002000000,can1
1512,1786725828.1337588,617499.548867636,1023,0,0,0,0,BUS_RX,8,630F9D0000000001,can1
1513,1786725828.1817133,617499.59682622,858,0,0,0,0,BUS_RX,8,0000000000000000,can1
1514,1786725828.2316954,617499.646830345,860,0,0,0,0,BUS_RX,8,C000000000000000,can1
1515,1786725828.2816763,617499.696787803,862,0,0,0,0,BUS_RX,8,44594E4553532D4C,can1
1516,1786725828.3316922,617499.746804137,863,0,0,0,0,BUS_RX,8,2BA4EB0E2A020000,can1
1517,1786725828.381698,617499.796809803,880,0,0,0,0,BUS_RX,8,44594E4553532D4C,can1
1518,1786725828.3826768,617499.79778372,1023,0,0,0,0,BUS_RX,8,630F9B0000000001,can1
1519,1786725828.4319377,617499.847049553,881,0,0,0,0,BUS_RX,8,2042415454455259,can1
1520,1786725828.481679,617499.896790512,781,0,0,0,0,BUS_RX,8,640005001E013002,can1
1521,1786725828.63168,617500.046791262,1023,0,0,0,0,BUS_RX,8,630F9B0000000001,can1
1522,1786725828.6604898,617500.075602803,773,0,0,0,1,CERBO_TX,8,0000000000000000,can1
1523,1786725828.6617553,617500.076862137,775,0,0,0,1,CERBO_TX,8,1234567856494300,can1
1524,1786725828.8818183,617500.29693272,1023,0,0,0,0,BUS_RX,8,630F990000000001,can1
1525,1786725828.9317296,617500.346842387,783,0,0,0,0,BUS_RX,8,0000000000000000,can1
1526,1786725828.9817226,617500.39683622,849,0,0,0,0,BUS_RX,8,35026004880FE001,can1
1527,1786725829.031653,617500.446763929,853,0,0,0,0,BUS_RX,8,6300640000000000,can1
1528,1786725829.0817575,617500.496871304,854,0,0,0,0,BUS_RX,8,67150B00F0000000,can1
1529,1786725829.1317184,617500.546830595,857,0,0,0,0,BUS_RX,8,0000000002000000,can1
1530,1786725829.132681,617500.54778722,1023,0,0,0,0,BUS_RX,8,630F9B0000000001,can1
1531,1786725829.1852202,617500.600333595,858,0,0,0,0,BUS_RX,8,0000000000000000,can1
1532,1786725829.2318492,617500.646961637,860,0,0,0,0,BUS_RX,8,C000000000000000,can1
1533,1786725829.2818165,617500.696927512,862,0,0,0,0,BUS_RX,8,44594E4553532D4C,can1
1534,1786725829.3316667,617500.746777804,863,0,0,0,0,BUS_RX,8,2BA4EB0E2A020000,can1
1535,1786725829.3816822,617500.796795762,880,0,0,0,0,BUS_RX,8,44594E4553532D4C,can1
1536,1786725829.3828251,617500.797932512,1023,0,0,0,0,BUS_RX,8,630F990000000001,can1
1537,1786725829.4317052,617500.846817012,881,0,0,0,0,BUS_RX,8,2042415454455259,can1
1538,1786725829.4816945,617500.896805762,781,0,0,0,0,BUS_RX,8,640005001E013002,can1
1539,1786725829.6316686,617501.04678097,1023,0,0,0,0,BUS_RX,8,630F9A0000000001,can1
1540,1786725829.6604288,617501.075541929,773,0,0,0,1,CERBO_TX,8,0000000000000000,can1
1541,1786725829.661668,617501.076775721,775,0,0,0,1,CERBO_TX,8,1234567856494300,can1
1542,1786725829.8847082,617501.299822804,1023,0,0,0,0,BUS_RX,8,630F990000000001,can1
1543,1786725829.9325466,617501.347657596,783,0,0,0,0,BUS_RX,8,0000000000000000,can1
1544,1786725829.9816709,617501.396783971,849,0,0,0,0,BUS_RX,8,35026004880FE001,can1
1545,1786725830.0317163,617501.446828721,853,0,0,0,0,BUS_RX,8,6300640000000000,can1
1546,1786725830.0817313,617501.496844846,854,0,0,0,0,BUS_RX,8,66150C00F0000000,can1
1547,1786725830.1323154,617501.547428637,857,0,0,0,0,BUS_RX,8,0000000002000000,can1
1548,1786725830.1334863,617501.548594596,1023,0,0,0,0,BUS_RX,8,630F990000000001,can1
1549,1786725830.1840293,617501.599142762,858,0,0,0,0,BUS_RX,8,0000000000000000,can1
1550,1786725830.231755,617501.646867221,860,0,0,0,0,BUS_RX,8,C000000000000000,can1
1551,1786725830.2817016,617501.696814221,862,0,0,0,0,BUS_RX,8,44594E4553532D4C,can1
1552,1786725830.331665,617501.746777846,863,0,0,0,0,BUS_RX,8,2BA4EB0E2A020000,can1
1553,1786725830.3817656,617501.796878138,880,0,0,0,0,BUS_RX,8,44594E4553532D4C,can1
1554,1786725830.382977,617501.798083054,1023,0,0,0,0,BUS_RX,8,630F9A0000000001,can1
1555,1786725830.43169,617501.846803638,881,0,0,0,0,BUS_RX,8,2042415454455259,can1
1556,1786725830.481722,617501.896834846,781,0,0,0,0,BUS_RX,8,640005001E013002,can1
1557,1786725830.6318557,617502.046968679,1023,0,0,0,0,BUS_RX,8,630F9A0000000001,can1
1558,1786725830.6594834,617502.074596888,773,0,0,0,1,CERBO_TX,8,0000000000000000,can1
1559,1786725830.660656,617502.075762013,775,0,0,0,1,CERBO_TX,8,1234567856494300,can1
1560,1786725830.8853006,617502.300413763,1023,0,0,0,0,BUS_RX,8,630F9A0000000001,can1
1561,1786725830.931845,617502.346957513,783,0,0,0,0,BUS_RX,8,0000000000000000,can1
1562,1786725830.982294,617502.397406513,849,0,0,0,0,BUS_RX,8,35026004880FE001,can1
1563,1786725831.0317433,617502.446855388,853,0,0,0,0,BUS_RX,8,6300640000000000,can1
1564,1786725831.081666,617502.49677768,854,0,0,0,0,BUS_RX,8,65150C00F0000000,can1
1565,1786725831.1318014,617502.54691343,857,0,0,0,0,BUS_RX,8,0000000002000000,can1
1566,1786725831.1333,617502.548407013,1023,0,0,0,0,BUS_RX,8,630F9A0000000001,can1
1567,1786725831.181973,617502.597085805,858,0,0,0,0,BUS_RX,8,0000000000000000,can1
1568,1786725831.2319927,617502.647104888,860,0,0,0,0,BUS_RX,8,C000000000000000,can1
1569,1786725831.282085,617502.69719818,862,0,0,0,0,BUS_RX,8,44594E4553532D4C,can1
1570,1786725831.3314998,617502.746611596,863,0,0,0,0,BUS_RX,8,2BA4EB0E2A020000,can1
1571,1786725831.3818374,617502.796945013,880,0,0,0,0,BUS_RX,8,44594E4553532D4C,can1
1572,1786725831.383184,617502.798292305,1023,0,0,0,0,BUS_RX,8,630F9A0000000001,can1
1573,1786725831.4315422,617502.846654596,881,0,0,0,0,BUS_RX,8,2042415454455259,can1
1574,1786725831.481523,617502.896636013,781,0,0,0,0,BUS_RX,8,640005001E013002,can1
1575,1786725831.6317189,617503.046831638,1023,0,0,0,0,BUS_RX,8,630F990000000001,can1
1576,1786725831.660962,617503.076074721,773,0,0,0,1,CERBO_TX,8,0000000000000000,can1
1577,1786725831.6621454,617503.07725243,775,0,0,0,1,CERBO_TX,8,1234567856494300,can1
1578,1786725831.8815434,617503.296670472,1023,0,0,0,0,BUS_RX,8,630F990000000001,can1
1579,1786725831.9316669,617503.346779513,783,0,0,0,0,BUS_RX,8,0000000000000000,can1
1580,1786725831.9816573,617503.396775138,849,0,0,0,0,BUS_RX,8,35026004880FE001,can1
1581,1786725832.0316875,617503.446822847,853,0,0,0,0,BUS_RX,8,6300640000000000,can1
1582,1786725832.083606,617503.498721222,854,0,0,0,0,BUS_RX,8,65150C00F0000000,can1
1583,1786725832.1316023,617503.546714888,857,0,0,0,0,BUS_RX,8,0000000002000000,can1
1584,1786725832.1333535,617503.54846418,1023,0,0,0,0,BUS_RX,8,630F9A0000000001,can1
1585,1786725832.1816025,617503.596715638,858,0,0,0,0,BUS_RX,8,0000000000000000,can1
1586,1786725832.232964,617503.648073888,860,0,0,0,0,BUS_RX,8,C000000000000000,can1
1587,1786725832.2816951,617503.696809722,862,0,0,0,0,BUS_RX,8,44594E4553532D4C,can1
1588,1786725832.3315754,617503.746688305,863,0,0,0,0,BUS_RX,8,2BA4EB0E2A020000,can1
1589,1786725832.3817093,617503.796821638,880,0,0,0,0,BUS_RX,8,44594E4553532D4C,can1
1590,1786725832.3827486,617503.797855222,1023,0,0,0,0,BUS_RX,8,630FA00000000001,can1
1591,1786725832.4316046,617503.846716972,881,0,0,0,0,BUS_RX,8,2042415454455259,can1
1592,1786725832.4816735,617503.896786847,781,0,0,0,0,BUS_RX,8,640005001E013002,can1
1593,1786725832.63249,617504.047602389,1023,0,0,0,0,BUS_RX,8,630F9D0000000001,can1
1594,1786725832.6607628,617504.075875764,773,0,0,0,1,CERBO_TX,8,0000000000000000,can1
1595,1786725832.6617587,617504.076864514,775,0,0,0,1,CERBO_TX,8,1234567856494300,can1
1596,1786725832.882885,617504.29799768,1023,0,0,0,0,BUS_RX,8,630F9C0000000001,can1
1597,1786725832.9341397,617504.349251305,783,0,0,0,0,BUS_RX,8,0000000000000000,can1
1598,1786725832.9850962,617504.400210139,849,0,0,0,0,BUS_RX,8,35026004880FE001,can1
1599,1786725833.0317097,617504.446821972,853,0,0,0,0,BUS_RX,8,6300640000000000,can1
1600,1786725833.0818138,617504.496926055,854,0,0,0,0,BUS_RX,8,66150600F0000000,can1
1601,1786725833.1316943,617504.546806597,857,0,0,0,0,BUS_RX,8,0000000002000000,can1
1602,1786725833.13302,617504.548125555,1023,0,0,0,0,BUS_RX,8,630F9B0000000001,can1
1603,1786725833.1817017,617504.596815139,858,0,0,0,0,BUS_RX,8,0000000000000000,can1
1604,1786725833.2317579,617504.646870556,860,0,0,0,0,BUS_RX,8,C000000000000000,can1
1605,1786725833.2821908,617504.697323472,862,0,0,0,0,BUS_RX,8,44594E4553532D4C,can1
1606,1786725833.3343143,617504.749426806,863,0,0,0,0,BUS_RX,8,2BA4EB0E2A020000,can1
1607,1786725833.3819451,617504.797065431,880,0,0,0,0,BUS_RX,8,44594E4553532D4C,can1
1608,1786725833.3834534,617504.798562514,1023,0,0,0,0,BUS_RX,8,630F9D0000000001,can1
1609,1786725833.4315038,617504.846617264,881,0,0,0,0,BUS_RX,8,2042415454455259,can1
1610,1786725833.4816322,617504.896744389,781,0,0,0,0,BUS_RX,8,640005001E013002,can1
1611,1786725833.6320717,617505.047183222,1023,0,0,0,0,BUS_RX,8,630F9E0000000001,can1
1612,1786725833.6595385,617505.074651264,773,0,0,0,1,CERBO_TX,8,0000000000000000,can1
1613,1786725833.6605105,617505.075616347,775,0,0,0,1,CERBO_TX,8,1234567856494300,can1
1614,1786725833.8827505,617505.297862764,1023,0,0,0,0,BUS_RX,8,630F9D0000000001,can1
1615,1786725833.9320638,617505.347176139,783,0,0,0,0,BUS_RX,8,0000000000000000,can1
1616,1786725833.9821455,617505.397259848,849,0,0,0,0,BUS_RX,8,35026004880FE001,can1
1617,1786725834.032805,617505.447918056,853,0,0,0,0,BUS_RX,8,6300640000000000,can1
1618,1786725834.081783,617505.496898973,854,0,0,0,0,BUS_RX,8,66150500F0000000,can1
1619,1786725834.132309,617505.547422639,857,0,0,0,0,BUS_RX,8,0000000002000000,can1
1620,1786725834.1334743,617505.548582223,1023,0,0,0,0,BUS_RX,8,630F9C0000000001,can1
1621,1786725834.1832352,617505.598347098,858,0,0,0,0,BUS_RX,8,0000000000000000,can1
1622,1786725834.2332146,617505.648327223,860,0,0,0,0,BUS_RX,8,C000000000000000,can1
1623,1786725834.2819307,617505.697043639,862,0,0,0,0,BUS_RX,8,44594E4553532D4C,can1
1624,1786725834.3331351,617505.748264764,863,0,0,0,0,BUS_RX,8,2BA4EB0E2A020000,can1
1625,1786725834.3815017,617505.796614723,880,0,0,0,0,BUS_RX,8,44594E4553532D4C,can1
1626,1786725834.3826067,617505.797715389,1023,0,0,0,0,BUS_RX,8,630F9E0000000001,can1
1627,1786725834.4315658,617505.846677223,881,0,0,0,0,BUS_RX,8,2042415454455259,can1
1628,1786725834.4815063,617505.896619014,781,0,0,0,0,BUS_RX,8,640005001E013002,can1
1629,1786725834.631371,617506.04648114,1023,0,0,0,0,BUS_RX,8,630F9E0000000001,can1
1630,1786725834.6590545,617506.074167515,773,0,0,0,1,CERBO_TX,8,0000000000000000,can1
1631,1786725834.6601264,617506.075233723,775,0,0,0,1,CERBO_TX,8,1234567856494300,can1
1632,1786725834.8897066,617506.304818015,1023,0,0,0,0,BUS_RX,8,630F9B0000000001,can1
1633,1786725834.931948,617506.347060431,783,0,0,0,0,BUS_RX,8,0000000000000000,can1
1634,1786725834.9815106,617506.396623515,849,0,0,0,0,BUS_RX,8,35026004880FE001,can1
1635,1786725835.033323,617506.448435348,853,0,0,0,0,BUS_RX,8,6300640000000000,can1
1636,1786725835.0835617,617506.498674556,854,0,0,0,0,BUS_RX,8,65150400F0000000,can1
1637,1786725835.133396,617506.54850889,857,0,0,0,0,BUS_RX,8,0000000002000000,can1
1638,1786725835.1345024,617506.549608973,1023,0,0,0,0,BUS_RX,8,630F9C0000000001,can1
1639,1786725835.1816463,617506.596758556,858,0,0,0,0,BUS_RX,8,0000000000000000,can1
1640,1786725835.232739,617506.647851723,860,0,0,0,0,BUS_RX,8,C000000000000000,can1
1641,1786725835.2818744,617506.696987515,862,0,0,0,0,BUS_RX,8,44594E4553532D4C,can1
1642,1786725835.331621,617506.746733348,863,0,0,0,0,BUS_RX,8,2BA4EB0E2A020000,can1
1643,1786725835.381541,617506.79665489,880,0,0,0,0,BUS_RX,8,44594E4553532D4C,can1
1644,1786725835.382895,617506.798002015,1023,0,0,0,0,BUS_RX,8,630F9B0000000001,can1
1645,1786725835.4313545,617506.846466015,881,0,0,0,0,BUS_RX,8,2042415454455259,can1
1646,1786725835.4813054,617506.896416723,781,0,0,0,0,BUS_RX,8,640005001E013002,can1
1647,1786725835.6313317,617507.04644314,1023,0,0,0,0,BUS_RX,8,630F9B0000000001,can1
1648,1786725835.6603656,617507.075479182,773,0,0,0,1,CERBO_TX,8,0000000000000000,can1
1649,1786725835.661454,617507.076563265,775,0,0,0,1,CERBO_TX,8,1234567856494300,can1
1650,1786725835.8818614,617507.296973432,1023,0,0,0,0,BUS_RX,8,630F9B0000000001,can1
1651,1786725835.931357,617507.346469223,783,0,0,0,0,BUS_RX,8,0000000000000000,can1
1652,1786725835.9823043,617507.397419224,849,0,0,0,0,BUS_RX,8,35026004880FE001,can1
1653,1786725836.032214,617507.447325557,853,0,0,0,0,BUS_RX,8,6300640000000000,can1
1654,1786725836.081616,617507.496728182,854,0,0,0,0,BUS_RX,8,65150B00F0000000,can1
1655,1786725836.1318152,617507.546927724,857,0,0,0,0,BUS_RX,8,0000000002000000,can1
1656,1786725836.1328952,617507.548002932,1023,0,0,0,0,BUS_RX,8,630F9A0000000001,can1
1657,1786725836.1813421,617507.59645339,858,0,0,0,0,BUS_RX,8,0000000000000000,can1
1658,1786725836.2313406,617507.64645214,860,0,0,0,0,BUS_RX,8,C000000000000000,can1
1659,1786725836.2814221,617507.696533682,862,0,0,0,0,BUS_RX,8,44594E4553532D4C,can1
1660,1786725836.3333375,617507.748449099,863,0,0,0,0,BUS_RX,8,2BA4EB0E2A020000,can1
1661,1786725836.381509,617507.796621182,880,0,0,0,0,BUS_RX,8,44594E4553532D4C,can1
1662,1786725836.3824944,617507.797600724,1023,0,0,0,0,BUS_RX,8,630F9A0000000001,can1
1663,1786725836.4313319,617507.846444099,881,0,0,0,0,BUS_RX,8,2042415454455259,can1
1664,1786725836.4813561,617507.896468515,781,0,0,0,0,BUS_RX,8,640005001E013002,can1
1665,1786725836.6314168,617508.046530307,1023,0,0,0,0,BUS_RX,8,630F9B0000000001,can1
1666,1786725836.659018,617508.074130099,773,0,0,0,1,CERBO_TX,8,0000000000000000,can1
1667,1786725836.660715,617508.075830849,775,0,0,0,1,CERBO_TX,8,1234567856494300,can1
1668,1786725836.8813968,617508.296509682,1023,0,0,0,0,BUS_RX,8,630F990000000001,can1
1669,1786725836.9315686,617508.346681641,783,0,0,0,0,BUS_RX,8,0000000000000000,can1
1670,1786725836.9815726,617508.396704807,849,0,0,0,0,BUS_RX,8,35026004880FE001,can1
1671,1786725837.0313938,617508.446506391,853,0,0,0,0,BUS_RX,8,6300640000000000,can1
1672,1786725837.0814073,617508.496522307,854,0,0,0,0,BUS_RX,8,66150B00F0000000,can1
1673,1786725837.1314714,617508.546583599,857,0,0,0,0,BUS_RX,8,0000000002000000,can1
1674,1786725837.1345716,617508.549684974,1023,0,0,0,0,BUS_RX,8,630F9C0000000001,can1
1675,1786725837.181396,617508.596508932,858,0,0,0,0,BUS_RX,8,0000000000000000,can1
1676,1786725837.2325149,617508.647627474,860,0,0,0,0,BUS_RX,8,C000000000000000,can1
1677,1786725837.2814677,617508.696579932,862,0,0,0,0,BUS_RX,8,44594E4553532D4C,can1
1678,1786725837.331361,617508.746474391,863,0,0,0,0,BUS_RX,8,2BA4EB0E2A020000,can1
1679,1786725837.3846927,617508.799806266,880,0,0,0,0,BUS_RX,8,44594E4553532D4C,can1
1680,1786725837.386244,617508.801351308,1023,0,0,0,0,BUS_RX,8,630FA00000000001,can1
1681,1786725837.4313982,617508.846510474,881,0,0,0,0,BUS_RX,8,2042415454455259,can1
1682,1786725837.4816308,617508.896743224,781,0,0,0,0,BUS_RX,8,640005001E013002,can1
1683,1786725837.6314337,617509.046545974,1023,0,0,0,0,BUS_RX,8,630F9C0000000001,can1
1684,1786725837.6599417,617509.075054766,773,0,0,0,1,CERBO_TX,8,0000000000000000,can1
1685,1786725837.6617718,617509.076883641,775,0,0,0,1,CERBO_TX,8,1234567856494300,can1
1686,1786725837.881367,617509.296480016,1023,0,0,0,0,BUS_RX,8,630F9C0000000001,can1
1687,1786725837.9313853,617509.346498891,783,0,0,0,0,BUS_RX,8,0000000000000000,can1
1688,1786725837.9852705,617509.400383683,849,0,0,0,0,BUS_RX,8,35026004880FE001,can1
1689,1786725838.0316362,617509.446751724,853,0,0,0,0,BUS_RX,8,6300640000000000,can1
1690,1786725838.081327,617509.496440308,854,0,0,0,0,BUS_RX,8,66150900F0000000,can1
1691,1786725838.1313186,617509.546430808,857,0,0,0,0,BUS_RX,8,0000000002000000,can1
1692,1786725838.1351633,617509.550276058,1023,0,0,0,0,BUS_RX,8,630F9C0000000001,can1
1693,1786725838.181293,617509.5964056,858,0,0,0,0,BUS_RX,8,0000000000000000,can1
1694,1786725838.2314832,617509.646595933,860,0,0,0,0,BUS_RX,8,C000000000000000,can1
1695,1786725838.2826245,617509.697737725,862,0,0,0,0,BUS_RX,8,44594E4553532D4C,can1
1696,1786725838.3314915,617509.746603891,863,0,0,0,0,BUS_RX,8,2BA4EB0E2A020000,can1
1697,1786725838.3814886,617509.796600516,880,0,0,0,0,BUS_RX,8,44594E4553532D4C,can1
1698,1786725838.3858745,617509.800984016,1023,0,0,0,0,BUS_RX,8,630F9A0000000001,can1
1699,1786725838.4316165,617509.84672785,881,0,0,0,0,BUS_RX,8,2042415454455259,can1
1700,1786725838.4815474,617509.896660475,781,0,0,0,0,BUS_RX,8,640005001E013002,can1
1701,1786725838.6312468,617510.046359266,1023,0,0,0,0,BUS_RX,8,630F9A0000000001,can1
1702,1786725838.6655529,617510.0806646,773,0,0,0,1,CERBO_TX,8,0000000000000000,can1
1703,1786725838.6666315,617510.081738891,775,0,0,0,1,CERBO_TX,8,1234567856494300,can1
1704,1786725838.8814285,617510.296541058,1023,0,0,0,0,BUS_RX,8,630F9A0000000001,can1
1705,1786725838.931648,617510.346760517,783,0,0,0,0,BUS_RX,8,0000000000000000,can1
1706,1786725838.9833045,617510.398417517,849,0,0,0,0,BUS_RX,8,35026004880FE001,can1
1707,1786725839.0313146,617510.446427058,853,0,0,0,0,BUS_RX,8,6300640000000000,can1
1708,1786725839.0812554,617510.496367683,854,0,0,0,0,BUS_RX,8,65150B00F0000000,can1
1709,1786725839.131275,617510.546387767,857,0,0,0,0,BUS_RX,8,0000000002000000,can1
1710,1786725839.1322896,617510.547394808,1023,0,0,0,0,BUS_RX,8,630F9A0000000001,can1
1711,1786725839.1841288,617510.599243433,858,0,0,0,0,BUS_RX,8,0000000000000000,can1
1712,1786725839.2314942,617510.646607975,860,0,0,0,0,BUS_RX,8,C000000000000000,can1
1713,1786725839.2819006,617510.697012808,862,0,0,0,0,BUS_RX,8,44594E4553532D4C,can1
1714,1786725839.3314075,617510.746520142,863,0,0,0,0,BUS_RX,8,2BA4EB0E2A020000,can1
1715,1786725839.3871388,617510.802251725,880,0,0,0,0,BUS_RX,8,44594E4553532D4C,can1
1716,1786725839.3882606,617510.803368808,1023,0,0,0,0,BUS_RX,8,630F9A0000000001,can1
1717,1786725839.4312208,617510.846332392,881,0,0,0,0,BUS_RX,8,2042415454455259,can1
1718,1786725839.4811726,617510.896284184,781,0,0,0,0,BUS_RX,8,640005001E013002,can1
1719,1786725839.631236,617511.046347975,1023,0,0,0,0,BUS_RX,8,630F9A0000000001,can1
1720,1786725839.6600425,617511.075186809,773,0,0,0,1,CERBO_TX,8,0000000000000000,can1
1721,1786725839.6610725,617511.0761786,775,0,0,0,1,CERBO_TX,8,1234567856494300,can1
1722,1786725839.887018,617511.302126517,1023,0,0,0,0,BUS_RX,8,630F9A0000000001,can1
1723,1786725839.934836,617511.349947059,783,0,0,0,0,BUS_RX,8,0000000000000000,can1
1724,1786725839.9813735,617511.396487017,849,0,0,0,0,BUS_RX,8,35026004880FE001,can1
1725,1786725840.0319684,617511.447080975,853,0,0,0,0,BUS_RX,8,6300640000000000,can1
1726,1786725840.0842853,617511.4993971,854,0,0,0,0,BUS_RX,8,66150D00F0000000,can1
1727,1786725840.1327205,617511.547834517,857,0,0,0,0,BUS_RX,8,0000000002000000,can1
1728,1786725840.1340342,617511.549150726,1023,0,0,0,0,BUS_RX,8,630F9A0000000001,can1
1729,1786725840.181264,617511.596377476,858,0,0,0,0,BUS_RX,8,0000000000000000,can1
1730,1786725840.241831,617511.656943809,860,0,0,0,0,BUS_RX,8,C000000000000000,can1
1731,1786725840.281343,617511.696456059,862,0,0,0,0,BUS_RX,8,44594E4553532D4C,can1
1732,1786725840.3318827,617511.746995101,863,0,0,0,0,BUS_RX,8,2BA4EB0E2A020000,can1
1733,1786725840.383081,617511.798192059,880,0,0,0,0,BUS_RX,8,44594E4553532D4C,can1
1734,1786725840.384029,617511.799135767,1023,0,0,0,0,BUS_RX,8,630F9A0000000001,can1
1735,1786725840.431257,617511.846369226,881,0,0,0,0,BUS_RX,8,2042415454455259,can1
1736,1786725840.4841895,617511.899295976,781,0,0,0,0,BUS_RX,8,640005001E013002,can1
1737,1786725840.6313784,617512.046491476,1023,0,0,0,0,BUS_RX,8,630F9A0000000001,can1
1738,1786725840.6591775,617512.074290017,773,0,0,0,1,CERBO_TX,8,0000000000000000,can1
1739,1786725840.6602657,617512.075372767,775,0,0,0,1,CERBO_TX,8,1234567856494300,can1
1740,1786725840.881276,617512.296387601,1023,0,0,0,0,BUS_RX,8,630F990000000001,can1
1741,1786725840.9311376,617512.346250434,783,0,0,0,0,BUS_RX,8,0000000000000000,can1
1742,1786725840.983582,617512.398695309,849,0,0,0,0,BUS_RX,8,35026004880FE001,can1
1743,1786725841.0330086,617512.448121184,853,0,0,0,0,BUS_RX,8,6300640000000000,can1
1744,1786725841.0813715,617512.496485559,854,0,0,0,0,BUS_RX,8,66150D00F0000000,can1
1745,1786725841.1315877,617512.546700809,857,0,0,0,0,BUS_RX,8,0000000002000000,can1
1746,1786725841.1336637,617512.548772393,1023,0,0,0,0,BUS_RX,8,630F990000000001,can1
1747,1786725841.1833143,617512.598448726,858,0,0,0,0,BUS_RX,8,0000000000000000,can1
1748,1786725841.2318695,617512.646982184,860,0,0,0,0,BUS_RX,8,C000000000000000,can1
1749,1786725841.2811537,617512.696265643,862,0,0,0,0,BUS_RX,8,44594E4553532D4C,can1
1750,1786725841.3310864,617512.746197893,863,0,0,0,0,BUS_RX,8,2BA4EB0E2A020000,can1
1751,1786725841.3828676,617512.797980059,880,0,0,0,0,BUS_RX,8,44594E4553532D4C,can1
1752,1786725841.3838215,617512.798926893,1023,0,0,0,0,BUS_RX,8,630F990000000001,can1
1753,1786725841.4310567,617512.846167976,881,0,0,0,0,BUS_RX,8,2042415454455259,can1
1754,1786725841.4810479,617512.896159934,781,0,0,0,0,BUS_RX,8,640005001E013002,can1
1755,1786725841.6310575,617513.04616856,1023,0,0,0,0,BUS_RX,8,630F990000000001,can1
1756,1786725841.6595147,617513.074627476,773,0,0,0,1,CERBO_TX,8,0000000000000000,can1
1757,1786725841.6605885,617513.075696435,775,0,0,0,1,CERBO_TX,8,1234567856494300,can1
1758,1786725841.8826144,617513.297726476,1023,0,0,0,0,BUS_RX,8,630F990000000001,can1
1759,1786725841.9310381,617513.346149268,783,0,0,0,0,BUS_RX,8,0000000000000000,can1
1760,1786725841.9810677,617513.396179726,849,0,0,0,0,BUS_RX,8,35026004880FE001,can1
1761,1786725842.0310535,617513.446165851,853,0,0,0,0,BUS_RX,8,6300640000000000,can1
1762,1786725842.0813334,617513.496446685,854,0,0,0,0,BUS_RX,8,67150D00F0000000,can1
1763,1786725842.1331596,617513.548272976,857,0,0,0,0,BUS_RX,8,0000000002000000,can1
1764,1786725842.1348019,617513.549910226,1023,0,0,0,0,BUS_RX,8,630F9A0000000001,can1
1765,1786725842.181482,617513.59659581,858,0,0,0,0,BUS_RX,8,0000000000000000,can1
1766,1786725842.2310996,617513.646212227,860,0,0,0,0,BUS_RX,8,C000000000000000,can1
1767,1786725842.2811127,617513.696225852,862,0,0,0,0,BUS_RX,8,44594E4553532D4C,can1
1768,1786725842.3310945,617513.746206685,863,0,0,0,0,BUS_RX,8,2BA4EB0E2A020000,can1
1769,1786725842.3853872,617513.800499477,880,0,0,0,0,BUS_RX,8,44594E4553532D4C,can1
1770,1786725842.3864846,617513.801592268,1023,0,0,0,0,BUS_RX,8,630F9B0000000001,can1
1771,1786725842.4311874,617513.84629956,881,0,0,0,0,BUS_RX,8,2042415454455259,can1
1772,1786725842.4810503,617513.89616256,781,0,0,0,0,BUS_RX,8,640005001E013002,can1
1773,1786725842.6310935,617514.046204518,1023,0,0,0,0,BUS_RX,8,630F9A0000000001,can1
1774,1786725842.6590977,617514.074210393,773,0,0,0,1,CERBO_TX,8,0000000000000000,can1
1775,1786725842.660338,617514.075444893,775,0,0,0,1,CERBO_TX,8,1234567856494300,can1
1776,1786725842.8810956,617514.296207602,1023,0,0,0,0,BUS_RX,8,630F9A0000000001,can1
1777,1786725842.9315712,617514.34668381,783,0,0,0,0,BUS_RX,8,0000000000000000,can1
1778,1786725842.9816563,617514.396769185,849,0,0,0,0,BUS_RX,8,35026004880FE001,can1
1779,1786725843.0311406,617514.446253644,853,0,0,0,0,BUS_RX,8,6300640000000000,can1
1780,1786725843.0811105,617514.496222727,854,0,0,0,0,BUS_RX,8,66150C00F0000000,can1
1781,1786725843.1310866,617514.546197935,857,0,0,0,0,BUS_RX,8,0000000002000000,can1
1782,1786725843.1320393,617514.547145935,1023,0,0,0,0,BUS_RX,8,630F990000000001,can1
1783,1786725843.1811314,617514.596244685,858,0,0,0,0,BUS_RX,8,0000000000000000,can1
1784,1786725843.2354345,617514.650546269,860,0,0,0,0,BUS_RX,8,C000000000000000,can1
1785,1786725843.2810402,617514.696152394,862,0,0,0,0,BUS_RX,8,44594E4553532D4C,can1
1786,1786725843.3311038,617514.746216519,863,0,0,0,0,BUS_RX,8,2BA4EB0E2A020000,can1
1787,1786725843.3810732,617514.796186477,880,0,0,0,0,BUS_RX,8,44594E4553532D4C,can1
1788,1786725843.382588,617514.79770381,1023,0,0,0,0,BUS_RX,8,630F9B0000000001,can1
1789,1786725843.431064,617514.84617631,881,0,0,0,0,BUS_RX,8,2042415454455259,can1
1790,1786725843.481089,617514.896202435,781,0,0,0,0,BUS_RX,8,640005001E013002,can1
1791,1786725843.6310487,617515.046161269,1023,0,0,0,0,BUS_RX,8,630F9A0000000001,can1
1792,1786725843.6624482,617515.077560561,773,0,0,0,1,CERBO_TX,8,0000000000000000,can1
1793,1786725843.6635492,617515.078655852,775,0,0,0,1,CERBO_TX,8,1234567856494300,can1
1794,1786725843.881045,617515.296157436,1023,0,0,0,0,BUS_RX,8,630F990000000001,can1
1795,1786725843.9310849,617515.346214811,783,0,0,0,0,BUS_RX,8,0000000000000000,can1
1796,1786725843.9810789,617515.396191686,849,0,0,0,0,BUS_RX,8,35026004880FE001,can1
1797,1786725844.03105,617515.446164269,853,0,0,0,0,BUS_RX,8,6300640000000000,can1
1798,1786725844.0810606,617515.496174144,854,0,0,0,0,BUS_RX,8,65150D00F0000000,can1
1799,1786725844.1311104,617515.546224102,857,0,0,0,0,BUS_RX,8,0000000002000000,can1
1800,1786725844.132705,617515.547813436,1023,0,0,0,0,BUS_RX,8,630F990000000001,can1
1801,1786725844.1812606,617515.596373352,858,0,0,0,0,BUS_RX,8,0000000000000000,can1
1802,1786725844.2310617,617515.646174936,860,0,0,0,0,BUS_RX,8,C000000000000000,can1
1803,1786725844.2810957,617515.696208227,862,0,0,0,0,BUS_RX,8,44594E4553532D4C,can1
1804,1786725844.33115,617515.746262644,863,0,0,0,0,BUS_RX,8,2BA4EB0E2A020000,can1
1805,1786725844.3809414,617515.796053936,880,0,0,0,0,BUS_RX,8,44594E4553532D4C,can1
1806,1786725844.3824003,617515.797509644,1023,0,0,0,0,BUS_RX,8,630F990000000001,can1
1807,1786725844.4348514,617515.849963978,881,0,0,0,0,BUS_RX,8,2042415454455259,can1
1808,1786725844.480962,617515.896075478,781,0,0,0,0,BUS_RX,8,640005001E013002,can1
1809,1786725844.631119,617516.046233103,1023,0,0,0,0,BUS_RX,8,630F9A0000000001,can1
1810,1786725844.6608968,617516.076009353,773,0,0,0,1,CERBO_TX,8,0000000000000000,can1
1811,1786725844.662025,617516.077132061,775,0,0,0,1,CERBO_TX,8,1234567856494300,can1
1812,1786725844.895439,617516.310552186,1023,0,0,0,0,BUS_RX,8,630F9A0000000001,can1
1813,1786725844.9309878,617516.346100103,783,0,0,0,0,BUS_RX,8,0000000000000000,can1
1814,1786725844.9837728,617516.398885394,849,0,0,0,0,BUS_RX,8,35026004880FE001,can1
1815,1786725845.0314572,617516.44656977,853,0,0,0,0,BUS_RX,8,6300640000000000,can1
1816,1786725845.085331,617516.500443186,854,0,0,0,0,BUS_RX,8,66150C00F0000000,can1
1817,1786725845.131289,617516.546400436,857,0,0,0,0,BUS_RX,8,0000000002000000,can1
1818,1786725845.1328647,617516.547973353,1023,0,0,0,0,BUS_RX,8,630F990000000001,can1
1819,1786725845.1813061,617516.596422186,858,0,0,0,0,BUS_RX,8,0000000000000000,can1
1820,1786725845.2311056,617516.646216311,860,0,0,0,0,BUS_RX,8,C000000000000000,can1
1821,1786725845.2811139,617516.69622727,862,0,0,0,0,BUS_RX,8,44594E4553532D4C,can1
1822,1786725845.3309724,617516.746084978,863,0,0,0,0,BUS_RX,8,2BA4EB0E2A020000,can1
1823,1786725845.38099,617516.796103103,880,0,0,0,0,BUS_RX,8,44594E4553532D4C,can1
1824,1786725845.3823044,617516.797413561,1023,0,0,0,0,BUS_RX,8,630F9A0000000001,can1
1825,1786725845.4308681,617516.84597802,881,0,0,0,0,BUS_RX,8,2042415454455259,can1
1826,1786725845.4808574,617516.895970728,781,0,0,0,0,BUS_RX,8,640005001E013002,can1
1827,1786725845.630964,617517.046076061,1023,0,0,0,0,BUS_RX,8,630F990000000001,can1
1828,1786725845.6601396,617517.075252311,773,0,0,0,1,CERBO_TX,8,0000000000000000,can1
1829,1786725845.6619997,617517.077108811,775,0,0,0,1,CERBO_TX,8,1234567856494300,can1
1830,1786725845.8809705,617517.296084728,1023,0,0,0,0,BUS_RX,8,630F990000000001,can1
1831,1786725845.9311225,617517.346231062,783,0,0,0,0,BUS_RX,8,0000000000000000,can1
1832,1786725845.981001,617517.396133353,849,0,0,0,0,BUS_RX,8,35026004880FE001,can1
1833,1786725846.037742,617517.45285527,853,0,0,0,0,BUS_RX,8,6300640000000000,can1
1834,1786725846.0829852,617517.498098145,854,0,0,0,0,BUS_RX,8,66150D00F0000000,can1
1835,1786725846.131093,617517.546206478,857,0,0,0,0,BUS_RX,8,0000000002000000,can1
1836,1786725846.1324444,617517.547556895,1023,0,0,0,0,BUS_RX,8,630F990000000001,can1
1837,1786725846.1824617,617517.59757502,858,0,0,0,0,BUS_RX,8,0000000000000000,can1
1838,1786725846.2310636,617517.646176603,860,0,0,0,0,BUS_RX,8,C000000000000000,can1
1839,1786725846.280989,617517.69610102,862,0,0,0,0,BUS_RX,8,44594E4553532D4C,can1
1840,1786725846.3309739,617517.746088603,863,0,0,0,0,BUS_RX,8,2BA4EB0E2A020000,can1
1841,1786725846.380969,617517.796081353,880,0,0,0,0,BUS_RX,8,44594E4553532D4C,can1
1842,1786725846.381931,617517.797036978,1023,0,0,0,0,BUS_RX,8,630F9A0000000001,can1
1843,1786725846.4310915,617517.846203104,881,0,0,0,0,BUS_RX,8,2042415454455259,can1
1844,1786725846.4808433,617517.895955937,781,0,0,0,0,BUS_RX,8,640005001E013002,can1
1845,1786725846.631199,617518.046311104,1023,0,0,0,0,BUS_RX,8,630F990000000001,can1
1846,1786725846.6592364,617518.074346729,773,0,0,0,1,CERBO_TX,8,0000000000000000,can1
1847,1786725846.6602864,617518.075393145,775,0,0,0,1,CERBO_TX,8,1234567856494300,can1
1848,1786725846.882376,617518.297488854,1023,0,0,0,0,BUS_RX,8,630F990000000001,can1
1849,1786725846.9308949,617518.346006354,783,0,0,0,0,BUS_RX,8,0000000000000000,can1
1850,1786725846.9853532,617518.400468645,849,0,0,0,0,BUS_RX,8,35026004880FE001,can1
1851,1786725847.030915,617518.446028562,853,0,0,0,0,BUS_RX,8,6300640000000000,can1
1852,1786725847.085307,617518.500420312,854,0,0,0,0,BUS_RX,8,67150D00F0000000,can1
1853,1786725847.1312473,617518.546361896,857,0,0,0,0,BUS_RX,8,0000000002000000,can1
1854,1786725847.1357708,617518.550879271,1023,0,0,0,0,BUS_RX,8,630F9A0000000001,can1
1855,1786725847.1848333,617518.599946562,858,0,0,0,0,BUS_RX,8,0000000000000000,can1
1856,1786725847.2354734,617518.650585604,860,0,0,0,0,BUS_RX,8,C000000000000000,can1
1857,1786725847.2841458,617518.699258229,862,0,0,0,0,BUS_RX,8,44594E4553532D4C,can1
1858,1786725847.330864,617518.745976729,863,0,0,0,0,BUS_RX,8,2BA4EB0E2A020000,can1
1859,1786725847.3813307,617518.796442812,880,0,0,0,0,BUS_RX,8,44594E4553532D4C,can1
1860,1786725847.382395,617518.797503229,1023,0,0,0,0,BUS_RX,8,630F9A0000000001,can1
1861,1786725847.4321785,617518.847292729,881,0,0,0,0,BUS_RX,8,2042415454455259,can1
1862,1786725847.4861524,617518.901264229,781,0,0,0,0,BUS_RX,8,640005001E013002,can1
1863,1786725847.6328812,617519.047994521,1023,0,0,0,0,BUS_RX,8,630F9A0000000001,can1
1864,1786725847.6585188,617519.073631687,773,0,0,0,1,CERBO_TX,8,0000000000000000,can1
1865,1786725847.6596308,617519.074737396,775,0,0,0,1,CERBO_TX,8,1234567856494300,can1
1866,1786725847.881536,617519.296647521,1023,0,0,0,0,BUS_RX,8,630F990000000001,can1
1867,1786725847.93321,617519.348321271,783,0,0,0,0,BUS_RX,8,0000000000000000,can1
1868,1786725847.980767,617519.395879479,849,0,0,0,0,BUS_RX,8,35026004880FE001,can1
1869,1786725848.0307546,617519.445866563,853,0,0,0,0,BUS_RX,8,6300640000000000,can1
1870,1786725848.0808322,617519.495944271,854,0,0,0,0,BUS_RX,8,66150C00F0000000,can1
1871,1786725848.1307633,617519.545875271,857,0,0,0,0,BUS_RX,8,0000000002000000,can1
1872,1786725848.13175,617519.546856354,1023,0,0,0,0,BUS_RX,8,630F9A0000000001,can1
1873,1786725848.180787,617519.595899604,858,0,0,0,0,BUS_RX,8,0000000000000000,can1
1874,1786725848.2308998,617519.646012604,860,0,0,0,0,BUS_RX,8,C000000000000000,can1
1875,1786725848.2807684,617519.695879479,862,0,0,0,0,BUS_RX,8,44594E4553532D4C,can1
1876,1786725848.3308787,617519.745990771,863,0,0,0,0,BUS_RX,8,2BA4EB0E2A020000,can1
1877,1786725848.3808336,617519.795945354,880,0,0,0,0,BUS_RX,8,44594E4553532D4C,can1
1878,1786725848.3830144,617519.798123229,1023,0,0,0,0,BUS_RX,8,630F9A0000000001,can1
1879,1786725848.4307802,617519.845892229,881,0,0,0,0,BUS_RX,8,2042415454455259,can1
1880,1786725848.480735,617519.895846563,781,0,0,0,0,BUS_RX,8,640005001E013002,can1
1881,1786725848.6308656,617520.046056021,1023,0,0,0,0,BUS_RX,8,630F9B0000000001,can1
1882,1786725848.663148,617520.078260313,773,0,0,0,1,CERBO_TX,8,0000000000000000,can1
1883,1786725848.6642673,617520.07937423,775,0,0,0,1,CERBO_TX,8,1234567856494300,can1
1884,1786725848.8808277,617520.295939646,1023,0,0,0,0,BUS_RX,8,630F9A0000000001,can1
1885,1786725848.932798,617520.347909688,783,0,0,0,0,BUS_RX,8,0000000000000000,can1
1886,1786725848.9808445,617520.395958813,849,0,0,0,0,BUS_RX,8,35026004880FE001,can1
1887,1786725849.0311985,617520.446311021,853,0,0,0,0,BUS_RX,8,6300640000000000,can1
1888,1786725849.0809627,617520.49607523,854,0,0,0,0,BUS_RX,8,65150B00F0000000,can1
1889,1786725849.1347935,617520.54990723,857,0,0,0,0,BUS_RX,8,0000000002000000,can1
1890,1786725849.136075,617520.551183688,1023,0,0,0,0,BUS_RX,8,630F990000000001,can1
1891,1786725849.180741,617520.59585373,858,0,0,0,0,BUS_RX,8,0000000000000000,can1
1892,1786725849.2379425,617520.653056647,860,0,0,0,0,BUS_RX,8,C000000000000000,can1
1893,1786725849.2809289,617520.696041938,862,0,0,0,0,BUS_RX,8,44594E4553532D4C,can1
1894,1786725849.3307073,617520.745819022,863,0,0,0,0,BUS_RX,8,2BA4EB0E2A020000,can1
1895,1786725849.3813832,617520.796495938,880,0,0,0,0,BUS_RX,8,44594E4553532D4C,can1
1896,1786725849.3824744,617520.797582272,1023,0,0,0,0,BUS_RX,8,630F9E0000000001,can1
1897,1786725849.4306982,617520.845809938,881,0,0,0,0,BUS_RX,8,2042415454455259,can1
1898,1786725849.4806743,617520.895786022,781,0,0,0,0,BUS_RX,8,640005001E013002,can1
1899,1786725849.6317184,617521.046830813,1023,0,0,0,0,BUS_RX,8,630F9D0000000001,can1
1900,1786725849.6597311,617521.074844063,773,0,0,0,1,CERBO_TX,8,0000000000000000,can1
1901,1786725849.6662397,617521.081348688,775,0,0,0,1,CERBO_TX,8,1234567856494300,can1
1902,1786725849.8952832,617521.310395688,1023,0,0,0,0,BUS_RX,8,630F9A0000000001,can1
1903,1786725849.935539,617521.350651897,783,0,0,0,0,BUS_RX,8,0000000000000000,can1
1904,1786725849.9807878,617521.395900855,849,0,0,0,0,BUS_RX,8,35026004880FE001,can1
1905,1786725850.0307915,617521.445903397,853,0,0,0,0,BUS_RX,8,6300640000000000,can1
1906,1786725850.0807645,617521.495877439,854,0,0,0,0,BUS_RX,8,66150700F0000000,can1
1907,1786725850.1307964,617521.545908105,857,0,0,0,0,BUS_RX,8,0000000002000000,can1
1908,1786725850.1317616,617521.546866314,1023,0,0,0,0,BUS_RX,8,630F9B0000000001,can1
1909,1786725850.1807864,617521.595898689,858,0,0,0,0,BUS_RX,8,0000000000000000,can1
1910,1786725850.2312837,617521.646398647,860,0,0,0,0,BUS_RX,8,C000000000000000,can1
1911,1786725850.2806938,617521.695805397,862,0,0,0,0,BUS_RX,8,44594E4553532D4C,can1
1912,1786725850.3325865,617521.747698522,863,0,0,0,0,BUS_RX,8,2BA4EB0E2A020000,can1
1913,1786725850.3808036,617521.795917064,880,0,0,0,0,BUS_RX,8,44594E4553532D4C,can1
1914,1786725850.382032,617521.797138397,1023,0,0,0,0,BUS_RX,8,630F9B0000000001,can1
1915,1786725850.4307697,617521.845881939,881,0,0,0,0,BUS_RX,8,2042415454455259,can1
1916,1786725850.4806871,617521.895799022,781,0,0,0,0,BUS_RX,8,640005001E013002,can1
1917,1786725850.6347315,617522.049844106,1023,0,0,0,0,BUS_RX,8,630F9C0000000001,can1
1918,1786725850.663967,617522.079078439,773,0,0,0,1,CERBO_TX,8,0000000000000000,can1
1919,1786725850.6648903,617522.079996231,775,0,0,0,1,CERBO_TX,8,1234567856494300,can1
1920,1786725850.8807693,617522.295882814,1023,0,0,0,0,BUS_RX,8,630F9E0000000001,can1
1921,1786725850.9308872,617522.346000772,783,0,0,0,0,BUS_RX,8,0000000000000000,can1
1922,1786725850.9807446,617522.395858022,849,0,0,0,0,BUS_RX,8,35026004880FE001,can1
1923,1786725851.0307326,617522.445844856,853,0,0,0,0,BUS_RX,8,6300640000000000,can1
1924,1786725851.0806847,617522.495796147,854,0,0,0,0,BUS_RX,8,67150800F0000000,can1
1925,1786725851.134399,617522.549511189,857,0,0,0,0,BUS_RX,8,0000000002000000,can1
1926,1786725851.1356075,617522.550714189,1023,0,0,0,0,BUS_RX,8,630F9A0000000001,can1
1927,1786725851.1821578,617522.597270481,858,0,0,0,0,BUS_RX,8,0000000000000000,can1
1928,1786725851.2308664,617522.645978522,860,0,0,0,0,BUS_RX,8,C000000000000000,can1
1929,1786725851.2824628,617522.697574731,862,0,0,0,0,BUS_RX,8,44594E4553532D4C,can1
1930,1786725851.3355236,617522.750636898,863,0,0,0,0,BUS_RX,8,2BA4EB0E2A020000,can1
1931,1786725851.3810112,617522.796124398,880,0,0,0,0,BUS_RX,8,44594E4553532D4C,can1
1932,1786725851.382243,617522.797350439,1023,0,0,0,0,BUS_RX,8,630F9A0000000001,can1
1933,1786725851.4308398,617522.845952648,881,0,0,0,0,BUS_RX,8,2042415454455259,can1
1934,1786725851.4810085,617522.896121689,781,0,0,0,0,BUS_RX,8,640005001E013002,can1
1935,1786725851.6317472,617523.046859356,1023,0,0,0,0,BUS_RX,8,630F9B0000000001,can1
1936,1786725851.6593025,617523.074414856,773,0,0,0,1,CERBO_TX,8,0000000000000000,can1
1937,1786725851.6604638,617523.075574564,775,0,0,0,1,CERBO_TX,8,1234567856494300,can1
1938,1786725851.882988,617523.298100023,1023,0,0,0,0,BUS_RX,8,630F9A0000000001,can1
1939,1786725851.9311206,617523.346233273,783,0,0,0,0,BUS_RX,8,0000000000000000,can1
1940,1786725851.9807537,617523.395866356,849,0,0,0,0,BUS_RX,8,35026004880FE001,can1
1941,1786725852.0306926,617523.445807273,853,0,0,0,0,BUS_RX,8,6300640000000000,can1
1942,1786725852.080631,617523.495743481,854,0,0,0,0,BUS_RX,8,66150B00F0000000,can1
1943,1786725852.1329632,617523.548074898,857,0,0,0,0,BUS_RX,8,0000000002000000,can1
1944,1786725852.1340196,617523.54912769,1023,0,0,0,0,BUS_RX,8,630F9A0000000001,can1
1945,1786725852.1853755,617523.600487856,858,0,0,0,0,BUS_RX,8,0000000000000000,can1
1946,1786725852.2307758,617523.645888106,860,0,0,0,0,BUS_RX,8,C000000000000000,can1
1947,1786725852.280693,617523.69579894,862,0,0,0,0,BUS_RX,8,44594E4553532D4C,can1
1948,1786725852.3307471,617523.745860398,863,0,0,0,0,BUS_RX,8,2BA4EB0E2A020000,can1
1949,1786725852.3829443,617523.79805519,880,0,0,0,0,BUS_RX,8,44594E4553532D4C,can1
1950,1786725852.383903,617523.799009023,1023,0,0,0,0,BUS_RX,8,630F9B0000000001,can1
1951,1786725852.4312532,617523.846365731,881,0,0,0,0,BUS_RX,8,2042415454455259,can1
1952,1786725852.4812646,617523.896379898,781,0,0,0,0,BUS_RX,8,640005001E013002,can1
1953,1786725852.630569,617524.045679856,1023,0,0,0,0,BUS_RX,8,630F9E0000000001,can1
1954,1786725852.659346,617524.074458731,773,0,0,0,1,CERBO_TX,8,0000000000000000,can1
1955,1786725852.660323,617524.075430523,775,0,0,0,1,CERBO_TX,8,1234567856494300,can1
1956,1786725852.8806758,617524.295787732,1023,0,0,0,0,BUS_RX,8,630F9D0000000001,can1
1957,1786725852.930841,617524.34595594,783,0,0,0,0,BUS_RX,8,0000000000000000,can1
1958,1786725852.9809277,617524.396041982,849,0,0,0,0,BUS_RX,8,35026004880FE001,can1
1959,1786725853.0308995,617524.446011648,853,0,0,0,0,BUS_RX,8,6300640000000000,can1
1960,1786725853.0808938,617524.496007148,854,0,0,0,0,BUS_RX,8,66150500F0000000,can1
1961,1786725853.1314209,617524.546532107,857,0,0,0,0,BUS_RX,8,0000000002000000,can1
1962,1786725853.1325586,617524.547664648,1023,0,0,0,0,BUS_RX,8,630F9D0000000001,can1
1963,1786725853.1813154,617524.596428732,858,0,0,0,0,BUS_RX,8,0000000000000000,can1
1964,1786725853.23129,617524.646402648,860,0,0,0,0,BUS_RX,8,C000000000000000,can1
1965,1786725853.2809362,617524.696048857,862,0,0,0,0,BUS_RX,8,44594E4553532D4C,can1
1966,1786725853.3308282,617524.745941023,863,0,0,0,0,BUS_RX,8,2BA4EB0E2A020000,can1
1967,1786725853.3805985,617524.795711482,880,0,0,0,0,BUS_RX,8,44594E4553532D4C,can1
1968,1786725853.381923,617524.79703269,1023,0,0,0,0,BUS_RX,8,630F9B0000000001,can1
1969,1786725853.4320905,617524.847202649,881,0,0,0,0,BUS_RX,8,2042415454455259,can1
1970,1786725853.4820192,617524.897131524,781,0,0,0,0,BUS_RX,8,640005001E013002,can1
1971,1786725853.6305847,617525.045698357,1023,0,0,0,0,BUS_RX,8,630F9A0000000001,can1
1972,1786725853.6659513,617525.081063607,773,0,0,0,1,CERBO_TX,8,0000000000000000,can1
1973,1786725853.666996,617525.082102857,775,0,0,0,1,CERBO_TX,8,1234567856494300,can1
1974,1786725853.8811412,617525.296257607,1023,0,0,0,0,BUS_RX,8,630F9A0000000001,can1
1975,1786725853.931692,617525.34680369,783,0,0,0,0,BUS_RX,8,0000000000000000,can1
1976,1786725853.981117,617525.396242315,849,0,0,0,0,BUS_RX,8,35026004880FE001,can1
1977,1786725854.0313463,617525.446462732,853,0,0,0,0,BUS_RX,8,6300640000000000,can1
1978,1786725854.0810454,617525.496178107,854,0,0,0,0,BUS_RX,8,66150C00F0000000,can1
1979,1786725854.1305757,617525.545687941,857,0,0,0,0,BUS_RX,8,0000000002000000,can1
1980,1786725854.133049,617525.548160357,1023,0,0,0,0,BUS_RX,8,630F990000000001,can1
1981,1786725854.1809356,617525.596053857,858,0,0,0,0,BUS_RX,8,0000000000000000,can1
1982,1786725854.2304642,617525.645576191,860,0,0,0,0,BUS_RX,8,C000000000000000,can1
1983,1786725854.2813194,617525.696432399,862,0,0,0,0,BUS_RX,8,44594E4553532D4C,can1
1984,1786725854.3305507,617525.745662732,863,0,0,0,0,BUS_RX,8,2BA4EB0E2A020000,can1
1985,1786725854.3845904,617525.799702816,880,0,0,0,0,BUS_RX,8,44594E4553532D4C,can1
1986,1786725854.3858552,617525.800964691,1023,0,0,0,0,BUS_RX,8,630F9A0000000001,can1
1987,1786725854.4304228,617525.845534316,881,0,0,0,0,BUS_RX,8,2042415454455259,can1
1988,1786725854.4804368,617525.895550024,781,0,0,0,0,BUS_RX,8,640005001E013002,can1
1989,1786725854.6306777,617526.045790149,1023,0,0,0,0,BUS_RX,8,630F9A0000000001,can1
1990,1786725854.658746,617526.073877316,773,0,0,0,1,CERBO_TX,8,0000000000000000,can1
1991,1786725854.6618311,617526.076942316,775,0,0,0,1,CERBO_TX,8,1234567856494300,can1
1992,1786725854.8819723,617526.297083399,1023,0,0,0,0,BUS_RX,8,630F9C0000000001,can1
1993,1786725854.9324956,617526.347608566,783,0,0,0,0,BUS_RX,8,0000000000000000,can1
1994,1786725854.9904394,617526.405552024,849,0,0,0,0,BUS_RX,8,35026004880FE001,can1
1995,1786725855.030578,617526.445689774,853,0,0,0,0,BUS_RX,8,6300640000000000,can1
1996,1786725855.0814285,617526.496540858,854,0,0,0,0,BUS_RX,8,67150C00F0000000,can1
1997,1786725855.130832,617526.545944941,857,0,0,0,0,BUS_RX,8,0000000002000000,can1
1998,1786725855.1319337,617526.547041191,1023,0,0,0,0,BUS_RX,8,630F9F0000000001,can1
1999,1786725855.1806092,617526.595721524,858,0,0,0,0,BUS_RX,8,0000000000000000,can1
2000,1786725855.2305381,617526.645651066,860,0,0,0,0,BUS_RX,8,C000000000000000,can1
2001,1786725855.2804065,617526.695518233,862,0,0,0,0,BUS_RX,8,44594E4553532D4C,can1
2002,1786725855.3331964,617526.748309691,863,0,0,0,0,BUS_RX,8,2BA4EB0E2A020000,can1
2003,1786725855.3821335,617526.797245816,880,0,0,0,0,BUS_RX,8,44594E4553532D4C,can1
2004,1786725855.3832145,617526.798323108,1023,0,0,0,0,BUS_RX,8,630FA00000000001,can1
2005,1786725855.4303825,617526.845495066,881,0,0,0,0,BUS_RX,8,2042415454455259,can1
2006,1786725855.4804337,617526.895545983,781,0,0,0,0,BUS_RX,8,640005001E013002,can1
2007,1786725855.6304533,617527.045565566,1023,0,0,0,0,BUS_RX,8,630F9B0000000001,can1
2008,1786725855.66197,617527.077081275,773,0,0,0,1,CERBO_TX,8,0000000000000000,can1
2009,1786725855.663002,617527.078108816,775,0,0,0,1,CERBO_TX,8,1234567856494300,can1
2010,1786725855.8804924,617527.295604566,1023,0,0,0,0,BUS_RX,8,630F9F0000000001,can1
2011,1786725855.930401,617527.345512691,783,0,0,0,0,BUS_RX,8,0000000000000000,can1
2012,1786725855.9804554,617527.395569358,849,0,0,0,0,BUS_RX,8,35026004880FE001,can1
2013,1786725856.0303972,617527.445508858,853,0,0,0,0,BUS_RX,8,6300640000000000,can1
2014,1786725856.0808463,617527.495958441,854,0,0,0,0,BUS_RX,8,66150800F0000000,can1
2015,1786725856.1318038,617527.546916233,857,0,0,0,0,BUS_RX,8,0000000002000000,can1
2016,1786725856.1328022,617527.547908691,1023,0,0,0,0,BUS_RX,8,630F9F0000000001,can1
2017,1786725856.180514,617527.595626108,858,0,0,0,0,BUS_RX,8,0000000000000000,can1
2018,1786725856.2303858,617527.645497983,860,0,0,0,0,BUS_RX,8,C000000000000000,can1
2019,1786725856.285436,617527.700548608,862,0,0,0,0,BUS_RX,8,44594E4553532D4C,can1
2020,1786725856.3305957,617527.745707775,863,0,0,0,0,BUS_RX,8,2BA4EB0E2A020000,can1
2021,1786725856.3833895,617527.798502567,880,0,0,0,0,BUS_RX,8,44594E4553532D4C,can1
2022,1786725856.3844388,617527.799547358,1023,0,0,0,0,BUS_RX,8,630F9A0000000001,can1
2023,1786725856.4305258,617527.84563315,881,0,0,0,0,BUS_RX,8,2042415454455259,can1
2024,1786725856.4803956,617527.8955089,781,0,0,0,0,BUS_RX,8,640005001E013002,can1
2025,1786725856.631013,617528.046124775,1023,0,0,0,0,BUS_RX,8,630F9A0000000001,can1
2026,1786725856.658598,617528.073711317,773,0,0,0,1,CERBO_TX,8,0000000000000000,can1
2027,1786725856.6598427,617528.074951775,775,0,0,0,1,CERBO_TX,8,1234567856494300,can1
2028,1786725856.883096,617528.298208317,1023,0,0,0,0,BUS_RX,8,630F990000000001,can1
2029,1786725856.9305365,617528.345649484,783,0,0,0,0,BUS_RX,8,0000000000000000,can1
2030,1786725856.9853978,617528.400510275,849,0,0,0,0,BUS_RX,8,35026004880FE001,can1
2031,1786725857.0353897,617528.450503025,853,0,0,0,0,BUS_RX,8,6300640000000000,can1
2032,1786725857.0803719,617528.495483775,854,0,0,0,0,BUS_RX,8,66150D00F0000000,can1
2033,1786725857.1326869,617528.547800442,857,0,0,0,0,BUS_RX,8,0000000002000000,can1
2034,1786725857.1338263,617528.548934567,1023,0,0,0,0,BUS_RX,8,630F990000000001,can1
2035,1786725857.1805785,617528.595690775,858,0,0,0,0,BUS_RX,8,0000000000000000,can1
2036,1786725857.2306151,617528.645728442,860,0,0,0,0,BUS_RX,8,C000000000000000,can1
2037,1786725857.2805512,617528.695663984,862,0,0,0,0,BUS_RX,8,44594E4553532D4C,can1
2038,1786725857.3306124,617528.745725859,863,0,0,0,0,BUS_RX,8,2BA4EB0E2A020000,can1
2039,1786725857.3874538,617528.802564775,880,0,0,0,0,BUS_RX,8,44594E4553532D4C,can1
2040,1786725857.3884106,617528.803516984,1023,0,0,0,0,BUS_RX,8,630F9A0000000001,can1
2041,1786725857.430558,617528.845671609,881,0,0,0,0,BUS_RX,8,2042415454455259,can1
2042,1786725857.4803634,617528.895475359,781,0,0,0,0,BUS_RX,8,640005001E013002,can1
2043,1786725857.6304207,617529.045533817,1023,0,0,0,0,BUS_RX,8,630F980000000001,can1
2044,1786725857.6595464,617529.074659234,773,0,0,0,1,CERBO_TX,8,0000000000000000,can1
2045,1786725857.6606665,617529.075775567,775,0,0,0,1,CERBO_TX,8,1234567856494300,can1
2046,1786725857.8835967,617529.298708401,1023,0,0,0,0,BUS_RX,8,630F990000000001,can1
2047,1786725857.9321642,617529.347277067,783,0,0,0,0,BUS_RX,8,0000000000000000,can1
2048,1786725857.9804716,617529.395584734,849,0,0,0,0,BUS_RX,8,35026004880FE001,can1
2049,1786725858.030298,617529.445410567,853,0,0,0,0,BUS_RX,8,6300640000000000,can1
2050,1786725858.087882,617529.502993609,854,0,0,0,0,BUS_RX,8,66150E00F0000000,can1
2051,1786725858.1314132,617529.546525942,857,0,0,0,0,BUS_RX,8,0000000002000000,can1
2052,1786725858.1324708,617529.547576776,1023,0,0,0,0,BUS_RX,8,630F9B0000000001,can1
2053,1786725858.180438,617529.595550776,858,0,0,0,0,BUS_RX,8,0000000000000000,can1
2054,1786725858.230832,617529.645944942,860,0,0,0,0,BUS_RX,8,C000000000000000,can1
2055,1786725858.281811,617529.696936442,862,0,0,0,0,BUS_RX,8,44594E4553532D4C,can1
2056,1786725858.3305202,617529.745632901,863,0,0,0,0,BUS_RX,8,2BA4EB0E2A020000,can1
2057,1786725858.3812892,617529.796401734,880,0,0,0,0,BUS_RX,8,44594E4553532D4C,can1
2058,1786725858.382525,617529.797631026,1023,0,0,0,0,BUS_RX,8,630F9B0000000001,can1
2059,1786725858.4316108,617529.846724651,881,0,0,0,0,BUS_RX,8,2042415454455259,can1
2060,1786725858.480581,617529.895692276,781,0,0,0,0,BUS_RX,8,640005001E013002,can1
2061,1786725858.630391,617530.045512609,1023,0,0,0,0,BUS_RX,8,630F9C0000000001,can1
2062,1786725858.6594737,617530.074587943,773,0,0,0,1,CERBO_TX,8,0000000000000000,can1
2063,1786725858.660563,617530.075668901,775,0,0,0,1,CERBO_TX,8,1234567856494300,can1
2064,1786725858.8806899,617530.295802818,1023,0,0,0,0,BUS_RX,8,630F9B0000000001,can1
2065,1786725858.9311278,617530.346240484,783,0,0,0,0,BUS_RX,8,0000000000000000,can1
2066,1786725858.9810429,617530.396160859,849,0,0,0,0,BUS_RX,8,35026004880FE001,can1
2067,1786725859.0303488,617530.445460776,853,0,0,0,0,BUS_RX,8,6300640000000000,can1
2068,1786725859.083716,617530.498829401,854,0,0,0,0,BUS_RX,8,66150A00F0000000,can1
2069,1786725859.130815,617530.545927901,857,0,0,0,0,BUS_RX,8,0000000002000000,can1
2070,1786725859.1321697,617530.547276901,1023,0,0,0,0,BUS_RX,8,630F990000000001,can1
2071,1786725859.180451,617530.595563068,858,0,0,0,0,BUS_RX,8,0000000000000000,can1
2072,1786725859.230338,617530.645451526,860,0,0,0,0,BUS_RX,8,C000000000000000,can1
2073,1786725859.2805,617530.695612318,862,0,0,0,0,BUS_RX,8,44594E4553532D4C,can1
2074,1786725859.3302734,617530.745387068,863,0,0,0,0,BUS_RX,8,2BA4EB0E2A020000,can1
2075,1786725859.3843098,617530.799420735,880,0,0,0,0,BUS_RX,8,44594E4553532D4C,can1
2076,1786725859.3856633,617530.800771651,1023,0,0,0,0,BUS_RX,8,630F9A0000000001,can1
2077,1786725859.4303195,617530.845431568,881,0,0,0,0,BUS_RX,8,2042415454455259,can1
2078,1786725859.4805899,617530.895702693,781,0,0,0,0,BUS_RX,8,640005001E013002,can1
2079,1786725859.6304243,617531.045536526,1023,0,0,0,0,BUS_RX,8,630F9A0000000001,can1
2080,1786725859.6582415,617531.073354693,773,0,0,0,1,CERBO_TX,8,0000000000000000,can1
2081,1786725859.6645608,617531.079670401,775,0,0,0,1,CERBO_TX,8,1234567856494300,can1
2082,1786725859.8804314,617531.295544902,1023,0,0,0,0,BUS_RX,8,630F9B0000000001,can1
2083,1786725859.93536,617531.35047361,783,0,0,0,0,BUS_RX,8,0000000000000000,can1
2084,1786725859.9802845,617531.395396652,849,0,0,0,0,BUS_RX,8,35026004880FE001,can1
2085,1786725860.033738,617531.448847443,853,0,0,0,0,BUS_RX,8,6300640000000000,can1
2086,1786725860.0805128,617531.495625402,854,0,0,0,0,BUS_RX,8,66150C00F0000000,can1
2087,1786725860.1304011,617531.545516027,857,0,0,0,0,BUS_RX,8,0000000002000000,can1
2088,1786725860.1328633,617531.547971152,1023,0,0,0,0,BUS_RX,8,630F9A0000000001,can1
2089,1786725860.1855588,617531.60067136,858,0,0,0,0,BUS_RX,8,0000000000000000,can1
2090,1786725860.2303624,617531.645475943,860,0,0,0,0,BUS_RX,8,C000000000000000,can1
2091,1786725860.2803686,617531.69548211,862,0,0,0,0,BUS_RX,8,44594E4553532D4C,can1
2092,1786725860.3304589,617531.745571693,863,0,0,0,0,BUS_RX,8,2BA4EB0E2A020000,can1
2093,1786725860.3821976,617531.797309235,880,0,0,0,0,BUS_RX,8,44594E4553532D4C,can1
2094,1786725860.3831193,617531.798225277,1023,0,0,0,0,BUS_RX,8,630F990000000001,can1
2095,1786725860.431319,617531.846431152,881,0,0,0,0,BUS_RX,8,2042415454455259,can1
2096,1786725860.481681,617531.896792944,781,0,0,0,0,BUS_RX,8,640005001E013002,can1
2097,1786725860.6306376,617532.045756985,1023,0,0,0,0,BUS_RX,8,630F990000000001,can1
2098,1786725860.65874,617532.073853027,773,0,0,0,1,CERBO_TX,8,0000000000000000,can1
2099,1786725860.6597197,617532.074825735,775,0,0,0,1,CERBO_TX,8,1234567856494300,can1
2100,1786725860.8802438,617532.295353527,1023,0,0,0,0,BUS_RX,8,630F9A0000000001,can1
2101,1786725860.9352891,617532.35040136,783,0,0,0,0,BUS_RX,8,0000000000000000,can1
2102,1786725860.980437,617532.395548319,849,0,0,0,0,BUS_RX,8,35026004880FE001,can1
2103,1786725861.0302355,617532.445348402,853,0,0,0,0,BUS_RX,8,6300640000000000,can1
2104,1786725861.0824041,617532.49751411,854,0,0,0,0,BUS_RX,8,66150C00F0000000,can1
2105,1786725861.1301794,617532.545292527,857,0,0,0,0,BUS_RX,8,0000000002000000,can1
2106,1786725861.131202,617532.546308111,1023,0,0,0,0,BUS_RX,8,630F9A0000000001,can1
2107,1786725861.1802413,617532.595353152,858,0,0,0,0,BUS_RX,8,0000000000000000,can1
2108,1786725861.2304287,617532.645540611,860,0,0,0,0,BUS_RX,8,C000000000000000,can1
2109,1786725861.2803214,617532.695433236,862,0,0,0,0,BUS_RX,8,44594E4553532D4C,can1
2110,1786725861.3325398,617532.747654027,863,0,0,0,0,BUS_RX,8,2BA4EB0E2A020000,can1
2111,1786725861.381167,617532.796278319,880,0,0,0,0,BUS_RX,8,44594E4553532D4C,can1
2112,1786725861.382512,617532.797620194,1023,0,0,0,0,BUS_RX,8,630F9B0000000001,can1
2113,1786725861.4303527,617532.845465027,881,0,0,0,0,BUS_RX,8,2042415454455259,can1
2114,1786725861.4800916,617532.895203944,781,0,0,0,0,BUS_RX,8,640005001E013002,can1
2115,1786725861.6301382,617533.045250444,1023,0,0,0,0,BUS_RX,8,630F990000000001,can1
2116,1786725861.6580703,617533.073182277,773,0,0,0,1,CERBO_TX,8,0000000000000000,can1
2117,1786725861.659156,617533.074262486,775,0,0,0,1,CERBO_TX,8,1234567856494300,can1
2118,1786725861.8804133,617533.295525861,1023,0,0,0,0,BUS_RX,8,630F980000000001,can1
2119,1786725861.9302325,617533.345361403,783,0,0,0,0,BUS_RX,8,0000000000000000,can1
2120,1786725861.9802558,617533.395368819,849,0,0,0,0,BUS_RX,8,35026004880FE001,can1
2121,1786725862.030811,617533.445923569,853,0,0,0,0,BUS_RX,8,6300640000000000,can1
2122,1786725862.0802515,617533.495364153,854,0,0,0,0,BUS_RX,8,66150F00F0000000,can1
2123,1786725862.1332505,617533.548363153,857,0,0,0,0,BUS_RX,8,0000000002000000,can1
2124,1786725862.1343868,617533.549495319,1023,0,0,0,0,BUS_RX,8,630F990000000001,can1
2125,1786725862.1803968,617533.595510236,858,0,0,0,0,BUS_RX,8,0000000000000000,can1
2126,1786725862.2302923,617533.645406153,860,0,0,0,0,BUS_RX,8,C000000000000000,can1
2127,1786725862.2801075,617533.695218486,862,0,0,0,0,BUS_RX,8,44594E4553532D4C,can1
2128,1786725862.3301122,617533.745224069,863,0,0,0,0,BUS_RX,8,2BA4EB0E2A020000,can1
2129,1786725862.3818898,617533.797002903,880,0,0,0,0,BUS_RX,8,44594E4553532D4C,can1
2130,1786725862.3830295,617533.798136903,1023,0,0,0,0,BUS_RX,8,630F9A0000000001,can1
2131,1786725862.4300997,617533.845211444,881,0,0,0,0,BUS_RX,8,2042415454455259,can1
2132,1786725862.4803708,617533.895483444,781,0,0,0,0,BUS_RX,8,640005001E013002,can1
2133,1786725862.6300778,617534.045190861,1023,0,0,0,0,BUS_RX,8,630F9B0000000001,can1
2134,1786725862.6588285,617534.07394057,773,0,0,0,1,CERBO_TX,8,0000000000000000,can1
2135,1786725862.6598523,617534.074959861,775,0,0,0,1,CERBO_TX,8,1234567856494300,can1
2136,1786725862.8801441,617534.295256278,1023,0,0,0,0,BUS_RX,8,630F990000000001,can1
2137,1786725862.9300687,617534.345180778,783,0,0,0,0,BUS_RX,8,0000000000000000,can1
2138,1786725862.980116,617534.395228153,849,0,0,0,0,BUS_RX,8,35026004880FE001,can1
2139,1786725863.0301082,617534.445219778,853,0,0,0,0,BUS_RX,8,6300640000000000,can1
2140,1786725863.0804036,617534.495516403,854,0,0,0,0,BUS_RX,8,66150B00F0000000,can1
2141,1786725863.1311574,617534.546269736,857,0,0,0,0,BUS_RX,8,0000000002000000,can1
2142,1786725863.132238,617534.547345778,1023,0,0,0,0,BUS_RX,8,630F980000000001,can1
2143,1786725863.1801703,617534.595283111,858,0,0,0,0,BUS_RX,8,0000000000000000,can1
2144,1786725863.2301457,617534.645258445,860,0,0,0,0,BUS_RX,8,C000000000000000,can1
2145,1786725863.2847846,617534.699896987,862,0,0,0,0,BUS_RX,8,44594E4553532D4C,can1
2146,1786725863.3301685,617534.745280862,863,0,0,0,0,BUS_RX,8,2BA4EB0E2A020000,can1
2147,1786725863.3802025,617534.795313695,880,0,0,0,0,BUS_RX,8,44594E4553532D4C,can1
2148,1786725863.3857195,617534.800827195,1023,0,0,0,0,BUS_RX,8,630F980000000001,can1
2149,1786725863.4300823,617534.84519432,881,0,0,0,0,BUS_RX,8,2042415454455259,can1
2150,1786725863.480146,617534.89525832,781,0,0,0,0,BUS_RX,8,640005001E013002,can1
2151,1786725863.631499,617535.046611362,1023,0,0,0,0,BUS_RX,8,630F9A0000000001,can1
2152,1786725863.6591241,617535.074236487,773,0,0,0,1,CERBO_TX,8,0000000000000000,can1
2153,1786725863.660267,617535.07537432,775,0,0,0,1,CERBO_TX,8,1234567856494300,can1
2154,1786725863.8815696,617535.296682112,1023,0,0,0,0,BUS_RX,8,630F9C0000000001,can1
2155,1786725863.930099,617535.345210904,783,0,0,0,0,BUS_RX,8,0000000000000000,can1
2156,1786725863.9801261,617535.395240612,849,0,0,0,0,BUS_RX,8,35026004880FE001,can1
2157,1786725864.0300817,617535.445194279,853,0,0,0,0,BUS_RX,8,6300640000000000,can1
2158,1786725864.0800612,617535.495174154,854,0,0,0,0,BUS_RX,8,67150900F0000000,can1
2159,1786725864.133009,617535.548120862,857,0,0,0,0,BUS_RX,8,0000000002000000,can1
2160,1786725864.1341524,617535.549258279,1023,0,0,0,0,BUS_RX,8,630F990000000001,can1
2161,1786725864.180098,617535.59520982,858,0,0,0,0,BUS_RX,8,0000000000000000,can1
2162,1786725864.2301383,617535.645251737,860,0,0,0,0,BUS_RX,8,C000000000000000,can1
2163,1786725864.2859707,617535.701080195,862,0,0,0,0,BUS_RX,8,44594E4553532D4C,can1
2164,1786725864.3312767,617535.746389195,863,0,0,0,0,BUS_RX,8,2BA4EB0E2A020000,can1
2165,1786725864.3850162,617535.80012907,880,0,0,0,0,BUS_RX,8,44594E4553532D4C,can1
2166,1786725864.3860762,617535.801183195,1023,0,0,0,0,BUS_RX,8,630F990000000001,can1
2167,1786725864.4304602,617535.845566237,881,0,0,0,0,BUS_RX,8,2042415454455259,can1
2168,1786725864.4851499,617535.900262404,781,0,0,0,0,BUS_RX,8,640005001E013002,can1
2169,1786725864.6303482,617536.045480529,1023,0,0,0,0,BUS_RX,8,630F990000000001,can1
2170,1786725864.6579084,617536.073022987,773,0,0,0,1,CERBO_TX,8,0000000000000000,can1
2171,1786725864.6594727,617536.074582196,775,0,0,0,1,CERBO_TX,8,1234567856494300,can1
2172,1786725864.8801622,617536.295275029,1023,0,0,0,0,BUS_RX,8,630F9A0000000001,can1
2173,1786725864.9302359,617536.345348612,783,0,0,0,0,BUS_RX,8,0000000000000000,can1
2174,1786725864.9853177,617536.400430362,849,0,0,0,0,BUS_RX,8,35026004880FE001,can1
2175,1786725865.0362194,617536.451331612,853,0,0,0,0,BUS_RX,8,6300640000000000,can1
2176,1786725865.0800347,617536.495148029,854,0,0,0,0,BUS_RX,8,66150E00F0000000,can1
2177,1786725865.13128,617536.546394321,857,0,0,0,0,BUS_RX,8,0000000002000000,can1
2178,1786725865.132557,617536.547664446,1023,0,0,0,0,BUS_RX,8,630F980000000001,can1
2179,1786725865.1806183,617536.595730362,858,0,0,0,0,BUS_RX,8,0000000000000000,can1
2180,1786725865.2302783,617536.645391612,860,0,0,0,0,BUS_RX,8,C000000000000000,can1
2181,1786725865.2799928,617536.695105446,862,0,0,0,0,BUS_RX,8,44594E4553532D4C,can1
2182,1786725865.3319473,617536.747060654,863,0,0,0,0,BUS_RX,8,2BA4EB0E2A020000,can1
2183,1786725865.3852909,617536.800402654,880,0,0,0,0,BUS_RX,8,44594E4553532D4C,can1
2184,1786725865.3863626,617536.801470904,1023,0,0,0,0,BUS_RX,8,630F990000000001,can1
2185,1786725865.4299645,617536.845075946,881,0,0,0,0,BUS_RX,8,2042415454455259,can1
2186,1786725865.4799998,617536.895112321,781,0,0,0,0,BUS_RX,8,640005001E013002,can1
2187,1786725865.6301594,617537.045271904,1023,0,0,0,0,BUS_RX,8,630F9A0000000001,can1
2188,1786725865.657556,617537.072668238,773,0,0,0,1,CERBO_TX,8,0000000000000000,can1
2189,1786725865.6585476,617537.073654946,775,0,0,0,1,CERBO_TX,8,1234567856494300,can1
2190,1786725865.8812408,617537.296352321,1023,0,0,0,0,BUS_RX,8,630F990000000001,can1
2191,1786725865.930021,617537.345132904,783,0,0,0,0,BUS_RX,8,0000000000000000,can1
2192,1786725865.9801023,617537.395215113,849,0,0,0,0,BUS_RX,8,35026004880FE001,can1
2193,1786725866.0299637,617537.445075738,853,0,0,0,0,BUS_RX,8,6300640000000000,can1
2194,1786725866.0890079,617537.504120113,854,0,0,0,0,BUS_RX,8,66150D00F0000000,can1
2195,1786725866.1318986,617537.547011946,857,0,0,0,0,BUS_RX,8,0000000002000000,can1
2196,1786725866.1334574,617537.548565863,1023,0,0,0,0,BUS_RX,8,630F980000000001,can1
2197,1786725866.1816387,617537.596751238,858,0,0,0,0,BUS_RX,8,0000000000000000,can1
2198,1786725866.2302146,617537.645327155,860,0,0,0,0,BUS_RX,8,C000000000000000,can1
2199,1786725866.28015,617537.695263321,862,0,0,0,0,BUS_RX,8,44594E4553532D4C,can1
2200,1786725866.330512,617537.745623155,863,0,0,0,0,BUS_RX,8,2BA4EB0E2A020000,can1
2201,1786725866.3831334,617537.79824403,880,0,0,0,0,BUS_RX,8,44594E4553532D4C,can1
2202,1786725866.3841898,617537.799295071,1023,0,0,0,0,BUS_RX,8,630F990000000001,can1
2203,1786725866.4301693,617537.84528378,881,0,0,0,0,BUS_RX,8,2042415454455259,can1
2204,1786725866.4800146,617537.895127446,781,0,0,0,0,BUS_RX,8,640005001E013002,can1
2205,1786725866.6303024,617538.045416321,1023,0,0,0,0,BUS_RX,8,630F980000000001,can1
2206,1786725866.6592386,617538.074350571,773,0,0,0,1,CERBO_TX,8,0000000000000000,can1
2207,1786725866.660195,617538.07530178,775,0,0,0,1,CERBO_TX,8,1234567856494300,can1
2208,1786725866.8813343,617538.296446572,1023,0,0,0,0,BUS_RX,8,630F990000000001,can1
2209,1786725866.9324164,617538.347527905,783,0,0,0,0,BUS_RX,8,0000000000000000,can1
2210,1786725866.9840472,617538.399160863,849,0,0,0,0,BUS_RX,8,35026004880FE001,can1
2211,1786725867.03021,617538.445322655,853,0,0,0,0,BUS_RX,8,6300640000000000,can1
2212,1786725867.0810368,617538.496149572,854,0,0,0,0,BUS_RX,8,66150F00F0000000,can1
2213,1786725867.1334052,617538.548517863,857,0,0,0,0,BUS_RX,8,0000000002000000,can1
2214,1786725867.1347382,617538.549846363,1023,0,0,0,0,BUS_RX,8,630F990000000001,can1
2215,1786725867.185432,617538.600544363,858,0,0,0,0,BUS_RX,8,0000000000000000,can1
2216,1786725867.2327168,617538.647829238,860,0,0,0,0,BUS_RX,8,C000000000000000,can1
2217,1786725867.2810092,617538.696122238,862,0,0,0,0,BUS_RX,8,44594E4553532D4C,can1
2218,1786725867.3300214,617538.745132238,863,0,0,0,0,BUS_RX,8,2BA4EB0E2A020000,can1
2219,1786725867.380197,617538.795309488,880,0,0,0,0,BUS_RX,8,44594E4553532D4C,can1
2220,1786725867.3812933,617538.796400447,1023,0,0,0,0,BUS_RX,8,630F9E0000000001,can1
2221,1786725867.4300468,617538.845158739,881,0,0,0,0,BUS_RX,8,2042415454455259,can1
2222,1786725867.480013,617538.895124614,781,0,0,0,0,BUS_RX,8,640005001E013002,can1
2223,1786725867.6308887,617539.045999655,1023,0,0,0,0,BUS_RX,8,630F9D0000000001,can1
2224,1786725867.6578987,617539.073008155,773,0,0,0,1,CERBO_TX,8,0000000000000000,can1
2225,1786725867.6611779,617539.076286655,775,0,0,0,1,CERBO_TX,8,1234567856494300,can1
2226,1786725867.89527,617539.310381364,1023,0,0,0,0,BUS_RX,8,630F9B0000000001,can1
2227,1786725867.931107,617539.346217947,783,0,0,0,0,BUS_RX,8,0000000000000000,can1
2228,1786725867.9811106,617539.396220864,849,0,0,0,0,BUS_RX,8,35026004880FE001,can1
2229,1786725868.0299876,617539.445099864,853,0,0,0,0,BUS_RX,8,6300640000000000,can1
2230,1786725868.0825198,617539.49763178,854,0,0,0,0,BUS_RX,8,66150700F0000000,can1
2231,1786725868.129971,617539.545083031,857,0,0,0,0,BUS_RX,8,0000000002000000,can1
2232,1786725868.1309237,617539.546029739,1023,0,0,0,0,BUS_RX,8,630F980000000001,can1
2233,1786725868.1798527,617539.594965114,858,0,0,0,0,BUS_RX,8,0000000000000000,can1
2234,1786725868.230593,617539.645705656,860,0,0,0,0,BUS_RX,8,C000000000000000,can1
2235,1786725868.2798066,617539.694918447,862,0,0,0,0,BUS_RX,8,44594E4553532D4C,can1
2236,1786725868.329809,617539.744918822,863,0,0,0,0,BUS_RX,8,2BA4EB0E2A020000,can1
2237,1786725868.3798876,617539.794999697,880,0,0,0,0,BUS_RX,8,44594E4553532D4C,can1
2238,1786725868.3814087,617539.796519114,1023,0,0,0,0,BUS_RX,8,630F990000000001,can1
2239,1786725868.4297917,617539.844903822,881,0,0,0,0,BUS_RX,8,2042415454455259,can1
2240,1786725868.479838,617539.894949656,781,0,0,0,0,BUS_RX,8,640005001E013002,can1
2241,1786725868.6298754,617540.044988281,1023,0,0,0,0,BUS_RX,8,630F980000000001,can1
2242,1786725868.6607623,617540.075874364,773,0,0,0,1,CERBO_TX,8,0000000000000000,can1
2243,1786725868.6618295,617540.076936114,775,0,0,0,1,CERBO_TX,8,1234567856494300,can1
2244,1786725868.8799317,617540.295044156,1023,0,0,0,0,BUS_RX,8,630F990000000001,can1
2245,1786725868.930375,617540.345488614,783,0,0,0,0,BUS_RX,8,0000000000000000,can1
2246,1786725868.9822464,617540.397359489,849,0,0,0,0,BUS_RX,8,35026004880FE001,can1
2247,1786725869.0300689,617540.445182323,853,0,0,0,0,BUS_RX,8,6300640000000000,can1
2248,1786725869.0798323,617540.494944448,854,0,0,0,0,BUS_RX,8,67150F00F0000000,can1
2249,1786725869.1401644,617540.555277281,857,0,0,0,0,BUS_RX,8,0000000002000000,can1
2250,1786725869.1414483,617540.556556281,1023,0,0,0,0,BUS_RX,8,630F990000000001,can1
2251,1786725869.185366,617540.600478823,858,0,0,0,0,BUS_RX,8,0000000000000000,can1
2252,1786725869.2298632,617540.644976698,860,0,0,0,0,BUS_RX,8,C000000000000000,can1
2253,1786725869.279853,617540.694965114,862,0,0,0,0,BUS_RX,8,44594E4553532D4C,can1
2254,1786725869.3298883,617540.744999156,863,0,0,0,0,BUS_RX,8,2BA4EB0E2A020000,can1
2255,1786725869.3800282,617540.795141489,880,0,0,0,0,BUS_RX,8,44594E4553532D4C,can1
2256,1786725869.3812068,617540.796313198,1023,0,0,0,0,BUS_RX,8,630F9B0000000001,can1
2257,1786725869.4298084,617540.844919864,881,0,0,0,0,BUS_RX,8,2042415454455259,can1
2258,1786725869.480288,617540.895401323,781,0,0,0,0,BUS_RX,8,640005001E013002,can1
2259,1786725869.6299193,617541.045030781,1023,0,0,0,0,BUS_RX,8,630F9F0000000001,can1
2260,1786725869.6574948,617541.072606365,773,0,0,0,1,CERBO_TX,8,0000000000000000,can1
2261,1786725869.6584466,617541.073553031,775,0,0,0,1,CERBO_TX,8,1234567856494300,can1
2262,1786725869.8819604,617541.297073865,1023,0,0,0,0,BUS_RX,8,630F9C0000000001,can1
2263,1786725869.9352694,617541.350381906,783,0,0,0,0,BUS_RX,8,0000000000000000,can1
2264,1786725869.9798534,617541.39496449,849,0,0,0,0,BUS_RX,8,35026004880FE001,can1
2265,1786725870.0297139,617541.444825573,853,0,0,0,0,BUS_RX,8,6300640000000000,can1
2266,1786725870.0798109,617541.49492224,854,0,0,0,0,BUS_RX,8,67150300F0000000,can1
2267,1786725870.1298518,617541.544964406,857,0,0,0,0,BUS_RX,8,0000000002000000,can1
2268,1786725870.1308181,617541.54592449,1023,0,0,0,0,BUS_RX,8,630F9B0000000001,can1
2269,1786725870.1798768,617541.594984948,858,0,0,0,0,BUS_RX,8,0000000000000000,can1
2270,1786725870.2297614,617541.644873573,860,0,0,0,0,BUS_RX,8,C000000000000000,can1
2271,1786725870.2797832,617541.69489624,862,0,0,0,0,BUS_RX,8,44594E4553532D4C,can1
2272,1786725870.3299427,617541.745050573,863,0,0,0,0,BUS_RX,8,2BA4EB0E2A020000,can1
2273,1786725870.3798492,617541.794961532,880,0,0,0,0,BUS_RX,8,44594E4553532D4C,can1
2274,1786725870.3812757,617541.796382698,1023,0,0,0,0,BUS_RX,8,630F9E0000000001,can1
2275,1786725870.4297974,617541.844910573,881,0,0,0,0,BUS_RX,8,2042415454455259,can1
2276,1786725870.4798255,617541.894937865,781,0,0,0,0,BUS_RX,8,640005001E013002,can1
2277,1786725870.6365697,617542.051682198,1023,0,0,0,0,BUS_RX,8,630F9B0000000001,can1
2278,1786725870.6632001,617542.078314115,773,0,0,0,1,CERBO_TX,8,0000000000000000,can1
2279,1786725870.6644924,617542.079600573,775,0,0,0,1,CERBO_TX,8,1234567856494300,can1
2280,1786725870.8807633,617542.295875573,1023,0,0,0,0,BUS_RX,8,630F9B0000000001,can1
2281,1786725870.930912,617542.346026865,783,0,0,0,0,BUS_RX,8,0000000000000000,can1
2282,1786725870.9830418,617542.39815474,849,0,0,0,0,BUS_RX,8,35026004880FE001,can1
2283,1786725871.0297818,617542.444895574,853,0,0,0,0,BUS_RX,8,6300640000000000,can1
2284,1786725871.0801616,617542.495275782,854,0,0,0,0,BUS_RX,8,66150900F0000000,can1
2285,1786725871.131627,617542.546739615,857,0,0,0,0,BUS_RX,8,0000000002000000,can1
2286,1786725871.1328115,617542.547922574,1023,0,0,0,0,BUS_RX,8,630F9B0000000001,can1
2287,1786725871.184063,617542.599174615,858,0,0,0,0,BUS_RX,8,0000000000000000,can1
2288,1786725871.2301207,617542.645233365,860,0,0,0,0,BUS_RX,8,C000000000000000,can1
2289,1786725871.2819521,617542.697064865,862,0,0,0,0,BUS_RX,8,44594E4553532D4C,can1
2290,1786725871.3303347,617542.745448115,863,0,0,0,0,BUS_RX,8,2BA4EB0E2A020000,can1
2291,1786725871.3812864,617542.79639849,880,0,0,0,0,BUS_RX,8,44594E4553532D4C,can1
2292,1786725871.3829203,617542.798026824,1023,0,0,0,0,BUS_RX,8,630F9B0000000001,can1
2293,1786725871.4300725,617542.845185657,881,0,0,0,0,BUS_RX,8,2042415454455259,can1
2294,1786725871.4798732,617542.894986032,781,0,0,0,0,BUS_RX,8,640005001E013002,can1
2295,1786725871.6300197,617543.045132616,1023,0,0,0,0,BUS_RX,8,630F990000000001,can1
2296,1786725871.6612222,617543.076351449,773,0,0,0,1,CERBO_TX,8,0000000000000000,can1
2297,1786725871.662514,617543.077622491,775,0,0,0,1,CERBO_TX,8,1234567856494300,can1
2298,1786725871.8810103,617543.296122782,1023,0,0,0,0,BUS_RX,8,630F990000000001,can1
2299,1786725871.9390078,617543.354121032,783,0,0,0,0,BUS_RX,8,0000000000000000,can1
2300,1786725871.9797528,617543.394865574,849,0,0,0,0,BUS_RX,8,35026004880FE001,can1
2301,1786725872.0300465,617543.445158824,853,0,0,0,0,BUS_RX,8,6300640000000000,can1
2302,1786725872.082385,617543.497519366,854,0,0,0,0,BUS_RX,8,66150E00F0000000,can1
2303,1786725872.1301157,617543.545229116,857,0,0,0,0,BUS_RX,8,0000000002000000,can1
2304,1786725872.1315312,617543.546641699,1023,0,0,0,0,BUS_RX,8,630F990000000001,can1
2305,1786725872.1828153,617543.597928574,858,0,0,0,0,BUS_RX,8,0000000000000000,can1
2306,1786725872.2342057,617543.649327407,860,0,0,0,0,BUS_RX,8,C000000000000000,can1
2307,1786725872.279739,617543.694851657,862,0,0,0,0,BUS_RX,8,44594E4553532D4C,can1
2308,1786725872.3297021,617543.744814949,863,0,0,0,0,BUS_RX,8,2BA4EB0E2A020000,can1
2309,1786725872.3801184,617543.795231824,880,0,0,0,0,BUS_RX,8,44594E4553532D4C,can1
2310,1786725872.3814297,617543.796538366,1023,0,0,0,0,BUS_RX,8,630F990000000001,can1
2311,1786725872.4296618,617543.844772824,881,0,0,0,0,BUS_RX,8,2042415454455259,can1
2312,1786725872.480418,617543.895530699,781,0,0,0,0,BUS_RX,8,640005001E013002,can1
2313,1786725872.6305711,617544.045683116,1023,0,0,0,0,BUS_RX,8,630F990000000001,can1
2314,1786725872.658285,617544.073397033,773,0,0,0,1,CERBO_TX,8,0000000000000000,can1
2315,1786725872.6594992,617544.074607283,775,0,0,0,1,CERBO_TX,8,1234567856494300,can1
2316,1786725872.881421,617544.296534366,1023,0,0,0,0,BUS_RX,8,630F990000000001,can1
2317,1786725872.9330747,617544.348186783,783,0,0,0,0,BUS_RX,8,0000000000000000,can1
2318,1786725872.9811018,617544.396216783,849,0,0,0,0,BUS_RX,8,35026004880FE001,can1
2319,1786725873.0309172,617544.44603045,853,0,0,0,0,BUS_RX,8,6300640000000000,can1
2320,1786725873.0860229,617544.501136616,854,0,0,0,0,BUS_RX,8,66150D00F0000000,can1
2321,1786725873.130168,617544.545280866,857,0,0,0,0,BUS_RX,8,0000000002000000,can1
2322,1786725873.1313338,617544.546440116,1023,0,0,0,0,BUS_RX,8,630F9A0000000001,can1
2323,1786725873.1798785,617544.594991158,858,0,0,0,0,BUS_RX,8,0000000000000000,can1
2324,1786725873.2297668,617544.6448807,860,0,0,0,0,BUS_RX,8,C000000000000000,can1
2325,1786725873.2797897,617544.694902116,862,0,0,0,0,BUS_RX,8,44594E4553532D4C,can1
2326,1786725873.329633,617544.744744783,863,0,0,0,0,BUS_RX,8,2BA4EB0E2A020000,can1
2327,1786725873.379852,617544.794964325,880,0,0,0,0,BUS_RX,8,44594E4553532D4C,can1
2328,1786725873.3813155,617544.796425908,1023,0,0,0,0,BUS_RX,8,630F9D0000000001,can1
2329,1786725873.4313495,617544.846461575,881,0,0,0,0,BUS_RX,8,2042415454455259,can1
2330,1786725873.4799025,617544.895016283,781,0,0,0,0,BUS_RX,8,640005001E013002,can1
2331,1786725873.6331427,617545.048253991,1023,0,0,0,0,BUS_RX,8,630F990000000001,can1
2332,1786725873.6571817,617545.072294533,773,0,0,0,1,CERBO_TX,8,0000000000000000,can1
2333,1786725873.6585205,617545.073628658,775,0,0,0,1,CERBO_TX,8,1234567856494300,can1
2334,1786725873.8797698,617545.294883075,1023,0,0,0,0,BUS_RX,8,630F980000000001,can1
2335,1786725873.9296565,617545.344769033,783,0,0,0,0,BUS_RX,8,0000000000000000,can1
2336,1786725873.979742,617545.394860492,849,0,0,0,0,BUS_RX,8,35026004880FE001,can1
2337,1786725874.030011,617545.445122908,853,0,0,0,0,BUS_RX,8,6300640000000000,can1
2338,1786725874.084498,617545.499611742,854,0,0,0,0,BUS_RX,8,67150D00F0000000,can1
2339,1786725874.1296084,617545.544720033,857,0,0,0,0,BUS_RX,8,0000000002000000,can1
2340,1786725874.1307156,617545.545823367,1023,0,0,0,0,BUS_RX,8,630F990000000001,can1
2341,1786725874.179783,617545.594895992,858,0,0,0,0,BUS_RX,8,0000000000000000,can1
2342,1786725874.2296128,617545.6447232,860,0,0,0,0,BUS_RX,8,C000000000000000,can1
2343,1786725874.2795632,617545.694675117,862,0,0,0,0,BUS_RX,8,44594E4553532D4C,can1
2344,1786725874.3295214,617545.744632992,863,0,0,0,0,BUS_RX,8,2BA4EB0E2A020000,can1
2345,1786725874.379642,617545.794754867,880,0,0,0,0,BUS_RX,8,44594E4553532D4C,can1
2346,1786725874.3806846,617545.795791867,1023,0,0,0,0,BUS_RX,8,630F990000000001,can1
2347,1786725874.4327765,617545.847889159,881,0,0,0,0,BUS_RX,8,2042415454455259,can1
2348,1786725874.4795752,617545.894687659,781,0,0,0,0,BUS_RX,8,640005001E013002,can1
2349,1786725874.629681,617546.044793825,1023,0,0,0,0,BUS_RX,8,630F970000000001,can1
2350,1786725874.657312,617546.072424242,773,0,0,0,1,CERBO_TX,8,0000000000000000,can1
2351,1786725874.6585336,617546.07364145,775,0,0,0,1,CERBO_TX,8,1234567856494300,can1
2352,1786725874.8797712,617546.294884617,1023,0,0,0,0,BUS_RX,8,630F980000000001,can1
2353,1786725874.9351764,617546.350288367,783,0,0,0,0,BUS_RX,8,0000000000000000,can1
2354,1786725874.9796789,617546.394793075,849,0,0,0,0,BUS_RX,8,35026004880FE001,can1
2355,1786725875.033689,617546.448803075,853,0,0,0,0,BUS_RX,8,6300640000000000,can1
2356,1786725875.0795596,617546.494672367,854,0,0,0,0,BUS_RX,8,66151100F0000000,can1
2357,1786725875.1298552,617546.544965117,857,0,0,0,0,BUS_RX,8,0000000002000000,can1
2358,1786725875.1307921,617546.545898742,1023,0,0,0,0,BUS_RX,8,630F990000000001,can1
2359,1786725875.179786,617546.594899367,858,0,0,0,0,BUS_RX,8,0000000000000000,can1
2360,1786725875.2298412,617546.644954201,860,0,0,0,0,BUS_RX,8,C000000000000000,can1
2361,1786725875.2796407,617546.694753659,862,0,0,0,0,BUS_RX,8,44594E4553532D4C,can1
2362,1786725875.3295007,617546.744611992,863,0,0,0,0,BUS_RX,8,2BA4EB0E2A020000,can1
2363,1786725875.3799264,617546.795038534,880,0,0,0,0,BUS_RX,8,44594E4553532D4C,can1
2364,1786725875.3812387,617546.796346867,1023,0,0,0,0,BUS_RX,8,630F990000000001,can1
2365,1786725875.429455,617546.844566576,881,0,0,0,0,BUS_RX,8,2042415454455259,can1
2366,1786725875.479491,617546.894603242,781,0,0,0,0,BUS_RX,8,640005001E013002,can1
2367,1786725875.6294944,617547.044606534,1023,0,0,0,0,BUS_RX,8,630F990000000001,can1
2368,1786725875.658284,617547.073397159,773,0,0,0,1,CERBO_TX,8,0000000000000000,can1
2369,1786725875.6593695,617547.074476909,775,0,0,0,1,CERBO_TX,8,1234567856494300,can1
2370,1786725875.8817787,617547.296890868,1023,0,0,0,0,BUS_RX,8,630F990000000001,can1
2371,1786725875.9295244,617547.344640784,783,0,0,0,0,BUS_RX,8,0000000000000000,can1
2372,1786725875.9798124,617547.394925701,849,0,0,0,0,BUS_RX,8,35026004880FE001,can1
2373,1786725876.029547,617547.444659243,853,0,0,0,0,BUS_RX,8,6300640000000000,can1
2374,1786725876.0794926,617547.494605659,854,0,0,0,0,BUS_RX,8,66150E00F0000000,can1
2375,1786725876.1297104,617547.544823034,857,0,0,0,0,BUS_RX,8,0000000002000000,can1
2376,1786725876.1308005,617547.545908534,1023,0,0,0,0,BUS_RX,8,630F9B0000000001,can1
2377,1786725876.1795456,617547.594659409,858,0,0,0,0,BUS_RX,8,0000000000000000,can1
2378,1786725876.2294574,617547.644569618,860,0,0,0,0,BUS_RX,8,C000000000000000,can1
2379,1786725876.280639,617547.695750909,862,0,0,0,0,BUS_RX,8,44594E4553532D4C,can1
2380,1786725876.3296373,617547.744748951,863,0,0,0,0,BUS_RX,8,2BA4EB0E2A020000,can1
2381,1786725876.3795395,617547.794652784,880,0,0,0,0,BUS_RX,8,44594E4553532D4C,can1
2382,1786725876.380599,617547.795703868,1023,0,0,0,0,BUS_RX,8,630F9D0000000001,can1
2383,1786725876.4295318,617547.844644326,881,0,0,0,0,BUS_RX,8,2042415454455259,can1
2384,1786725876.4821644,617547.897276993,781,0,0,0,0,BUS_RX,8,640005001E013002,can1
2385,1786725876.6294725,617548.044584118,1023,0,0,0,0,BUS_RX,8,630F9C0000000001,can1
2386,1786725876.6574426,617548.072554701,773,0,0,0,1,CERBO_TX,8,0000000000000000,can1
2387,1786725876.6587446,617548.07385441,775,0,0,0,1,CERBO_TX,8,1234567856494300,can1
2388,1786725876.8856063,617548.300718451,1023,0,0,0,0,BUS_RX,8,630F9D0000000001,can1
2389,1786725876.932422,617548.347533826,783,0,0,0,0,BUS_RX,8,0000000000000000,can1
2390,1786725876.987523,617548.402636451,849,0,0,0,0,BUS_RX,8,35026004880FE001,can1
2391,1786725877.0377996,617548.452912035,853,0,0,0,0,BUS_RX,8,6300640000000000,can1
2392,1786725877.079905,617548.495018035,854,0,0,0,0,BUS_RX,8,67150700F0000000,can1
2393,1786725877.1294727,617548.544585451,857,0,0,0,0,BUS_RX,8,0000000002000000,can1
2394,1786725877.130533,617548.545639826,1023,0,0,0,0,BUS_RX,8,630F990000000001,can1
2395,1786725877.1794949,617548.594607202,858,0,0,0,0,BUS_RX,8,0000000000000000,can1
2396,1786725877.2295313,617548.644643785,860,0,0,0,0,BUS_RX,8,C000000000000000,can1
2397,1786725877.2996778,617548.714793993,862,0,0,0,0,BUS_RX,8,44594E4553532D4C,can1
2398,1786725877.3312395,617548.746352785,863,0,0,0,0,BUS_RX,8,2BA4EB0E2A020000,can1
2399,1786725877.3795953,617548.795004285,880,0,0,0,0,BUS_RX,8,44594E4553532D4C,can1
2400,1786725877.381109,617548.796215785,1023,0,0,0,0,BUS_RX,8,630F980000000001,can1
2401,1786725877.4298418,617548.844961868,881,0,0,0,0,BUS_RX,8,2042415454455259,can1
2402,1786725877.4794762,617548.894588243,781,0,0,0,0,BUS_RX,8,640005001E013002,can1
2403,1786725877.6295116,617549.044624785,1023,0,0,0,0,BUS_RX,8,630F980000000001,can1
2404,1786725877.658592,617549.073704577,773,0,0,0,1,CERBO_TX,8,0000000000000000,can1
2405,1786725877.6600153,617549.075122493,775,0,0,0,1,CERBO_TX,8,1234567856494300,can1
2406,1786725877.8812065,617549.29631816,1023,0,0,0,0,BUS_RX,8,630F980000000001,can1
2407,1786725877.9294236,617549.344536327,783,0,0,0,0,BUS_RX,8,0000000000000000,can1
2408,1786725877.9864748,617549.401583994,849,0,0,0,0,BUS_RX,8,35026004880FE001,can1
2409,1786725878.0294929,617549.444603244,853,0,0,0,0,BUS_RX,8,6300640000000000,can1
2410,1786725878.0855565,617549.500669535,854,0,0,0,0,BUS_RX,8,67150F00F0000000,can1
2411,1786725878.1306276,617549.545739994,857,0,0,0,0,BUS_RX,8,0000000002000000,can1
2412,1786725878.1316104,617549.546716244,1023,0,0,0,0,BUS_RX,8,630F990000000001,can1
2413,1786725878.179576,617549.594688785,858,0,0,0,0,BUS_RX,8,0000000000000000,can1
2414,1786725878.2296374,617549.644751327,860,0,0,0,0,BUS_RX,8,C000000000000000,can1
2415,1786725878.2797995,617549.69491216,862,0,0,0,0,BUS_RX,8,44594E4553532D4C,can1
2416,1786725878.3296106,617549.744724702,863,0,0,0,0,BUS_RX,8,2BA4EB0E2A020000,can1
2417,1786725878.3794243,617549.794536535,880,0,0,0,0,BUS_RX,8,44594E4553532D4C,can1
2418,1786725878.3806875,617549.795796535,1023,0,0,0,0,BUS_RX,8,630F980000000001,can1
2419,1786725878.4294484,617549.844561452,881,0,0,0,0,BUS_RX,8,2042415454455259,can1
2420,1786725878.4793985,617549.894511785,781,0,0,0,0,BUS_RX,8,640005001E013002,can1
2421,1786725878.6293585,617550.044470577,1023,0,0,0,0,BUS_RX,8,630F980000000001,can1
2422,1786725878.6569746,617550.072087827,773,0,0,0,1,CERBO_TX,8,0000000000000000,can1
2423,1786725878.657997,617550.073103994,775,0,0,0,1,CERBO_TX,8,1234567856494300,can1
2424,1786725878.8854444,617550.300557452,1023,0,0,0,0,BUS_RX,8,630F980000000001,can1
2425,1786725878.929462,617550.344577577,783,0,0,0,0,BUS_RX,8,0000000000000000,can1
2426,1786725878.9797266,617550.394844369,849,0,0,0,0,BUS_RX,8,35026004880FE001,can1
2427,1786725879.029461,617550.444598244,853,0,0,0,0,BUS_RX,8,6300640000000000,can1
2428,1786725879.0794482,617550.494562536,854,0,0,0,0,BUS_RX,8,66150F00F0000000,can1
2429,1786725879.1294203,617550.544531952,857,0,0,0,0,BUS_RX,8,0000000002000000,can1
2430,1786725879.130756,617550.545863869,1023,0,0,0,0,BUS_RX,8,630F990000000001,can1
2431,1786725879.1793451,617550.594456619,858,0,0,0,0,BUS_RX,8,0000000000000000,can1
2432,1786725879.2330658,617550.648179452,860,0,0,0,0,BUS_RX,8,C000000000000000,can1
2433,1786725879.2852623,617550.700375203,862,0,0,0,0,BUS_RX,8,44594E4553532D4C,can1
2434,1786725879.3305745,617550.745686994,863,0,0,0,0,BUS_RX,8,2BA4EB0E2A020000,can1
2435,1786725879.3811522,617550.796263203,880,0,0,0,0,BUS_RX,8,44594E4553532D4C,can1
2436,1786725879.382195,617550.797301578,1023,0,0,0,0,BUS_RX,8,630F9A0000000001,can1
2437,1786725879.4296777,617550.844790369,881,0,0,0,0,BUS_RX,8,2042415454455259,can1
2438,1786725879.4795291,617550.894643453,781,0,0,0,0,BUS_RX,8,640005001E013002,can1
2439,1786725879.6304452,617551.045557244,1023,0,0,0,0,BUS_RX,8,630F990000000001,can1
2440,1786725879.6582646,617551.073376203,773,0,0,0,1,CERBO_TX,8,0000000000000000,can1
2441,1786725879.6617396,617551.076880786,775,0,0,0,1,CERBO_TX,8,1234567856494300,can1
2442,1786725879.8795197,617551.294632203,1023,0,0,0,0,BUS_RX,8,630F980000000001,can1
2443,1786725879.9356184,617551.350731536,783,0,0,0,0,BUS_RX,8,0000000000000000,can1
2444,1786725879.9793365,617551.394450703,849,0,0,0,0,BUS_RX,8,35026004880FE001,can1
2445,1786725880.0298603,617551.44497237,853,0,0,0,0,BUS_RX,8,6300640000000000,can1
2446,1786725880.0795887,617551.49470087,854,0,0,0,0,BUS_RX,8,67150F00F0000000,can1
2447,1786725880.1314907,617551.546603661,857,0,0,0,0,BUS_RX,8,0000000002000000,can1
2448,1786725880.1326647,617551.547769745,1023,0,0,0,0,BUS_RX,8,630F990000000001,can1
2449,1786725880.1808746,617551.595995286,858,0,0,0,0,BUS_RX,8,0000000000000000,can1
2450,1786725880.2337847,617551.648896495,860,0,0,0,0,BUS_RX,8,C000000000000000,can1
2451,1786725880.279651,617551.69476412,862,0,0,0,0,BUS_RX,8,44594E4553532D4C,can1
2452,1786725880.3297503,617551.74486312,863,0,0,0,0,BUS_RX,8,2BA4EB0E2A020000,can1
2453,1786725880.3819573,617551.797077536,880,0,0,0,0,BUS_RX,8,44594E4553532D4C,can1
2454,1786725880.383196,617551.798303828,1023,0,0,0,0,BUS_RX,8,630F980000000001,can1
2455,1786725880.429859,617551.844972203,881,0,0,0,0,BUS_RX,8,2042415454455259,can1
2456,1786725880.4795895,617551.894701036,781,0,0,0,0,BUS_RX,8,640005001E013002,can1
2457,1786725880.635337,617552.050466245,1023,0,0,0,0,BUS_RX,8,630F990000000001,can1
2458,1786725880.6569936,617552.07210487,773,0,0,0,1,CERBO_TX,8,0000000000000000,can1
2459,1786725880.6579847,617552.07309162,775,0,0,0,1,CERBO_TX,8,1234567856494300,can1
2460,1786725880.881065,617552.296177828,1023,0,0,0,0,BUS_RX,8,630F9A0000000001,can1
2461,1786725880.9298046,617552.344917037,783,0,0,0,0,BUS_RX,8,0000000000000000,can1
2462,1786725880.979656,617552.394770037,849,0,0,0,0,BUS_RX,8,35026004880FE001,can1
2463,1786725881.0295353,617552.444647412,853,0,0,0,0,BUS_RX,8,6300640000000000,can1
2464,1786725881.0794027,617552.494515828,854,0,0,0,0,BUS_RX,8,67150D00F0000000,can1
2465,1786725881.1304693,617552.545581828,857,0,0,0,0,BUS_RX,8,0000000002000000,can1
2466,1786725881.1316066,617552.546715537,1023,0,0,0,0,BUS_RX,8,630F990000000001,can1
2467,1786725881.1794863,617552.594598787,858,0,0,0,0,BUS_RX,8,0000000000000000,can1
2468,1786725881.2294888,617552.644601495,860,0,0,0,0,BUS_RX,8,C000000000000000,can1
2469,1786725881.2794693,617552.694582203,862,0,0,0,0,BUS_RX,8,44594E4553532D4C,can1
2470,1786725881.3310418,617552.746152787,863,0,0,0,0,BUS_RX,8,2BA4EB0E2A020000,can1
2471,1786725881.3856268,617552.800739537,880,0,0,0,0,BUS_RX,8,44594E4553532D4C,can1
2472,1786725881.3867393,617552.80184762,1023,0,0,0,0,BUS_RX,8,630F9A0000000001,can1
2473,1786725881.4291766,617552.84428862,881,0,0,0,0,BUS_RX,8,2042415454455259,can1
2474,1786725881.479165,617552.894277454,781,0,0,0,0,BUS_RX,8,640005001E013002,can1
2475,1786725881.6292295,617553.044342079,1023,0,0,0,0,BUS_RX,8,630F980000000001,can1
2476,1786725881.658064,617553.073176912,773,0,0,0,1,CERBO_TX,8,0000000000000000,can1
2477,1786725881.6590214,617553.074127454,775,0,0,0,1,CERBO_TX,8,1234567856494300,can1
2478,1786725881.8957963,617553.310906662,1023,0,0,0,0,BUS_RX,8,630F990000000001,can1
2479,1786725881.9326322,617553.347745787,783,0,0,0,0,BUS_RX,8,0000000000000000,can1
2480,1786725881.9792686,617553.39438212,849,0,0,0,0,BUS_RX,8,35026004880FE001,can1
2481,1786725882.0366948,617553.45181487,853,0,0,0,0,BUS_RX,8,6300640000000000,can1
2482,1786725882.082582,617553.497693787,854,0,0,0,0,BUS_RX,8,67150F00F0000000,can1
2483,1786725882.136853,617553.551965829,857,0,0,0,0,BUS_RX,8,0000000002000000,can1
2484,1786725882.137966,617553.553074204,1023,0,0,0,0,BUS_RX,8,630F990000000001,can1
2485,1786725882.1828048,617553.597917537,858,0,0,0,0,BUS_RX,8,0000000000000000,can1
2486,1786725882.2292717,617553.644385829,860,0,0,0,0,BUS_RX,8,C000000000000000,can1
2487,1786725882.2791657,617553.694277454,862,0,0,0,0,BUS_RX,8,44594E4553532D4C,can1
2488,1786725882.3291562,617553.744267454,863,0,0,0,0,BUS_RX,8,2BA4EB0E2A020000,can1
2489,1786725882.3794603,617553.794572912,880,0,0,0,0,BUS_RX,8,44594E4553532D4C,can1
2490,1786725882.381246,617553.796358204,1023,0,0,0,0,BUS_RX,8,630F990000000001,can1
2491,1786725882.4291523,617553.844264121,881,0,0,0,0,BUS_RX,8,2042415454455259,can1
2492,1786725882.4791296,617553.894241454,781,0,0,0,0,BUS_RX,8,640005001E013002,can1
2493,1786725882.6292267,617554.044340329,1023,0,0,0,0,BUS_RX,8,630F9A0000000001,can1
2494,1786725882.6569057,617554.072019329,773,0,0,0,1,CERBO_TX,8,0000000000000000,can1
2495,1786725882.6580884,617554.073195912,775,0,0,0,1,CERBO_TX,8,1234567856494300,can1
2496,1786725882.8793857,617554.294497704,1023,0,0,0,0,BUS_RX,8,630F9D0000000001,can1
2497,1786725882.929364,617554.344475538,783,0,0,0,0,BUS_RX,8,0000000000000000,can1
2498,1786725882.9852333,617554.400346788,849,0,0,0,0,BUS_RX,8,35026004880FE001,can1
2499,1786725883.0294027,617554.444514996,853,0,0,0,0,BUS_RX,8,6300640000000000,can1
2500,1786725883.0795448,617554.494657496,854,0,0,0,0,BUS_RX,8,67150C00F0000000,can1
2501,1786725883.1293056,617554.544417996,857,0,0,0,0,BUS_RX,8,0000000002000000,can1
2502,1786725883.130437,617554.545543204,1023,0,0,0,0,BUS_RX,8,630F9B0000000001,can1
2503,1786725883.179835,617554.594948371,858,0,0,0,0,BUS_RX,8,0000000000000000,can1
2504,1786725883.2291923,617554.644304329,860,0,0,0,0,BUS_RX,8,C000000000000000,can1
2505,1786725883.279202,617554.694314954,862,0,0,0,0,BUS_RX,8,44594E4553532D4C,can1
2506,1786725883.3295705,617554.744684454,863,0,0,0,0,BUS_RX,8,2BA4EB0E2A020000,can1
2507,1786725883.3852794,617554.800391329,880,0,0,0,0,BUS_RX,8,44594E4553532D4C,can1
2508,1786725883.3862672,617554.801374788,1023,0,0,0,0,BUS_RX,8,630F990000000001,can1
2509,1786725883.429159,617554.844269913,881,0,0,0,0,BUS_RX,8,2042415454455259,can1
2510,1786725883.4791973,617554.894308871,781,0,0,0,0,BUS_RX,8,640005001E013002,can1
2511,1786725883.6291106,617555.044222955,1023,0,0,0,0,BUS_RX,8,630F990000000001,can1
2512,1786725883.6567733,617555.071886705,773,0,0,0,1,CERBO_TX,8,0000000000000000,can1
2513,1786725883.658019,617555.073127496,775,0,0,0,1,CERBO_TX,8,1234567856494300,can1
2514,1786725883.8791933,617555.294306121,1023,0,0,0,0,BUS_RX,8,630F9A0000000001,can1
2515,1786725883.932045,617555.34716108,783,0,0,0,0,BUS_RX,8,0000000000000000,can1
2516,1786725883.979168,617555.394279871,849,0,0,0,0,BUS_RX,8,35026004880FE001,can1
2517,1786725884.029204,617555.444317163,853,0,0,0,0,BUS_RX,8,6300640000000000,can1
2518,1786725884.0792775,617555.494389205,854,0,0,0,0,BUS_RX,8,67150E00F0000000,can1
2519,1786725884.1292388,617555.544350955,857,0,0,0,0,BUS_RX,8,0000000002000000,can1
2520,1786725884.1306262,617555.545735663,1023,0,0,0,0,BUS_RX,8,630F9A0000000001,can1
2521,1786725884.1835947,617555.59870683,858,0,0,0,0,BUS_RX,8,0000000000000000,can1
2522,1786725884.229206,617555.64431808,860,0,0,0,0,BUS_RX,8,C000000000000000,can1
2523,1786725884.2847512,617555.69986333,862,0,0,0,0,BUS_RX,8,44594E4553532D4C,can1
2524,1786725884.3338737,617555.748986455,863,0,0,0,0,BUS_RX,8,2BA4EB0E2A020000,can1
2525,1786725884.379102,617555.794215288,880,0,0,0,0,BUS_RX,8,44594E4553532D4C,can1
2526,1786725884.3800514,617555.795157205,1023,0,0,0,0,BUS_RX,8,630F990000000001,can1
2527,1786725884.4291155,617555.844228122,881,0,0,0,0,BUS_RX,8,2042415454455259,can1
2528,1786725884.479158,617555.894271122,781,0,0,0,0,BUS_RX,8,640005001E013002,can1
2529,1786725884.6292436,617556.044355497,1023,0,0,0,0,BUS_RX,8,630F990000000001,can1
2530,1786725884.6568801,617556.071993247,773,0,0,0,1,CERBO_TX,8,0000000000000000,can1
2531,1786725884.6581435,617556.073250663,775,0,0,0,1,CERBO_TX,8,1234567856494300,can1
2532,1786725884.879186,617556.294299205,1023,0,0,0,0,BUS_RX,8,630F980000000001,can1
2533,1786725884.9340875,617556.349199414,783,0,0,0,0,BUS_RX,8,0000000000000000,can1
2534,1786725884.9796538,617556.394768205,849,0,0,0,0,BUS_RX,8,35026004880FE001,can1
2535,1786725885.0307765,617556.445888914,853,0,0,0,0,BUS_RX,8,6300640000000000,can1
2536,1786725885.0946398,617556.509754289,854,0,0,0,0,BUS_RX,8,66150D00F0000000,can1
2537,1786725885.131532,617556.546644997,857,0,0,0,0,BUS_RX,8,0000000002000000,can1
2538,1786725885.132673,617556.547781289,1023,0,0,0,0,BUS_RX,8,630F990000000001,can1
2539,1786725885.1835618,617556.598674622,858,0,0,0,0,BUS_RX,8,0000000000000000,can1
2540,1786725885.2295518,617556.64466558,860,0,0,0,0,BUS_RX,8,C000000000000000,can1
2541,1786725885.2791314,617556.694244247,862,0,0,0,0,BUS_RX,8,44594E4553532D4C,can1
2542,1786725885.3297095,617556.744822289,863,0,0,0,0,BUS_RX,8,2BA4EB0E2A020000,can1
2543,1786725885.3800437,617556.795156372,880,0,0,0,0,BUS_RX,8,44594E4553532D4C,can1
2544,1786725885.3810961,617556.796203455,1023,0,0,0,0,BUS_RX,8,630F990000000001,can1
2545,1786725885.4291832,617556.844294914,881,0,0,0,0,BUS_RX,8,2042415454455259,can1
2546,1786725885.479066,617556.894178205,781,0,0,0,0,BUS_RX,8,640005001E013002,can1
2547,1786725885.629216,617557.044328414,1023,0,0,0,0,BUS_RX,8,630F9B0000000001,can1
2548,1786725885.6567326,617557.071843039,773,0,0,0,1,CERBO_TX,8,0000000000000000,can1
2549,1786725885.657785,617557.072891539,775,0,0,0,1,CERBO_TX,8,1234567856494300,can1
2550,1786725885.8811564,617557.296268414,1023,0,0,0,0,BUS_RX,8,630F9B0000000001,can1
2551,1786725885.9290664,617557.344179622,783,0,0,0,0,BUS_RX,8,0000000000000000,can1
2552,1786725885.979104,617557.394217206,849,0,0,0,0,BUS_RX,8,35026004880FE001,can1
2553,1786725886.0312304,617557.446342414,853,0,0,0,0,BUS_RX,8,6300640000000000,can1
2554,1786725886.0791314,617557.494243872,854,0,0,0,0,BUS_RX,8,67150900F0000000,can1
2555,1786725886.135278,617557.550391164,857,0,0,0,0,BUS_RX,8,0000000002000000,can1
2556,1786725886.136381,617557.551489331,1023,0,0,0,0,BUS_RX,8,630F990000000001,can1
2557,1786725886.1791193,617557.594231289,858,0,0,0,0,BUS_RX,8,0000000000000000,can1
2558,1786725886.2291124,617557.644247872,860,0,0,0,0,BUS_RX,8,C000000000000000,can1
2559,1786725886.2789586,617557.694075414,862,0,0,0,0,BUS_RX,8,44594E4553532D4C,can1
2560,1786725886.3291678,617557.744279914,863,0,0,0,0,BUS_RX,8,2BA4EB0E2A020000,can1
2561,1786725886.3791003,617557.794212664,880,0,0,0,0,BUS_RX,8,44594E4553532D4C,can1
2562,1786725886.3820546,617557.797163498,1023,0,0,0,0,BUS_RX,8,630F9A0000000001,can1
2563,1786725886.4291422,617557.844254164,881,0,0,0,0,BUS_RX,8,2042415454455259,can1
2564,1786725886.4794245,617557.894536998,781,0,0,0,0,BUS_RX,8,640005001E013002,can1
2565,1786725886.629048,617558.044161623,1023,0,0,0,0,BUS_RX,8,630F990000000001,can1
2566,1786725886.6623616,617558.077473664,773,0,0,0,1,CERBO_TX,8,0000000000000000,can1
2567,1786725886.6635425,617558.078651373,775,0,0,0,1,CERBO_TX,8,1234567856494300,can1
2568,1786725886.8851526,617558.300264998,1023,0,0,0,0,BUS_RX,8,630F990000000001,can1
2569,1786725886.9364157,617558.351529706,783,0,0,0,0,BUS_RX,8,0000000000000000,can1
2570,1786725886.9882393,617558.403353873,849,0,0,0,0,BUS_RX,8,35026004880FE001,can1
2571,1786725887.0322995,617558.44741329,853,0,0,0,0,BUS_RX,8,6300640000000000,can1
2572,1786725887.0791922,617558.494304831,854,0,0,0,0,BUS_RX,8,67150E00F0000000,can1
2573,1786725887.129249,617558.544362248,857,0,0,0,0,BUS_RX,8,0000000002000000,can1
2574,1786725887.130376,617558.545484248,1023,0,0,0,0,BUS_RX,8,630F9A0000000001,can1
2575,1786725887.1825075,617558.597620248,858,0,0,0,0,BUS_RX,8,0000000000000000,can1
2576,1786725887.229607,617558.644720456,860,0,0,0,0,BUS_RX,8,C000000000000000,can1
2577,1786725887.2798088,617558.69492079,862,0,0,0,0,BUS_RX,8,44594E4553532D4C,can1
2578,1786725887.330838,617558.745950581,863,0,0,0,0,BUS_RX,8,2BA4EB0E2A020000,can1
2579,1786725887.383866,617558.798976248,880,0,0,0,0,BUS_RX,8,44594E4553532D4C,can1
2580,1786725887.3847964,617558.799901623,1023,0,0,0,0,BUS_RX,8,630F990000000001,can1
2581,1786725887.428976,617558.84408754,881,0,0,0,0,BUS_RX,8,2042415454455259,can1
2582,1786725887.479242,617558.89435529,781,0,0,0,0,BUS_RX,8,640005001E013002,can1
2583,1786725887.62894,617559.044052498,1023,0,0,0,0,BUS_RX,8,630F990000000001,can1
2584,1786725887.6573424,617559.072455081,773,0,0,0,1,CERBO_TX,8,0000000000000000,can1
2585,1786725887.658418,617559.073525998,775,0,0,0,1,CERBO_TX,8,1234567856494300,can1
2586,1786725887.8796437,617559.294755873,1023,0,0,0,0,BUS_RX,8,630F990000000001,can1
