sample_id,wall_ts,mono_ts,cell_index,voltage_v,reconstructed,source,pack_voltage_v
1,1786717959.648,609636.672217596,1,3.398,0,json:reported,54.32
1,1786717959.648,609636.672217596,2,3.396,0,json:reported,54.32
1,1786717959.648,609636.672217596,3,3.403,0,json:reported,54.32
1,1786717959.648,609636.672217596,4,3.402,0,json:reported,54.32
1,1786717959.648,609636.672217596,5,3.402,0,json:reported,54.32
1,1786717959.648,609636.672217596,6,3.388,0,json:reported,54.32
1,1786717959.648,609636.672217596,7,3.408,0,json:reported,54.32
1,1786717959.648,609636.672217596,8,3.386,0,json:reported,54.32
1,1786717959.648,609636.672217596,9,3.398,0,json:reported,54.32
1,1786717959.648,609636.672217596,10,3.4,0,json:reported,54.32
1,1786717959.648,609636.672217596,11,3.369,0,json:reported,54.32
1,1786717959.648,609636.672217596,12,3.391,0,json:reported,54.32
1,1786717959.648,609636.672217596,13,3.399,0,json:reported,54.32
1,1786717959.648,609636.672217596,14,3.391,0,json:reported,54.32
1,1786717959.648,609636.672217596,15,3.395,0,json:reported,54.32
1,1786717959.648,609636.672217596,16,3.3939999999999984,1,json:calculated,54.32
2,1786717959.648,609637.688528513,1,3.398,0,json:reported,54.32
2,1786717959.648,609637.688528513,2,3.396,0,json:reported,54.32
2,1786717959.648,609637.688528513,3,3.403,0,json:reported,54.32
2,1786717959.648,609637.688528513,4,3.402,0,json:reported,54.32
2,1786717959.648,609637.688528513,5,3.402,0,json:reported,54.32
2,1786717959.648,609637.688528513,6,3.388,0,json:reported,54.32
2,1786717959.648,609637.688528513,7,3.408,0,json:reported,54.32
2,1786717959.648,609637.688528513,8,3.386,0,json:reported,54.32
2,1786717959.648,609637.688528513,9,3.398,0,json:reported,54.32
2,1786717959.648,609637.688528513,10,3.4,0,json:reported,54.32
2,1786717959.648,609637.688528513,11,3.369,0,json:reported,54.32
2,1786717959.648,609637.688528513,12,3.391,0,json:reported,54.32
2,1786717959.648,609637.688528513,13,3.399,0,json:reported,54.32
2,1786717959.648,609637.688528513,14,3.391,0,json:reported,54.32
2,1786717959.648,609637.688528513,15,3.395,0,json:reported,54.32
2,1786717959.648,609637.688528513,16,3.3939999999999984,1,json:calculated,54.32
3,1786717959.648,609638.701939847,1,3.398,0,json:reported,54.32
3,1786717959.648,609638.701939847,2,3.396,0,json:reported,54.32
3,1786717959.648,609638.701939847,3,3.403,0,json:reported,54.32
3,1786717959.648,609638.701939847,4,3.402,0,json:reported,54.32
3,1786717959.648,609638.701939847,5,3.402,0,json:reported,54.32
3,1786717959.648,609638.701939847,6,3.388,0,json:reported,54.32
3,1786717959.648,609638.701939847,7,3.408,0,json:reported,54.32
3,1786717959.648,609638.701939847,8,3.386,0,json:reported,54.32
3,1786717959.648,609638.701939847,9,3.398,0,json:reported,54.32
3,1786717959.648,609638.701939847,10,3.4,0,json:reported,54.32
3,1786717959.648,609638.701939847,11,3.369,0,json:reported,54.32
3,1786717959.648,609638.701939847,12,3.391,0,json:reported,54.32
3,1786717959.648,609638.701939847,13,3.399,0,json:reported,54.32
3,1786717959.648,609638.701939847,14,3.391,0,json:reported,54.32
3,1786717959.648,609638.701939847,15,3.395,0,json:reported,54.32
3,1786717959.648,609638.701939847,16,3.3939999999999984,1,json:calculated,54.32
4,1786717967.749,609639.707852847,1,3.398,0,json:reported,54.32
4,1786717967.749,609639.707852847,2,3.396,0,json:reported,54.32
4,1786717967.749,609639.707852847,3,3.404,0,json:reported,54.32
4,1786717967.749,609639.707852847,4,3.402,0,json:reported,54.32
4,1786717967.749,609639.707852847,5,3.403,0,json:reported,54.32
4,1786717967.749,609639.707852847,6,3.388,0,json:reported,54.32
4,1786717967.749,609639.707852847,7,3.408,0,json:reported,54.32
4,1786717967.749,609639.707852847,8,3.387,0,json:reported,54.32
4,1786717967.749,609639.707852847,9,3.398,0,json:reported,54.32
4,1786717967.749,609639.707852847,10,3.4,0,json:reported,54.32
4,1786717967.749,609639.707852847,11,3.369,0,json:reported,54.32
4,1786717967.749,609639.707852847,12,3.391,0,json:reported,54.32
4,1786717967.749,609639.707852847,13,3.4,0,json:reported,54.32
4,1786717967.749,609639.707852847,14,3.391,0,json:reported,54.32
4,1786717967.749,609639.707852847,15,3.395,0,json:reported,54.32
4,1786717967.749,609639.707852847,16,3.3900000000000006,1,json:calculated,54.32
5,1786717967.749,609640.727799514,1,3.398,0,json:reported,54.32
5,1786717967.749,609640.727799514,2,3.396,0,json:reported,54.32
5,1786717967.749,609640.727799514,3,3.404,0,json:reported,54.32
5,1786717967.749,609640.727799514,4,3.402,0,json:reported,54.32
5,1786717967.749,609640.727799514,5,3.403,0,json:reported,54.32
5,1786717967.749,609640.727799514,6,3.388,0,json:reported,54.32
5,1786717967.749,609640.727799514,7,3.408,0,json:reported,54.32
5,1786717967.749,609640.727799514,8,3.387,0,json:reported,54.32
5,1786717967.749,609640.727799514,9,3.398,0,json:reported,54.32
5,1786717967.749,609640.727799514,10,3.4,0,json:reported,54.32
5,1786717967.749,609640.727799514,11,3.369,0,json:reported,54.32
5,1786717967.749,609640.727799514,12,3.391,0,json:reported,54.32
5,1786717967.749,609640.727799514,13,3.4,0,json:reported,54.32
5,1786717967.749,609640.727799514,14,3.391,0,json:reported,54.32
5,1786717967.749,609640.727799514,15,3.395,0,json:reported,54.32
5,1786717967.749,609640.727799514,16,3.3900000000000006,1,json:calculated,54.32
6,1786717967.749,609641.745518223,1,3.398,0,json:reported,54.32
6,1786717967.749,609641.745518223,2,3.396,0,json:reported,54.32
6,1786717967.749,609641.745518223,3,3.404,0,json:reported,54.32
6,1786717967.749,609641.745518223,4,3.402,0,json:reported,54.32
6,1786717967.749,609641.745518223,5,3.403,0,json:reported,54.32
6,1786717967.749,609641.745518223,6,3.388,0,json:reported,54.32
6,1786717967.749,609641.745518223,7,3.408,0,json:reported,54.32
6,1786717967.749,609641.745518223,8,3.387,0,json:reported,54.32
6,1786717967.749,609641.745518223,9,3.398,0,json:reported,54.32
6,1786717967.749,609641.745518223,10,3.4,0,json:reported,54.32
6,1786717967.749,609641.745518223,11,3.369,0,json:reported,54.32
6,1786717967.749,609641.745518223,12,3.391,0,json:reported,54.32
6,1786717967.749,609641.745518223,13,3.4,0,json:reported,54.32
6,1786717967.749,609641.745518223,14,3.391,0,json:reported,54.32
6,1786717967.749,609641.745518223,15,3.395,0,json:reported,54.32
6,1786717967.749,609641.745518223,16,3.3900000000000006,1,json:calculated,54.32
7,1786717967.749,609642.756383682,1,3.398,0,json:reported,54.32
7,1786717967.749,609642.756383682,2,3.396,0,json:reported,54.32
7,1786717967.749,609642.756383682,3,3.404,0,json:reported,54.32
7,1786717967.749,609642.756383682,4,3.402,0,json:reported,54.32
7,1786717967.749,609642.756383682,5,3.403,0,json:reported,54.32
7,1786717967.749,609642.756383682,6,3.388,0,json:reported,54.32
7,1786717967.749,609642.756383682,7,3.408,0,json:reported,54.32
7,1786717967.749,609642.756383682,8,3.387,0,json:reported,54.32
7,1786717967.749,609642.756383682,9,3.398,0,json:reported,54.32
7,1786717967.749,609642.756383682,10,3.4,0,json:reported,54.32
7,1786717967.749,609642.756383682,11,3.369,0,json:reported,54.32
7,1786717967.749,609642.756383682,12,3.391,0,json:reported,54.32
7,1786717967.749,609642.756383682,13,3.4,0,json:reported,54.32
7,1786717967.749,609642.756383682,14,3.391,0,json:reported,54.32
7,1786717967.749,609642.756383682,15,3.395,0,json:reported,54.32
7,1786717967.749,609642.756383682,16,3.3900000000000006,1,json:calculated,54.32
8,1786717967.749,609643.764551557,1,3.398,0,json:reported,54.32
8,1786717967.749,609643.764551557,2,3.396,0,json:reported,54.32
8,1786717967.749,609643.764551557,3,3.404,0,json:reported,54.32
8,1786717967.749,609643.764551557,4,3.402,0,json:reported,54.32
8,1786717967.749,609643.764551557,5,3.403,0,json:reported,54.32
8,1786717967.749,609643.764551557,6,3.388,0,json:reported,54.32
8,1786717967.749,609643.764551557,7,3.408,0,json:reported,54.32
8,1786717967.749,609643.764551557,8,3.387,0,json:reported,54.32
8,1786717967.749,609643.764551557,9,3.398,0,json:reported,54.32
8,1786717967.749,609643.764551557,10,3.4,0,json:reported,54.32
8,1786717967.749,609643.764551557,11,3.369,0,json:reported,54.32
8,1786717967.749,609643.764551557,12,3.391,0,json:reported,54.32
8,1786717967.749,609643.764551557,13,3.4,0,json:reported,54.32
8,1786717967.749,609643.764551557,14,3.391,0,json:reported,54.32
8,1786717967.749,609643.764551557,15,3.395,0,json:reported,54.32
8,1786717967.749,609643.764551557,16,3.3900000000000006,1,json:calculated,54.32
9,1786717967.749,609644.769611225,1,3.398,0,json:reported,54.32
9,1786717967.749,609644.769611225,2,3.396,0,json:reported,54.32
9,1786717967.749,609644.769611225,3,3.404,0,json:reported,54.32
9,1786717967.749,609644.769611225,4,3.402,0,json:reported,54.32
9,1786717967.749,609644.769611225,5,3.403,0,json:reported,54.32
9,1786717967.749,609644.769611225,6,3.388,0,json:reported,54.32
9,1786717967.749,609644.769611225,7,3.408,0,json:reported,54.32
9,1786717967.749,609644.769611225,8,3.387,0,json:reported,54.32
9,1786717967.749,609644.769611225,9,3.398,0,json:reported,54.32
9,1786717967.749,609644.769611225,10,3.4,0,json:reported,54.32
9,1786717967.749,609644.769611225,11,3.369,0,json:reported,54.32
9,1786717967.749,609644.769611225,12,3.391,0,json:reported,54.32
9,1786717967.749,609644.769611225,13,3.4,0,json:reported,54.32
9,1786717967.749,609644.769611225,14,3.391,0,json:reported,54.32
9,1786717967.749,609644.769611225,15,3.395,0,json:reported,54.32
9,1786717967.749,609644.769611225,16,3.3900000000000006,1,json:calculated,54.32
10,1786717967.749,609645.8043671,1,3.398,0,json:reported,54.32
10,1786717967.749,609645.8043671,2,3.396,0,json:reported,54.32
10,1786717967.749,609645.8043671,3,3.404,0,json:reported,54.32
10,1786717967.749,609645.8043671,4,3.402,0,json:reported,54.32
10,1786717967.749,609645.8043671,5,3.403,0,json:reported,54.32
10,1786717967.749,609645.8043671,6,3.388,0,json:reported,54.32
10,1786717967.749,609645.8043671,7,3.408,0,json:reported,54.32
10,1786717967.749,609645.8043671,8,3.387,0,json:reported,54.32
10,1786717967.749,609645.8043671,9,3.398,0,json:reported,54.32
10,1786717967.749,609645.8043671,10,3.4,0,json:reported,54.32
10,1786717967.749,609645.8043671,11,3.369,0,json:reported,54.32
10,1786717967.749,609645.8043671,12,3.391,0,json:reported,54.32
10,1786717967.749,609645.8043671,13,3.4,0,json:reported,54.32
10,1786717967.749,609645.8043671,14,3.391,0,json:reported,54.32
10,1786717967.749,609645.8043671,15,3.395,0,json:reported,54.32
10,1786717967.749,609645.8043671,16,3.3900000000000006,1,json:calculated,54.32
11,1786717967.749,609646.833438476,1,3.398,0,json:reported,54.32
11,1786717967.749,609646.833438476,2,3.396,0,json:reported,54.32
11,1786717967.749,609646.833438476,3,3.404,0,json:reported,54.32
11,1786717967.749,609646.833438476,4,3.402,0,json:reported,54.32
11,1786717967.749,609646.833438476,5,3.403,0,json:reported,54.32
11,1786717967.749,609646.833438476,6,3.388,0,json:reported,54.32
11,1786717967.749,609646.833438476,7,3.408,0,json:reported,54.32
11,1786717967.749,609646.833438476,8,3.387,0,json:reported,54.32
11,1786717967.749,609646.833438476,9,3.398,0,json:reported,54.32
11,1786717967.749,609646.833438476,10,3.4,0,json:reported,54.32
11,1786717967.749,609646.833438476,11,3.369,0,json:reported,54.32
11,1786717967.749,609646.833438476,12,3.391,0,json:reported,54.32
11,1786717967.749,609646.833438476,13,3.4,0,json:reported,54.32
11,1786717967.749,609646.833438476,14,3.391,0,json:reported,54.32
11,1786717967.749,609646.833438476,15,3.395,0,json:reported,54.32
11,1786717967.749,609646.833438476,16,3.3900000000000006,1,json:calculated,54.32
12,1786717975.801,609647.847025184,1,3.398,0,json:reported,54.32
12,1786717975.801,609647.847025184,2,3.397,0,json:reported,54.32
12,1786717975.801,609647.847025184,3,3.404,0,json:reported,54.32
12,1786717975.801,609647.847025184,4,3.402,0,json:reported,54.32
12,1786717975.801,609647.847025184,5,3.403,0,json:reported,54.32
12,1786717975.801,609647.847025184,6,3.388,0,json:reported,54.32
12,1786717975.801,609647.847025184,7,3.408,0,json:reported,54.32
12,1786717975.801,609647.847025184,8,3.387,0,json:reported,54.32
12,1786717975.801,609647.847025184,9,3.398,0,json:reported,54.32
12,1786717975.801,609647.847025184,10,3.4,0,json:reported,54.32
12,1786717975.801,609647.847025184,11,3.369,0,json:reported,54.32
12,1786717975.801,609647.847025184,12,3.391,0,json:reported,54.32
12,1786717975.801,609647.847025184,13,3.4,0,json:reported,54.32
12,1786717975.801,609647.847025184,14,3.391,0,json:reported,54.32
12,1786717975.801,609647.847025184,15,3.395,0,json:reported,54.32
12,1786717975.801,609647.847025184,16,3.389000000000003,1,json:calculated,54.32
13,1786717975.801,609648.853056768,1,3.398,0,json:reported,54.32
13,1786717975.801,609648.853056768,2,3.397,0,json:reported,54.32
13,1786717975.801,609648.853056768,3,3.404,0,json:reported,54.32
13,1786717975.801,609648.853056768,4,3.402,0,json:reported,54.32
13,1786717975.801,609648.853056768,5,3.403,0,json:reported,54.32
13,1786717975.801,609648.853056768,6,3.388,0,json:reported,54.32
13,1786717975.801,609648.853056768,7,3.408,0,json:reported,54.32
13,1786717975.801,609648.853056768,8,3.387,0,json:reported,54.32
13,1786717975.801,609648.853056768,9,3.398,0,json:reported,54.32
13,1786717975.801,609648.853056768,10,3.4,0,json:reported,54.32
13,1786717975.801,609648.853056768,11,3.369,0,json:reported,54.32
13,1786717975.801,609648.853056768,12,3.391,0,json:reported,54.32
13,1786717975.801,609648.853056768,13,3.4,0,json:reported,54.32
13,1786717975.801,609648.853056768,14,3.391,0,json:reported,54.32
13,1786717975.801,609648.853056768,15,3.395,0,json:reported,54.32
13,1786717975.801,609648.853056768,16,3.389000000000003,1,json:calculated,54.32
14,1786717975.801,609649.865180685,1,3.398,0,json:reported,54.32
14,1786717975.801,609649.865180685,2,3.397,0,json:reported,54.32
14,1786717975.801,609649.865180685,3,3.404,0,json:reported,54.32
14,1786717975.801,609649.865180685,4,3.402,0,json:reported,54.32
14,1786717975.801,609649.865180685,5,3.403,0,json:reported,54.32
14,1786717975.801,609649.865180685,6,3.388,0,json:reported,54.32
14,1786717975.801,609649.865180685,7,3.408,0,json:reported,54.32
14,1786717975.801,609649.865180685,8,3.387,0,json:reported,54.32
14,1786717975.801,609649.865180685,9,3.398,0,json:reported,54.32
14,1786717975.801,609649.865180685,10,3.4,0,json:reported,54.32
14,1786717975.801,609649.865180685,11,3.369,0,json:reported,54.32
14,1786717975.801,609649.865180685,12,3.391,0,json:reported,54.32
14,1786717975.801,609649.865180685,13,3.4,0,json:reported,54.32
14,1786717975.801,609649.865180685,14,3.391,0,json:reported,54.32
14,1786717975.801,609649.865180685,15,3.395,0,json:reported,54.32
14,1786717975.801,609649.865180685,16,3.389000000000003,1,json:calculated,54.32
15,1786717975.801,609650.879554477,1,3.398,0,json:reported,54.32
15,1786717975.801,609650.879554477,2,3.397,0,json:reported,54.32
15,1786717975.801,609650.879554477,3,3.404,0,json:reported,54.32
15,1786717975.801,609650.879554477,4,3.402,0,json:reported,54.32
15,1786717975.801,609650.879554477,5,3.403,0,json:reported,54.32
15,1786717975.801,609650.879554477,6,3.388,0,json:reported,54.32
15,1786717975.801,609650.879554477,7,3.408,0,json:reported,54.32
15,1786717975.801,609650.879554477,8,3.387,0,json:reported,54.32
15,1786717975.801,609650.879554477,9,3.398,0,json:reported,54.32
15,1786717975.801,609650.879554477,10,3.4,0,json:reported,54.32
15,1786717975.801,609650.879554477,11,3.369,0,json:reported,54.32
15,1786717975.801,609650.879554477,12,3.391,0,json:reported,54.32
15,1786717975.801,609650.879554477,13,3.4,0,json:reported,54.32
15,1786717975.801,609650.879554477,14,3.391,0,json:reported,54.32
15,1786717975.801,609650.879554477,15,3.395,0,json:reported,54.32
15,1786717975.801,609650.879554477,16,3.389000000000003,1,json:calculated,54.32
16,1786717975.801,609651.886440311,1,3.398,0,json:reported,54.32
16,1786717975.801,609651.886440311,2,3.397,0,json:reported,54.32
16,1786717975.801,609651.886440311,3,3.404,0,json:reported,54.32
16,1786717975.801,609651.886440311,4,3.402,0,json:reported,54.32
16,1786717975.801,609651.886440311,5,3.403,0,json:reported,54.32
16,1786717975.801,609651.886440311,6,3.388,0,json:reported,54.32
16,1786717975.801,609651.886440311,7,3.408,0,json:reported,54.32
16,1786717975.801,609651.886440311,8,3.387,0,json:reported,54.32
16,1786717975.801,609651.886440311,9,3.398,0,json:reported,54.32
16,1786717975.801,609651.886440311,10,3.4,0,json:reported,54.32
16,1786717975.801,609651.886440311,11,3.369,0,json:reported,54.32
16,1786717975.801,609651.886440311,12,3.391,0,json:reported,54.32
16,1786717975.801,609651.886440311,13,3.4,0,json:reported,54.32
16,1786717975.801,609651.886440311,14,3.391,0,json:reported,54.32
16,1786717975.801,609651.886440311,15,3.395,0,json:reported,54.32
16,1786717975.801,609651.886440311,16,3.389000000000003,1,json:calculated,54.32
17,1786717975.801,609652.89489052,1,3.398,0,json:reported,54.32
17,1786717975.801,609652.89489052,2,3.397,0,json:reported,54.32
17,1786717975.801,609652.89489052,3,3.404,0,json:reported,54.32
17,1786717975.801,609652.89489052,4,3.402,0,json:reported,54.32
17,1786717975.801,609652.89489052,5,3.403,0,json:reported,54.32
17,1786717975.801,609652.89489052,6,3.388,0,json:reported,54.32
17,1786717975.801,609652.89489052,7,3.408,0,json:reported,54.32
17,1786717975.801,609652.89489052,8,3.387,0,json:reported,54.32
17,1786717975.801,609652.89489052,9,3.398,0,json:reported,54.32
17,1786717975.801,609652.89489052,10,3.4,0,json:reported,54.32
17,1786717975.801,609652.89489052,11,3.369,0,json:reported,54.32
17,1786717975.801,609652.89489052,12,3.391,0,json:reported,54.32
17,1786717975.801,609652.89489052,13,3.4,0,json:reported,54.32
17,1786717975.801,609652.89489052,14,3.391,0,json:reported,54.32
17,1786717975.801,609652.89489052,15,3.395,0,json:reported,54.32
17,1786717975.801,609652.89489052,16,3.389000000000003,1,json:calculated,54.32
18,1786717975.801,609653.900860062,1,3.398,0,json:reported,54.32
18,1786717975.801,609653.900860062,2,3.397,0,json:reported,54.32
18,1786717975.801,609653.900860062,3,3.404,0,json:reported,54.32
18,1786717975.801,609653.900860062,4,3.402,0,json:reported,54.32
18,1786717975.801,609653.900860062,5,3.403,0,json:reported,54.32
18,1786717975.801,609653.900860062,6,3.388,0,json:reported,54.32
18,1786717975.801,609653.900860062,7,3.408,0,json:reported,54.32
18,1786717975.801,609653.900860062,8,3.387,0,json:reported,54.32
18,1786717975.801,609653.900860062,9,3.398,0,json:reported,54.32
18,1786717975.801,609653.900860062,10,3.4,0,json:reported,54.32
18,1786717975.801,609653.900860062,11,3.369,0,json:reported,54.32
18,1786717975.801,609653.900860062,12,3.391,0,json:reported,54.32
18,1786717975.801,609653.900860062,13,3.4,0,json:reported,54.32
18,1786717975.801,609653.900860062,14,3.391,0,json:reported,54.32
18,1786717975.801,609653.900860062,15,3.395,0,json:reported,54.32
18,1786717975.801,609653.900860062,16,3.389000000000003,1,json:calculated,54.32
19,1786717975.801,609654.906359313,1,3.398,0,json:reported,54.32
19,1786717975.801,609654.906359313,2,3.397,0,json:reported,54.32
19,1786717975.801,609654.906359313,3,3.404,0,json:reported,54.32
19,1786717975.801,609654.906359313,4,3.402,0,json:reported,54.32
19,1786717975.801,609654.906359313,5,3.403,0,json:reported,54.32
19,1786717975.801,609654.906359313,6,3.388,0,json:reported,54.32
19,1786717975.801,609654.906359313,7,3.408,0,json:reported,54.32
19,1786717975.801,609654.906359313,8,3.387,0,json:reported,54.32
19,1786717975.801,609654.906359313,9,3.398,0,json:reported,54.32
19,1786717975.801,609654.906359313,10,3.4,0,json:reported,54.32
19,1786717975.801,609654.906359313,11,3.369,0,json:reported,54.32
19,1786717975.801,609654.906359313,12,3.391,0,json:reported,54.32
19,1786717975.801,609654.906359313,13,3.4,0,json:reported,54.32
19,1786717975.801,609654.906359313,14,3.391,0,json:reported,54.32
19,1786717975.801,609654.906359313,15,3.395,0,json:reported,54.32
19,1786717975.801,609654.906359313,16,3.389000000000003,1,json:calculated,54.32
20,1786717983.968,609655.911981438,1,3.399,0,json:reported,54.33
20,1786717983.968,609655.911981438,2,3.397,0,json:reported,54.33
20,1786717983.968,609655.911981438,3,3.404,0,json:reported,54.33
20,1786717983.968,609655.911981438,4,3.403,0,json:reported,54.33
20,1786717983.968,609655.911981438,5,3.403,0,json:reported,54.33
20,1786717983.968,609655.911981438,6,3.389,0,json:reported,54.33
20,1786717983.968,609655.911981438,7,3.408,0,json:reported,54.33
20,1786717983.968,609655.911981438,8,3.387,0,json:reported,54.33
20,1786717983.968,609655.911981438,9,3.399,0,json:reported,54.33
20,1786717983.968,609655.911981438,10,3.4,0,json:reported,54.33
20,1786717983.968,609655.911981438,11,3.369,0,json:reported,54.33
20,1786717983.968,609655.911981438,12,3.392,0,json:reported,54.33
20,1786717983.968,609655.911981438,13,3.4,0,json:reported,54.33
20,1786717983.968,609655.911981438,14,3.391,0,json:reported,54.33
20,1786717983.968,609655.911981438,15,3.396,0,json:reported,54.33
20,1786717983.968,609655.911981438,16,3.3930000000000007,1,json:calculated,54.33
21,1786717983.968,609656.930453105,1,3.399,0,json:reported,54.33
21,1786717983.968,609656.930453105,2,3.397,0,json:reported,54.33
21,1786717983.968,609656.930453105,3,3.404,0,json:reported,54.33
21,1786717983.968,609656.930453105,4,3.403,0,json:reported,54.33
21,1786717983.968,609656.930453105,5,3.403,0,json:reported,54.33
21,1786717983.968,609656.930453105,6,3.389,0,json:reported,54.33
21,1786717983.968,609656.930453105,7,3.408,0,json:reported,54.33
21,1786717983.968,609656.930453105,8,3.387,0,json:reported,54.33
21,1786717983.968,609656.930453105,9,3.399,0,json:reported,54.33
21,1786717983.968,609656.930453105,10,3.4,0,json:reported,54.33
21,1786717983.968,609656.930453105,11,3.369,0,json:reported,54.33
21,1786717983.968,609656.930453105,12,3.392,0,json:reported,54.33
21,1786717983.968,609656.930453105,13,3.4,0,json:reported,54.33
21,1786717983.968,609656.930453105,14,3.391,0,json:reported,54.33
21,1786717983.968,609656.930453105,15,3.396,0,json:reported,54.33
21,1786717983.968,609656.930453105,16,3.3930000000000007,1,json:calculated,54.33
22,1786717983.968,609657.938536814,1,3.399,0,json:reported,54.33
22,1786717983.968,609657.938536814,2,3.397,0,json:reported,54.33
22,1786717983.968,609657.938536814,3,3.404,0,json:reported,54.33
22,1786717983.968,609657.938536814,4,3.403,0,json:reported,54.33
22,1786717983.968,609657.938536814,5,3.403,0,json:reported,54.33
22,1786717983.968,609657.938536814,6,3.389,0,json:reported,54.33
22,1786717983.968,609657.938536814,7,3.408,0,json:reported,54.33
22,1786717983.968,609657.938536814,8,3.387,0,json:reported,54.33
22,1786717983.968,609657.938536814,9,3.399,0,json:reported,54.33
22,1786717983.968,609657.938536814,10,3.4,0,json:reported,54.33
22,1786717983.968,609657.938536814,11,3.369,0,json:reported,54.33
22,1786717983.968,609657.938536814,12,3.392,0,json:reported,54.33
22,1786717983.968,609657.938536814,13,3.4,0,json:reported,54.33
22,1786717983.968,609657.938536814,14,3.391,0,json:reported,54.33
22,1786717983.968,609657.938536814,15,3.396,0,json:reported,54.33
22,1786717983.968,609657.938536814,16,3.3930000000000007,1,json:calculated,54.33
23,1786717983.968,609658.95255094,1,3.399,0,json:reported,54.33
23,1786717983.968,609658.95255094,2,3.397,0,json:reported,54.33
23,1786717983.968,609658.95255094,3,3.404,0,json:reported,54.33
23,1786717983.968,609658.95255094,4,3.403,0,json:reported,54.33
23,1786717983.968,609658.95255094,5,3.403,0,json:reported,54.33
23,1786717983.968,609658.95255094,6,3.389,0,json:reported,54.33
23,1786717983.968,609658.95255094,7,3.408,0,json:reported,54.33
23,1786717983.968,609658.95255094,8,3.387,0,json:reported,54.33
23,1786717983.968,609658.95255094,9,3.399,0,json:reported,54.33
23,1786717983.968,609658.95255094,10,3.4,0,json:reported,54.33
23,1786717983.968,609658.95255094,11,3.369,0,json:reported,54.33
23,1786717983.968,609658.95255094,12,3.392,0,json:reported,54.33
23,1786717983.968,609658.95255094,13,3.4,0,json:reported,54.33
23,1786717983.968,609658.95255094,14,3.391,0,json:reported,54.33
23,1786717983.968,609658.95255094,15,3.396,0,json:reported,54.33
23,1786717983.968,609658.95255094,16,3.3930000000000007,1,json:calculated,54.33
24,1786717983.968,609659.963829523,1,3.399,0,json:reported,54.33
24,1786717983.968,609659.963829523,2,3.397,0,json:reported,54.33
24,1786717983.968,609659.963829523,3,3.404,0,json:reported,54.33
24,1786717983.968,609659.963829523,4,3.403,0,json:reported,54.33
24,1786717983.968,609659.963829523,5,3.403,0,json:reported,54.33
24,1786717983.968,609659.963829523,6,3.389,0,json:reported,54.33
24,1786717983.968,609659.963829523,7,3.408,0,json:reported,54.33
24,1786717983.968,609659.963829523,8,3.387,0,json:reported,54.33
24,1786717983.968,609659.963829523,9,3.399,0,json:reported,54.33
24,1786717983.968,609659.963829523,10,3.4,0,json:reported,54.33
24,1786717983.968,609659.963829523,11,3.369,0,json:reported,54.33
24,1786717983.968,609659.963829523,12,3.392,0,json:reported,54.33
24,1786717983.968,609659.963829523,13,3.4,0,json:reported,54.33
24,1786717983.968,609659.963829523,14,3.391,0,json:reported,54.33
24,1786717983.968,609659.963829523,15,3.396,0,json:reported,54.33
24,1786717983.968,609659.963829523,16,3.3930000000000007,1,json:calculated,54.33
25,1786717983.968,609660.968905149,1,3.399,0,json:reported,54.33
25,1786717983.968,609660.968905149,2,3.397,0,json:reported,54.33
25,1786717983.968,609660.968905149,3,3.404,0,json:reported,54.33
25,1786717983.968,609660.968905149,4,3.403,0,json:reported,54.33
25,1786717983.968,609660.968905149,5,3.403,0,json:reported,54.33
25,1786717983.968,609660.968905149,6,3.389,0,json:reported,54.33
25,1786717983.968,609660.968905149,7,3.408,0,json:reported,54.33
25,1786717983.968,609660.968905149,8,3.387,0,json:reported,54.33
25,1786717983.968,609660.968905149,9,3.399,0,json:reported,54.33
25,1786717983.968,609660.968905149,10,3.4,0,json:reported,54.33
25,1786717983.968,609660.968905149,11,3.369,0,json:reported,54.33
25,1786717983.968,609660.968905149,12,3.392,0,json:reported,54.33
25,1786717983.968,609660.968905149,13,3.4,0,json:reported,54.33
25,1786717983.968,609660.968905149,14,3.391,0,json:reported,54.33
25,1786717983.968,609660.968905149,15,3.396,0,json:reported,54.33
25,1786717983.968,609660.968905149,16,3.3930000000000007,1,json:calculated,54.33
26,1786717983.968,609661.975221816,1,3.399,0,json:reported,54.33
26,1786717983.968,609661.975221816,2,3.397,0,json:reported,54.33
26,1786717983.968,609661.975221816,3,3.404,0,json:reported,54.33
26,1786717983.968,609661.975221816,4,3.403,0,json:reported,54.33
26,1786717983.968,609661.975221816,5,3.403,0,json:reported,54.33
26,1786717983.968,609661.975221816,6,3.389,0,json:reported,54.33
26,1786717983.968,609661.975221816,7,3.408,0,json:reported,54.33
26,1786717983.968,609661.975221816,8,3.387,0,json:reported,54.33
26,1786717983.968,609661.975221816,9,3.399,0,json:reported,54.33
26,1786717983.968,609661.975221816,10,3.4,0,json:reported,54.33
26,1786717983.968,609661.975221816,11,3.369,0,json:reported,54.33
26,1786717983.968,609661.975221816,12,3.392,0,json:reported,54.33
26,1786717983.968,609661.975221816,13,3.4,0,json:reported,54.33
26,1786717983.968,609661.975221816,14,3.391,0,json:reported,54.33
26,1786717983.968,609661.975221816,15,3.396,0,json:reported,54.33
26,1786717983.968,609661.975221816,16,3.3930000000000007,1,json:calculated,54.33
27,1786717983.968,609662.983913983,1,3.399,0,json:reported,54.33
27,1786717983.968,609662.983913983,2,3.397,0,json:reported,54.33
27,1786717983.968,609662.983913983,3,3.404,0,json:reported,54.33
27,1786717983.968,609662.983913983,4,3.403,0,json:reported,54.33
27,1786717983.968,609662.983913983,5,3.403,0,json:reported,54.33
27,1786717983.968,609662.983913983,6,3.389,0,json:reported,54.33
27,1786717983.968,609662.983913983,7,3.408,0,json:reported,54.33
27,1786717983.968,609662.983913983,8,3.387,0,json:reported,54.33
27,1786717983.968,609662.983913983,9,3.399,0,json:reported,54.33
27,1786717983.968,609662.983913983,10,3.4,0,json:reported,54.33
27,1786717983.968,609662.983913983,11,3.369,0,json:reported,54.33
27,1786717983.968,609662.983913983,12,3.392,0,json:reported,54.33
27,1786717983.968,609662.983913983,13,3.4,0,json:reported,54.33
27,1786717983.968,609662.983913983,14,3.391,0,json:reported,54.33
27,1786717983.968,609662.983913983,15,3.396,0,json:reported,54.33
27,1786717983.968,609662.983913983,16,3.3930000000000007,1,json:calculated,54.33
28,1786717991.797,609663.995494275,1,3.399,0,json:reported,54.33
28,1786717991.797,609663.995494275,2,3.397,0,json:reported,54.33
28,1786717991.797,609663.995494275,3,3.404,0,json:reported,54.33
28,1786717991.797,609663.995494275,4,3.403,0,json:reported,54.33
28,1786717991.797,609663.995494275,5,3.403,0,json:reported,54.33
28,1786717991.797,609663.995494275,6,3.389,0,json:reported,54.33
28,1786717991.797,609663.995494275,7,3.409,0,json:reported,54.33
28,1786717991.797,609663.995494275,8,3.387,0,json:reported,54.33
28,1786717991.797,609663.995494275,9,3.399,0,json:reported,54.33
28,1786717991.797,609663.995494275,10,3.401,0,json:reported,54.33
28,1786717991.797,609663.995494275,11,3.369,0,json:reported,54.33
28,1786717991.797,609663.995494275,12,3.392,0,json:reported,54.33
28,1786717991.797,609663.995494275,13,3.4,0,json:reported,54.33
28,1786717991.797,609663.995494275,14,3.391,0,json:reported,54.33
28,1786717991.797,609663.995494275,15,3.396,0,json:reported,54.33
28,1786717991.797,609663.995494275,16,3.3909999999999982,1,json:calculated,54.33
29,1786717991.797,609665.005789318,1,3.399,0,json:reported,54.33
29,1786717991.797,609665.005789318,2,3.397,0,json:reported,54.33
29,1786717991.797,609665.005789318,3,3.404,0,json:reported,54.33
29,1786717991.797,609665.005789318,4,3.403,0,json:reported,54.33
29,1786717991.797,609665.005789318,5,3.403,0,json:reported,54.33
29,1786717991.797,609665.005789318,6,3.389,0,json:reported,54.33
29,1786717991.797,609665.005789318,7,3.409,0,json:reported,54.33
29,1786717991.797,609665.005789318,8,3.387,0,json:reported,54.33
29,1786717991.797,609665.005789318,9,3.399,0,json:reported,54.33
29,1786717991.797,609665.005789318,10,3.401,0,json:reported,54.33
29,1786717991.797,609665.005789318,11,3.369,0,json:reported,54.33
29,1786717991.797,609665.005789318,12,3.392,0,json:reported,54.33
29,1786717991.797,609665.005789318,13,3.4,0,json:reported,54.33
29,1786717991.797,609665.005789318,14,3.391,0,json:reported,54.33
29,1786717991.797,609665.005789318,15,3.396,0,json:reported,54.33
29,1786717991.797,609665.005789318,16,3.3909999999999982,1,json:calculated,54.33
30,1786717991.797,609666.01170986,1,3.399,0,json:reported,54.33
30,1786717991.797,609666.01170986,2,3.397,0,json:reported,54.33
30,1786717991.797,609666.01170986,3,3.404,0,json:reported,54.33
30,1786717991.797,609666.01170986,4,3.403,0,json:reported,54.33
30,1786717991.797,609666.01170986,5,3.403,0,json:reported,54.33
30,1786717991.797,609666.01170986,6,3.389,0,json:reported,54.33
30,1786717991.797,609666.01170986,7,3.409,0,json:reported,54.33
30,1786717991.797,609666.01170986,8,3.387,0,json:reported,54.33
30,1786717991.797,609666.01170986,9,3.399,0,json:reported,54.33
30,1786717991.797,609666.01170986,10,3.401,0,json:reported,54.33
30,1786717991.797,609666.01170986,11,3.369,0,json:reported,54.33
30,1786717991.797,609666.01170986,12,3.392,0,json:reported,54.33
30,1786717991.797,609666.01170986,13,3.4,0,json:reported,54.33
30,1786717991.797,609666.01170986,14,3.391,0,json:reported,54.33
30,1786717991.797,609666.01170986,15,3.396,0,json:reported,54.33
30,1786717991.797,609666.01170986,16,3.3909999999999982,1,json:calculated,54.33
31,1786717991.797,609667.022954943,1,3.399,0,json:reported,54.33
31,1786717991.797,609667.022954943,2,3.397,0,json:reported,54.33
31,1786717991.797,609667.022954943,3,3.404,0,json:reported,54.33
31,1786717991.797,609667.022954943,4,3.403,0,json:reported,54.33
31,1786717991.797,609667.022954943,5,3.403,0,json:reported,54.33
31,1786717991.797,609667.022954943,6,3.389,0,json:reported,54.33
31,1786717991.797,609667.022954943,7,3.409,0,json:reported,54.33
31,1786717991.797,609667.022954943,8,3.387,0,json:reported,54.33
31,1786717991.797,609667.022954943,9,3.399,0,json:reported,54.33
31,1786717991.797,609667.022954943,10,3.401,0,json:reported,54.33
31,1786717991.797,609667.022954943,11,3.369,0,json:reported,54.33
31,1786717991.797,609667.022954943,12,3.392,0,json:reported,54.33
31,1786717991.797,609667.022954943,13,3.4,0,json:reported,54.33
31,1786717991.797,609667.022954943,14,3.391,0,json:reported,54.33
31,1786717991.797,609667.022954943,15,3.396,0,json:reported,54.33
31,1786717991.797,609667.022954943,16,3.3909999999999982,1,json:calculated,54.33
32,1786717991.797,609668.029479361,1,3.399,0,json:reported,54.33
32,1786717991.797,609668.029479361,2,3.397,0,json:reported,54.33
32,1786717991.797,609668.029479361,3,3.404,0,json:reported,54.33
32,1786717991.797,609668.029479361,4,3.403,0,json:reported,54.33
32,1786717991.797,609668.029479361,5,3.403,0,json:reported,54.33
32,1786717991.797,609668.029479361,6,3.389,0,json:reported,54.33
32,1786717991.797,609668.029479361,7,3.409,0,json:reported,54.33
32,1786717991.797,609668.029479361,8,3.387,0,json:reported,54.33
32,1786717991.797,609668.029479361,9,3.399,0,json:reported,54.33
32,1786717991.797,609668.029479361,10,3.401,0,json:reported,54.33
32,1786717991.797,609668.029479361,11,3.369,0,json:reported,54.33
32,1786717991.797,609668.029479361,12,3.392,0,json:reported,54.33
32,1786717991.797,609668.029479361,13,3.4,0,json:reported,54.33
32,1786717991.797,609668.029479361,14,3.391,0,json:reported,54.33
32,1786717991.797,609668.029479361,15,3.396,0,json:reported,54.33
32,1786717991.797,609668.029479361,16,3.3909999999999982,1,json:calculated,54.33
33,1786717991.797,609669.036934986,1,3.399,0,json:reported,54.33
33,1786717991.797,609669.036934986,2,3.397,0,json:reported,54.33
33,1786717991.797,609669.036934986,3,3.404,0,json:reported,54.33
33,1786717991.797,609669.036934986,4,3.403,0,json:reported,54.33
33,1786717991.797,609669.036934986,5,3.403,0,json:reported,54.33
33,1786717991.797,609669.036934986,6,3.389,0,json:reported,54.33
33,1786717991.797,609669.036934986,7,3.409,0,json:reported,54.33
33,1786717991.797,609669.036934986,8,3.387,0,json:reported,54.33
33,1786717991.797,609669.036934986,9,3.399,0,json:reported,54.33
33,1786717991.797,609669.036934986,10,3.401,0,json:reported,54.33
33,1786717991.797,609669.036934986,11,3.369,0,json:reported,54.33
33,1786717991.797,609669.036934986,12,3.392,0,json:reported,54.33
33,1786717991.797,609669.036934986,13,3.4,0,json:reported,54.33
33,1786717991.797,609669.036934986,14,3.391,0,json:reported,54.33
33,1786717991.797,609669.036934986,15,3.396,0,json:reported,54.33
33,1786717991.797,609669.036934986,16,3.3909999999999982,1,json:calculated,54.33
34,1786717991.797,609670.045378237,1,3.399,0,json:reported,54.33
34,1786717991.797,609670.045378237,2,3.397,0,json:reported,54.33
34,1786717991.797,609670.045378237,3,3.404,0,json:reported,54.33
34,1786717991.797,609670.045378237,4,3.403,0,json:reported,54.33
34,1786717991.797,609670.045378237,5,3.403,0,json:reported,54.33
34,1786717991.797,609670.045378237,6,3.389,0,json:reported,54.33
34,1786717991.797,609670.045378237,7,3.409,0,json:reported,54.33
34,1786717991.797,609670.045378237,8,3.387,0,json:reported,54.33
34,1786717991.797,609670.045378237,9,3.399,0,json:reported,54.33
34,1786717991.797,609670.045378237,10,3.401,0,json:reported,54.33
34,1786717991.797,609670.045378237,11,3.369,0,json:reported,54.33
34,1786717991.797,609670.045378237,12,3.392,0,json:reported,54.33
34,1786717991.797,609670.045378237,13,3.4,0,json:reported,54.33
34,1786717991.797,609670.045378237,14,3.391,0,json:reported,54.33
34,1786717991.797,609670.045378237,15,3.396,0,json:reported,54.33
34,1786717991.797,609670.045378237,16,3.3909999999999982,1,json:calculated,54.33
35,1786717991.797,609671.053032904,1,3.399,0,json:reported,54.33
35,1786717991.797,609671.053032904,2,3.397,0,json:reported,54.33
35,1786717991.797,609671.053032904,3,3.404,0,json:reported,54.33
35,1786717991.797,609671.053032904,4,3.403,0,json:reported,54.33
35,1786717991.797,609671.053032904,5,3.403,0,json:reported,54.33
35,1786717991.797,609671.053032904,6,3.389,0,json:reported,54.33
35,1786717991.797,609671.053032904,7,3.409,0,json:reported,54.33
35,1786717991.797,609671.053032904,8,3.387,0,json:reported,54.33
35,1786717991.797,609671.053032904,9,3.399,0,json:reported,54.33
35,1786717991.797,609671.053032904,10,3.401,0,json:reported,54.33
35,1786717991.797,609671.053032904,11,3.369,0,json:reported,54.33
35,1786717991.797,609671.053032904,12,3.392,0,json:reported,54.33
35,1786717991.797,609671.053032904,13,3.4,0,json:reported,54.33
35,1786717991.797,609671.053032904,14,3.391,0,json:reported,54.33
35,1786717991.797,609671.053032904,15,3.396,0,json:reported,54.33
35,1786717991.797,609671.053032904,16,3.3909999999999982,1,json:calculated,54.33
36,1786717999.881,609672.059852029,1,3.399,0,json:reported,54.34
36,1786717999.881,609672.059852029,2,3.397,0,json:reported,54.34
36,1786717999.881,609672.059852029,3,3.405,0,json:reported,54.34
36,1786717999.881,609672.059852029,4,3.403,0,json:reported,54.34
36,1786717999.881,609672.059852029,5,3.404,0,json:reported,54.34
36,1786717999.881,609672.059852029,6,3.389,0,json:reported,54.34
36,1786717999.881,609672.059852029,7,3.409,0,json:reported,54.34
36,1786717999.881,609672.059852029,8,3.388,0,json:reported,54.34
36,1786717999.881,609672.059852029,9,3.399,0,json:reported,54.34
36,1786717999.881,609672.059852029,10,3.401,0,json:reported,54.34
36,1786717999.881,609672.059852029,11,3.37,0,json:reported,54.34
36,1786717999.881,609672.059852029,12,3.392,0,json:reported,54.34
36,1786717999.881,609672.059852029,13,3.401,0,json:reported,54.34
36,1786717999.881,609672.059852029,14,3.392,0,json:reported,54.34
36,1786717999.881,609672.059852029,15,3.396,0,json:reported,54.34
36,1786717999.881,609672.059852029,16,3.395000000000003,1,json:calculated,54.34
37,1786717999.881,609673.07651828,1,3.399,0,json:reported,54.34
37,1786717999.881,609673.07651828,2,3.397,0,json:reported,54.34
37,1786717999.881,609673.07651828,3,3.405,0,json:reported,54.34
37,1786717999.881,609673.07651828,4,3.403,0,json:reported,54.34
37,1786717999.881,609673.07651828,5,3.404,0,json:reported,54.34
37,1786717999.881,609673.07651828,6,3.389,0,json:reported,54.34
37,1786717999.881,609673.07651828,7,3.409,0,json:reported,54.34
37,1786717999.881,609673.07651828,8,3.388,0,json:reported,54.34
37,1786717999.881,609673.07651828,9,3.399,0,json:reported,54.34
37,1786717999.881,609673.07651828,10,3.401,0,json:reported,54.34
37,1786717999.881,609673.07651828,11,3.37,0,json:reported,54.34
37,1786717999.881,609673.07651828,12,3.392,0,json:reported,54.34
37,1786717999.881,609673.07651828,13,3.401,0,json:reported,54.34
37,1786717999.881,609673.07651828,14,3.392,0,json:reported,54.34
37,1786717999.881,609673.07651828,15,3.396,0,json:reported,54.34
37,1786717999.881,609673.07651828,16,3.395000000000003,1,json:calculated,54.34
38,1786717999.881,609674.082316864,1,3.399,0,json:reported,54.34
38,1786717999.881,609674.082316864,2,3.397,0,json:reported,54.34
38,1786717999.881,609674.082316864,3,3.405,0,json:reported,54.34
38,1786717999.881,609674.082316864,4,3.403,0,json:reported,54.34
38,1786717999.881,609674.082316864,5,3.404,0,json:reported,54.34
38,1786717999.881,609674.082316864,6,3.389,0,json:reported,54.34
38,1786717999.881,609674.082316864,7,3.409,0,json:reported,54.34
38,1786717999.881,609674.082316864,8,3.388,0,json:reported,54.34
38,1786717999.881,609674.082316864,9,3.399,0,json:reported,54.34
38,1786717999.881,609674.082316864,10,3.401,0,json:reported,54.34
38,1786717999.881,609674.082316864,11,3.37,0,json:reported,54.34
38,1786717999.881,609674.082316864,12,3.392,0,json:reported,54.34
38,1786717999.881,609674.082316864,13,3.401,0,json:reported,54.34
38,1786717999.881,609674.082316864,14,3.392,0,json:reported,54.34
38,1786717999.881,609674.082316864,15,3.396,0,json:reported,54.34
38,1786717999.881,609674.082316864,16,3.395000000000003,1,json:calculated,54.34
39,1786717999.881,609675.089166656,1,3.399,0,json:reported,54.34
39,1786717999.881,609675.089166656,2,3.397,0,json:reported,54.34
39,1786717999.881,609675.089166656,3,3.405,0,json:reported,54.34
39,1786717999.881,609675.089166656,4,3.403,0,json:reported,54.34
39,1786717999.881,609675.089166656,5,3.404,0,json:reported,54.34
39,1786717999.881,609675.089166656,6,3.389,0,json:reported,54.34
39,1786717999.881,609675.089166656,7,3.409,0,json:reported,54.34
39,1786717999.881,609675.089166656,8,3.388,0,json:reported,54.34
39,1786717999.881,609675.089166656,9,3.399,0,json:reported,54.34
39,1786717999.881,609675.089166656,10,3.401,0,json:reported,54.34
39,1786717999.881,609675.089166656,11,3.37,0,json:reported,54.34
39,1786717999.881,609675.089166656,12,3.392,0,json:reported,54.34
39,1786717999.881,609675.089166656,13,3.401,0,json:reported,54.34
39,1786717999.881,609675.089166656,14,3.392,0,json:reported,54.34
39,1786717999.881,609675.089166656,15,3.396,0,json:reported,54.34
39,1786717999.881,609675.089166656,16,3.395000000000003,1,json:calculated,54.34
40,1786717999.881,609676.095088073,1,3.399,0,json:reported,54.34
40,1786717999.881,609676.095088073,2,3.397,0,json:reported,54.34
40,1786717999.881,609676.095088073,3,3.405,0,json:reported,54.34
40,1786717999.881,609676.095088073,4,3.403,0,json:reported,54.34
40,1786717999.881,609676.095088073,5,3.404,0,json:reported,54.34
40,1786717999.881,609676.095088073,6,3.389,0,json:reported,54.34
40,1786717999.881,609676.095088073,7,3.409,0,json:reported,54.34
40,1786717999.881,609676.095088073,8,3.388,0,json:reported,54.34
40,1786717999.881,609676.095088073,9,3.399,0,json:reported,54.34
40,1786717999.881,609676.095088073,10,3.401,0,json:reported,54.34
40,1786717999.881,609676.095088073,11,3.37,0,json:reported,54.34
40,1786717999.881,609676.095088073,12,3.392,0,json:reported,54.34
40,1786717999.881,609676.095088073,13,3.401,0,json:reported,54.34
40,1786717999.881,609676.095088073,14,3.392,0,json:reported,54.34
40,1786717999.881,609676.095088073,15,3.396,0,json:reported,54.34
40,1786717999.881,609676.095088073,16,3.395000000000003,1,json:calculated,54.34
41,1786717999.881,609677.100319907,1,3.399,0,json:reported,54.34
41,1786717999.881,609677.100319907,2,3.397,0,json:reported,54.34
41,1786717999.881,609677.100319907,3,3.405,0,json:reported,54.34
41,1786717999.881,609677.100319907,4,3.403,0,json:reported,54.34
41,1786717999.881,609677.100319907,5,3.404,0,json:reported,54.34
41,1786717999.881,609677.100319907,6,3.389,0,json:reported,54.34
41,1786717999.881,609677.100319907,7,3.409,0,json:reported,54.34
41,1786717999.881,609677.100319907,8,3.388,0,json:reported,54.34
41,1786717999.881,609677.100319907,9,3.399,0,json:reported,54.34
41,1786717999.881,609677.100319907,10,3.401,0,json:reported,54.34
41,1786717999.881,609677.100319907,11,3.37,0,json:reported,54.34
41,1786717999.881,609677.100319907,12,3.392,0,json:reported,54.34
41,1786717999.881,609677.100319907,13,3.401,0,json:reported,54.34
41,1786717999.881,609677.100319907,14,3.392,0,json:reported,54.34
41,1786717999.881,609677.100319907,15,3.396,0,json:reported,54.34
41,1786717999.881,609677.100319907,16,3.395000000000003,1,json:calculated,54.34
42,1786717999.881,609678.114579324,1,3.399,0,json:reported,54.34
42,1786717999.881,609678.114579324,2,3.397,0,json:reported,54.34
42,1786717999.881,609678.114579324,3,3.405,0,json:reported,54.34
42,1786717999.881,609678.114579324,4,3.403,0,json:reported,54.34
42,1786717999.881,609678.114579324,5,3.404,0,json:reported,54.34
42,1786717999.881,609678.114579324,6,3.389,0,json:reported,54.34
42,1786717999.881,609678.114579324,7,3.409,0,json:reported,54.34
42,1786717999.881,609678.114579324,8,3.388,0,json:reported,54.34
42,1786717999.881,609678.114579324,9,3.399,0,json:reported,54.34
42,1786717999.881,609678.114579324,10,3.401,0,json:reported,54.34
42,1786717999.881,609678.114579324,11,3.37,0,json:reported,54.34
42,1786717999.881,609678.114579324,12,3.392,0,json:reported,54.34
42,1786717999.881,609678.114579324,13,3.401,0,json:reported,54.34
42,1786717999.881,609678.114579324,14,3.392,0,json:reported,54.34
42,1786717999.881,609678.114579324,15,3.396,0,json:reported,54.34
42,1786717999.881,609678.114579324,16,3.395000000000003,1,json:calculated,54.34
43,1786717999.881,609679.126394491,1,3.399,0,json:reported,54.34
43,1786717999.881,609679.126394491,2,3.397,0,json:reported,54.34
43,1786717999.881,609679.126394491,3,3.405,0,json:reported,54.34
43,1786717999.881,609679.126394491,4,3.403,0,json:reported,54.34
43,1786717999.881,609679.126394491,5,3.404,0,json:reported,54.34
43,1786717999.881,609679.126394491,6,3.389,0,json:reported,54.34
43,1786717999.881,609679.126394491,7,3.409,0,json:reported,54.34
43,1786717999.881,609679.126394491,8,3.388,0,json:reported,54.34
43,1786717999.881,609679.126394491,9,3.399,0,json:reported,54.34
43,1786717999.881,609679.126394491,10,3.401,0,json:reported,54.34
43,1786717999.881,609679.126394491,11,3.37,0,json:reported,54.34
43,1786717999.881,609679.126394491,12,3.392,0,json:reported,54.34
43,1786717999.881,609679.126394491,13,3.401,0,json:reported,54.34
43,1786717999.881,609679.126394491,14,3.392,0,json:reported,54.34
43,1786717999.881,609679.126394491,15,3.396,0,json:reported,54.34
43,1786717999.881,609679.126394491,16,3.395000000000003,1,json:calculated,54.34
44,1786718007.855,609680.135358783,1,3.399,0,json:reported,54.34
44,1786718007.855,609680.135358783,2,3.397,0,json:reported,54.34
44,1786718007.855,609680.135358783,3,3.405,0,json:reported,54.34
44,1786718007.855,609680.135358783,4,3.403,0,json:reported,54.34
44,1786718007.855,609680.135358783,5,3.404,0,json:reported,54.34
44,1786718007.855,609680.135358783,6,3.389,0,json:reported,54.34
44,1786718007.855,609680.135358783,7,3.409,0,json:reported,54.34
44,1786718007.855,609680.135358783,8,3.388,0,json:reported,54.34
44,1786718007.855,609680.135358783,9,3.399,0,json:reported,54.34
44,1786718007.855,609680.135358783,10,3.401,0,json:reported,54.34
44,1786718007.855,609680.135358783,11,3.37,0,json:reported,54.34
44,1786718007.855,609680.135358783,12,3.392,0,json:reported,54.34
44,1786718007.855,609680.135358783,13,3.401,0,json:reported,54.34
44,1786718007.855,609680.135358783,14,3.392,0,json:reported,54.34
44,1786718007.855,609680.135358783,15,3.396,0,json:reported,54.34
44,1786718007.855,609680.135358783,16,3.395000000000003,1,json:calculated,54.34
45,1786718007.855,609681.141267742,1,3.399,0,json:reported,54.34
45,1786718007.855,609681.141267742,2,3.397,0,json:reported,54.34
45,1786718007.855,609681.141267742,3,3.405,0,json:reported,54.34
45,1786718007.855,609681.141267742,4,3.403,0,json:reported,54.34
45,1786718007.855,609681.141267742,5,3.404,0,json:reported,54.34
45,1786718007.855,609681.141267742,6,3.389,0,json:reported,54.34
45,1786718007.855,609681.141267742,7,3.409,0,json:reported,54.34
45,1786718007.855,609681.141267742,8,3.388,0,json:reported,54.34
45,1786718007.855,609681.141267742,9,3.399,0,json:reported,54.34
45,1786718007.855,609681.141267742,10,3.401,0,json:reported,54.34
45,1786718007.855,609681.141267742,11,3.37,0,json:reported,54.34
45,1786718007.855,609681.141267742,12,3.392,0,json:reported,54.34
45,1786718007.855,609681.141267742,13,3.401,0,json:reported,54.34
45,1786718007.855,609681.141267742,14,3.392,0,json:reported,54.34
45,1786718007.855,609681.141267742,15,3.396,0,json:reported,54.34
45,1786718007.855,609681.141267742,16,3.395000000000003,1,json:calculated,54.34
46,1786718007.855,609682.148072742,1,3.399,0,json:reported,54.34
46,1786718007.855,609682.148072742,2,3.397,0,json:reported,54.34
46,1786718007.855,609682.148072742,3,3.405,0,json:reported,54.34
46,1786718007.855,609682.148072742,4,3.403,0,json:reported,54.34
46,1786718007.855,609682.148072742,5,3.404,0,json:reported,54.34
46,1786718007.855,609682.148072742,6,3.389,0,json:reported,54.34
46,1786718007.855,609682.148072742,7,3.409,0,json:reported,54.34
46,1786718007.855,609682.148072742,8,3.388,0,json:reported,54.34
46,1786718007.855,609682.148072742,9,3.399,0,json:reported,54.34
46,1786718007.855,609682.148072742,10,3.401,0,json:reported,54.34
46,1786718007.855,609682.148072742,11,3.37,0,json:reported,54.34
46,1786718007.855,609682.148072742,12,3.392,0,json:reported,54.34
46,1786718007.855,609682.148072742,13,3.401,0,json:reported,54.34
46,1786718007.855,609682.148072742,14,3.392,0,json:reported,54.34
46,1786718007.855,609682.148072742,15,3.396,0,json:reported,54.34
46,1786718007.855,609682.148072742,16,3.395000000000003,1,json:calculated,54.34
47,1786718007.855,609683.159427951,1,3.399,0,json:reported,54.34
47,1786718007.855,609683.159427951,2,3.397,0,json:reported,54.34
47,1786718007.855,609683.159427951,3,3.405,0,json:reported,54.34
47,1786718007.855,609683.159427951,4,3.403,0,json:reported,54.34
47,1786718007.855,609683.159427951,5,3.404,0,json:reported,54.34
47,1786718007.855,609683.159427951,6,3.389,0,json:reported,54.34
47,1786718007.855,609683.159427951,7,3.409,0,json:reported,54.34
47,1786718007.855,609683.159427951,8,3.388,0,json:reported,54.34
47,1786718007.855,609683.159427951,9,3.399,0,json:reported,54.34
47,1786718007.855,609683.159427951,10,3.401,0,json:reported,54.34
47,1786718007.855,609683.159427951,11,3.37,0,json:reported,54.34
47,1786718007.855,609683.159427951,12,3.392,0,json:reported,54.34
47,1786718007.855,609683.159427951,13,3.401,0,json:reported,54.34
47,1786718007.855,609683.159427951,14,3.392,0,json:reported,54.34
47,1786718007.855,609683.159427951,15,3.396,0,json:reported,54.34
47,1786718007.855,609683.159427951,16,3.395000000000003,1,json:calculated,54.34
48,1786718007.855,609684.165328327,1,3.399,0,json:reported,54.34
48,1786718007.855,609684.165328327,2,3.397,0,json:reported,54.34
48,1786718007.855,609684.165328327,3,3.405,0,json:reported,54.34
48,1786718007.855,609684.165328327,4,3.403,0,json:reported,54.34
48,1786718007.855,609684.165328327,5,3.404,0,json:reported,54.34
48,1786718007.855,609684.165328327,6,3.389,0,json:reported,54.34
48,1786718007.855,609684.165328327,7,3.409,0,json:reported,54.34
48,1786718007.855,609684.165328327,8,3.388,0,json:reported,54.34
48,1786718007.855,609684.165328327,9,3.399,0,json:reported,54.34
48,1786718007.855,609684.165328327,10,3.401,0,json:reported,54.34
48,1786718007.855,609684.165328327,11,3.37,0,json:reported,54.34
48,1786718007.855,609684.165328327,12,3.392,0,json:reported,54.34
48,1786718007.855,609684.165328327,13,3.401,0,json:reported,54.34
48,1786718007.855,609684.165328327,14,3.392,0,json:reported,54.34
48,1786718007.855,609684.165328327,15,3.396,0,json:reported,54.34
48,1786718007.855,609684.165328327,16,3.395000000000003,1,json:calculated,54.34
49,1786718007.855,609685.171338077,1,3.399,0,json:reported,54.34
49,1786718007.855,609685.171338077,2,3.397,0,json:reported,54.34
49,1786718007.855,609685.171338077,3,3.405,0,json:reported,54.34
49,1786718007.855,609685.171338077,4,3.403,0,json:reported,54.34
49,1786718007.855,609685.171338077,5,3.404,0,json:reported,54.34
49,1786718007.855,609685.171338077,6,3.389,0,json:reported,54.34
49,1786718007.855,609685.171338077,7,3.409,0,json:reported,54.34
49,1786718007.855,609685.171338077,8,3.388,0,json:reported,54.34
49,1786718007.855,609685.171338077,9,3.399,0,json:reported,54.34
49,1786718007.855,609685.171338077,10,3.401,0,json:reported,54.34
49,1786718007.855,609685.171338077,11,3.37,0,json:reported,54.34
49,1786718007.855,609685.171338077,12,3.392,0,json:reported,54.34
49,1786718007.855,609685.171338077,13,3.401,0,json:reported,54.34
49,1786718007.855,609685.171338077,14,3.392,0,json:reported,54.34
49,1786718007.855,609685.171338077,15,3.396,0,json:reported,54.34
49,1786718007.855,609685.171338077,16,3.395000000000003,1,json:calculated,54.34
50,1786718007.855,609686.188061494,1,3.399,0,json:reported,54.34
50,1786718007.855,609686.188061494,2,3.397,0,json:reported,54.34
50,1786718007.855,609686.188061494,3,3.405,0,json:reported,54.34
50,1786718007.855,609686.188061494,4,3.403,0,json:reported,54.34
50,1786718007.855,609686.188061494,5,3.404,0,json:reported,54.34
50,1786718007.855,609686.188061494,6,3.389,0,json:reported,54.34
50,1786718007.855,609686.188061494,7,3.409,0,json:reported,54.34
50,1786718007.855,609686.188061494,8,3.388,0,json:reported,54.34
50,1786718007.855,609686.188061494,9,3.399,0,json:reported,54.34
50,1786718007.855,609686.188061494,10,3.401,0,json:reported,54.34
50,1786718007.855,609686.188061494,11,3.37,0,json:reported,54.34
50,1786718007.855,609686.188061494,12,3.392,0,json:reported,54.34
50,1786718007.855,609686.188061494,13,3.401,0,json:reported,54.34
50,1786718007.855,609686.188061494,14,3.392,0,json:reported,54.34
50,1786718007.855,609686.188061494,15,3.396,0,json:reported,54.34
50,1786718007.855,609686.188061494,16,3.395000000000003,1,json:calculated,54.34
51,1786718007.855,609687.198142911,1,3.399,0,json:reported,54.34
51,1786718007.855,609687.198142911,2,3.397,0,json:reported,54.34
51,1786718007.855,609687.198142911,3,3.405,0,json:reported,54.34
51,1786718007.855,609687.198142911,4,3.403,0,json:reported,54.34
51,1786718007.855,609687.198142911,5,3.404,0,json:reported,54.34
51,1786718007.855,609687.198142911,6,3.389,0,json:reported,54.34
51,1786718007.855,609687.198142911,7,3.409,0,json:reported,54.34
51,1786718007.855,609687.198142911,8,3.388,0,json:reported,54.34
51,1786718007.855,609687.198142911,9,3.399,0,json:reported,54.34
51,1786718007.855,609687.198142911,10,3.401,0,json:reported,54.34
51,1786718007.855,609687.198142911,11,3.37,0,json:reported,54.34
51,1786718007.855,609687.198142911,12,3.392,0,json:reported,54.34
51,1786718007.855,609687.198142911,13,3.401,0,json:reported,54.34
51,1786718007.855,609687.198142911,14,3.392,0,json:reported,54.34
51,1786718007.855,609687.198142911,15,3.396,0,json:reported,54.34
51,1786718007.855,609687.198142911,16,3.395000000000003,1,json:calculated,54.34
52,1786718015.674,609688.215859412,1,3.4,0,json:reported,54.35
52,1786718015.674,609688.215859412,2,3.398,0,json:reported,54.35
52,1786718015.674,609688.215859412,3,3.405,0,json:reported,54.35
52,1786718015.674,609688.215859412,4,3.403,0,json:reported,54.35
52,1786718015.674,609688.215859412,5,3.404,0,json:reported,54.35
52,1786718015.674,609688.215859412,6,3.39,0,json:reported,54.35
52,1786718015.674,609688.215859412,7,3.41,0,json:reported,54.35
52,1786718015.674,609688.215859412,8,3.388,0,json:reported,54.35
52,1786718015.674,609688.215859412,9,3.4,0,json:reported,54.35
52,1786718015.674,609688.215859412,10,3.401,0,json:reported,54.35
52,1786718015.674,609688.215859412,11,3.37,0,json:reported,54.35
52,1786718015.674,609688.215859412,12,3.393,0,json:reported,54.35
52,1786718015.674,609688.215859412,13,3.401,0,json:reported,54.35
52,1786718015.674,609688.215859412,14,3.392,0,json:reported,54.35
52,1786718015.674,609688.215859412,15,3.397,0,json:reported,54.35
52,1786718015.674,609688.215859412,16,3.3980000000000032,1,json:calculated,54.35
53,1786718015.674,609689.226262829,1,3.4,0,json:reported,54.35
53,1786718015.674,609689.226262829,2,3.398,0,json:reported,54.35
53,1786718015.674,609689.226262829,3,3.405,0,json:reported,54.35
53,1786718015.674,609689.226262829,4,3.403,0,json:reported,54.35
53,1786718015.674,609689.226262829,5,3.404,0,json:reported,54.35
53,1786718015.674,609689.226262829,6,3.39,0,json:reported,54.35
53,1786718015.674,609689.226262829,7,3.41,0,json:reported,54.35
53,1786718015.674,609689.226262829,8,3.388,0,json:reported,54.35
53,1786718015.674,609689.226262829,9,3.4,0,json:reported,54.35
53,1786718015.674,609689.226262829,10,3.401,0,json:reported,54.35
53,1786718015.674,609689.226262829,11,3.37,0,json:reported,54.35
53,1786718015.674,609689.226262829,12,3.393,0,json:reported,54.35
53,1786718015.674,609689.226262829,13,3.401,0,json:reported,54.35
53,1786718015.674,609689.226262829,14,3.392,0,json:reported,54.35
53,1786718015.674,609689.226262829,15,3.397,0,json:reported,54.35
53,1786718015.674,609689.226262829,16,3.3980000000000032,1,json:calculated,54.35
54,1786718015.674,609690.23382558,1,3.4,0,json:reported,54.35
54,1786718015.674,609690.23382558,2,3.398,0,json:reported,54.35
54,1786718015.674,609690.23382558,3,3.405,0,json:reported,54.35
54,1786718015.674,609690.23382558,4,3.403,0,json:reported,54.35
54,1786718015.674,609690.23382558,5,3.404,0,json:reported,54.35
54,1786718015.674,609690.23382558,6,3.39,0,json:reported,54.35
54,1786718015.674,609690.23382558,7,3.41,0,json:reported,54.35
54,1786718015.674,609690.23382558,8,3.388,0,json:reported,54.35
54,1786718015.674,609690.23382558,9,3.4,0,json:reported,54.35
54,1786718015.674,609690.23382558,10,3.401,0,json:reported,54.35
54,1786718015.674,609690.23382558,11,3.37,0,json:reported,54.35
54,1786718015.674,609690.23382558,12,3.393,0,json:reported,54.35
54,1786718015.674,609690.23382558,13,3.401,0,json:reported,54.35
54,1786718015.674,609690.23382558,14,3.392,0,json:reported,54.35
54,1786718015.674,609690.23382558,15,3.397,0,json:reported,54.35
54,1786718015.674,609690.23382558,16,3.3980000000000032,1,json:calculated,54.35
55,1786718015.674,609691.244487788,1,3.4,0,json:reported,54.35
55,1786718015.674,609691.244487788,2,3.398,0,json:reported,54.35
55,1786718015.674,609691.244487788,3,3.405,0,json:reported,54.35
55,1786718015.674,609691.244487788,4,3.403,0,json:reported,54.35
55,1786718015.674,609691.244487788,5,3.404,0,json:reported,54.35
55,1786718015.674,609691.244487788,6,3.39,0,json:reported,54.35
55,1786718015.674,609691.244487788,7,3.41,0,json:reported,54.35
55,1786718015.674,609691.244487788,8,3.388,0,json:reported,54.35
55,1786718015.674,609691.244487788,9,3.4,0,json:reported,54.35
55,1786718015.674,609691.244487788,10,3.401,0,json:reported,54.35
55,1786718015.674,609691.244487788,11,3.37,0,json:reported,54.35
55,1786718015.674,609691.244487788,12,3.393,0,json:reported,54.35
55,1786718015.674,609691.244487788,13,3.401,0,json:reported,54.35
55,1786718015.674,609691.244487788,14,3.392,0,json:reported,54.35
55,1786718015.674,609691.244487788,15,3.397,0,json:reported,54.35
55,1786718015.674,609691.244487788,16,3.3980000000000032,1,json:calculated,54.35
56,1786718015.674,609692.255031206,1,3.4,0,json:reported,54.35
56,1786718015.674,609692.255031206,2,3.398,0,json:reported,54.35
56,1786718015.674,609692.255031206,3,3.405,0,json:reported,54.35
56,1786718015.674,609692.255031206,4,3.403,0,json:reported,54.35
56,1786718015.674,609692.255031206,5,3.404,0,json:reported,54.35
56,1786718015.674,609692.255031206,6,3.39,0,json:reported,54.35
56,1786718015.674,609692.255031206,7,3.41,0,json:reported,54.35
56,1786718015.674,609692.255031206,8,3.388,0,json:reported,54.35
56,1786718015.674,609692.255031206,9,3.4,0,json:reported,54.35
56,1786718015.674,609692.255031206,10,3.401,0,json:reported,54.35
56,1786718015.674,609692.255031206,11,3.37,0,json:reported,54.35
56,1786718015.674,609692.255031206,12,3.393,0,json:reported,54.35
56,1786718015.674,609692.255031206,13,3.401,0,json:reported,54.35
56,1786718015.674,609692.255031206,14,3.392,0,json:reported,54.35
56,1786718015.674,609692.255031206,15,3.397,0,json:reported,54.35
56,1786718015.674,609692.255031206,16,3.3980000000000032,1,json:calculated,54.35
57,1786718015.674,609693.261681456,1,3.4,0,json:reported,54.35
57,1786718015.674,609693.261681456,2,3.398,0,json:reported,54.35
57,1786718015.674,609693.261681456,3,3.405,0,json:reported,54.35
57,1786718015.674,609693.261681456,4,3.403,0,json:reported,54.35
57,1786718015.674,609693.261681456,5,3.404,0,json:reported,54.35
57,1786718015.674,609693.261681456,6,3.39,0,json:reported,54.35
57,1786718015.674,609693.261681456,7,3.41,0,json:reported,54.35
57,1786718015.674,609693.261681456,8,3.388,0,json:reported,54.35
57,1786718015.674,609693.261681456,9,3.4,0,json:reported,54.35
57,1786718015.674,609693.261681456,10,3.401,0,json:reported,54.35
57,1786718015.674,609693.261681456,11,3.37,0,json:reported,54.35
57,1786718015.674,609693.261681456,12,3.393,0,json:reported,54.35
57,1786718015.674,609693.261681456,13,3.401,0,json:reported,54.35
57,1786718015.674,609693.261681456,14,3.392,0,json:reported,54.35
57,1786718015.674,609693.261681456,15,3.397,0,json:reported,54.35
57,1786718015.674,609693.261681456,16,3.3980000000000032,1,json:calculated,54.35
58,1786718015.674,609694.267896123,1,3.4,0,json:reported,54.35
58,1786718015.674,609694.267896123,2,3.398,0,json:reported,54.35
58,1786718015.674,609694.267896123,3,3.405,0,json:reported,54.35
58,1786718015.674,609694.267896123,4,3.403,0,json:reported,54.35
58,1786718015.674,609694.267896123,5,3.404,0,json:reported,54.35
58,1786718015.674,609694.267896123,6,3.39,0,json:reported,54.35
58,1786718015.674,609694.267896123,7,3.41,0,json:reported,54.35
58,1786718015.674,609694.267896123,8,3.388,0,json:reported,54.35
58,1786718015.674,609694.267896123,9,3.4,0,json:reported,54.35
58,1786718015.674,609694.267896123,10,3.401,0,json:reported,54.35
58,1786718015.674,609694.267896123,11,3.37,0,json:reported,54.35
58,1786718015.674,609694.267896123,12,3.393,0,json:reported,54.35
58,1786718015.674,609694.267896123,13,3.401,0,json:reported,54.35
58,1786718015.674,609694.267896123,14,3.392,0,json:reported,54.35
58,1786718015.674,609694.267896123,15,3.397,0,json:reported,54.35
58,1786718015.674,609694.267896123,16,3.3980000000000032,1,json:calculated,54.35
59,1786718015.674,609695.277798749,1,3.4,0,json:reported,54.35
59,1786718015.674,609695.277798749,2,3.398,0,json:reported,54.35
59,1786718015.674,609695.277798749,3,3.405,0,json:reported,54.35
59,1786718015.674,609695.277798749,4,3.403,0,json:reported,54.35
59,1786718015.674,609695.277798749,5,3.404,0,json:reported,54.35
59,1786718015.674,609695.277798749,6,3.39,0,json:reported,54.35
59,1786718015.674,609695.277798749,7,3.41,0,json:reported,54.35
59,1786718015.674,609695.277798749,8,3.388,0,json:reported,54.35
59,1786718015.674,609695.277798749,9,3.4,0,json:reported,54.35
59,1786718015.674,609695.277798749,10,3.401,0,json:reported,54.35
59,1786718015.674,609695.277798749,11,3.37,0,json:reported,54.35
59,1786718015.674,609695.277798749,12,3.393,0,json:reported,54.35
59,1786718015.674,609695.277798749,13,3.401,0,json:reported,54.35
59,1786718015.674,609695.277798749,14,3.392,0,json:reported,54.35
59,1786718015.674,609695.277798749,15,3.397,0,json:reported,54.35
59,1786718015.674,609695.277798749,16,3.3980000000000032,1,json:calculated,54.35
60,1786718023.575,609696.287467291,1,3.4,0,json:reported,54.35
60,1786718023.575,609696.287467291,2,3.398,0,json:reported,54.35
60,1786718023.575,609696.287467291,3,3.405,0,json:reported,54.35
60,1786718023.575,609696.287467291,4,3.404,0,json:reported,54.35
60,1786718023.575,609696.287467291,5,3.404,0,json:reported,54.35
60,1786718023.575,609696.287467291,6,3.39,0,json:reported,54.35
60,1786718023.575,609696.287467291,7,3.41,0,json:reported,54.35
60,1786718023.575,609696.287467291,8,3.388,0,json:reported,54.35
60,1786718023.575,609696.287467291,9,3.4,0,json:reported,54.35
60,1786718023.575,609696.287467291,10,3.402,0,json:reported,54.35
60,1786718023.575,609696.287467291,11,3.37,0,json:reported,54.35
60,1786718023.575,609696.287467291,12,3.393,0,json:reported,54.35
60,1786718023.575,609696.287467291,13,3.401,0,json:reported,54.35
60,1786718023.575,609696.287467291,14,3.392,0,json:reported,54.35
60,1786718023.575,609696.287467291,15,3.397,0,json:reported,54.35
60,1786718023.575,609696.287467291,16,3.396000000000001,1,json:calculated,54.35
61,1786718023.575,609697.294583125,1,3.4,0,json:reported,54.35
61,1786718023.575,609697.294583125,2,3.398,0,json:reported,54.35
61,1786718023.575,609697.294583125,3,3.405,0,json:reported,54.35
61,1786718023.575,609697.294583125,4,3.404,0,json:reported,54.35
61,1786718023.575,609697.294583125,5,3.404,0,json:reported,54.35
61,1786718023.575,609697.294583125,6,3.39,0,json:reported,54.35
61,1786718023.575,609697.294583125,7,3.41,0,json:reported,54.35
61,1786718023.575,609697.294583125,8,3.388,0,json:reported,54.35
61,1786718023.575,609697.294583125,9,3.4,0,json:reported,54.35
61,1786718023.575,609697.294583125,10,3.402,0,json:reported,54.35
61,1786718023.575,609697.294583125,11,3.37,0,json:reported,54.35
61,1786718023.575,609697.294583125,12,3.393,0,json:reported,54.35
61,1786718023.575,609697.294583125,13,3.401,0,json:reported,54.35
61,1786718023.575,609697.294583125,14,3.392,0,json:reported,54.35
61,1786718023.575,609697.294583125,15,3.397,0,json:reported,54.35
61,1786718023.575,609697.294583125,16,3.396000000000001,1,json:calculated,54.35
62,1786718023.575,609698.299720042,1,3.4,0,json:reported,54.35
62,1786718023.575,609698.299720042,2,3.398,0,json:reported,54.35
62,1786718023.575,609698.299720042,3,3.405,0,json:reported,54.35
62,1786718023.575,609698.299720042,4,3.404,0,json:reported,54.35
62,1786718023.575,609698.299720042,5,3.404,0,json:reported,54.35
62,1786718023.575,609698.299720042,6,3.39,0,json:reported,54.35
62,1786718023.575,609698.299720042,7,3.41,0,json:reported,54.35
62,1786718023.575,609698.299720042,8,3.388,0,json:reported,54.35
62,1786718023.575,609698.299720042,9,3.4,0,json:reported,54.35
62,1786718023.575,609698.299720042,10,3.402,0,json:reported,54.35
62,1786718023.575,609698.299720042,11,3.37,0,json:reported,54.35
62,1786718023.575,609698.299720042,12,3.393,0,json:reported,54.35
62,1786718023.575,609698.299720042,13,3.401,0,json:reported,54.35
62,1786718023.575,609698.299720042,14,3.392,0,json:reported,54.35
62,1786718023.575,609698.299720042,15,3.397,0,json:reported,54.35
62,1786718023.575,609698.299720042,16,3.396000000000001,1,json:calculated,54.35
63,1786718023.575,609699.312524584,1,3.4,0,json:reported,54.35
63,1786718023.575,609699.312524584,2,3.398,0,json:reported,54.35
63,1786718023.575,609699.312524584,3,3.405,0,json:reported,54.35
63,1786718023.575,609699.312524584,4,3.404,0,json:reported,54.35
63,1786718023.575,609699.312524584,5,3.404,0,json:reported,54.35
63,1786718023.575,609699.312524584,6,3.39,0,json:reported,54.35
63,1786718023.575,609699.312524584,7,3.41,0,json:reported,54.35
63,1786718023.575,609699.312524584,8,3.388,0,json:reported,54.35
63,1786718023.575,609699.312524584,9,3.4,0,json:reported,54.35
63,1786718023.575,609699.312524584,10,3.402,0,json:reported,54.35
63,1786718023.575,609699.312524584,11,3.37,0,json:reported,54.35
63,1786718023.575,609699.312524584,12,3.393,0,json:reported,54.35
63,1786718023.575,609699.312524584,13,3.401,0,json:reported,54.35
63,1786718023.575,609699.312524584,14,3.392,0,json:reported,54.35
63,1786718023.575,609699.312524584,15,3.397,0,json:reported,54.35
63,1786718023.575,609699.312524584,16,3.396000000000001,1,json:calculated,54.35
64,1786718023.575,609700.345885084,1,3.4,0,json:reported,54.35
64,1786718023.575,609700.345885084,2,3.398,0,json:reported,54.35
64,1786718023.575,609700.345885084,3,3.405,0,json:reported,54.35
64,1786718023.575,609700.345885084,4,3.404,0,json:reported,54.35
64,1786718023.575,609700.345885084,5,3.404,0,json:reported,54.35
64,1786718023.575,609700.345885084,6,3.39,0,json:reported,54.35
64,1786718023.575,609700.345885084,7,3.41,0,json:reported,54.35
64,1786718023.575,609700.345885084,8,3.388,0,json:reported,54.35
64,1786718023.575,609700.345885084,9,3.4,0,json:reported,54.35
64,1786718023.575,609700.345885084,10,3.402,0,json:reported,54.35
64,1786718023.575,609700.345885084,11,3.37,0,json:reported,54.35
64,1786718023.575,609700.345885084,12,3.393,0,json:reported,54.35
64,1786718023.575,609700.345885084,13,3.401,0,json:reported,54.35
64,1786718023.575,609700.345885084,14,3.392,0,json:reported,54.35
64,1786718023.575,609700.345885084,15,3.397,0,json:reported,54.35
64,1786718023.575,609700.345885084,16,3.396000000000001,1,json:calculated,54.35
65,1786718023.575,609701.352089793,1,3.4,0,json:reported,54.35
65,1786718023.575,609701.352089793,2,3.398,0,json:reported,54.35
65,1786718023.575,609701.352089793,3,3.405,0,json:reported,54.35
65,1786718023.575,609701.352089793,4,3.404,0,json:reported,54.35
65,1786718023.575,609701.352089793,5,3.404,0,json:reported,54.35
65,1786718023.575,609701.352089793,6,3.39,0,json:reported,54.35
65,1786718023.575,609701.352089793,7,3.41,0,json:reported,54.35
65,1786718023.575,609701.352089793,8,3.388,0,json:reported,54.35
65,1786718023.575,609701.352089793,9,3.4,0,json:reported,54.35
65,1786718023.575,609701.352089793,10,3.402,0,json:reported,54.35
65,1786718023.575,609701.352089793,11,3.37,0,json:reported,54.35
65,1786718023.575,609701.352089793,12,3.393,0,json:reported,54.35
65,1786718023.575,609701.352089793,13,3.401,0,json:reported,54.35
65,1786718023.575,609701.352089793,14,3.392,0,json:reported,54.35
65,1786718023.575,609701.352089793,15,3.397,0,json:reported,54.35
65,1786718023.575,609701.352089793,16,3.396000000000001,1,json:calculated,54.35
66,1786718023.575,609702.358984502,1,3.4,0,json:reported,54.35
66,1786718023.575,609702.358984502,2,3.398,0,json:reported,54.35
66,1786718023.575,609702.358984502,3,3.405,0,json:reported,54.35
66,1786718023.575,609702.358984502,4,3.404,0,json:reported,54.35
66,1786718023.575,609702.358984502,5,3.404,0,json:reported,54.35
66,1786718023.575,609702.358984502,6,3.39,0,json:reported,54.35
66,1786718023.575,609702.358984502,7,3.41,0,json:reported,54.35
66,1786718023.575,609702.358984502,8,3.388,0,json:reported,54.35
66,1786718023.575,609702.358984502,9,3.4,0,json:reported,54.35
66,1786718023.575,609702.358984502,10,3.402,0,json:reported,54.35
66,1786718023.575,609702.358984502,11,3.37,0,json:reported,54.35
66,1786718023.575,609702.358984502,12,3.393,0,json:reported,54.35
66,1786718023.575,609702.358984502,13,3.401,0,json:reported,54.35
66,1786718023.575,609702.358984502,14,3.392,0,json:reported,54.35
66,1786718023.575,609702.358984502,15,3.397,0,json:reported,54.35
66,1786718023.575,609702.358984502,16,3.396000000000001,1,json:calculated,54.35
67,1786718031.507,609703.368656544,1,3.4,0,json:reported,54.35
67,1786718031.507,609703.368656544,2,3.398,0,json:reported,54.35
67,1786718031.507,609703.368656544,3,3.406,0,json:reported,54.35
67,1786718031.507,609703.368656544,4,3.404,0,json:reported,54.35
67,1786718031.507,609703.368656544,5,3.405,0,json:reported,54.35
67,1786718031.507,609703.368656544,6,3.39,0,json:reported,54.35
67,1786718031.507,609703.368656544,7,3.41,0,json:reported,54.35
67,1786718031.507,609703.368656544,8,3.389,0,json:reported,54.35
67,1786718031.507,609703.368656544,9,3.4,0,json:reported,54.35
67,1786718031.507,609703.368656544,10,3.402,0,json:reported,54.35
67,1786718031.507,609703.368656544,11,3.37,0,json:reported,54.35
67,1786718031.507,609703.368656544,12,3.393,0,json:reported,54.35
67,1786718031.507,609703.368656544,13,3.402,0,json:reported,54.35
67,1786718031.507,609703.368656544,14,3.393,0,json:reported,54.35
67,1786718031.507,609703.368656544,15,3.397,0,json:reported,54.35
67,1786718031.507,609703.368656544,16,3.3909999999999982,1,json:calculated,54.35
68,1786718031.507,609704.382533628,1,3.4,0,json:reported,54.35
68,1786718031.507,609704.382533628,2,3.398,0,json:reported,54.35
68,1786718031.507,609704.382533628,3,3.406,0,json:reported,54.35
68,1786718031.507,609704.382533628,4,3.404,0,json:reported,54.35
68,1786718031.507,609704.382533628,5,3.405,0,json:reported,54.35
68,1786718031.507,609704.382533628,6,3.39,0,json:reported,54.35
68,1786718031.507,609704.382533628,7,3.41,0,json:reported,54.35
68,1786718031.507,609704.382533628,8,3.389,0,json:reported,54.35
68,1786718031.507,609704.382533628,9,3.4,0,json:reported,54.35
68,1786718031.507,609704.382533628,10,3.402,0,json:reported,54.35
68,1786718031.507,609704.382533628,11,3.37,0,json:reported,54.35
68,1786718031.507,609704.382533628,12,3.393,0,json:reported,54.35
68,1786718031.507,609704.382533628,13,3.402,0,json:reported,54.35
68,1786718031.507,609704.382533628,14,3.393,0,json:reported,54.35
68,1786718031.507,609704.382533628,15,3.397,0,json:reported,54.35
68,1786718031.507,609704.382533628,16,3.3909999999999982,1,json:calculated,54.35
69,1786718031.507,609705.402451128,1,3.4,0,json:reported,54.35
69,1786718031.507,609705.402451128,2,3.398,0,json:reported,54.35
69,1786718031.507,609705.402451128,3,3.406,0,json:reported,54.35
69,1786718031.507,609705.402451128,4,3.404,0,json:reported,54.35
69,1786718031.507,609705.402451128,5,3.405,0,json:reported,54.35
69,1786718031.507,609705.402451128,6,3.39,0,json:reported,54.35
69,1786718031.507,609705.402451128,7,3.41,0,json:reported,54.35
69,1786718031.507,609705.402451128,8,3.389,0,json:reported,54.35
69,1786718031.507,609705.402451128,9,3.4,0,json:reported,54.35
69,1786718031.507,609705.402451128,10,3.402,0,json:reported,54.35
69,1786718031.507,609705.402451128,11,3.37,0,json:reported,54.35
69,1786718031.507,609705.402451128,12,3.393,0,json:reported,54.35
69,1786718031.507,609705.402451128,13,3.402,0,json:reported,54.35
69,1786718031.507,609705.402451128,14,3.393,0,json:reported,54.35
69,1786718031.507,609705.402451128,15,3.397,0,json:reported,54.35
69,1786718031.507,609705.402451128,16,3.3909999999999982,1,json:calculated,54.35
70,1786718031.507,609706.418488212,1,3.4,0,json:reported,54.35
70,1786718031.507,609706.418488212,2,3.398,0,json:reported,54.35
70,1786718031.507,609706.418488212,3,3.406,0,json:reported,54.35
70,1786718031.507,609706.418488212,4,3.404,0,json:reported,54.35
70,1786718031.507,609706.418488212,5,3.405,0,json:reported,54.35
70,1786718031.507,609706.418488212,6,3.39,0,json:reported,54.35
70,1786718031.507,609706.418488212,7,3.41,0,json:reported,54.35
70,1786718031.507,609706.418488212,8,3.389,0,json:reported,54.35
70,1786718031.507,609706.418488212,9,3.4,0,json:reported,54.35
70,1786718031.507,609706.418488212,10,3.402,0,json:reported,54.35
70,1786718031.507,609706.418488212,11,3.37,0,json:reported,54.35
70,1786718031.507,609706.418488212,12,3.393,0,json:reported,54.35
70,1786718031.507,609706.418488212,13,3.402,0,json:reported,54.35
70,1786718031.507,609706.418488212,14,3.393,0,json:reported,54.35
70,1786718031.507,609706.418488212,15,3.397,0,json:reported,54.35
70,1786718031.507,609706.418488212,16,3.3909999999999982,1,json:calculated,54.35
71,1786718031.507,609707.428199629,1,3.4,0,json:reported,54.35
71,1786718031.507,609707.428199629,2,3.398,0,json:reported,54.35
71,1786718031.507,609707.428199629,3,3.406,0,json:reported,54.35
71,1786718031.507,609707.428199629,4,3.404,0,json:reported,54.35
71,1786718031.507,609707.428199629,5,3.405,0,json:reported,54.35
71,1786718031.507,609707.428199629,6,3.39,0,json:reported,54.35
71,1786718031.507,609707.428199629,7,3.41,0,json:reported,54.35
71,1786718031.507,609707.428199629,8,3.389,0,json:reported,54.35
71,1786718031.507,609707.428199629,9,3.4,0,json:reported,54.35
71,1786718031.507,609707.428199629,10,3.402,0,json:reported,54.35
71,1786718031.507,609707.428199629,11,3.37,0,json:reported,54.35
71,1786718031.507,609707.428199629,12,3.393,0,json:reported,54.35
71,1786718031.507,609707.428199629,13,3.402,0,json:reported,54.35
71,1786718031.507,609707.428199629,14,3.393,0,json:reported,54.35
71,1786718031.507,609707.428199629,15,3.397,0,json:reported,54.35
71,1786718031.507,609707.428199629,16,3.3909999999999982,1,json:calculated,54.35
72,1786718031.507,609708.43689488,1,3.4,0,json:reported,54.35
72,1786718031.507,609708.43689488,2,3.398,0,json:reported,54.35
72,1786718031.507,609708.43689488,3,3.406,0,json:reported,54.35
72,1786718031.507,609708.43689488,4,3.404,0,json:reported,54.35
72,1786718031.507,609708.43689488,5,3.405,0,json:reported,54.35
72,1786718031.507,609708.43689488,6,3.39,0,json:reported,54.35
72,1786718031.507,609708.43689488,7,3.41,0,json:reported,54.35
72,1786718031.507,609708.43689488,8,3.389,0,json:reported,54.35
72,1786718031.507,609708.43689488,9,3.4,0,json:reported,54.35
72,1786718031.507,609708.43689488,10,3.402,0,json:reported,54.35
72,1786718031.507,609708.43689488,11,3.37,0,json:reported,54.35
72,1786718031.507,609708.43689488,12,3.393,0,json:reported,54.35
72,1786718031.507,609708.43689488,13,3.402,0,json:reported,54.35
72,1786718031.507,609708.43689488,14,3.393,0,json:reported,54.35
72,1786718031.507,609708.43689488,15,3.397,0,json:reported,54.35
72,1786718031.507,609708.43689488,16,3.3909999999999982,1,json:calculated,54.35
73,1786718031.507,609709.443318047,1,3.4,0,json:reported,54.35
73,1786718031.507,609709.443318047,2,3.398,0,json:reported,54.35
73,1786718031.507,609709.443318047,3,3.406,0,json:reported,54.35
73,1786718031.507,609709.443318047,4,3.404,0,json:reported,54.35
73,1786718031.507,609709.443318047,5,3.405,0,json:reported,54.35
73,1786718031.507,609709.443318047,6,3.39,0,json:reported,54.35
73,1786718031.507,609709.443318047,7,3.41,0,json:reported,54.35
73,1786718031.507,609709.443318047,8,3.389,0,json:reported,54.35
73,1786718031.507,609709.443318047,9,3.4,0,json:reported,54.35
73,1786718031.507,609709.443318047,10,3.402,0,json:reported,54.35
73,1786718031.507,609709.443318047,11,3.37,0,json:reported,54.35
73,1786718031.507,609709.443318047,12,3.393,0,json:reported,54.35
73,1786718031.507,609709.443318047,13,3.402,0,json:reported,54.35
73,1786718031.507,609709.443318047,14,3.393,0,json:reported,54.35
73,1786718031.507,609709.443318047,15,3.397,0,json:reported,54.35
73,1786718031.507,609709.443318047,16,3.3909999999999982,1,json:calculated,54.35
74,1786718031.507,609710.451515381,1,3.4,0,json:reported,54.35
74,1786718031.507,609710.451515381,2,3.398,0,json:reported,54.35
74,1786718031.507,609710.451515381,3,3.406,0,json:reported,54.35
74,1786718031.507,609710.451515381,4,3.404,0,json:reported,54.35
74,1786718031.507,609710.451515381,5,3.405,0,json:reported,54.35
74,1786718031.507,609710.451515381,6,3.39,0,json:reported,54.35
74,1786718031.507,609710.451515381,7,3.41,0,json:reported,54.35
74,1786718031.507,609710.451515381,8,3.389,0,json:reported,54.35
74,1786718031.507,609710.451515381,9,3.4,0,json:reported,54.35
74,1786718031.507,609710.451515381,10,3.402,0,json:reported,54.35
74,1786718031.507,609710.451515381,11,3.37,0,json:reported,54.35
74,1786718031.507,609710.451515381,12,3.393,0,json:reported,54.35
74,1786718031.507,609710.451515381,13,3.402,0,json:reported,54.35
74,1786718031.507,609710.451515381,14,3.393,0,json:reported,54.35
74,1786718031.507,609710.451515381,15,3.397,0,json:reported,54.35
74,1786718031.507,609710.451515381,16,3.3909999999999982,1,json:calculated,54.35
75,1786718039.499,609711.45947809,1,3.4,0,json:reported,54.35
75,1786718039.499,609711.45947809,2,3.398,0,json:reported,54.35
75,1786718039.499,609711.45947809,3,3.406,0,json:reported,54.35
75,1786718039.499,609711.45947809,4,3.404,0,json:reported,54.35
75,1786718039.499,609711.45947809,5,3.405,0,json:reported,54.35
75,1786718039.499,609711.45947809,6,3.39,0,json:reported,54.35
75,1786718039.499,609711.45947809,7,3.41,0,json:reported,54.35
75,1786718039.499,609711.45947809,8,3.389,0,json:reported,54.35
75,1786718039.499,609711.45947809,9,3.4,0,json:reported,54.35
75,1786718039.499,609711.45947809,10,3.402,0,json:reported,54.35
75,1786718039.499,609711.45947809,11,3.37,0,json:reported,54.35
75,1786718039.499,609711.45947809,12,3.393,0,json:reported,54.35
75,1786718039.499,609711.45947809,13,3.402,0,json:reported,54.35
75,1786718039.499,609711.45947809,14,3.393,0,json:reported,54.35
75,1786718039.499,609711.45947809,15,3.397,0,json:reported,54.35
75,1786718039.499,609711.45947809,16,3.3909999999999982,1,json:calculated,54.35
76,1786718039.499,609712.46493259,1,3.4,0,json:reported,54.35
76,1786718039.499,609712.46493259,2,3.398,0,json:reported,54.35
76,1786718039.499,609712.46493259,3,3.406,0,json:reported,54.35
76,1786718039.499,609712.46493259,4,3.404,0,json:reported,54.35
76,1786718039.499,609712.46493259,5,3.405,0,json:reported,54.35
76,1786718039.499,609712.46493259,6,3.39,0,json:reported,54.35
76,1786718039.499,609712.46493259,7,3.41,0,json:reported,54.35
76,1786718039.499,609712.46493259,8,3.389,0,json:reported,54.35
76,1786718039.499,609712.46493259,9,3.4,0,json:reported,54.35
76,1786718039.499,609712.46493259,10,3.402,0,json:reported,54.35
76,1786718039.499,609712.46493259,11,3.37,0,json:reported,54.35
76,1786718039.499,609712.46493259,12,3.393,0,json:reported,54.35
76,1786718039.499,609712.46493259,13,3.402,0,json:reported,54.35
76,1786718039.499,609712.46493259,14,3.393,0,json:reported,54.35
76,1786718039.499,609712.46493259,15,3.397,0,json:reported,54.35
76,1786718039.499,609712.46493259,16,3.3909999999999982,1,json:calculated,54.35
77,1786718039.499,609713.470792966,1,3.4,0,json:reported,54.35
77,1786718039.499,609713.470792966,2,3.398,0,json:reported,54.35
77,1786718039.499,609713.470792966,3,3.406,0,json:reported,54.35
77,1786718039.499,609713.470792966,4,3.404,0,json:reported,54.35
77,1786718039.499,609713.470792966,5,3.405,0,json:reported,54.35
77,1786718039.499,609713.470792966,6,3.39,0,json:reported,54.35
77,1786718039.499,609713.470792966,7,3.41,0,json:reported,54.35
77,1786718039.499,609713.470792966,8,3.389,0,json:reported,54.35
77,1786718039.499,609713.470792966,9,3.4,0,json:reported,54.35
77,1786718039.499,609713.470792966,10,3.402,0,json:reported,54.35
77,1786718039.499,609713.470792966,11,3.37,0,json:reported,54.35
77,1786718039.499,609713.470792966,12,3.393,0,json:reported,54.35
77,1786718039.499,609713.470792966,13,3.402,0,json:reported,54.35
77,1786718039.499,609713.470792966,14,3.393,0,json:reported,54.35
77,1786718039.499,609713.470792966,15,3.397,0,json:reported,54.35
77,1786718039.499,609713.470792966,16,3.3909999999999982,1,json:calculated,54.35
78,1786718039.499,609714.478701549,1,3.4,0,json:reported,54.35
78,1786718039.499,609714.478701549,2,3.398,0,json:reported,54.35
78,1786718039.499,609714.478701549,3,3.406,0,json:reported,54.35
78,1786718039.499,609714.478701549,4,3.404,0,json:reported,54.35
78,1786718039.499,609714.478701549,5,3.405,0,json:reported,54.35
78,1786718039.499,609714.478701549,6,3.39,0,json:reported,54.35
78,1786718039.499,609714.478701549,7,3.41,0,json:reported,54.35
78,1786718039.499,609714.478701549,8,3.389,0,json:reported,54.35
78,1786718039.499,609714.478701549,9,3.4,0,json:reported,54.35
78,1786718039.499,609714.478701549,10,3.402,0,json:reported,54.35
78,1786718039.499,609714.478701549,11,3.37,0,json:reported,54.35
78,1786718039.499,609714.478701549,12,3.393,0,json:reported,54.35
78,1786718039.499,609714.478701549,13,3.402,0,json:reported,54.35
78,1786718039.499,609714.478701549,14,3.393,0,json:reported,54.35
78,1786718039.499,609714.478701549,15,3.397,0,json:reported,54.35
78,1786718039.499,609714.478701549,16,3.3909999999999982,1,json:calculated,54.35
79,1786718039.499,609715.486494425,1,3.4,0,json:reported,54.35
79,1786718039.499,609715.486494425,2,3.398,0,json:reported,54.35
79,1786718039.499,609715.486494425,3,3.406,0,json:reported,54.35
79,1786718039.499,609715.486494425,4,3.404,0,json:reported,54.35
79,1786718039.499,609715.486494425,5,3.405,0,json:reported,54.35
79,1786718039.499,609715.486494425,6,3.39,0,json:reported,54.35
79,1786718039.499,609715.486494425,7,3.41,0,json:reported,54.35
79,1786718039.499,609715.486494425,8,3.389,0,json:reported,54.35
79,1786718039.499,609715.486494425,9,3.4,0,json:reported,54.35
79,1786718039.499,609715.486494425,10,3.402,0,json:reported,54.35
79,1786718039.499,609715.486494425,11,3.37,0,json:reported,54.35
79,1786718039.499,609715.486494425,12,3.393,0,json:reported,54.35
79,1786718039.499,609715.486494425,13,3.402,0,json:reported,54.35
79,1786718039.499,609715.486494425,14,3.393,0,json:reported,54.35
79,1786718039.499,609715.486494425,15,3.397,0,json:reported,54.35
79,1786718039.499,609715.486494425,16,3.3909999999999982,1,json:calculated,54.35
80,1786718039.499,609716.493441509,1,3.4,0,json:reported,54.35
80,1786718039.499,609716.493441509,2,3.398,0,json:reported,54.35
80,1786718039.499,609716.493441509,3,3.406,0,json:reported,54.35
80,1786718039.499,609716.493441509,4,3.404,0,json:reported,54.35
80,1786718039.499,609716.493441509,5,3.405,0,json:reported,54.35
80,1786718039.499,609716.493441509,6,3.39,0,json:reported,54.35
80,1786718039.499,609716.493441509,7,3.41,0,json:reported,54.35
80,1786718039.499,609716.493441509,8,3.389,0,json:reported,54.35
80,1786718039.499,609716.493441509,9,3.4,0,json:reported,54.35
80,1786718039.499,609716.493441509,10,3.402,0,json:reported,54.35
80,1786718039.499,609716.493441509,11,3.37,0,json:reported,54.35
80,1786718039.499,609716.493441509,12,3.393,0,json:reported,54.35
80,1786718039.499,609716.493441509,13,3.402,0,json:reported,54.35
80,1786718039.499,609716.493441509,14,3.393,0,json:reported,54.35
80,1786718039.499,609716.493441509,15,3.397,0,json:reported,54.35
80,1786718039.499,609716.493441509,16,3.3909999999999982,1,json:calculated,54.35
81,1786718039.499,609717.498589426,1,3.4,0,json:reported,54.35
81,1786718039.499,609717.498589426,2,3.398,0,json:reported,54.35
81,1786718039.499,609717.498589426,3,3.406,0,json:reported,54.35
81,1786718039.499,609717.498589426,4,3.404,0,json:reported,54.35
81,1786718039.499,609717.498589426,5,3.405,0,json:reported,54.35
81,1786718039.499,609717.498589426,6,3.39,0,json:reported,54.35
81,1786718039.499,609717.498589426,7,3.41,0,json:reported,54.35
81,1786718039.499,609717.498589426,8,3.389,0,json:reported,54.35
81,1786718039.499,609717.498589426,9,3.4,0,json:reported,54.35
81,1786718039.499,609717.498589426,10,3.402,0,json:reported,54.35
81,1786718039.499,609717.498589426,11,3.37,0,json:reported,54.35
81,1786718039.499,609717.498589426,12,3.393,0,json:reported,54.35
81,1786718039.499,609717.498589426,13,3.402,0,json:reported,54.35
81,1786718039.499,609717.498589426,14,3.393,0,json:reported,54.35
81,1786718039.499,609717.498589426,15,3.397,0,json:reported,54.35
81,1786718039.499,609717.498589426,16,3.3909999999999982,1,json:calculated,54.35
82,1786718039.499,609718.505311385,1,3.4,0,json:reported,54.35
82,1786718039.499,609718.505311385,2,3.398,0,json:reported,54.35
82,1786718039.499,609718.505311385,3,3.406,0,json:reported,54.35
82,1786718039.499,609718.505311385,4,3.404,0,json:reported,54.35
82,1786718039.499,609718.505311385,5,3.405,0,json:reported,54.35
82,1786718039.499,609718.505311385,6,3.39,0,json:reported,54.35
82,1786718039.499,609718.505311385,7,3.41,0,json:reported,54.35
82,1786718039.499,609718.505311385,8,3.389,0,json:reported,54.35
82,1786718039.499,609718.505311385,9,3.4,0,json:reported,54.35
82,1786718039.499,609718.505311385,10,3.402,0,json:reported,54.35
82,1786718039.499,609718.505311385,11,3.37,0,json:reported,54.35
82,1786718039.499,609718.505311385,12,3.393,0,json:reported,54.35
82,1786718039.499,609718.505311385,13,3.402,0,json:reported,54.35
82,1786718039.499,609718.505311385,14,3.393,0,json:reported,54.35
82,1786718039.499,609718.505311385,15,3.397,0,json:reported,54.35
82,1786718039.499,609718.505311385,16,3.3909999999999982,1,json:calculated,54.35
83,1786718047.547,609719.516046802,1,3.401,0,json:reported,54.36
83,1786718047.547,609719.516046802,2,3.399,0,json:reported,54.36
83,1786718047.547,609719.516046802,3,3.406,0,json:reported,54.36
83,1786718047.547,609719.516046802,4,3.404,0,json:reported,54.36
83,1786718047.547,609719.516046802,5,3.405,0,json:reported,54.36
83,1786718047.547,609719.516046802,6,3.39,0,json:reported,54.36
83,1786718047.547,609719.516046802,7,3.411,0,json:reported,54.36
83,1786718047.547,609719.516046802,8,3.389,0,json:reported,54.36
83,1786718047.547,609719.516046802,9,3.401,0,json:reported,54.36
83,1786718047.547,609719.516046802,10,3.402,0,json:reported,54.36
83,1786718047.547,609719.516046802,11,3.37,0,json:reported,54.36
83,1786718047.547,609719.516046802,12,3.393,0,json:reported,54.36
83,1786718047.547,609719.516046802,13,3.402,0,json:reported,54.36
83,1786718047.547,609719.516046802,14,3.393,0,json:reported,54.36
83,1786718047.547,609719.516046802,15,3.398,0,json:reported,54.36
83,1786718047.547,609719.516046802,16,3.396000000000001,1,json:calculated,54.36
84,1786718047.547,609720.535659511,1,3.401,0,json:reported,54.36
84,1786718047.547,609720.535659511,2,3.399,0,json:reported,54.36
84,1786718047.547,609720.535659511,3,3.406,0,json:reported,54.36
84,1786718047.547,609720.535659511,4,3.404,0,json:reported,54.36
84,1786718047.547,609720.535659511,5,3.405,0,json:reported,54.36
84,1786718047.547,609720.535659511,6,3.39,0,json:reported,54.36
84,1786718047.547,609720.535659511,7,3.411,0,json:reported,54.36
84,1786718047.547,609720.535659511,8,3.389,0,json:reported,54.36
84,1786718047.547,609720.535659511,9,3.401,0,json:reported,54.36
84,1786718047.547,609720.535659511,10,3.402,0,json:reported,54.36
84,1786718047.547,609720.535659511,11,3.37,0,json:reported,54.36
84,1786718047.547,609720.535659511,12,3.393,0,json:reported,54.36
84,1786718047.547,609720.535659511,13,3.402,0,json:reported,54.36
84,1786718047.547,609720.535659511,14,3.393,0,json:reported,54.36
84,1786718047.547,609720.535659511,15,3.398,0,json:reported,54.36
84,1786718047.547,609720.535659511,16,3.396000000000001,1,json:calculated,54.36
85,1786718047.547,609721.550822386,1,3.401,0,json:reported,54.36
85,1786718047.547,609721.550822386,2,3.399,0,json:reported,54.36
85,1786718047.547,609721.550822386,3,3.406,0,json:reported,54.36
85,1786718047.547,609721.550822386,4,3.404,0,json:reported,54.36
85,1786718047.547,609721.550822386,5,3.405,0,json:reported,54.36
85,1786718047.547,609721.550822386,6,3.39,0,json:reported,54.36
85,1786718047.547,609721.550822386,7,3.411,0,json:reported,54.36
85,1786718047.547,609721.550822386,8,3.389,0,json:reported,54.36
85,1786718047.547,609721.550822386,9,3.401,0,json:reported,54.36
85,1786718047.547,609721.550822386,10,3.402,0,json:reported,54.36
85,1786718047.547,609721.550822386,11,3.37,0,json:reported,54.36
85,1786718047.547,609721.550822386,12,3.393,0,json:reported,54.36
85,1786718047.547,609721.550822386,13,3.402,0,json:reported,54.36
85,1786718047.547,609721.550822386,14,3.393,0,json:reported,54.36
85,1786718047.547,609721.550822386,15,3.398,0,json:reported,54.36
85,1786718047.547,609721.550822386,16,3.396000000000001,1,json:calculated,54.36
86,1786718047.547,609722.56468572,1,3.401,0,json:reported,54.36
86,1786718047.547,609722.56468572,2,3.399,0,json:reported,54.36
86,1786718047.547,609722.56468572,3,3.406,0,json:reported,54.36
86,1786718047.547,609722.56468572,4,3.404,0,json:reported,54.36
86,1786718047.547,609722.56468572,5,3.405,0,json:reported,54.36
86,1786718047.547,609722.56468572,6,3.39,0,json:reported,54.36
86,1786718047.547,609722.56468572,7,3.411,0,json:reported,54.36
86,1786718047.547,609722.56468572,8,3.389,0,json:reported,54.36
86,1786718047.547,609722.56468572,9,3.401,0,json:reported,54.36
86,1786718047.547,609722.56468572,10,3.402,0,json:reported,54.36
86,1786718047.547,609722.56468572,11,3.37,0,json:reported,54.36
86,1786718047.547,609722.56468572,12,3.393,0,json:reported,54.36
86,1786718047.547,609722.56468572,13,3.402,0,json:reported,54.36
86,1786718047.547,609722.56468572,14,3.393,0,json:reported,54.36
86,1786718047.547,609722.56468572,15,3.398,0,json:reported,54.36
86,1786718047.547,609722.56468572,16,3.396000000000001,1,json:calculated,54.36
87,1786718047.547,609723.607803554,1,3.401,0,json:reported,54.36
87,1786718047.547,609723.607803554,2,3.399,0,json:reported,54.36
87,1786718047.547,609723.607803554,3,3.406,0,json:reported,54.36
87,1786718047.547,609723.607803554,4,3.404,0,json:reported,54.36
87,1786718047.547,609723.607803554,5,3.405,0,json:reported,54.36
87,1786718047.547,609723.607803554,6,3.39,0,json:reported,54.36
87,1786718047.547,609723.607803554,7,3.411,0,json:reported,54.36
87,1786718047.547,609723.607803554,8,3.389,0,json:reported,54.36
87,1786718047.547,609723.607803554,9,3.401,0,json:reported,54.36
87,1786718047.547,609723.607803554,10,3.402,0,json:reported,54.36
87,1786718047.547,609723.607803554,11,3.37,0,json:reported,54.36
87,1786718047.547,609723.607803554,12,3.393,0,json:reported,54.36
87,1786718047.547,609723.607803554,13,3.402,0,json:reported,54.36
87,1786718047.547,609723.607803554,14,3.393,0,json:reported,54.36
87,1786718047.547,609723.607803554,15,3.398,0,json:reported,54.36
87,1786718047.547,609723.607803554,16,3.396000000000001,1,json:calculated,54.36
88,1786718047.547,609724.644661763,1,3.401,0,json:reported,54.36
88,1786718047.547,609724.644661763,2,3.399,0,json:reported,54.36
88,1786718047.547,609724.644661763,3,3.406,0,json:reported,54.36
88,1786718047.547,609724.644661763,4,3.404,0,json:reported,54.36
88,1786718047.547,609724.644661763,5,3.405,0,json:reported,54.36
88,1786718047.547,609724.644661763,6,3.39,0,json:reported,54.36
88,1786718047.547,609724.644661763,7,3.411,0,json:reported,54.36
88,1786718047.547,609724.644661763,8,3.389,0,json:reported,54.36
88,1786718047.547,609724.644661763,9,3.401,0,json:reported,54.36
88,1786718047.547,609724.644661763,10,3.402,0,json:reported,54.36
88,1786718047.547,609724.644661763,11,3.37,0,json:reported,54.36
88,1786718047.547,609724.644661763,12,3.393,0,json:reported,54.36
88,1786718047.547,609724.644661763,13,3.402,0,json:reported,54.36
88,1786718047.547,609724.644661763,14,3.393,0,json:reported,54.36
88,1786718047.547,609724.644661763,15,3.398,0,json:reported,54.36
88,1786718047.547,609724.644661763,16,3.396000000000001,1,json:calculated,54.36
89,1786718047.547,609725.669597805,1,3.401,0,json:reported,54.36
89,1786718047.547,609725.669597805,2,3.399,0,json:reported,54.36
89,1786718047.547,609725.669597805,3,3.406,0,json:reported,54.36
89,1786718047.547,609725.669597805,4,3.404,0,json:reported,54.36
89,1786718047.547,609725.669597805,5,3.405,0,json:reported,54.36
89,1786718047.547,609725.669597805,6,3.39,0,json:reported,54.36
89,1786718047.547,609725.669597805,7,3.411,0,json:reported,54.36
89,1786718047.547,609725.669597805,8,3.389,0,json:reported,54.36
89,1786718047.547,609725.669597805,9,3.401,0,json:reported,54.36
89,1786718047.547,609725.669597805,10,3.402,0,json:reported,54.36
89,1786718047.547,609725.669597805,11,3.37,0,json:reported,54.36
89,1786718047.547,609725.669597805,12,3.393,0,json:reported,54.36
89,1786718047.547,609725.669597805,13,3.402,0,json:reported,54.36
89,1786718047.547,609725.669597805,14,3.393,0,json:reported,54.36
89,1786718047.547,609725.669597805,15,3.398,0,json:reported,54.36
89,1786718047.547,609725.669597805,16,3.396000000000001,1,json:calculated,54.36
90,1786718047.547,609726.685768847,1,3.401,0,json:reported,54.36
90,1786718047.547,609726.685768847,2,3.399,0,json:reported,54.36
90,1786718047.547,609726.685768847,3,3.406,0,json:reported,54.36
90,1786718047.547,609726.685768847,4,3.404,0,json:reported,54.36
90,1786718047.547,609726.685768847,5,3.405,0,json:reported,54.36
90,1786718047.547,609726.685768847,6,3.39,0,json:reported,54.36
90,1786718047.547,609726.685768847,7,3.411,0,json:reported,54.36
90,1786718047.547,609726.685768847,8,3.389,0,json:reported,54.36
90,1786718047.547,609726.685768847,9,3.401,0,json:reported,54.36
90,1786718047.547,609726.685768847,10,3.402,0,json:reported,54.36
90,1786718047.547,609726.685768847,11,3.37,0,json:reported,54.36
90,1786718047.547,609726.685768847,12,3.393,0,json:reported,54.36
90,1786718047.547,609726.685768847,13,3.402,0,json:reported,54.36
90,1786718047.547,609726.685768847,14,3.393,0,json:reported,54.36
90,1786718047.547,609726.685768847,15,3.398,0,json:reported,54.36
90,1786718047.547,609726.685768847,16,3.396000000000001,1,json:calculated,54.36
91,1786718055.69,609727.710488972,1,3.401,0,json:reported,54.36
91,1786718055.69,609727.710488972,2,3.399,0,json:reported,54.36
91,1786718055.69,609727.710488972,3,3.406,0,json:reported,54.36
91,1786718055.69,609727.710488972,4,3.405,0,json:reported,54.36
91,1786718055.69,609727.710488972,5,3.406,0,json:reported,54.36
91,1786718055.69,609727.710488972,6,3.391,0,json:reported,54.36
91,1786718055.69,609727.710488972,7,3.411,0,json:reported,54.36
91,1786718055.69,609727.710488972,8,3.389,0,json:reported,54.36
91,1786718055.69,609727.710488972,9,3.401,0,json:reported,54.36
91,1786718055.69,609727.710488972,10,3.403,0,json:reported,54.36
91,1786718055.69,609727.710488972,11,3.371,0,json:reported,54.36
91,1786718055.69,609727.710488972,12,3.394,0,json:reported,54.36
91,1786718055.69,609727.710488972,13,3.402,0,json:reported,54.36
91,1786718055.69,609727.710488972,14,3.393,0,json:reported,54.36
91,1786718055.69,609727.710488972,15,3.398,0,json:reported,54.36
91,1786718055.69,609727.710488972,16,3.3900000000000006,1,json:calculated,54.36
92,1786718055.69,609728.717196348,1,3.401,0,json:reported,54.36
92,1786718055.69,609728.717196348,2,3.399,0,json:reported,54.36
92,1786718055.69,609728.717196348,3,3.406,0,json:reported,54.36
92,1786718055.69,609728.717196348,4,3.405,0,json:reported,54.36
92,1786718055.69,609728.717196348,5,3.406,0,json:reported,54.36
92,1786718055.69,609728.717196348,6,3.391,0,json:reported,54.36
92,1786718055.69,609728.717196348,7,3.411,0,json:reported,54.36
92,1786718055.69,609728.717196348,8,3.389,0,json:reported,54.36
92,1786718055.69,609728.717196348,9,3.401,0,json:reported,54.36
92,1786718055.69,609728.717196348,10,3.403,0,json:reported,54.36
92,1786718055.69,609728.717196348,11,3.371,0,json:reported,54.36
92,1786718055.69,609728.717196348,12,3.394,0,json:reported,54.36
92,1786718055.69,609728.717196348,13,3.402,0,json:reported,54.36
92,1786718055.69,609728.717196348,14,3.393,0,json:reported,54.36
92,1786718055.69,609728.717196348,15,3.398,0,json:reported,54.36
92,1786718055.69,609728.717196348,16,3.3900000000000006,1,json:calculated,54.36
93,1786718055.69,609729.725775598,1,3.401,0,json:reported,54.36
93,1786718055.69,609729.725775598,2,3.399,0,json:reported,54.36
93,1786718055.69,609729.725775598,3,3.406,0,json:reported,54.36
93,1786718055.69,609729.725775598,4,3.405,0,json:reported,54.36
93,1786718055.69,609729.725775598,5,3.406,0,json:reported,54.36
93,1786718055.69,609729.725775598,6,3.391,0,json:reported,54.36
93,1786718055.69,609729.725775598,7,3.411,0,json:reported,54.36
93,1786718055.69,609729.725775598,8,3.389,0,json:reported,54.36
93,1786718055.69,609729.725775598,9,3.401,0,json:reported,54.36
93,1786718055.69,609729.725775598,10,3.403,0,json:reported,54.36
93,1786718055.69,609729.725775598,11,3.371,0,json:reported,54.36
93,1786718055.69,609729.725775598,12,3.394,0,json:reported,54.36
93,1786718055.69,609729.725775598,13,3.402,0,json:reported,54.36
93,1786718055.69,609729.725775598,14,3.393,0,json:reported,54.36
93,1786718055.69,609729.725775598,15,3.398,0,json:reported,54.36
93,1786718055.69,609729.725775598,16,3.3900000000000006,1,json:calculated,54.36
94,1786718055.69,609730.746430599,1,3.401,0,json:reported,54.36
94,1786718055.69,609730.746430599,2,3.399,0,json:reported,54.36
94,1786718055.69,609730.746430599,3,3.406,0,json:reported,54.36
94,1786718055.69,609730.746430599,4,3.405,0,json:reported,54.36
94,1786718055.69,609730.746430599,5,3.406,0,json:reported,54.36
94,1786718055.69,609730.746430599,6,3.391,0,json:reported,54.36
94,1786718055.69,609730.746430599,7,3.411,0,json:reported,54.36
94,1786718055.69,609730.746430599,8,3.389,0,json:reported,54.36
94,1786718055.69,609730.746430599,9,3.401,0,json:reported,54.36
94,1786718055.69,609730.746430599,10,3.403,0,json:reported,54.36
94,1786718055.69,609730.746430599,11,3.371,0,json:reported,54.36
94,1786718055.69,609730.746430599,12,3.394,0,json:reported,54.36
94,1786718055.69,609730.746430599,13,3.402,0,json:reported,54.36
94,1786718055.69,609730.746430599,14,3.393,0,json:reported,54.36
94,1786718055.69,609730.746430599,15,3.398,0,json:reported,54.36
94,1786718055.69,609730.746430599,16,3.3900000000000006,1,json:calculated,54.36
95,1786718055.69,609731.764147974,1,3.401,0,json:reported,54.36
95,1786718055.69,609731.764147974,2,3.399,0,json:reported,54.36
95,1786718055.69,609731.764147974,3,3.406,0,json:reported,54.36
95,1786718055.69,609731.764147974,4,3.405,0,json:reported,54.36
95,1786718055.69,609731.764147974,5,3.406,0,json:reported,54.36
95,1786718055.69,609731.764147974,6,3.391,0,json:reported,54.36
95,1786718055.69,609731.764147974,7,3.411,0,json:reported,54.36
95,1786718055.69,609731.764147974,8,3.389,0,json:reported,54.36
95,1786718055.69,609731.764147974,9,3.401,0,json:reported,54.36
95,1786718055.69,609731.764147974,10,3.403,0,json:reported,54.36
95,1786718055.69,609731.764147974,11,3.371,0,json:reported,54.36
95,1786718055.69,609731.764147974,12,3.394,0,json:reported,54.36
95,1786718055.69,609731.764147974,13,3.402,0,json:reported,54.36
95,1786718055.69,609731.764147974,14,3.393,0,json:reported,54.36
95,1786718055.69,609731.764147974,15,3.398,0,json:reported,54.36
95,1786718055.69,609731.764147974,16,3.3900000000000006,1,json:calculated,54.36
96,1786718055.69,609732.773036142,1,3.401,0,json:reported,54.36
96,1786718055.69,609732.773036142,2,3.399,0,json:reported,54.36
96,1786718055.69,609732.773036142,3,3.406,0,json:reported,54.36
96,1786718055.69,609732.773036142,4,3.405,0,json:reported,54.36
96,1786718055.69,609732.773036142,5,3.406,0,json:reported,54.36
96,1786718055.69,609732.773036142,6,3.391,0,json:reported,54.36
96,1786718055.69,609732.773036142,7,3.411,0,json:reported,54.36
96,1786718055.69,609732.773036142,8,3.389,0,json:reported,54.36
96,1786718055.69,609732.773036142,9,3.401,0,json:reported,54.36
96,1786718055.69,609732.773036142,10,3.403,0,json:reported,54.36
96,1786718055.69,609732.773036142,11,3.371,0,json:reported,54.36
96,1786718055.69,609732.773036142,12,3.394,0,json:reported,54.36
96,1786718055.69,609732.773036142,13,3.402,0,json:reported,54.36
96,1786718055.69,609732.773036142,14,3.393,0,json:reported,54.36
96,1786718055.69,609732.773036142,15,3.398,0,json:reported,54.36
96,1786718055.69,609732.773036142,16,3.3900000000000006,1,json:calculated,54.36
97,1786718055.69,609733.788409017,1,3.401,0,json:reported,54.36
97,1786718055.69,609733.788409017,2,3.399,0,json:reported,54.36
97,1786718055.69,609733.788409017,3,3.406,0,json:reported,54.36
97,1786718055.69,609733.788409017,4,3.405,0,json:reported,54.36
97,1786718055.69,609733.788409017,5,3.406,0,json:reported,54.36
97,1786718055.69,609733.788409017,6,3.391,0,json:reported,54.36
97,1786718055.69,609733.788409017,7,3.411,0,json:reported,54.36
97,1786718055.69,609733.788409017,8,3.389,0,json:reported,54.36
97,1786718055.69,609733.788409017,9,3.401,0,json:reported,54.36
97,1786718055.69,609733.788409017,10,3.403,0,json:reported,54.36
97,1786718055.69,609733.788409017,11,3.371,0,json:reported,54.36
97,1786718055.69,609733.788409017,12,3.394,0,json:reported,54.36
97,1786718055.69,609733.788409017,13,3.402,0,json:reported,54.36
97,1786718055.69,609733.788409017,14,3.393,0,json:reported,54.36
97,1786718055.69,609733.788409017,15,3.398,0,json:reported,54.36
97,1786718055.69,609733.788409017,16,3.3900000000000006,1,json:calculated,54.36
98,1786718055.69,609734.794149059,1,3.401,0,json:reported,54.36
98,1786718055.69,609734.794149059,2,3.399,0,json:reported,54.36
98,1786718055.69,609734.794149059,3,3.406,0,json:reported,54.36
98,1786718055.69,609734.794149059,4,3.405,0,json:reported,54.36
98,1786718055.69,609734.794149059,5,3.406,0,json:reported,54.36
98,1786718055.69,609734.794149059,6,3.391,0,json:reported,54.36
98,1786718055.69,609734.794149059,7,3.411,0,json:reported,54.36
98,1786718055.69,609734.794149059,8,3.389,0,json:reported,54.36
98,1786718055.69,609734.794149059,9,3.401,0,json:reported,54.36
98,1786718055.69,609734.794149059,10,3.403,0,json:reported,54.36
98,1786718055.69,609734.794149059,11,3.371,0,json:reported,54.36
98,1786718055.69,609734.794149059,12,3.394,0,json:reported,54.36
98,1786718055.69,609734.794149059,13,3.402,0,json:reported,54.36
98,1786718055.69,609734.794149059,14,3.393,0,json:reported,54.36
98,1786718055.69,609734.794149059,15,3.398,0,json:reported,54.36
98,1786718055.69,609734.794149059,16,3.3900000000000006,1,json:calculated,54.36
99,1786718063.493,609735.82223806,1,3.401,0,json:reported,54.37
99,1786718063.493,609735.82223806,2,3.399,0,json:reported,54.37
99,1786718063.493,609735.82223806,3,3.407,0,json:reported,54.37
99,1786718063.493,609735.82223806,4,3.405,0,json:reported,54.37
99,1786718063.493,609735.82223806,5,3.406,0,json:reported,54.37
99,1786718063.493,609735.82223806,6,3.391,0,json:reported,54.37
99,1786718063.493,609735.82223806,7,3.411,0,json:reported,54.37
99,1786718063.493,609735.82223806,8,3.389,0,json:reported,54.37
99,1786718063.493,609735.82223806,9,3.401,0,json:reported,54.37
99,1786718063.493,609735.82223806,10,3.403,0,json:reported,54.37
99,1786718063.493,609735.82223806,11,3.371,0,json:reported,54.37
99,1786718063.493,609735.82223806,12,3.394,0,json:reported,54.37
99,1786718063.493,609735.82223806,13,3.403,0,json:reported,54.37
99,1786718063.493,609735.82223806,14,3.394,0,json:reported,54.37
99,1786718063.493,609735.82223806,15,3.398,0,json:reported,54.37
99,1786718063.493,609735.82223806,16,3.3969999999999985,1,json:calculated,54.37
100,1786718063.493,609736.843050268,1,3.401,0,json:reported,54.37
100,1786718063.493,609736.843050268,2,3.399,0,json:reported,54.37
100,1786718063.493,609736.843050268,3,3.407,0,json:reported,54.37
100,1786718063.493,609736.843050268,4,3.405,0,json:reported,54.37
100,1786718063.493,609736.843050268,5,3.406,0,json:reported,54.37
100,1786718063.493,609736.843050268,6,3.391,0,json:reported,54.37
100,1786718063.493,609736.843050268,7,3.411,0,json:reported,54.37
100,1786718063.493,609736.843050268,8,3.389,0,json:reported,54.37
100,1786718063.493,609736.843050268,9,3.401,0,json:reported,54.37
100,1786718063.493,609736.843050268,10,3.403,0,json:reported,54.37
100,1786718063.493,609736.843050268,11,3.371,0,json:reported,54.37
100,1786718063.493,609736.843050268,12,3.394,0,json:reported,54.37
100,1786718063.493,609736.843050268,13,3.403,0,json:reported,54.37
100,1786718063.493,609736.843050268,14,3.394,0,json:reported,54.37
100,1786718063.493,609736.843050268,15,3.398,0,json:reported,54.37
100,1786718063.493,609736.843050268,16,3.3969999999999985,1,json:calculated,54.37
101,1786718063.493,609737.848784561,1,3.401,0,json:reported,54.37
101,1786718063.493,609737.848784561,2,3.399,0,json:reported,54.37
101,1786718063.493,609737.848784561,3,3.407,0,json:reported,54.37
101,1786718063.493,609737.848784561,4,3.405,0,json:reported,54.37
101,1786718063.493,609737.848784561,5,3.406,0,json:reported,54.37
101,1786718063.493,609737.848784561,6,3.391,0,json:reported,54.37
101,1786718063.493,609737.848784561,7,3.411,0,json:reported,54.37
101,1786718063.493,609737.848784561,8,3.389,0,json:reported,54.37
101,1786718063.493,609737.848784561,9,3.401,0,json:reported,54.37
101,1786718063.493,609737.848784561,10,3.403,0,json:reported,54.37
101,1786718063.493,609737.848784561,11,3.371,0,json:reported,54.37
101,1786718063.493,609737.848784561,12,3.394,0,json:reported,54.37
101,1786718063.493,609737.848784561,13,3.403,0,json:reported,54.37
101,1786718063.493,609737.848784561,14,3.394,0,json:reported,54.37
101,1786718063.493,609737.848784561,15,3.398,0,json:reported,54.37
101,1786718063.493,609737.848784561,16,3.3969999999999985,1,json:calculated,54.37
102,1786718063.493,609738.859156644,1,3.401,0,json:reported,54.37
102,1786718063.493,609738.859156644,2,3.399,0,json:reported,54.37
102,1786718063.493,609738.859156644,3,3.407,0,json:reported,54.37
102,1786718063.493,609738.859156644,4,3.405,0,json:reported,54.37
102,1786718063.493,609738.859156644,5,3.406,0,json:reported,54.37
102,1786718063.493,609738.859156644,6,3.391,0,json:reported,54.37
102,1786718063.493,609738.859156644,7,3.411,0,json:reported,54.37
102,1786718063.493,609738.859156644,8,3.389,0,json:reported,54.37
102,1786718063.493,609738.859156644,9,3.401,0,json:reported,54.37
102,1786718063.493,609738.859156644,10,3.403,0,json:reported,54.37
102,1786718063.493,609738.859156644,11,3.371,0,json:reported,54.37
102,1786718063.493,609738.859156644,12,3.394,0,json:reported,54.37
102,1786718063.493,609738.859156644,13,3.403,0,json:reported,54.37
102,1786718063.493,609738.859156644,14,3.394,0,json:reported,54.37
102,1786718063.493,609738.859156644,15,3.398,0,json:reported,54.37
102,1786718063.493,609738.859156644,16,3.3969999999999985,1,json:calculated,54.37
103,1786718063.493,609739.876717645,1,3.401,0,json:reported,54.37
103,1786718063.493,609739.876717645,2,3.399,0,json:reported,54.37
103,1786718063.493,609739.876717645,3,3.407,0,json:reported,54.37
103,1786718063.493,609739.876717645,4,3.405,0,json:reported,54.37
103,1786718063.493,609739.876717645,5,3.406,0,json:reported,54.37
103,1786718063.493,609739.876717645,6,3.391,0,json:reported,54.37
103,1786718063.493,609739.876717645,7,3.411,0,json:reported,54.37
103,1786718063.493,609739.876717645,8,3.389,0,json:reported,54.37
103,1786718063.493,609739.876717645,9,3.401,0,json:reported,54.37
103,1786718063.493,609739.876717645,10,3.403,0,json:reported,54.37
103,1786718063.493,609739.876717645,11,3.371,0,json:reported,54.37
103,1786718063.493,609739.876717645,12,3.394,0,json:reported,54.37
103,1786718063.493,609739.876717645,13,3.403,0,json:reported,54.37
103,1786718063.493,609739.876717645,14,3.394,0,json:reported,54.37
103,1786718063.493,609739.876717645,15,3.398,0,json:reported,54.37
103,1786718063.493,609739.876717645,16,3.3969999999999985,1,json:calculated,54.37
104,1786718063.493,609740.889506562,1,3.401,0,json:reported,54.37
104,1786718063.493,609740.889506562,2,3.399,0,json:reported,54.37
104,1786718063.493,609740.889506562,3,3.407,0,json:reported,54.37
104,1786718063.493,609740.889506562,4,3.405,0,json:reported,54.37
104,1786718063.493,609740.889506562,5,3.406,0,json:reported,54.37
104,1786718063.493,609740.889506562,6,3.391,0,json:reported,54.37
104,1786718063.493,609740.889506562,7,3.411,0,json:reported,54.37
104,1786718063.493,609740.889506562,8,3.389,0,json:reported,54.37
104,1786718063.493,609740.889506562,9,3.401,0,json:reported,54.37
104,1786718063.493,609740.889506562,10,3.403,0,json:reported,54.37
104,1786718063.493,609740.889506562,11,3.371,0,json:reported,54.37
104,1786718063.493,609740.889506562,12,3.394,0,json:reported,54.37
104,1786718063.493,609740.889506562,13,3.403,0,json:reported,54.37
104,1786718063.493,609740.889506562,14,3.394,0,json:reported,54.37
104,1786718063.493,609740.889506562,15,3.398,0,json:reported,54.37
104,1786718063.493,609740.889506562,16,3.3969999999999985,1,json:calculated,54.37
105,1786718063.493,609741.899332938,1,3.401,0,json:reported,54.37
105,1786718063.493,609741.899332938,2,3.399,0,json:reported,54.37
105,1786718063.493,609741.899332938,3,3.407,0,json:reported,54.37
105,1786718063.493,609741.899332938,4,3.405,0,json:reported,54.37
105,1786718063.493,609741.899332938,5,3.406,0,json:reported,54.37
105,1786718063.493,609741.899332938,6,3.391,0,json:reported,54.37
105,1786718063.493,609741.899332938,7,3.411,0,json:reported,54.37
105,1786718063.493,609741.899332938,8,3.389,0,json:reported,54.37
105,1786718063.493,609741.899332938,9,3.401,0,json:reported,54.37
105,1786718063.493,609741.899332938,10,3.403,0,json:reported,54.37
105,1786718063.493,609741.899332938,11,3.371,0,json:reported,54.37
105,1786718063.493,609741.899332938,12,3.394,0,json:reported,54.37
105,1786718063.493,609741.899332938,13,3.403,0,json:reported,54.37
105,1786718063.493,609741.899332938,14,3.394,0,json:reported,54.37
105,1786718063.493,609741.899332938,15,3.398,0,json:reported,54.37
105,1786718063.493,609741.899332938,16,3.3969999999999985,1,json:calculated,54.37
106,1786718063.493,609742.906907896,1,3.401,0,json:reported,54.37
106,1786718063.493,609742.906907896,2,3.399,0,json:reported,54.37
106,1786718063.493,609742.906907896,3,3.407,0,json:reported,54.37
106,1786718063.493,609742.906907896,4,3.405,0,json:reported,54.37
106,1786718063.493,609742.906907896,5,3.406,0,json:reported,54.37
106,1786718063.493,609742.906907896,6,3.391,0,json:reported,54.37
106,1786718063.493,609742.906907896,7,3.411,0,json:reported,54.37
106,1786718063.493,609742.906907896,8,3.389,0,json:reported,54.37
106,1786718063.493,609742.906907896,9,3.401,0,json:reported,54.37
106,1786718063.493,609742.906907896,10,3.403,0,json:reported,54.37
106,1786718063.493,609742.906907896,11,3.371,0,json:reported,54.37
106,1786718063.493,609742.906907896,12,3.394,0,json:reported,54.37
106,1786718063.493,609742.906907896,13,3.403,0,json:reported,54.37
106,1786718063.493,609742.906907896,14,3.394,0,json:reported,54.37
106,1786718063.493,609742.906907896,15,3.398,0,json:reported,54.37
106,1786718063.493,609742.906907896,16,3.3969999999999985,1,json:calculated,54.37
107,1786718071.46,609743.912683397,1,3.401,0,json:reported,54.37
107,1786718071.46,609743.912683397,2,3.4,0,json:reported,54.37
107,1786718071.46,609743.912683397,3,3.407,0,json:reported,54.37
107,1786718071.46,609743.912683397,4,3.405,0,json:reported,54.37
107,1786718071.46,609743.912683397,5,3.406,0,json:reported,54.37
107,1786718071.46,609743.912683397,6,3.391,0,json:reported,54.37
107,1786718071.46,609743.912683397,7,3.412,0,json:reported,54.37
107,1786718071.46,609743.912683397,8,3.39,0,json:reported,54.37
107,1786718071.46,609743.912683397,9,3.401,0,json:reported,54.37
107,1786718071.46,609743.912683397,10,3.403,0,json:reported,54.37
107,1786718071.46,609743.912683397,11,3.371,0,json:reported,54.37
107,1786718071.46,609743.912683397,12,3.394,0,json:reported,54.37
107,1786718071.46,609743.912683397,13,3.403,0,json:reported,54.37
107,1786718071.46,609743.912683397,14,3.394,0,json:reported,54.37
107,1786718071.46,609743.912683397,15,3.398,0,json:reported,54.37
107,1786718071.46,609743.912683397,16,3.3939999999999984,1,json:calculated,54.37
108,1786718071.46,609744.919298272,1,3.401,0,json:reported,54.37
108,1786718071.46,609744.919298272,2,3.4,0,json:reported,54.37
108,1786718071.46,609744.919298272,3,3.407,0,json:reported,54.37
108,1786718071.46,609744.919298272,4,3.405,0,json:reported,54.37
108,1786718071.46,609744.919298272,5,3.406,0,json:reported,54.37
108,1786718071.46,609744.919298272,6,3.391,0,json:reported,54.37
108,1786718071.46,609744.919298272,7,3.412,0,json:reported,54.37
108,1786718071.46,609744.919298272,8,3.39,0,json:reported,54.37
108,1786718071.46,609744.919298272,9,3.401,0,json:reported,54.37
108,1786718071.46,609744.919298272,10,3.403,0,json:reported,54.37
108,1786718071.46,609744.919298272,11,3.371,0,json:reported,54.37
108,1786718071.46,609744.919298272,12,3.394,0,json:reported,54.37
108,1786718071.46,609744.919298272,13,3.403,0,json:reported,54.37
108,1786718071.46,609744.919298272,14,3.394,0,json:reported,54.37
108,1786718071.46,609744.919298272,15,3.398,0,json:reported,54.37
108,1786718071.46,609744.919298272,16,3.3939999999999984,1,json:calculated,54.37
109,1786718071.46,609745.933348523,1,3.401,0,json:reported,54.37
109,1786718071.46,609745.933348523,2,3.4,0,json:reported,54.37
109,1786718071.46,609745.933348523,3,3.407,0,json:reported,54.37
109,1786718071.46,609745.933348523,4,3.405,0,json:reported,54.37
109,1786718071.46,609745.933348523,5,3.406,0,json:reported,54.37
109,1786718071.46,609745.933348523,6,3.391,0,json:reported,54.37
109,1786718071.46,609745.933348523,7,3.412,0,json:reported,54.37
109,1786718071.46,609745.933348523,8,3.39,0,json:reported,54.37
109,1786718071.46,609745.933348523,9,3.401,0,json:reported,54.37
109,1786718071.46,609745.933348523,10,3.403,0,json:reported,54.37
109,1786718071.46,609745.933348523,11,3.371,0,json:reported,54.37
109,1786718071.46,609745.933348523,12,3.394,0,json:reported,54.37
109,1786718071.46,609745.933348523,13,3.403,0,json:reported,54.37
109,1786718071.46,609745.933348523,14,3.394,0,json:reported,54.37
109,1786718071.46,609745.933348523,15,3.398,0,json:reported,54.37
109,1786718071.46,609745.933348523,16,3.3939999999999984,1,json:calculated,54.37
110,1786718071.46,609746.943015482,1,3.401,0,json:reported,54.37
110,1786718071.46,609746.943015482,2,3.4,0,json:reported,54.37
110,1786718071.46,609746.943015482,3,3.407,0,json:reported,54.37
110,1786718071.46,609746.943015482,4,3.405,0,json:reported,54.37
110,1786718071.46,609746.943015482,5,3.406,0,json:reported,54.37
110,1786718071.46,609746.943015482,6,3.391,0,json:reported,54.37
110,1786718071.46,609746.943015482,7,3.412,0,json:reported,54.37
110,1786718071.46,609746.943015482,8,3.39,0,json:reported,54.37
110,1786718071.46,609746.943015482,9,3.401,0,json:reported,54.37
110,1786718071.46,609746.943015482,10,3.403,0,json:reported,54.37
110,1786718071.46,609746.943015482,11,3.371,0,json:reported,54.37
110,1786718071.46,609746.943015482,12,3.394,0,json:reported,54.37
110,1786718071.46,609746.943015482,13,3.403,0,json:reported,54.37
110,1786718071.46,609746.943015482,14,3.394,0,json:reported,54.37
110,1786718071.46,609746.943015482,15,3.398,0,json:reported,54.37
110,1786718071.46,609746.943015482,16,3.3939999999999984,1,json:calculated,54.37
111,1786718071.46,609747.957725899,1,3.401,0,json:reported,54.37
111,1786718071.46,609747.957725899,2,3.4,0,json:reported,54.37
111,1786718071.46,609747.957725899,3,3.407,0,json:reported,54.37
111,1786718071.46,609747.957725899,4,3.405,0,json:reported,54.37
111,1786718071.46,609747.957725899,5,3.406,0,json:reported,54.37
111,1786718071.46,609747.957725899,6,3.391,0,json:reported,54.37
111,1786718071.46,609747.957725899,7,3.412,0,json:reported,54.37
111,1786718071.46,609747.957725899,8,3.39,0,json:reported,54.37
111,1786718071.46,609747.957725899,9,3.401,0,json:reported,54.37
111,1786718071.46,609747.957725899,10,3.403,0,json:reported,54.37
111,1786718071.46,609747.957725899,11,3.371,0,json:reported,54.37
111,1786718071.46,609747.957725899,12,3.394,0,json:reported,54.37
111,1786718071.46,609747.957725899,13,3.403,0,json:reported,54.37
111,1786718071.46,609747.957725899,14,3.394,0,json:reported,54.37
111,1786718071.46,609747.957725899,15,3.398,0,json:reported,54.37
111,1786718071.46,609747.957725899,16,3.3939999999999984,1,json:calculated,54.37
112,1786718071.46,609748.964590816,1,3.401,0,json:reported,54.37
112,1786718071.46,609748.964590816,2,3.4,0,json:reported,54.37
112,1786718071.46,609748.964590816,3,3.407,0,json:reported,54.37
112,1786718071.46,609748.964590816,4,3.405,0,json:reported,54.37
112,1786718071.46,609748.964590816,5,3.406,0,json:reported,54.37
112,1786718071.46,609748.964590816,6,3.391,0,json:reported,54.37
112,1786718071.46,609748.964590816,7,3.412,0,json:reported,54.37
112,1786718071.46,609748.964590816,8,3.39,0,json:reported,54.37
112,1786718071.46,609748.964590816,9,3.401,0,json:reported,54.37
112,1786718071.46,609748.964590816,10,3.403,0,json:reported,54.37
112,1786718071.46,609748.964590816,11,3.371,0,json:reported,54.37
112,1786718071.46,609748.964590816,12,3.394,0,json:reported,54.37
112,1786718071.46,609748.964590816,13,3.403,0,json:reported,54.37
112,1786718071.46,609748.964590816,14,3.394,0,json:reported,54.37
112,1786718071.46,609748.964590816,15,3.398,0,json:reported,54.37
112,1786718071.46,609748.964590816,16,3.3939999999999984,1,json:calculated,54.37
113,1786718071.46,609749.974926441,1,3.401,0,json:reported,54.37
113,1786718071.46,609749.974926441,2,3.4,0,json:reported,54.37
113,1786718071.46,609749.974926441,3,3.407,0,json:reported,54.37
113,1786718071.46,609749.974926441,4,3.405,0,json:reported,54.37
113,1786718071.46,609749.974926441,5,3.406,0,json:reported,54.37
113,1786718071.46,609749.974926441,6,3.391,0,json:reported,54.37
113,1786718071.46,609749.974926441,7,3.412,0,json:reported,54.37
113,1786718071.46,609749.974926441,8,3.39,0,json:reported,54.37
113,1786718071.46,609749.974926441,9,3.401,0,json:reported,54.37
113,1786718071.46,609749.974926441,10,3.403,0,json:reported,54.37
113,1786718071.46,609749.974926441,11,3.371,0,json:reported,54.37
113,1786718071.46,609749.974926441,12,3.394,0,json:reported,54.37
113,1786718071.46,609749.974926441,13,3.403,0,json:reported,54.37
113,1786718071.46,609749.974926441,14,3.394,0,json:reported,54.37
113,1786718071.46,609749.974926441,15,3.398,0,json:reported,54.37
113,1786718071.46,609749.974926441,16,3.3939999999999984,1,json:calculated,54.37
114,1786718071.46,609750.986862025,1,3.401,0,json:reported,54.37
114,1786718071.46,609750.986862025,2,3.4,0,json:reported,54.37
114,1786718071.46,609750.986862025,3,3.407,0,json:reported,54.37
114,1786718071.46,609750.986862025,4,3.405,0,json:reported,54.37
114,1786718071.46,609750.986862025,5,3.406,0,json:reported,54.37
114,1786718071.46,609750.986862025,6,3.391,0,json:reported,54.37
114,1786718071.46,609750.986862025,7,3.412,0,json:reported,54.37
114,1786718071.46,609750.986862025,8,3.39,0,json:reported,54.37
114,1786718071.46,609750.986862025,9,3.401,0,json:reported,54.37
114,1786718071.46,609750.986862025,10,3.403,0,json:reported,54.37
114,1786718071.46,609750.986862025,11,3.371,0,json:reported,54.37
114,1786718071.46,609750.986862025,12,3.394,0,json:reported,54.37
114,1786718071.46,609750.986862025,13,3.403,0,json:reported,54.37
114,1786718071.46,609750.986862025,14,3.394,0,json:reported,54.37
114,1786718071.46,609750.986862025,15,3.398,0,json:reported,54.37
114,1786718071.46,609750.986862025,16,3.3939999999999984,1,json:calculated,54.37
115,1786718079.77,609752.001195567,1,3.402,0,json:reported,54.37
115,1786718079.77,609752.001195567,2,3.4,0,json:reported,54.37
115,1786718079.77,609752.001195567,3,3.407,0,json:reported,54.37
115,1786718079.77,609752.001195567,4,3.406,0,json:reported,54.37
115,1786718079.77,609752.001195567,5,3.406,0,json:reported,54.37
115,1786718079.77,609752.001195567,6,3.391,0,json:reported,54.37
115,1786718079.77,609752.001195567,7,3.412,0,json:reported,54.37
115,1786718079.77,609752.001195567,8,3.39,0,json:reported,54.37
115,1786718079.77,609752.001195567,9,3.402,0,json:reported,54.37
115,1786718079.77,609752.001195567,10,3.403,0,json:reported,54.37
115,1786718079.77,609752.001195567,11,3.371,0,json:reported,54.37
115,1786718079.77,609752.001195567,12,3.394,0,json:reported,54.37
115,1786718079.77,609752.001195567,13,3.403,0,json:reported,54.37
115,1786718079.77,609752.001195567,14,3.394,0,json:reported,54.37
115,1786718079.77,609752.001195567,15,3.398,0,json:reported,54.37
115,1786718079.77,609752.001195567,16,3.3909999999999982,1,json:calculated,54.37
116,1786718079.77,609753.008513693,1,3.402,0,json:reported,54.37
116,1786718079.77,609753.008513693,2,3.4,0,json:reported,54.37
116,1786718079.77,609753.008513693,3,3.407,0,json:reported,54.37
116,1786718079.77,609753.008513693,4,3.406,0,json:reported,54.37
116,1786718079.77,609753.008513693,5,3.406,0,json:reported,54.37
116,1786718079.77,609753.008513693,6,3.391,0,json:reported,54.37
116,1786718079.77,609753.008513693,7,3.412,0,json:reported,54.37
116,1786718079.77,609753.008513693,8,3.39,0,json:reported,54.37
116,1786718079.77,609753.008513693,9,3.402,0,json:reported,54.37
116,1786718079.77,609753.008513693,10,3.403,0,json:reported,54.37
116,1786718079.77,609753.008513693,11,3.371,0,json:reported,54.37
116,1786718079.77,609753.008513693,12,3.394,0,json:reported,54.37
116,1786718079.77,609753.008513693,13,3.403,0,json:reported,54.37
116,1786718079.77,609753.008513693,14,3.394,0,json:reported,54.37
116,1786718079.77,609753.008513693,15,3.398,0,json:reported,54.37
116,1786718079.77,609753.008513693,16,3.3909999999999982,1,json:calculated,54.37
117,1786718079.77,609754.01578661,1,3.402,0,json:reported,54.37
117,1786718079.77,609754.01578661,2,3.4,0,json:reported,54.37
117,1786718079.77,609754.01578661,3,3.407,0,json:reported,54.37
117,1786718079.77,609754.01578661,4,3.406,0,json:reported,54.37
117,1786718079.77,609754.01578661,5,3.406,0,json:reported,54.37
117,1786718079.77,609754.01578661,6,3.391,0,json:reported,54.37
117,1786718079.77,609754.01578661,7,3.412,0,json:reported,54.37
117,1786718079.77,609754.01578661,8,3.39,0,json:reported,54.37
117,1786718079.77,609754.01578661,9,3.402,0,json:reported,54.37
117,1786718079.77,609754.01578661,10,3.403,0,json:reported,54.37
117,1786718079.77,609754.01578661,11,3.371,0,json:reported,54.37
117,1786718079.77,609754.01578661,12,3.394,0,json:reported,54.37
117,1786718079.77,609754.01578661,13,3.403,0,json:reported,54.37
117,1786718079.77,609754.01578661,14,3.394,0,json:reported,54.37
117,1786718079.77,609754.01578661,15,3.398,0,json:reported,54.37
117,1786718079.77,609754.01578661,16,3.3909999999999982,1,json:calculated,54.37
118,1786718079.77,609755.021788444,1,3.402,0,json:reported,54.37
118,1786718079.77,609755.021788444,2,3.4,0,json:reported,54.37
118,1786718079.77,609755.021788444,3,3.407,0,json:reported,54.37
118,1786718079.77,609755.021788444,4,3.406,0,json:reported,54.37
118,1786718079.77,609755.021788444,5,3.406,0,json:reported,54.37
118,1786718079.77,609755.021788444,6,3.391,0,json:reported,54.37
118,1786718079.77,609755.021788444,7,3.412,0,json:reported,54.37
118,1786718079.77,609755.021788444,8,3.39,0,json:reported,54.37
118,1786718079.77,609755.021788444,9,3.402,0,json:reported,54.37
118,1786718079.77,609755.021788444,10,3.403,0,json:reported,54.37
118,1786718079.77,609755.021788444,11,3.371,0,json:reported,54.37
118,1786718079.77,609755.021788444,12,3.394,0,json:reported,54.37
118,1786718079.77,609755.021788444,13,3.403,0,json:reported,54.37
118,1786718079.77,609755.021788444,14,3.394,0,json:reported,54.37
118,1786718079.77,609755.021788444,15,3.398,0,json:reported,54.37
118,1786718079.77,609755.021788444,16,3.3909999999999982,1,json:calculated,54.37
119,1786718079.77,609756.027457403,1,3.402,0,json:reported,54.37
119,1786718079.77,609756.027457403,2,3.4,0,json:reported,54.37
119,1786718079.77,609756.027457403,3,3.407,0,json:reported,54.37
119,1786718079.77,609756.027457403,4,3.406,0,json:reported,54.37
119,1786718079.77,609756.027457403,5,3.406,0,json:reported,54.37
119,1786718079.77,609756.027457403,6,3.391,0,json:reported,54.37
119,1786718079.77,609756.027457403,7,3.412,0,json:reported,54.37
119,1786718079.77,609756.027457403,8,3.39,0,json:reported,54.37
119,1786718079.77,609756.027457403,9,3.402,0,json:reported,54.37
119,1786718079.77,609756.027457403,10,3.403,0,json:reported,54.37
119,1786718079.77,609756.027457403,11,3.371,0,json:reported,54.37
119,1786718079.77,609756.027457403,12,3.394,0,json:reported,54.37
119,1786718079.77,609756.027457403,13,3.403,0,json:reported,54.37
119,1786718079.77,609756.027457403,14,3.394,0,json:reported,54.37
119,1786718079.77,609756.027457403,15,3.398,0,json:reported,54.37
119,1786718079.77,609756.027457403,16,3.3909999999999982,1,json:calculated,54.37
120,1786718079.77,609757.03563082,1,3.402,0,json:reported,54.37
120,1786718079.77,609757.03563082,2,3.4,0,json:reported,54.37
120,1786718079.77,609757.03563082,3,3.407,0,json:reported,54.37
120,1786718079.77,609757.03563082,4,3.406,0,json:reported,54.37
120,1786718079.77,609757.03563082,5,3.406,0,json:reported,54.37
120,1786718079.77,609757.03563082,6,3.391,0,json:reported,54.37
120,1786718079.77,609757.03563082,7,3.412,0,json:reported,54.37
120,1786718079.77,609757.03563082,8,3.39,0,json:reported,54.37
120,1786718079.77,609757.03563082,9,3.402,0,json:reported,54.37
120,1786718079.77,609757.03563082,10,3.403,0,json:reported,54.37
120,1786718079.77,609757.03563082,11,3.371,0,json:reported,54.37
120,1786718079.77,609757.03563082,12,3.394,0,json:reported,54.37
120,1786718079.77,609757.03563082,13,3.403,0,json:reported,54.37
120,1786718079.77,609757.03563082,14,3.394,0,json:reported,54.37
120,1786718079.77,609757.03563082,15,3.398,0,json:reported,54.37
120,1786718079.77,609757.03563082,16,3.3909999999999982,1,json:calculated,54.37
121,1786718079.77,609758.043884195,1,3.402,0,json:reported,54.37
121,1786718079.77,609758.043884195,2,3.4,0,json:reported,54.37
121,1786718079.77,609758.043884195,3,3.407,0,json:reported,54.37
121,1786718079.77,609758.043884195,4,3.406,0,json:reported,54.37
121,1786718079.77,609758.043884195,5,3.406,0,json:reported,54.37
121,1786718079.77,609758.043884195,6,3.391,0,json:reported,54.37
121,1786718079.77,609758.043884195,7,3.412,0,json:reported,54.37
121,1786718079.77,609758.043884195,8,3.39,0,json:reported,54.37
121,1786718079.77,609758.043884195,9,3.402,0,json:reported,54.37
121,1786718079.77,609758.043884195,10,3.403,0,json:reported,54.37
121,1786718079.77,609758.043884195,11,3.371,0,json:reported,54.37
121,1786718079.77,609758.043884195,12,3.394,0,json:reported,54.37
121,1786718079.77,609758.043884195,13,3.403,0,json:reported,54.37
121,1786718079.77,609758.043884195,14,3.394,0,json:reported,54.37
121,1786718079.77,609758.043884195,15,3.398,0,json:reported,54.37
121,1786718079.77,609758.043884195,16,3.3909999999999982,1,json:calculated,54.37
122,1786718079.77,609759.052550362,1,3.402,0,json:reported,54.37
122,1786718079.77,609759.052550362,2,3.4,0,json:reported,54.37
122,1786718079.77,609759.052550362,3,3.407,0,json:reported,54.37
122,1786718079.77,609759.052550362,4,3.406,0,json:reported,54.37
122,1786718079.77,609759.052550362,5,3.406,0,json:reported,54.37
122,1786718079.77,609759.052550362,6,3.391,0,json:reported,54.37
122,1786718079.77,609759.052550362,7,3.412,0,json:reported,54.37
122,1786718079.77,609759.052550362,8,3.39,0,json:reported,54.37
122,1786718079.77,609759.052550362,9,3.402,0,json:reported,54.37
122,1786718079.77,609759.052550362,10,3.403,0,json:reported,54.37
122,1786718079.77,609759.052550362,11,3.371,0,json:reported,54.37
122,1786718079.77,609759.052550362,12,3.394,0,json:reported,54.37
122,1786718079.77,609759.052550362,13,3.403,0,json:reported,54.37
122,1786718079.77,609759.052550362,14,3.394,0,json:reported,54.37
122,1786718079.77,609759.052550362,15,3.398,0,json:reported,54.37
122,1786718079.77,609759.052550362,16,3.3909999999999982,1,json:calculated,54.37
123,1786718087.931,609760.077873738,1,3.402,0,json:reported,54.38
123,1786718087.931,609760.077873738,2,3.4,0,json:reported,54.38
123,1786718087.931,609760.077873738,3,3.407,0,json:reported,54.38
123,1786718087.931,609760.077873738,4,3.406,0,json:reported,54.38
123,1786718087.931,609760.077873738,5,3.407,0,json:reported,54.38
123,1786718087.931,609760.077873738,6,3.392,0,json:reported,54.38
123,1786718087.931,609760.077873738,7,3.412,0,json:reported,54.38
123,1786718087.931,609760.077873738,8,3.39,0,json:reported,54.38
123,1786718087.931,609760.077873738,9,3.402,0,json:reported,54.38
123,1786718087.931,609760.077873738,10,3.404,0,json:reported,54.38
123,1786718087.931,609760.077873738,11,3.371,0,json:reported,54.38
123,1786718087.931,609760.077873738,12,3.395,0,json:reported,54.38
123,1786718087.931,609760.077873738,13,3.403,0,json:reported,54.38
123,1786718087.931,609760.077873738,14,3.394,0,json:reported,54.38
123,1786718087.931,609760.077873738,15,3.399,0,json:reported,54.38
123,1786718087.931,609760.077873738,16,3.396000000000001,1,json:calculated,54.38
124,1786718087.931,609761.08531978,1,3.402,0,json:reported,54.38
124,1786718087.931,609761.08531978,2,3.4,0,json:reported,54.38
124,1786718087.931,609761.08531978,3,3.407,0,json:reported,54.38
124,1786718087.931,609761.08531978,4,3.406,0,json:reported,54.38
124,1786718087.931,609761.08531978,5,3.407,0,json:reported,54.38
124,1786718087.931,609761.08531978,6,3.392,0,json:reported,54.38
124,1786718087.931,609761.08531978,7,3.412,0,json:reported,54.38
124,1786718087.931,609761.08531978,8,3.39,0,json:reported,54.38
124,1786718087.931,609761.08531978,9,3.402,0,json:reported,54.38
124,1786718087.931,609761.08531978,10,3.404,0,json:reported,54.38
124,1786718087.931,609761.08531978,11,3.371,0,json:reported,54.38
124,1786718087.931,609761.08531978,12,3.395,0,json:reported,54.38
124,1786718087.931,609761.08531978,13,3.403,0,json:reported,54.38
124,1786718087.931,609761.08531978,14,3.394,0,json:reported,54.38
124,1786718087.931,609761.08531978,15,3.399,0,json:reported,54.38
124,1786718087.931,609761.08531978,16,3.396000000000001,1,json:calculated,54.38
