seq,wall_ts,mono_ts,can_id,is_extended,is_remote,is_error,dlc,data_hex,interface
1,1786717964.2672932,609635.812010304,773,0,0,0,8,0000000000000000,can0
2,1786717964.2685757,609635.81329147,775,0,0,0,8,1234567856494300,can0
3,1786717964.5544636,609636.099182387,435295296,1,0,0,8,007B151801047404,can0
4,1786717964.5554018,609636.10011872,435294784,1,0,0,8,600B040000FFFFFF,can0
5,1786717964.5561848,609636.100898554,435294784,1,0,0,8,61FF4A00FFFFFFFF,can0
6,1786717964.5569212,609636.101637345,435357504,1,0,0,8,04011A0C8C0000FF,can0
7,1786717964.5576441,609636.102357679,435294784,1,0,0,8,600B040103FFFFFF,can0
8,1786717964.5584433,609636.103156887,435294784,1,0,0,8,61FFFFFFFFFFFFFF,can0
9,1786717964.5631614,609636.10870372,435357504,1,0,0,8,0402620C800000FF,can0
10,1786717964.5684743,609636.113190262,435294784,1,0,0,8,400B040203FFFFFF,can0
11,1786717964.569262,609636.113975512,435294784,1,0,0,8,41FFFFFFFFFFFFFF,can0
12,1786717964.5722213,609636.116935554,435357504,1,0,0,8,0403090C570000FF,can0
13,1786717964.5730042,609636.117716929,435294784,1,0,0,8,400B040303FFFFFF,can0
14,1786717964.5737348,609636.118448429,435294784,1,0,0,8,41FFFFFFFFFFFFFF,can0
15,1786717964.5745406,609636.119254679,435357504,1,0,0,8,04048607900000FF,can0
16,1786717964.5777063,609636.122425679,435294784,1,0,0,8,400B040403FFFFFF,can0
17,1786717964.579562,609636.124276179,435294784,1,0,0,8,41FFFFFFFFFFFFFF,can0
18,1786717964.5831287,609636.127844137,435357248,1,0,0,8,04FFFC00FFFFFFFF,can0
19,1786717964.588333,609636.133050012,233966912,1,0,0,8,0001FDFFFFFFFFFF,can0
20,1786717964.6226933,609636.167412554,485490497,1,0,0,8,66998FEDC3000000,can0
21,1786717964.6257396,609636.17045872,485490497,1,0,0,8,6699DBED48120000,can0
22,1786717964.6742392,609636.218982929,485490497,1,0,0,8,6699BCEDC2B50100,can0
23,1786717964.6755183,609636.220234095,485490497,1,0,0,8,6699B1EDA6507F05,can0
24,1786717964.6803305,609636.225046054,485490497,1,0,0,8,6699CCECEF7B0000,can0
25,1786717964.6812506,609636.225964554,485490497,1,0,0,8,6699CBEC9F740000,can0
26,1786717964.6820207,609636.226735012,485490497,1,0,0,8,6699DCECF2AB0000,can0
27,1786717964.6846535,609636.22937372,485490497,1,0,0,8,6699DBEC5F780000,can0
28,1786717964.6883218,609636.233042845,485490497,1,0,0,8,6699ECECF88A0000,can0
29,1786717964.689772,609636.234493137,485490497,1,0,0,8,6699EBEC8A7B0000,can0
30,1786717964.6951056,609636.239820387,485490497,1,0,0,8,6699F3EC01000000,can0
31,1786717964.697701,609636.24241972,485490497,1,0,0,8,6699FCECE5020000,can0
32,1786717964.6985278,609636.243242054,485490497,1,0,0,8,6699FBEC4E550000,can0
33,1786717964.7567394,609636.301517929,435295297,1,0,0,8,007B15C30004742B,can0
34,1786717964.7607288,609636.305445846,435294785,1,0,0,8,600B2B0000FFFFFF,can0
35,1786717964.7616706,609636.306469137,435294785,1,0,0,8,61FF4800FFFFFFFF,can0
36,1786717964.764208,609636.308922679,435357505,1,0,0,8,2B01AA0B6B0000FF,can0
37,1786717964.7650104,609636.309726096,435294785,1,0,0,8,600B2B0103FFFFFF,can0
38,1786717964.76997,609636.314684429,435294785,1,0,0,8,61FFFFFFFFFFFFFF,can0
39,1786717964.7707558,609636.315471221,435357505,1,0,0,8,2B02090C8F0000FF,can0
40,1786717964.7714505,609636.316164554,435294785,1,0,0,8,400B2B0203FFFFFF,can0
41,1786717964.772145,609636.316859471,435294785,1,0,0,8,41FFFFFFFFFFFFFF,can0
42,1786717964.7729213,609636.317636512,435357505,1,0,0,8,2B035B0C710000FF,can0
43,1786717964.773737,609636.318451179,435294785,1,0,0,8,400B2B0303FFFFFF,can0
44,1786717964.7828147,609636.327533387,435294785,1,0,0,8,41FFFFFFFFFFFFFF,can0
45,1786717964.783697,609636.328411262,435357505,1,0,0,8,2B048808030000FF,can0
46,1786717964.786482,609636.331196471,435294785,1,0,0,8,400B2B0403FFFFFF,can0
47,1786717964.7884421,609636.333160387,435294785,1,0,0,8,41FFFFFFFFFFFFFF,can0
48,1786717964.7893033,609636.334017221,435357249,1,0,0,8,2BFFFC00FFFFFFFF,can0
49,1786717964.8255837,609636.370303554,485490496,1,0,0,8,6699BCED431C0200,can0
50,1786717964.8265834,609636.371297637,485490496,1,0,0,8,6699B1ED53DA7900,can0
51,1786717964.828868,609636.373585554,485490496,1,0,0,8,6699CCEC82A90000,can0
52,1786717964.830045,609636.374759429,485490496,1,0,0,8,6699CBEC08790000,can0
53,1786717964.8312228,609636.375939429,485490496,1,0,0,8,6699DCEC959D0000,can0
54,1786717964.834039,609636.378755387,485490496,1,0,0,8,6699DBECDA7B0000,can0
55,1786717964.83867,609636.383387887,485490496,1,0,0,8,6699ECECA2680000,can0
56,1786717964.8404403,609636.385156387,485490496,1,0,0,8,6699EBEC6A780000,can0
57,1786717964.8417106,609636.386434554,485490496,1,0,0,8,6699FCECAA6C0000,can0
58,1786717964.8446066,609636.389328679,485490496,1,0,0,8,6699FBEC354B0000,can0
59,1786717964.8891706,609636.433888971,485441761,1,0,0,8,669915203D030000,can0
60,1786717964.8914876,609636.436202804,485442017,1,0,0,8,6699152003030000,can0
61,1786717964.8947814,609636.439496387,485490496,1,0,0,8,669915203D030000,can0
62,1786717964.898779,609636.443496096,485490497,1,0,0,8,6699152003030000,can0
63,1786717964.9039338,609636.448653429,485490657,1,0,0,8,6699FF0FAC260000,can0
64,1786717964.9049091,609636.449622346,485490657,1,0,0,8,66991C203C47FFFF,can0
65,1786717964.9596615,609636.504380721,485490496,1,0,0,8,6699C3EC02000000,can0
66,1786717964.9606593,609636.505375721,485490496,1,0,0,8,6699D3EC02000000,can0
67,1786717965.0210726,609636.565801554,485490657,1,0,0,8,669902207B150000,can0
68,1786717965.0289955,609636.573716012,485490657,1,0,0,8,669903204C090000,can0
69,1786717965.0577807,609636.602499679,485490496,1,0,0,8,6699DBED70120000,can0
70,1786717965.1587,609636.703415679,485490496,1,0,0,8,66998DED7C150000,can0
71,1786717965.1776018,609636.722322804,773,0,0,0,8,0000000000000000,can0
72,1786717965.1787572,609636.723471179,775,0,0,0,8,1234567856494300,can0
73,1786717965.624896,609637.169615346,485490497,1,0,0,8,66998FEDC2000000,can0
74,1786717965.6259596,609637.170675388,485490497,1,0,0,8,6699DBED48120000,can0
75,1786717965.6731825,609637.217902804,485490497,1,0,0,8,6699BCEDDCB50100,can0
76,1786717965.6742795,609637.218994971,485490497,1,0,0,8,6699B1ED5244D505,can0
77,1786717965.6751468,609637.219862263,485490497,1,0,0,8,6699CCEC077C0000,can0
78,1786717965.6762872,609637.221001638,485490497,1,0,0,8,6699CBECCC740000,can0
79,1786717965.677077,609637.221791263,485490497,1,0,0,8,6699DCECF2AB0000,can0
80,1786717965.6785357,609637.223251763,485490497,1,0,0,8,6699DBEC5F780000,can0
81,1786717965.680178,609637.224913054,485490497,1,0,0,8,6699ECEC208B0000,can0
82,1786717965.681152,609637.225866554,485490497,1,0,0,8,6699EBEC8A7B0000,can0
83,1786717965.6822796,609637.226994721,485490497,1,0,0,8,6699FCECF0020000,can0
84,1786717965.6830585,609637.227773388,485490497,1,0,0,8,6699FBEC4E550000,can0
85,1786717965.7705636,609637.315283888,485490496,1,0,0,8,6699DBED66120000,can0
86,1786717965.822869,609637.367588638,485490496,1,0,0,8,6699BCED2F1D0200,can0
87,1786717965.8239036,609637.368618638,485490496,1,0,0,8,6699B1ED931C7900,can0
88,1786717965.8250806,609637.369795804,485490496,1,0,0,8,6699C3EC01000000,can0
89,1786717965.8279765,609637.372691138,485490496,1,0,0,8,6699CCEC73A90000,can0
90,1786717965.8287961,609637.373510971,485490496,1,0,0,8,6699CBEC82780000,can0
91,1786717965.8297145,609637.374429138,485490496,1,0,0,8,6699D3EC01000000,can0
92,1786717965.8304555,609637.375169263,485490496,1,0,0,8,6699DCEC689D0000,can0
93,1786717965.8338969,609637.378620638,485490496,1,0,0,8,6699DBECDB7B0000,can0
94,1786717965.8347943,609637.379508763,485490496,1,0,0,8,6699ECECB2680000,can0
95,1786717965.8358305,609637.380545513,485490496,1,0,0,8,6699EBEC6B780000,can0
96,1786717965.8365734,609637.381287554,485490496,1,0,0,8,6699FCEC5D6D0000,can0
97,1786717965.840065,609637.384782221,485490496,1,0,0,8,6699FBECAC4A0000,can0
98,1786717965.9056938,609637.450413096,485490657,1,0,0,8,6699FF0FAC260000,can0
99,1786717965.906508,609637.451222179,485490657,1,0,0,8,66991C20A047FFFF,can0
100,1786717966.0542119,609637.598932513,435295296,1,0,0,8,007C151801047422,can0
101,1786717966.0616336,609637.606349346,435294784,1,0,0,8,800B220000FFFFFF,can0
102,1786717966.0627968,609637.607511513,435294784,1,0,0,8,81FF4A00FFFFFFFF,can0
103,1786717966.0636346,609637.608348888,435357504,1,0,0,8,22010D0C8B0000FF,can0
104,1786717966.064304,609637.609018804,435294784,1,0,0,8,800B220103FFFFFF,can0
105,1786717966.0650697,609637.609789929,435294784,1,0,0,8,81FFFFFFFFFFFFFF,can0
106,1786717966.0711713,609637.615885054,435357504,1,0,0,8,2202620C7E0000FF,can0
107,1786717966.0718637,609637.616577096,435294784,1,0,0,8,600B220203FFFFFF,can0
108,1786717966.0724373,609637.617150179,435294784,1,0,0,8,61FFFFFFFFFFFFFF,can0
109,1786717966.0729342,609637.617646679,435357504,1,0,0,8,22030A0C570000FF,can0
110,1786717966.0734203,609637.618132763,435294784,1,0,0,8,600B220303FFFFFF,can0
111,1786717966.073895,609637.618607513,435294784,1,0,0,8,61FFFFFFFFFFFFFF,can0
112,1786717966.0743597,609637.619072679,435357504,1,0,0,8,22047807930000FF,can0
113,1786717966.0748382,609637.619550929,435294784,1,0,0,8,600B220403FFFFFF,can0
114,1786717966.0844433,609637.629160638,435294784,1,0,0,8,61FFFFFFFFFFFFFF,can0
115,1786717966.0869193,609637.631634263,435357248,1,0,0,8,22FFFC00FFFFFFFF,can0
116,1786717966.1794956,609637.724215096,773,0,0,0,8,0000000000000000,can0
117,1786717966.180602,609637.725317471,775,0,0,0,8,1234567856494300,can0
118,1786717966.1830847,609637.727804305,485441761,1,0,0,8,66990100D0EDFCFF,can0
119,1786717966.1842651,609637.72898168,485441761,1,0,0,8,66990100DCEDFEFF,can0
120,1786717966.1858063,609637.730654513,485441761,1,0,0,8,66990100DAEDFFFF,can0
121,1786717966.1878064,609637.732548555,485441761,1,0,0,8,669901002720FFFF,can0
122,1786717966.1893902,609637.734105013,485490496,1,0,0,8,6699DAED00000000,can0
123,1786717966.1901193,609637.73483243,485490496,1,0,0,8,669927200AD20300,can0
124,1786717966.212912,609637.757632221,485490497,1,0,0,8,66990102FC000000,can0
125,1786717966.2141023,609637.75881568,485490497,1,0,0,8,66990A02FC000000,can0
126,1786717966.2522755,609637.796995638,485490496,1,0,0,8,6699DCED95200000,can0
127,1786717966.2537143,609637.798431055,485490496,1,0,0,8,6699DDEDE6830200,can0
128,1786717966.2546983,609637.799412513,485490496,1,0,0,8,6699D0ED730E0000,can0
129,1786717966.2581947,609637.802910971,485490496,1,0,0,8,6699D1EDF9030000,can0
130,1786717966.259638,609637.80435443,485490496,1,0,0,8,6699D2ED420E0000,can0
131,1786717966.2607052,609637.805420346,485490496,1,0,0,8,6699D3EDC9020000,can0
132,1786717966.2618182,609637.80653193,435295297,1,0,0,8,007B15C200047449,can0
133,1786717966.2628405,609637.807555471,435294785,1,0,0,8,800B490000FFFFFF,can0
134,1786717966.2638597,609637.808574513,435294785,1,0,0,8,81FF4800FFFFFFFF,can0
135,1786717966.2647712,609637.80948593,435357505,1,0,0,8,4901A90B6A0000FF,can0
136,1786717966.2683742,609637.813092513,435294785,1,0,0,8,800B490103FFFFFF,can0
137,1786717966.2694788,609637.81419493,435294785,1,0,0,8,81FFFFFFFFFFFFFF,can0
138,1786717966.2706873,609637.815401971,435357505,1,0,0,8,49020A0C8F0000FF,can0
139,1786717966.2713716,609637.816085513,435294785,1,0,0,8,600B490203FFFFFF,can0
140,1786717966.2719452,609637.816658971,435294785,1,0,0,8,61FFFFFFFFFFFFFF,can0
141,1786717966.274222,609637.818938555,435357505,1,0,0,8,49035B0C700000FF,can0
142,1786717966.2750878,609637.81980143,435294785,1,0,0,8,600B490303FFFFFF,can0
143,1786717966.2765167,609637.82123218,435294785,1,0,0,8,61FFFFFFFFFFFFFF,can0
144,1786717966.277395,609637.822109221,435357505,1,0,0,8,49048808030000FF,can0
145,1786717966.2781534,609637.822867221,435294785,1,0,0,8,600B490403FFFFFF,can0
146,1786717966.279495,609637.824210346,435294785,1,0,0,8,61FFFFFFFFFFFFFF,can0
147,1786717966.280307,609637.82502143,435357249,1,0,0,8,49FFFC00FFFFFFFF,can0
148,1786717966.2810695,609637.825783763,233966913,1,0,0,8,0001FDFFFFFFFFFF,can0
149,1786717966.2832432,609637.827960221,485490497,1,0,0,8,6699000201000000,can0
150,1786717966.2840028,609637.82871568,485490497,1,0,0,8,6699020200000000,can0
151,1786717966.2847288,609637.829441388,485490497,1,0,0,8,6699070200000000,can0
152,1786717966.285215,609637.829928221,485490497,1,0,0,8,66991E0300000000,can0
153,1786717966.2860718,609637.830784846,485490497,1,0,0,8,66991C0300000000,can0
154,1786717966.2866385,609637.83135068,485490497,1,0,0,8,66998DED7B150000,can0
155,1786717966.3094063,609637.85412418,485490497,1,0,0,8,66998FEDC2000000,can0
156,1786717966.3114073,609637.85614318,485490497,1,0,0,8,6699ECED04740000,can0
157,1786717966.313277,609637.858012263,485490497,1,0,0,8,6699DAED00000000,can0
158,1786717966.5139196,609638.058641763,485490497,1,0,0,8,6699B3ED01000000,can0
159,1786717966.514945,609638.059658721,485490497,1,0,0,8,6699BCED04B50100,can0
160,1786717966.6061509,609638.150870555,502267713,1,0,0,8,0026669950100000,can0
161,1786717966.6069858,609638.151699138,502267713,1,0,0,8,01010000FFFFFFFF,can0
162,1786717966.6075737,609638.15228743,502267713,1,0,0,8,028515AF14000000,can0
163,1786717966.6080894,609638.152801971,502267713,1,0,0,8,030000CB02000000,can0
164,1786717966.6085765,609638.153289596,502267713,1,0,0,8,0400350900009F01,can0
165,1786717966.6090522,609638.153765388,502267713,1,0,0,8,058A9A1300FFFFFF,can0
166,1786717966.62311,609638.167830138,485490497,1,0,0,8,6699DBED52120000,can0
167,1786717966.6733885,609638.218106138,485490497,1,0,0,8,6699BCED75B40100,can0
168,1786717966.6742141,609638.218927721,485490497,1,0,0,8,6699B1ED9FE8EC05,can0
169,1786717966.6749513,609638.219665096,485490497,1,0,0,8,6699CCECA87B0000,can0
170,1786717966.6756775,609638.220391263,485490497,1,0,0,8,6699CBEC92740000,can0
171,1786717966.6766438,609638.22135918,485490497,1,0,0,8,6699DCEC64AB0000,can0
172,1786717966.677412,609638.222127138,485490497,1,0,0,8,6699DBEC5F780000,can0
173,1786717966.6792436,609638.223962721,485490497,1,0,0,8,6699ECECC78A0000,can0
174,1786717966.6802225,609638.224938388,485490497,1,0,0,8,6699EBEC877B0000,can0
175,1786717966.6811855,609638.225906138,485490497,1,0,0,8,6699FCECBE020000,can0
176,1786717966.6828403,609638.227554013,485490497,1,0,0,8,6699FBEC50550000,can0
177,1786717966.7626882,609638.307408346,485490497,1,0,0,8,66994E0301000000,can0
178,1786717966.7704923,609638.315212555,485490496,1,0,0,8,6699DBED70120000,can0
179,1786717966.8222206,609638.366939555,485490496,1,0,0,8,6699BCED9D1C0200,can0
180,1786717966.823123,609638.367836388,485490496,1,0,0,8,6699B1ED576A7900,can0
181,1786717966.8237317,609638.36844493,485490496,1,0,0,8,6699CCEC14A90000,can0
182,1786717966.8244846,609638.36919918,485490496,1,0,0,8,6699CBEC83780000,can0
183,1786717966.8255954,609638.370311055,485490496,1,0,0,8,6699DCEC799D0000,can0
184,1786717966.8262777,609638.37099168,485490496,1,0,0,8,6699DBECD97B0000,can0
185,1786717966.8273442,609638.37206093,485490496,1,0,0,8,6699ECECAA680000,can0
186,1786717966.8282008,609638.372916513,485490496,1,0,0,8,6699EBEC62780000,can0
187,1786717966.8292086,609638.37392393,485490496,1,0,0,8,6699FCEC786D0000,can0
188,1786717966.8302534,609638.374967763,485490496,1,0,0,8,6699FBECB04A0000,can0
189,1786717966.8940399,609638.438758805,485490657,1,0,0,8,6699FF0FAC260000,can0
190,1786717966.8995218,609638.44424193,485490657,1,0,0,8,66991C200448FFFF,can0
191,1786717967.1891563,609638.73387493,773,0,0,0,8,0000000000000000,can0
192,1786717967.1901176,609638.734831388,775,0,0,0,8,1234567856494300,can0
193,1786717967.3802514,609638.924970888,485490657,1,0,0,8,669901207C150000,can0
194,1786717967.383601,609638.928316138,485490657,1,0,0,8,66990E200D000000,can0
195,1786717967.5540364,609639.098756764,435295296,1,0,0,8,007C151801047440,can0
196,1786717967.5550423,609639.099756639,435294784,1,0,0,8,A00B400000FFFFFF,can0
197,1786717967.5558228,609639.100536389,435294784,1,0,0,8,A1FF4A00FFFFFFFF,can0
198,1786717967.5563915,609639.101104222,435357504,1,0,0,8,40010C0C8B0000FF,can0
199,1786717967.5568943,609639.10160618,435294784,1,0,0,8,A00B400103FFFFFF,can0
200,1786717967.5573807,609639.102093597,435294784,1,0,0,8,A1FFFFFFFFFFFFFF,can0
201,1786717967.5592988,609639.104013889,435357504,1,0,0,8,4002630C800000FF,can0
202,1786717967.5601492,609639.104862764,435294784,1,0,0,8,800B400203FFFFFF,can0
203,1786717967.5607386,609639.10545143,435294784,1,0,0,8,81FFFFFFFFFFFFFF,can0
204,1786717967.5612588,609639.105971597,435357504,1,0,0,8,40030A0C560000FF,can0
205,1786717967.5617654,609639.106477805,435294784,1,0,0,8,800B400303FFFFFF,can0
206,1786717967.562476,609639.107190222,435294784,1,0,0,8,81FFFFFFFFFFFFFF,can0
207,1786717967.5638819,609639.10860143,435357504,1,0,0,8,40047807920000FF,can0
208,1786717967.5649638,609639.109678597,435294784,1,0,0,8,800B400403FFFFFF,can0
209,1786717967.5666997,609639.111417222,435294784,1,0,0,8,81FFFFFFFFFFFFFF,can0
210,1786717967.5676322,609639.11234468,435357248,1,0,0,8,40FFFC00FFFFFFFF,can0
211,1786717967.5681536,609639.112866472,485490496,1,0,0,8,66998DED7D150000,can0
212,1786717967.620884,609639.165604264,485490497,1,0,0,8,6699DBED52120000,can0
213,1786717967.6725676,609639.217284889,485490497,1,0,0,8,6699BCEDECB40100,can0
214,1786717967.6735275,609639.218241889,485490497,1,0,0,8,6699B1ED5C69F305,can0
215,1786717967.6743624,609639.219076972,485490497,1,0,0,8,6699CCEC0E7C0000,can0
216,1786717967.6757712,609639.220485889,485490497,1,0,0,8,6699CBECE1740000,can0
217,1786717967.6765244,609639.221238555,485490497,1,0,0,8,6699DCEC19AB0000,can0
218,1786717967.6770883,609639.221800972,485490497,1,0,0,8,6699DBEC61780000,can0
219,1786717967.6780381,609639.222845639,485490497,1,0,0,8,6699ECECC48A0000,can0
220,1786717967.6788218,609639.223535055,485490497,1,0,0,8,6699EBEC8E7B0000,can0
221,1786717967.6802642,609639.22498043,485490497,1,0,0,8,6699FCECC5020000,can0
222,1786717967.6818192,609639.226535347,485490497,1,0,0,8,6699FBEC4E550000,can0
223,1786717967.7555735,609639.300292722,435295297,1,0,0,8,007B15C200047467,can0
224,1786717967.7567751,609639.30149168,435294785,1,0,0,8,A00B670000FFFFFF,can0
225,1786717967.7578526,609639.302567472,435294785,1,0,0,8,A1FF4800FFFFFFFF,can0
226,1786717967.758916,609639.303631889,435357505,1,0,0,8,6701B00B6D0000FF,can0
227,1786717967.7600276,609639.304743639,435294785,1,0,0,8,A00B670103FFFFFF,can0
228,1786717967.7610161,609639.305732347,435294785,1,0,0,8,A1FFFFFFFFFFFFFF,can0
229,1786717967.761937,609639.306651389,435357505,1,0,0,8,67020A0C8E0000FF,can0
230,1786717967.7700324,609639.314747764,435294785,1,0,0,8,800B670203FFFFFF,can0
231,1786717967.7707968,609639.315511639,435294785,1,0,0,8,81FFFFFFFFFFFFFF,can0
232,1786717967.7714305,609639.31614393,435357505,1,0,0,8,67035B0C700000FF,can0
233,1786717967.7720337,609639.31674868,435294785,1,0,0,8,800B670303FFFFFF,can0
234,1786717967.7726178,609639.317331597,435294785,1,0,0,8,81FFFFFFFFFFFFFF,can0
235,1786717967.7731931,609639.317906472,435357505,1,0,0,8,67048808030000FF,can0
236,1786717967.7737772,609639.318491222,435294785,1,0,0,8,800B670403FFFFFF,can0
237,1786717967.7743607,609639.319074972,435294785,1,0,0,8,81FFFFFFFFFFFFFF,can0
238,1786717967.7786975,609639.323414764,435357249,1,0,0,8,67FFFC00FFFFFFFF,can0
239,1786717967.7796304,609639.324345055,485490496,1,0,0,8,66998DED7C150000,can0
240,1786717967.7990265,609639.343746347,485442017,1,0,0,8,66990100D0EDFCFF,can0
241,1786717967.7998638,609639.344577805,485442017,1,0,0,8,66990100DCEDFEFF,can0
242,1786717967.8004954,609639.345209805,485442017,1,0,0,8,66990100DAEDFFFF,can0
243,1786717967.801081,609639.345794472,485442017,1,0,0,8,669901002720FFFF,can0
244,1786717967.801649,609639.346362555,485490497,1,0,0,8,6699DAED00000000,can0
245,1786717967.8022528,609639.346966055,485490497,1,0,0,8,6699272028D10300,can0
246,1786717967.8225968,609639.367316847,485490496,1,0,0,8,6699BCEDC71B0200,can0
247,1786717967.8240724,609639.368788055,485490496,1,0,0,8,6699B1EDA07A7900,can0
248,1786717967.825105,609639.369819514,485490496,1,0,0,8,6699CCECDEA80000,can0
249,1786717967.826552,609639.371267389,485490496,1,0,0,8,6699CBEC88780000,can0
250,1786717967.8272846,609639.37199968,485490496,1,0,0,8,6699DCEC3B9D0000,can0
251,1786717967.8286438,609639.373359889,485490496,1,0,0,8,6699DBECD87B0000,can0
252,1786717967.832112,609639.376833305,485490496,1,0,0,8,6699ECEC90680000,can0
253,1786717967.8364396,609639.381160139,485490496,1,0,0,8,6699EBEC67780000,can0
254,1786717967.843409,609639.38813018,485490496,1,0,0,8,6699FCEC756D0000,can0
255,1786717967.844441,609639.389155847,485490496,1,0,0,8,6699FBECAE4A0000,can0
256,1786717967.845771,609639.390489347,485490497,1,0,0,8,6699DCED4E110000,can0
257,1786717967.8496442,609639.394359764,485490497,1,0,0,8,6699DDEDD4280000,can0
258,1786717967.8504019,609639.39511643,485490497,1,0,0,8,6699D0ED38080000,can0
259,1786717967.8512728,609639.39598593,485490497,1,0,0,8,6699D1ED29010000,can0
260,1786717967.8519402,609639.396653889,485490497,1,0,0,8,6699D2ED35090000,can0
261,1786717967.8527231,609639.39743618,485490497,1,0,0,8,6699D3ED00010000,can0
262,1786717967.898741,609639.443461305,485441761,1,0,0,8,669915203D030000,can0
263,1786717967.8996444,609639.44435943,485490496,1,0,0,8,669915203D030000,can0
264,1786717967.9156525,609639.460372639,485442017,1,0,0,8,6699152003030000,can0
265,1786717967.916561,609639.461276555,485490497,1,0,0,8,6699152003030000,can0
266,1786717967.922918,609639.467656389,485490657,1,0,0,8,6699FF0FAC260000,can0
267,1786717967.9278378,609639.472558097,485490657,1,0,0,8,66991C20D846FFFF,can0
268,1786717968.0163627,609639.561083805,485490657,1,0,0,8,669902207C150000,can0
269,1786717968.1967123,609639.741431264,773,0,0,0,8,0000000000000000,can0
270,1786717968.1976893,609639.742403514,775,0,0,0,8,1234567856494300,can0
271,1786717968.260345,609639.805064639,485490497,1,0,0,8,66998DED7C150000,can0
272,1786717968.5096471,609640.054368264,502267712,1,0,0,8,A01D66994310019B,can0
273,1786717968.5107338,609640.055450639,502267712,1,0,0,8,A10E0A00FE3F0000,can0
274,1786717968.5138214,609640.058539931,502267712,1,0,0,8,A200000000000000,can0
275,1786717968.5166116,609640.061327514,502267712,1,0,0,8,A300000000000000,can0
276,1786717968.5174363,609640.062151847,502267712,1,0,0,8,A40000FFFFFFFFFF,can0
277,1786717968.5184398,609640.063159014,502267712,1,0,0,8,C01D66994210010A,can0
278,1786717968.5203154,609640.065038389,502267712,1,0,0,8,C19DA20161A00400,can0
279,1786717968.522049,609640.066768931,502267712,1,0,0,8,C200000000000000,can0
280,1786717968.5230303,609640.067742472,502267712,1,0,0,8,C300110000000000,can0
281,1786717968.523566,609640.068278764,502267712,1,0,0,8,C40000FFFFFFFFFF,can0
282,1786717968.5241246,609640.068837014,485490496,1,0,0,8,66990102FC000000,can0
283,1786717968.524628,609640.069341306,485490496,1,0,0,8,66990A02FC000000,can0
284,1786717968.5631926,609640.107912139,485490496,1,0,0,8,6699000201000000,can0
285,1786717968.564177,609640.108891014,485490496,1,0,0,8,6699020200000000,can0
286,1786717968.5649076,609640.109621431,485490496,1,0,0,8,6699070200000000,can0
287,1786717968.566514,609640.111231931,485490496,1,0,0,8,66991E0300000000,can0
288,1786717968.567515,609640.112229181,485490496,1,0,0,8,66991C0300000000,can0
289,1786717968.5684564,609640.113171847,485490496,1,0,0,8,66998DED7C150000,can0
290,1786717968.6098175,609640.154537639,485490496,1,0,0,8,66998FED18010000,can0
291,1786717968.612111,609640.156827056,485490496,1,0,0,8,6699ECED04740000,can0
292,1786717968.6136448,609640.158359431,485490496,1,0,0,8,6699DAED00000000,can0
293,1786717968.6723144,609640.217034431,485490497,1,0,0,8,6699BCED01B40100,can0
294,1786717968.6732674,609640.217981931,485490497,1,0,0,8,6699B1ED4333F505,can0
295,1786717968.674065,609640.218779514,485490497,1,0,0,8,6699CCECAA7B0000,can0
296,1786717968.6748133,609640.219527306,485490497,1,0,0,8,6699CBEC9A740000,can0
297,1786717968.6760004,609640.220714222,485490497,1,0,0,8,6699DCECBCAA0000,can0
298,1786717968.6769257,609640.221639014,485490497,1,0,0,8,6699DBEC5C780000,can0
299,1786717968.6779466,609640.222661889,485490497,1,0,0,8,6699ECECDB8A0000,can0
300,1786717968.6795645,609640.224280347,485490497,1,0,0,8,6699EBEC8B7B0000,can0
301,1786717968.6826556,609640.227372014,485490497,1,0,0,8,6699FCECD3020000,can0
302,1786717968.6836417,609640.228355931,485490497,1,0,0,8,6699FBEC4C550000,can0
303,1786717968.81042,609640.355140681,502267713,1,0,0,8,2026669950100000,can0
304,1786717968.8113468,609640.356061097,502267713,1,0,0,8,21010000FFFFFFFF,can0
305,1786717968.8120608,609640.356773597,502267713,1,0,0,8,228515AF14000000,can0
306,1786717968.8126554,609640.357369847,502267713,1,0,0,8,230000CC02000000,can0
307,1786717968.8132203,609640.357934181,502267713,1,0,0,8,2400350900009F01,can0
308,1786717968.8136823,609640.358394722,502267713,1,0,0,8,258A9A1300FFFFFF,can0
309,1786717968.8141017,609640.358815389,502267713,1,0,0,8,40286699A0100013,can0
310,1786717968.8145154,609640.359228431,502267713,1,0,0,8,410031003E003700,can0
311,1786717968.814918,609640.359630139,485490496,1,0,0,8,6699B3ED01000000,can0
312,1786717968.8159595,609640.360674139,485490496,1,0,0,8,6699BCED1F1C0200,can0
313,1786717968.816854,609640.361568556,502267713,1,0,0,8,425A002C02BF04E1,can0
314,1786717968.8180344,609640.362747889,502267713,1,0,0,8,430148055799FB98,can0
315,1786717968.818848,609640.363562681,502267713,1,0,0,8,448A9A9E5CFFFFFF,can0
316,1786717968.8197017,609640.364422097,502267713,1,0,0,8,45FFFFFFFFFFFFFF,can0
317,1786717968.825209,609640.369929181,485490496,1,0,0,8,6699BCED1F1C0200,can0
318,1786717968.8264198,609640.371134764,485490496,1,0,0,8,6699B1ED999C7900,can0
319,1786717968.8294897,609640.374205722,485490496,1,0,0,8,6699CCECBFA80000,can0
320,1786717968.830381,609640.375095306,485490496,1,0,0,8,6699CBEC81780000,can0
321,1786717968.8311484,609640.375861431,485490496,1,0,0,8,6699DCEC2E9D0000,can0
322,1786717968.8320844,609640.376800056,485490496,1,0,0,8,6699DBECCD7B0000,can0
323,1786717968.8335123,609640.378227806,485490496,1,0,0,8,6699ECEC78680000,can0
324,1786717968.8348546,609640.379569931,485490496,1,0,0,8,6699EBEC5D780000,can0
325,1786717968.8369215,609640.381635639,485490496,1,0,0,8,6699FCEC976D0000,can0
326,1786717968.8377342,609640.382446847,485490496,1,0,0,8,6699FBECB14A0000,can0
327,1786717968.8998258,609640.444559222,485490657,1,0,0,8,6699FF0FAC260000,can0
328,1786717968.9009073,609640.445623306,485490657,1,0,0,8,66991C203049FFFF,can0
329,1786717968.905435,609640.450154514,502267712,1,0,0,8,E0266699501000C9,can0
330,1786717968.9065275,609640.451241889,502267712,1,0,0,8,E1020000FFFFFFFF,can0
331,1786717968.909276,609640.453993472,502267712,1,0,0,8,E28515AB14000000,can0
332,1786717968.9101503,609640.454863847,502267712,1,0,0,8,E30000CC02000000,can0
333,1786717968.9108992,609640.455613722,502267712,1,0,0,8,E400420E00009602,can0
334,1786717968.9116092,609640.456323597,502267712,1,0,0,8,E5EE9A4001FFFFFF,can0
335,1786717969.0548065,609640.599525848,435295296,1,0,0,8,007C15180104745E,can0
336,1786717969.0567882,609640.601505223,435294784,1,0,0,8,C00B5E0000FFFFFF,can0
337,1786717969.0594943,609640.604211431,435294784,1,0,0,8,C1FF4A00FFFFFFFF,can0
338,1786717969.0662963,609640.611012639,435357504,1,0,0,8,5E010D0C8B0000FF,can0
339,1786717969.0671332,609640.611847014,435294784,1,0,0,8,C00B5E0103FFFFFF,can0
340,1786717969.0677485,609640.612461764,435294784,1,0,0,8,C1FFFFFFFFFFFFFF,can0
341,1786717969.068293,609640.613006556,435357504,1,0,0,8,5E02610C7F0000FF,can0
342,1786717969.0688238,609640.613537431,435294784,1,0,0,8,A00B5E0203FFFFFF,can0
343,1786717969.0693831,609640.614097306,435294784,1,0,0,8,A1FFFFFFFFFFFFFF,can0
344,1786717969.070817,609640.615531389,435357504,1,0,0,8,5E03090C560000FF,can0
345,1786717969.0714388,609640.616152681,435294784,1,0,0,8,A00B5E0303FFFFFF,can0
346,1786717969.0735497,609640.618264139,435294784,1,0,0,8,A1FFFFFFFFFFFFFF,can0
347,1786717969.076516,609640.621230973,435357504,1,0,0,8,5E047907930000FF,can0
348,1786717969.0774083,609640.622131514,435294784,1,0,0,8,A00B5E0403FFFFFF,can0
349,1786717969.0783076,609640.623025764,435294784,1,0,0,8,A1FFFFFFFFFFFFFF,can0
350,1786717969.079222,609640.623937056,435357248,1,0,0,8,5EFFFC00FFFFFFFF,can0
351,1786717969.0799809,609640.624695473,485490496,1,0,0,8,66994E0301000000,can0
352,1786717969.1784492,609640.723168681,773,0,0,0,8,0000000000000000,can0
353,1786717969.1793358,609640.724049973,775,0,0,0,8,1234567856494300,can0
354,1786717969.2576401,609640.802360514,435295297,1,0,0,8,007C15C200047485,can0
355,1786717969.258569,609640.803283973,435294785,1,0,0,8,C00B850000FFFFFF,can0
356,1786717969.2593508,609640.804064681,435294785,1,0,0,8,C1FF4800FFFFFFFF,can0
357,1786717969.2600865,609640.804800139,435357505,1,0,0,8,8501A80B6A0000FF,can0
358,1786717969.2608402,609640.805554681,435294785,1,0,0,8,C00B850103FFFFFF,can0
359,1786717969.2615755,609640.806288598,435294785,1,0,0,8,C1FFFFFFFFFFFFFF,can0
360,1786717969.262349,609640.807063056,435357505,1,0,0,8,8502090C8F0000FF,can0
361,1786717969.263079,609640.807794098,435294785,1,0,0,8,A00B850203FFFFFF,can0
362,1786717969.2638416,609640.808556181,435294785,1,0,0,8,A1FFFFFFFFFFFFFF,can0
363,1786717969.2646868,609640.809400348,435357505,1,0,0,8,85035A0C710000FF,can0
364,1786717969.280881,609640.825598723,435294785,1,0,0,8,A00B850303FFFFFF,can0
365,1786717969.2819917,609640.826708389,435294785,1,0,0,8,A1FFFFFFFFFFFFFF,can0
366,1786717969.2834375,609640.828154098,435357505,1,0,0,8,85048808040000FF,can0
367,1786717969.2851796,609640.829895764,435294785,1,0,0,8,A00B850403FFFFFF,can0
368,1786717969.2864754,609640.831191806,435294785,1,0,0,8,A1FFFFFFFFFFFFFF,can0
369,1786717969.2874806,609640.832194639,435357249,1,0,0,8,85FFFC00FFFFFFFF,can0
370,1786717969.3601868,609640.904907889,502267712,1,0,0,8,001D66994310019C,can0
371,1786717969.3612773,609640.905991806,502267712,1,0,0,8,010E0A00FE3F0000,can0
372,1786717969.362115,609640.906828764,502267712,1,0,0,8,0200000000000000,can0
373,1786717969.3632915,609640.908005973,502267712,1,0,0,8,0300000000000000,can0
374,1786717969.3639116,609640.908623681,502267712,1,0,0,8,040000FFFFFFFFFF,can0
375,1786717969.6725123,609641.217233556,485490497,1,0,0,8,6699BCED5DB30100,can0
376,1786717969.6736383,609641.218359348,485490497,1,0,0,8,6699B1ED36B1F505,can0
377,1786717969.6755,609641.22021614,485490497,1,0,0,8,6699CCEC7E7B0000,can0
378,1786717969.6763308,609641.221043556,485490497,1,0,0,8,6699CBECB4740000,can0
379,1786717969.6769834,609641.221695848,485490497,1,0,0,8,6699DCECA3AA0000,can0
380,1786717969.6776402,609641.222353556,485490497,1,0,0,8,6699DBEC63780000,can0
381,1786717969.6798275,609641.22454189,485490497,1,0,0,8,6699ECECFB8A0000,can0
382,1786717969.6806407,609641.225353973,485490497,1,0,0,8,6699EBEC8D7B0000,can0
383,1786717969.6811411,609641.225854265,485490497,1,0,0,8,6699FCECC2020000,can0
384,1786717969.6816401,609641.226352348,485490497,1,0,0,8,6699FBEC50550000,can0
385,1786717969.8226166,609641.367337098,485490496,1,0,0,8,6699BCED121C0200,can0
386,1786717969.8239398,609641.368668181,485490496,1,0,0,8,6699B1EDB19B7900,can0
387,1786717969.8257265,609641.370442098,485490496,1,0,0,8,6699CCECA2A80000,can0
388,1786717969.8270187,609641.371734765,485490496,1,0,0,8,6699CBEC7E780000,can0
389,1786717969.827871,609641.372586098,485490496,1,0,0,8,6699DCECF99C0000,can0
390,1786717969.8285358,609641.37324889,485490496,1,0,0,8,6699DBECCF7B0000,can0
391,1786717969.8291628,609641.373876973,485490496,1,0,0,8,6699ECEC89680000,can0
392,1786717969.8296869,609641.374398556,485490496,1,0,0,8,6699EBEC60780000,can0
393,1786717969.8302853,609641.374998056,485490496,1,0,0,8,6699FCEC776D0000,can0
394,1786717969.8307729,609641.37548614,485490496,1,0,0,8,6699FBECB14A0000,can0
395,1786717969.8997836,609641.444503973,485490657,1,0,0,8,6699FF0FAC260000,can0
396,1786717969.9006412,609641.445354723,485490657,1,0,0,8,66991C20AC45FFFF,can0
397,1786717970.0129187,609641.557639306,502267712,1,0,0,8,20266699501000C9,can0
398,1786717970.013824,609641.55853864,502267712,1,0,0,8,21020000FFFFFFFF,can0
399,1786717970.0144775,609641.55919139,502267712,1,0,0,8,228515AB14000000,can0
400,1786717970.0150762,609641.559788723,502267712,1,0,0,8,230000CD02000000,can0
401,1786717970.0215833,609641.566300848,502267712,1,0,0,8,2400420E00009602,can0
402,1786717970.0227354,609641.567454223,502267712,1,0,0,8,25EE9A4001FFFFFF,can0
403,1786717970.0236738,609641.568389556,502267712,1,0,0,8,40286699A0100040,can0
404,1786717970.024478,609641.56919489,502267712,1,0,0,8,410141008F002601,can0
405,1786717970.0331845,609641.577902056,502267712,1,0,0,8,42D300BE024A044E,can0
406,1786717970.034073,609641.578787348,502267712,1,0,0,8,430D750AB5980E9A,can0
407,1786717970.0375307,609641.582255098,502267712,1,0,0,8,44EE9A9C5FFFFFFF,can0
408,1786717970.038514,609641.583228015,502267712,1,0,0,8,45FFFFFFFFFFFFFF,can0
409,1786717970.1629267,609641.707660098,485490497,1,0,0,8,66998BED49000000,can0
410,1786717970.1783917,609641.723111431,773,0,0,0,8,0000000000000000,can0
411,1786717970.1829784,609641.727697348,775,0,0,0,8,1234567856494300,can0
412,1786717970.4070308,609641.951750557,485490496,1,0,0,8,66998FED17010000,can0
413,1786717970.5537841,609642.098512557,435295296,1,0,0,8,007C15170104747C,can0
414,1786717970.554742,609642.09945764,435294784,1,0,0,8,E00B7C0000FFFFFF,can0
415,1786717970.5576036,609642.102321348,435294784,1,0,0,8,E1FF4A00FFFFFFFF,can0
416,1786717970.558839,609642.103560307,435357504,1,0,0,8,7C010C0C8B0000FF,can0
417,1786717970.5599608,609642.104675265,435294784,1,0,0,8,E00B7C0103FFFFFF,can0
418,1786717970.5613992,609642.106118473,435294784,1,0,0,8,E1FFFFFFFFFFFFFF,can0
419,1786717970.5645866,609642.109304265,435357504,1,0,0,8,7C02620C7F0000FF,can0
420,1786717970.5702848,609642.11500289,435294784,1,0,0,8,C00B7C0203FFFFFF,can0
421,1786717970.5711062,609642.115820682,435294784,1,0,0,8,C1FFFFFFFFFFFFFF,can0
422,1786717970.571725,609642.116438765,435357504,1,0,0,8,7C030A0C570000FF,can0
423,1786717970.5723567,609642.117070098,435294784,1,0,0,8,C00B7C0303FFFFFF,can0
424,1786717970.5729694,609642.11768239,435294784,1,0,0,8,C1FFFFFFFFFFFFFF,can0
425,1786717970.5735774,609642.118291182,435357504,1,0,0,8,7C047707920000FF,can0
426,1786717970.574177,609642.118891307,435294784,1,0,0,8,C00B7C0403FFFFFF,can0
427,1786717970.5747871,609642.119501015,435294784,1,0,0,8,C1FFFFFFFFFFFFFF,can0
428,1786717970.579793,609642.12451064,435357248,1,0,0,8,7CFFFC00FFFFFFFF,can0
429,1786717970.5807216,609642.125437265,233966912,1,0,0,8,0001FDFFFFFFFFFF,can0
430,1786717970.6656733,609642.210393223,502267713,1,0,0,8,601D669943100158,can0
431,1786717970.6666083,609642.211324223,502267713,1,0,0,8,610D0A00091F0000,can0
432,1786717970.667356,609642.212070182,502267713,1,0,0,8,6200000000000000,can0
433,1786717970.668068,609642.212781932,502267713,1,0,0,8,6300000000000000,can0
434,1786717970.6687746,609642.213487265,502267713,1,0,0,8,640000FFFFFFFFFF,can0
435,1786717970.6692839,609642.213996098,502267713,1,0,0,8,801D6699421001DB,can0
436,1786717970.6697376,609642.214450598,502267713,1,0,0,8,817D1800F0480000,can0
437,1786717970.6703942,609642.215107682,502267713,1,0,0,8,8200000000000000,can0
438,1786717970.6710918,609642.215806307,502267713,1,0,0,8,8300010000000000,can0
439,1786717970.671897,609642.216614348,502267713,1,0,0,8,840000FFFFFFFFFF,can0
440,1786717970.675737,609642.220457307,485490497,1,0,0,8,6699BCED0DB40100,can0
441,1786717970.6771085,609642.221823723,485490497,1,0,0,8,6699B1EDDBD3F505,can0
442,1786717970.6787488,609642.223466182,485490497,1,0,0,8,6699CCEC137C0000,can0
443,1786717970.6799026,609642.224619557,485490497,1,0,0,8,6699CBECF7740000,can0
444,1786717970.6845913,609642.229306848,485490497,1,0,0,8,6699DCECB1AA0000,can0
445,1786717970.6867208,609642.231444973,485490497,1,0,0,8,6699DBEC62780000,can0
446,1786717970.68764,609642.232354932,485490497,1,0,0,8,6699ECECCB8A0000,can0
447,1786717970.6883216,609642.23303539,485490497,1,0,0,8,6699EBEC937B0000,can0
448,1786717970.6889443,609642.233657932,485490497,1,0,0,8,6699FCECC2020000,can0
449,1786717970.6895647,609642.234279348,485490497,1,0,0,8,6699FBEC4E550000,can0
450,1786717970.7562191,609642.30094439,435295297,1,0,0,8,007C15C2000474A3,can0
451,1786717970.7573802,609642.302094432,435294785,1,0,0,8,E00BA30000FFFFFF,can0
452,1786717970.7584262,609642.303140223,435294785,1,0,0,8,E1FF4900FFFFFFFF,can0
453,1786717970.7591467,609642.303860598,435357505,1,0,0,8,A301B20B6A0000FF,can0
454,1786717970.7601097,609642.304823473,435294785,1,0,0,8,E00BA30103FFFFFF,can0
455,1786717970.7607267,609642.305441265,435294785,1,0,0,8,E1FFFFFFFFFFFFFF,can0
456,1786717970.7613063,609642.306022848,435357505,1,0,0,8,A3020A0C8D0000FF,can0
457,1786717970.7705975,609642.315312473,435294785,1,0,0,8,C00BA30203FFFFFF,can0
458,1786717970.7731364,609642.317852682,435294785,1,0,0,8,C1FFFFFFFFFFFFFF,can0
459,1786717970.7739308,609642.318644807,435357505,1,0,0,8,A3035C0C700000FF,can0
460,1786717970.774579,609642.31929264,435294785,1,0,0,8,C00BA30303FFFFFF,can0
461,1786717970.7751403,609642.319852932,435294785,1,0,0,8,C1FFFFFFFFFFFFFF,can0
462,1786717970.7811477,609642.325862515,435357505,1,0,0,8,A3048808030000FF,can0
463,1786717970.781936,609642.326650432,435294785,1,0,0,8,C00BA30403FFFFFF,can0
464,1786717970.7961314,609642.340850848,435294785,1,0,0,8,C1FFFFFFFFFFFFFF,can0
465,1786717970.7970865,609642.341801765,435357249,1,0,0,8,A3FFFC00FFFFFFFF,can0
466,1786717970.8232062,609642.367926265,485490496,1,0,0,8,6699BCED161B0200,can0
467,1786717970.8242903,609642.369005307,485490496,1,0,0,8,6699B1EDFCA97900,can0
468,1786717970.826637,609642.371357098,485490496,1,0,0,8,6699CCEC6CA80000,can0
469,1786717970.8283403,609642.373059265,485490496,1,0,0,8,6699CBEC78780000,can0
470,1786717970.8355823,609642.380297098,485490496,1,0,0,8,6699DCECAE9C0000,can0
471,1786717970.836351,609642.381065932,485490496,1,0,0,8,6699DBECD07B0000,can0
472,1786717970.8375795,609642.382294765,485490496,1,0,0,8,6699ECEC96680000,can0
473,1786717970.8384638,609642.383177557,485490496,1,0,0,8,6699EBEC62780000,can0
474,1786717970.8390617,609642.38377464,485490496,1,0,0,8,6699FCEC966D0000,can0
475,1786717970.840277,609642.384992265,485490496,1,0,0,8,6699FBECAE4A0000,can0
476,1786717970.9009051,609642.445624848,485441761,1,0,0,8,669915203D030000,can0
477,1786717970.9017868,609642.446501098,485490496,1,0,0,8,669915203D030000,can0
478,1786717970.9024136,609642.447126598,485442017,1,0,0,8,6699152003030000,can0
479,1786717970.9028869,609642.447599182,485490497,1,0,0,8,6699152003030000,can0
480,1786717970.9184742,609642.463194598,485490657,1,0,0,8,6699FF0FAC260000,can0
481,1786717970.9195032,609642.46421714,485490657,1,0,0,8,66991C205443FFFF,can0
482,1786717971.013847,609642.558567598,485490657,1,0,0,8,669902207C150000,can0
483,1786717971.1768627,609642.721582099,773,0,0,0,8,0000000000000000,can0
484,1786717971.1789303,609642.723647057,775,0,0,0,8,1234567856494300,can0
485,1786717971.1802197,609642.725125307,485441761,1,0,0,8,66990100D0EDFCFF,can0
486,1786717971.1813152,609642.726029432,485441761,1,0,0,8,66990100DCEDFEFF,can0
487,1786717971.1828067,609642.727522682,485441761,1,0,0,8,66990100DAEDFFFF,can0
488,1786717971.1835723,609642.728286182,485441761,1,0,0,8,669901002720FFFF,can0
489,1786717971.18457,609642.729284557,485490496,1,0,0,8,6699DAED00000000,can0
490,1786717971.185669,609642.73038414,485490496,1,0,0,8,669927206ACF0300,can0
491,1786717971.1931326,609642.737853724,485490496,1,0,0,8,6699DCED95200000,can0
492,1786717971.1949792,609642.739694099,485490496,1,0,0,8,6699DDEDE6830200,can0
493,1786717971.1969125,609642.741627599,485490496,1,0,0,8,6699D0ED730E0000,can0
494,1786717971.1977901,609642.742503265,485490496,1,0,0,8,6699D1EDF9030000,can0
495,1786717971.1985161,609642.74322989,485490496,1,0,0,8,6699D2ED420E0000,can0
496,1786717971.1992168,609642.743931057,485490496,1,0,0,8,6699D3EDC9020000,can0
497,1786717971.206311,609642.75103314,485490496,1,0,0,8,66998FED18010000,can0
498,1786717971.2149637,609642.759682849,485490497,1,0,0,8,66990102FC000000,can0
499,1786717971.2189708,609642.763685015,485490497,1,0,0,8,66990A02FC000000,can0
500,1786717971.2647884,609642.80950864,485490497,1,0,0,8,6699000201000000,can0
501,1786717971.2681432,609642.81285889,485490497,1,0,0,8,6699020200000000,can0
502,1786717971.2691786,609642.813892849,485490497,1,0,0,8,6699070200000000,can0
503,1786717971.2700224,609642.814737557,485490497,1,0,0,8,66991E0300000000,can0
504,1786717971.2708194,609642.815533349,485490497,1,0,0,8,66991C0300000000,can0
505,1786717971.2717366,609642.816450765,485490497,1,0,0,8,66998DED7C150000,can0
506,1786717971.313484,609642.858203849,485490497,1,0,0,8,66998FEDC2000000,can0
507,1786717971.31442,609642.859134849,485490497,1,0,0,8,6699ECED04740000,can0
508,1786717971.3157165,609642.860430849,485490497,1,0,0,8,6699DAED00000000,can0
509,1786717971.516179,609643.060898515,485490497,1,0,0,8,6699B3ED01000000,can0
510,1786717971.5170832,609643.061796015,485490497,1,0,0,8,6699BCEDF3B30100,can0
511,1786717971.6063979,609643.15112689,502267713,1,0,0,8,A026669950100000,can0
512,1786717971.6075618,609643.15227739,502267713,1,0,0,8,A1010000FFFFFFFF,can0
513,1786717971.6085522,609643.153267724,502267713,1,0,0,8,A28515AF14000000,can0
514,1786717971.6094356,609643.154149557,502267713,1,0,0,8,A30000CC02000000,can0
515,1786717971.6101716,609643.154886849,502267713,1,0,0,8,A400350900009F01,can0
516,1786717971.6108727,609643.155587474,502267713,1,0,0,8,A58A9A1300FFFFFF,can0
517,1786717971.657193,609643.201913224,485490497,1,0,0,8,66998BED48000000,can0
518,1786717971.6740623,609643.218781849,485490497,1,0,0,8,6699BCEDF3B30100,can0
519,1786717971.6750615,609643.219777015,485490497,1,0,0,8,6699B1ED62DDF505,can0
520,1786717971.6762419,609643.220957599,485490497,1,0,0,8,6699CCECE07B0000,can0
521,1786717971.677485,609643.222201474,485490497,1,0,0,8,6699CBEC8D740000,can0
522,1786717971.6784873,609643.223206724,485490497,1,0,0,8,6699DCECA0AA0000,can0
523,1786717971.6796908,609643.224406224,485490497,1,0,0,8,6699DBEC64780000,can0
524,1786717971.6813264,609643.226045515,485490497,1,0,0,8,6699ECECF08A0000,can0
525,1786717971.6823878,609643.227101765,485490497,1,0,0,8,6699EBEC917B0000,can0
526,1786717971.6832836,609643.227998182,485490497,1,0,0,8,6699FCECFA020000,can0
527,1786717971.684279,609643.228994932,485490497,1,0,0,8,6699FBEC4D550000,can0
528,1786717971.7659585,609643.310678516,485490497,1,0,0,8,66994E0301000000,can0
529,1786717971.822346,609643.367065349,485490496,1,0,0,8,6699BCED271B0200,can0
530,1786717971.8234606,609643.368174224,485490496,1,0,0,8,6699B1ED439A7900,can0
531,1786717971.8243852,609643.369170766,485490496,1,0,0,8,6699CCEC5FA80000,can0
532,1786717971.8259192,609643.370637099,485490496,1,0,0,8,6699CBEC7A780000,can0
533,1786717971.8269198,609643.371635307,485490496,1,0,0,8,6699DCECD39C0000,can0
534,1786717971.8281534,609643.372868974,485490496,1,0,0,8,6699DBECD67B0000,can0
535,1786717971.8292851,609643.374000057,485490496,1,0,0,8,6699ECEC6A680000,can0
536,1786717971.8302815,609643.374997016,485490496,1,0,0,8,6699EBEC64780000,can0
537,1786717971.8317578,609643.376473807,485490496,1,0,0,8,6699FCEC936D0000,can0
538,1786717971.8325796,609643.377294099,485490496,1,0,0,8,6699FBECB74A0000,can0
539,1786717971.9146714,609643.459390349,485490657,1,0,0,8,6699FF0FAC260000,can0
540,1786717971.9157548,609643.460470266,485490657,1,0,0,8,66991C203C47FFFF,can0
541,1786717972.0549824,609643.599702391,435295296,1,0,0,8,007C15180104749A,can0
542,1786717972.056186,609643.600900474,435294784,1,0,0,8,000B9A0000FFFFFF,can0
543,1786717972.0572937,609643.602009266,435294784,1,0,0,8,01FF4A00FFFFFFFF,can0
544,1786717972.058027,609643.602741016,435357504,1,0,0,8,9A010C0C8C0000FF,can0
545,1786717972.058726,609643.603439432,435294784,1,0,0,8,000B9A0103FFFFFF,can0
546,1786717972.0595071,609643.604221391,435294784,1,0,0,8,01FFFFFFFFFFFFFF,can0
547,1786717972.0602348,609643.604948807,435357504,1,0,0,8,9A02620C7F0000FF,can0
548,1786717972.0610309,609643.605744474,435294784,1,0,0,8,E00B9A0203FFFFFF,can0
549,1786717972.061837,609643.606550974,435294784,1,0,0,8,E1FFFFFFFFFFFFFF,can0
550,1786717972.0626051,609643.607319682,435357504,1,0,0,8,9A030A0C560000FF,can0
551,1786717972.0633452,609643.608060099,435294784,1,0,0,8,E00B9A0303FFFFFF,can0
552,1786717972.0661066,609643.610825974,435294784,1,0,0,8,E1FFFFFFFFFFFFFF,can0
553,1786717972.0674908,609643.612205807,435357504,1,0,0,8,9A047807910000FF,can0
554,1786717972.068322,609643.613035974,435294784,1,0,0,8,E00B9A0403FFFFFF,can0
555,1786717972.068917,609643.613630266,435294784,1,0,0,8,E1FFFFFFFFFFFFFF,can0
556,1786717972.0708025,609643.615517766,435357248,1,0,0,8,9AFFFC00FFFFFFFF,can0
557,1786717972.1843297,609643.729049266,773,0,0,0,8,0000000000000000,can0
558,1786717972.1852417,609643.729956307,775,0,0,0,8,1234567856494300,can0
559,1786717972.2057073,609643.750427016,485490496,1,0,0,8,66998FED17010000,can0
560,1786717972.2555554,609643.800276682,435295297,1,0,0,8,007C15C2000474C1,can0
561,1786717972.256733,609643.801447182,435294785,1,0,0,8,000BC10000FFFFFF,can0
562,1786717972.2579064,609643.802622599,435294785,1,0,0,8,01FF4800FFFFFFFF,can0
563,1786717972.2592406,609643.803956766,435357505,1,0,0,8,C101AC0B6A0000FF,can0
564,1786717972.2607274,609643.805442891,435294785,1,0,0,8,000BC10103FFFFFF,can0
565,1786717972.2618227,609643.806538307,435294785,1,0,0,8,01FFFFFFFFFFFFFF,can0
566,1786717972.2628267,609643.807541307,435357505,1,0,0,8,C102090C8E0000FF,can0
567,1786717972.2637658,609643.808482266,435294785,1,0,0,8,E00BC10203FFFFFF,can0
568,1786717972.266207,609643.810922224,435294785,1,0,0,8,E1FFFFFFFFFFFFFF,can0
569,1786717972.2672663,609643.811982391,435357505,1,0,0,8,C1035A0C700000FF,can0
570,1786717972.268055,609643.812770057,435294785,1,0,0,8,E00BC10303FFFFFF,can0
571,1786717972.2685378,609643.813251766,435294785,1,0,0,8,E1FFFFFFFFFFFFFF,can0
572,1786717972.2689648,609643.813677099,435357505,1,0,0,8,C1048808040000FF,can0
573,1786717972.2699485,609643.814661516,435294785,1,0,0,8,E00BC10403FFFFFF,can0
574,1786717972.270825,609643.815538266,435294785,1,0,0,8,E1FFFFFFFFFFFFFF,can0
575,1786717972.271336,609643.816049516,435357249,1,0,0,8,C1FFFC00FFFFFFFF,can0
576,1786717972.2717593,609643.816471557,233966913,1,0,0,8,0001FDFFFFFFFFFF,can0
577,1786717972.384901,609643.929621516,485490657,1,0,0,8,669901207C150000,can0
578,1786717972.386033,609643.930748141,485490657,1,0,0,8,66990E200D000000,can0
579,1786717972.6721513,609644.216869058,485490497,1,0,0,8,6699BCEDDAB30100,can0
580,1786717972.6730409,609644.217754308,485490497,1,0,0,8,6699B1ED01E0F505,can0
581,1786717972.6737828,609644.218495724,485490497,1,0,0,8,6699CCECCC7B0000,can0
582,1786717972.6744432,609644.219157683,485490497,1,0,0,8,6699CBEC9E740000,can0
583,1786717972.6763961,609644.221125141,485490497,1,0,0,8,6699DCEC6BAA0000,can0
584,1786717972.6776857,609644.222402099,485490497,1,0,0,8,6699DBEC61780000,can0
585,1786717972.6808655,609644.225580766,485490497,1,0,0,8,6699ECECF38A0000,can0
586,1786717972.6815474,609644.226259974,485490497,1,0,0,8,6699EBEC8F7B0000,can0
587,1786717972.6823413,609644.227054766,485490497,1,0,0,8,6699FCECF3020000,can0
588,1786717972.6830113,609644.227725641,485490497,1,0,0,8,6699FBEC50550000,can0
589,1786717972.7814364,609644.326157641,485442017,1,0,0,8,66990100D0EDFCFF,can0
590,1786717972.7826245,609644.327340891,485442017,1,0,0,8,66990100DCEDFEFF,can0
591,1786717972.7899573,609644.334675183,485442017,1,0,0,8,66990100DAEDFFFF,can0
592,1786717972.7908373,609644.335551058,485442017,1,0,0,8,669901002720FFFF,can0
593,1786717972.7922208,609644.336936641,485490497,1,0,0,8,6699DAED00000000,can0
594,1786717972.793643,609644.338356683,485490497,1,0,0,8,66992720EACE0300,can0
595,1786717972.8219948,609644.366714058,485490496,1,0,0,8,6699BCED7E1B0200,can0
596,1786717972.8228438,609644.367557391,485490496,1,0,0,8,6699B1ED17A67900,can0
597,1786717972.8236656,609644.368380016,485490496,1,0,0,8,6699CCEC88A80000,can0
598,1786717972.8242202,609644.368933683,485490496,1,0,0,8,6699CBEC79780000,can0
599,1786717972.8252754,609644.369990599,485490496,1,0,0,8,6699DCECD99C0000,can0
600,1786717972.8262033,609644.370918308,485490496,1,0,0,8,6699DBECDA7B0000,can0
601,1786717972.8289702,609644.373686599,485490496,1,0,0,8,6699ECEC60680000,can0
602,1786717972.8313706,609644.376087058,485490496,1,0,0,8,6699EBEC65780000,can0
603,1786717972.8323476,609644.377061683,485490496,1,0,0,8,6699FCEC866D0000,can0
604,1786717972.833126,609644.377839099,485490496,1,0,0,8,6699FBECB44A0000,can0
605,1786717972.8664093,609644.411130891,485490497,1,0,0,8,6699DCED4E110000,can0
606,1786717972.8673577,609644.412071599,485490497,1,0,0,8,6699DDEDD4280000,can0
607,1786717972.868118,609644.412832349,485490497,1,0,0,8,6699D0ED38080000,can0
608,1786717972.8688931,609644.413607683,485490497,1,0,0,8,6699D1ED29010000,can0
609,1786717972.8696425,609644.414357141,485490497,1,0,0,8,6699D2ED35090000,can0
610,1786717972.8703518,609644.415065891,485490497,1,0,0,8,6699D3ED00010000,can0
611,1786717972.9096293,609644.454349099,485490657,1,0,0,8,6699FF0FAC260000,can0
612,1786717972.912179,609644.456898808,485490657,1,0,0,8,66991C207446FFFF,can0
613,1786717973.1077929,609644.652512849,485490497,1,0,0,8,66998BED49000000,can0
614,1786717973.1878574,609644.732577766,773,0,0,0,8,0000000000000000,can0
615,1786717973.1890872,609644.733801558,775,0,0,0,8,1234567856494300,can0
616,1786717973.5124595,609645.057179808,485490496,1,0,0,8,66990102FC000000,can0
617,1786717973.5135105,609645.058231558,485490496,1,0,0,8,66990A02FC000000,can0
618,1786717973.554606,609645.099326225,435295296,1,0,0,8,007C1517010474B8,can0
619,1786717973.555702,609645.100416933,435294784,1,0,0,8,200BB80000FFFFFF,can0
620,1786717973.5565104,609645.101225475,435294784,1,0,0,8,21FF4A00FFFFFFFF,can0
621,1786717973.5572472,609645.101960516,435357504,1,0,0,8,B8010D0C8D0000FF,can0
622,1786717973.5579495,609645.102664475,435294784,1,0,0,8,200BB80103FFFFFF,can0
623,1786717973.55892,609645.10363485,435294784,1,0,0,8,21FFFFFFFFFFFFFF,can0
624,1786717973.559577,609645.104290266,435357504,1,0,0,8,B802620C7F0000FF,can0
625,1786717973.5601118,609645.104825308,435294784,1,0,0,8,000BB80203FFFFFF,can0
626,1786717973.561128,609645.105841516,435294784,1,0,0,8,01FFFFFFFFFFFFFF,can0
627,1786717973.5619593,609645.1066736,435357504,1,0,0,8,B803090C560000FF,can0
628,1786717973.5629501,609645.107665933,435294784,1,0,0,8,000BB80303FFFFFF,can0
629,1786717973.5643363,609645.109051891,435294784,1,0,0,8,01FFFFFFFFFFFFFF,can0
630,1786717973.56549,609645.110209308,435357504,1,0,0,8,B8047807930000FF,can0
631,1786717973.5664625,609645.111176766,435294784,1,0,0,8,000BB80403FFFFFF,can0
632,1786717973.56713,609645.111844016,435294784,1,0,0,8,01FFFFFFFFFFFFFF,can0
633,1786717973.5683954,609645.113110433,435357248,1,0,0,8,B8FFFC00FFFFFFFF,can0
634,1786717973.5692468,609645.1139616,485490496,1,0,0,8,6699000201000000,can0
635,1786717973.5700493,609645.114763933,485490496,1,0,0,8,6699020200000000,can0
636,1786717973.5707812,609645.115495516,485490496,1,0,0,8,6699070200000000,can0
637,1786717973.571501,609645.1162161,485490496,1,0,0,8,66991E0300000000,can0
638,1786717973.572186,609645.116900016,485490496,1,0,0,8,66991C0300000000,can0
639,1786717973.5728648,609645.117578016,485490496,1,0,0,8,66998DED7C150000,can0
640,1786717973.6078055,609645.152524641,485490496,1,0,0,8,66998FED17010000,can0
641,1786717973.6093578,609645.154072808,485490496,1,0,0,8,6699ECED04740000,can0
642,1786717973.611912,609645.156630891,485490496,1,0,0,8,6699DAED00000000,can0
643,1786717973.672272,609645.216991016,485490497,1,0,0,8,6699BCED5DB40100,can0
644,1786717973.6731257,609645.217840183,485490497,1,0,0,8,6699B1EDBAE0F505,can0
645,1786717973.673868,609645.21858185,485490497,1,0,0,8,6699CCEC047C0000,can0
646,1786717973.6745718,609645.219286016,485490497,1,0,0,8,6699CBECA1740000,can0
647,1786717973.6755645,609645.220280516,485490497,1,0,0,8,6699DCEC7BAA0000,can0
648,1786717973.6764226,609645.221137058,485490497,1,0,0,8,6699DBEC5F780000,can0
649,1786717973.6774235,609645.222140141,485490497,1,0,0,8,6699ECECB08A0000,can0
650,1786717973.6782918,609645.223007225,485490497,1,0,0,8,6699EBEC897B0000,can0
651,1786717973.6799936,609645.224711891,485490497,1,0,0,8,6699FCECC5020000,can0
652,1786717973.681314,609645.22602885,485490497,1,0,0,8,6699FBEC4F550000,can0
653,1786717973.7549336,609645.299653766,435295297,1,0,0,8,007C15C2000474DF,can0
654,1786717973.7560039,609645.300719516,435294785,1,0,0,8,200BDF0000FFFFFF,can0
655,1786717973.7567492,609645.301463058,435294785,1,0,0,8,21FF4900FFFFFFFF,can0
656,1786717973.7574532,609645.302167433,435357505,1,0,0,8,DF01AA0B6A0000FF,can0
657,1786717973.7580283,609645.302741475,435294785,1,0,0,8,200BDF0103FFFFFF,can0
658,1786717973.7586489,609645.303361891,435294785,1,0,0,8,21FFFFFFFFFFFFFF,can0
659,1786717973.7592554,609645.303967475,435357505,1,0,0,8,DF02090C8F0000FF,can0
660,1786717973.7598085,609645.304520975,435294785,1,0,0,8,000BDF0203FFFFFF,can0
661,1786717973.7603178,609645.305030058,435294785,1,0,0,8,01FFFFFFFFFFFFFF,can0
662,1786717973.7608721,609645.305587266,435357505,1,0,0,8,DF035B0C710000FF,can0
663,1786717973.7615867,609645.30630035,435294785,1,0,0,8,000BDF0303FFFFFF,can0
664,1786717973.7623165,609645.307031058,435294785,1,0,0,8,01FFFFFFFFFFFFFF,can0
665,1786717973.7637563,609645.308471766,435357505,1,0,0,8,DF048808030000FF,can0
666,1786717973.7650523,609645.309766641,435294785,1,0,0,8,000BDF0403FFFFFF,can0
667,1786717973.7661724,609645.310887391,435294785,1,0,0,8,01FFFFFFFFFFFFFF,can0
668,1786717973.7669625,609645.311676475,435357249,1,0,0,8,DFFFFC00FFFFFFFF,can0
669,1786717973.813211,609645.357930975,485490496,1,0,0,8,6699B3ED01000000,can0
670,1786717973.8150234,609645.359737642,485490496,1,0,0,8,6699BCED311B0200,can0
671,1786717973.823073,609645.3677911,485490496,1,0,0,8,6699BCED311B0200,can0
672,1786717973.8239648,609645.368678517,485490496,1,0,0,8,6699B1EDD4937900,can0
673,1786717973.824667,609645.3693801,485490496,1,0,0,8,6699CCEC4AA80000,can0
674,1786717973.825282,609645.369995642,485490496,1,0,0,8,6699CBEC79780000,can0
675,1786717973.826563,609645.371279725,485490496,1,0,0,8,6699DCECD39C0000,can0
676,1786717973.827318,609645.372031142,485490496,1,0,0,8,6699DBECDD7B0000,can0
677,1786717973.8287175,609645.373433975,485490496,1,0,0,8,6699ECEC64680000,can0
678,1786717973.8296573,609645.3743726,485490496,1,0,0,8,6699EBEC6A780000,can0
679,1786717973.8328083,609645.377527433,485490496,1,0,0,8,6699FCEC866D0000,can0
680,1786717973.8336608,609645.378372767,485490496,1,0,0,8,6699FBECB14A0000,can0
681,1786717973.9056726,609645.4503931,485441761,1,0,0,8,669915203D030000,can0
682,1786717973.9067092,609645.451424392,502267712,1,0,0,8,60266699501000C9,can0
683,1786717973.907505,609645.45221985,485442017,1,0,0,8,6699152003030000,can0
684,1786717973.9084196,609645.453135642,502267712,1,0,0,8,61020000FFFFFFFF,can0
685,1786717973.9092984,609645.454012683,502267712,1,0,0,8,628515AB14000000,can0
686,1786717973.9099975,609645.454711683,502267712,1,0,0,8,630000CD02000000,can0
687,1786717973.9106743,609645.455389225,485490497,1,0,0,8,6699152003030000,can0
688,1786717973.916234,609645.460949808,502267712,1,0,0,8,6400420E00009602,can0
689,1786717973.9170449,609645.461759642,502267712,1,0,0,8,65EE9A4001FFFFFF,can0
690,1786717973.9222596,609645.466975808,485490496,1,0,0,8,669915203D030000,can0
691,1786717973.9230945,609645.467812308,485490657,1,0,0,8,6699FF0FAC260000,can0
692,1786717973.9257035,609645.470421017,485490657,1,0,0,8,66991C203C47FFFF,can0
693,1786717974.020908,609645.565628725,485490657,1,0,0,8,669902207C150000,can0
694,1786717974.035878,609645.580597767,485490657,1,0,0,8,669903204C090000,can0
695,1786717974.0625563,609645.607276267,485490496,1,0,0,8,66994E0301000000,can0
696,1786717974.1867332,609645.731453142,773,0,0,0,8,0000000000000000,can0
697,1786717974.187782,609645.732495975,775,0,0,0,8,1234567856494300,can0
698,1786717974.672064,609646.2167846,485490497,1,0,0,8,6699BCEDF1B30100,can0
699,1786717974.6729994,609646.217715017,485490497,1,0,0,8,6699B1EDEDE0F505,can0
700,1786717974.673749,609646.218462684,485490497,1,0,0,8,6699CCECCB7B0000,can0
701,1786717974.6773202,609646.222037184,485490497,1,0,0,8,6699CBEC8F740000,can0
702,1786717974.6788247,609646.223540767,485490497,1,0,0,8,6699DCEC55AA0000,can0
703,1786717974.6804564,609646.225175267,485490497,1,0,0,8,6699DBEC5C780000,can0
704,1786717974.6816707,609646.226385809,485490497,1,0,0,8,6699ECEC098B0000,can0
705,1786717974.6837435,609646.228457642,485490497,1,0,0,8,6699EBEC877B0000,can0
706,1786717974.6844108,609646.2291311,485490497,1,0,0,8,6699FCECCC020000,can0
707,1786717974.68509,609646.229802309,485490497,1,0,0,8,6699FBEC4F550000,can0
708,1786717974.8196068,609646.364334517,485490496,1,0,0,8,6699BCED431B0200,can0
709,1786717974.8209076,609646.365621517,485490496,1,0,0,8,6699B1ED46817900,can0
710,1786717974.8219569,609646.366672809,485490496,1,0,0,8,6699CCEC7BA80000,can0
711,1786717974.8228884,609646.367603142,485490496,1,0,0,8,6699CBEC75780000,can0
712,1786717974.8237574,609646.3684731,485490496,1,0,0,8,6699DCECF59C0000,can0
713,1786717974.8246841,609646.369398809,485490496,1,0,0,8,6699DBECDC7B0000,can0
714,1786717974.825961,609646.370677517,485490496,1,0,0,8,6699ECEC59680000,can0
715,1786717974.8269525,609646.371667809,485490496,1,0,0,8,6699EBEC69780000,can0
716,1786717974.8277113,609646.372423392,485490496,1,0,0,8,6699FCEC6F6D0000,can0
717,1786717974.8282049,609646.372916892,485490496,1,0,0,8,6699FBECB74A0000,can0
718,1786717974.9091053,609646.453825725,485490657,1,0,0,8,6699FF0FAC260000,can0
719,1786717974.911911,609646.4566316,485490657,1,0,0,8,66991C206848FFFF,can0
720,1786717975.0531297,609646.597851142,435295296,1,0,0,8,007C1517010474D6,can0
721,1786717975.0543952,609646.5991091,435294784,1,0,0,8,400BD60000FFFFFF,can0
722,1786717975.064486,609646.609203434,435294784,1,0,0,8,41FF4A00FFFFFFFF,can0
723,1786717975.065263,609646.609977184,435357504,1,0,0,8,D6010D0C8B0000FF,can0
724,1786717975.0661051,609646.610820225,435294784,1,0,0,8,400BD60103FFFFFF,can0
725,1786717975.0672777,609646.611991725,435294784,1,0,0,8,41FFFFFFFFFFFFFF,can0
726,1786717975.0680494,609646.61276435,435357504,1,0,0,8,D602630C7F0000FF,can0
727,1786717975.0693731,609646.614089684,435294784,1,0,0,8,200BD60203FFFFFF,can0
728,1786717975.070372,609646.615087184,435294784,1,0,0,8,21FFFFFFFFFFFFFF,can0
729,1786717975.0711179,609646.615831767,435357504,1,0,0,8,D603090C560000FF,can0
730,1786717975.0718067,609646.616520392,435294784,1,0,0,8,200BD60303FFFFFF,can0
731,1786717975.072665,609646.617379267,435294784,1,0,0,8,21FFFFFFFFFFFFFF,can0
732,1786717975.0734892,609646.618204392,435357504,1,0,0,8,D6047807920000FF,can0
733,1786717975.0741937,609646.618907809,435294784,1,0,0,8,200BD60403FFFFFF,can0
734,1786717975.0749478,609646.619661684,435294784,1,0,0,8,21FFFFFFFFFFFFFF,can0
735,1786717975.0759609,609646.620675309,435357248,1,0,0,8,D6FFFC00FFFFFFFF,can0
736,1786717975.1846075,609646.729329059,773,0,0,0,8,0000000000000000,can0
737,1786717975.186168,609646.730882184,775,0,0,0,8,1234567856494300,can0
738,1786717975.2607284,609646.805448392,435295297,1,0,0,8,007C15C200047401,can0
739,1786717975.2618206,609646.806537226,435294785,1,0,0,8,400B010000FFFFFF,can0
740,1786717975.2937493,609646.838470351,435294785,1,0,0,8,41FF4900FFFFFFFF,can0
741,1786717975.2985754,609646.843290976,435357505,1,0,0,8,0101A90B6A0000FF,can0
742,1786717975.2993786,609646.844091517,435294785,1,0,0,8,400B010103FFFFFF,can0
743,1786717975.29994,609646.844652351,435294785,1,0,0,8,41FFFFFFFFFFFFFF,can0
744,1786717975.3060324,609646.850747601,435357505,1,0,0,8,0102090C8E0000FF,can0
745,1786717975.3068647,609646.851579934,435294785,1,0,0,8,200B010203FFFFFF,can0
746,1786717975.3075821,609646.852296517,435294785,1,0,0,8,21FFFFFFFFFFFFFF,can0
747,1786717975.3083525,609646.853066392,435357505,1,0,0,8,01035B0C700000FF,can0
748,1786717975.3133316,609646.858046517,435294785,1,0,0,8,200B010303FFFFFF,can0
749,1786717975.3141751,609646.858889684,435294785,1,0,0,8,21FFFFFFFFFFFFFF,can0
750,1786717975.3150342,609646.859749809,435357505,1,0,0,8,01048808040000FF,can0
751,1786717975.319819,609646.864531559,435294785,1,0,0,8,200B010403FFFFFF,can0
752,1786717975.3227932,609646.867519517,435294785,1,0,0,8,21FFFFFFFFFFFFFF,can0
753,1786717975.3240771,609646.873946351,435357249,1,0,0,8,01FFFC00FFFFFFFF,can0
754,1786717975.6722858,609647.217006767,485490497,1,0,0,8,6699BCEDEBB30100,can0
755,1786717975.6735153,609647.218230934,485490497,1,0,0,8,6699B1EDFBE0F505,can0
756,1786717975.6747746,609647.219489767,485490497,1,0,0,8,6699CCECE37B0000,can0
757,1786717975.6758096,609647.220524309,485490497,1,0,0,8,6699CBECAA740000,can0
758,1786717975.6775548,609647.222272392,485490497,1,0,0,8,6699DCEC59AA0000,can0
759,1786717975.6786838,609647.223398642,485490497,1,0,0,8,6699DBEC5F780000,can0
760,1786717975.6802976,609647.225014226,485490497,1,0,0,8,6699ECEC108B0000,can0
761,1786717975.6812737,609647.225989017,485490497,1,0,0,8,6699EBEC8E7B0000,can0
762,1786717975.6824698,609647.227186767,485490497,1,0,0,8,6699FCECD7020000,can0
763,1786717975.683503,609647.228217851,485490497,1,0,0,8,6699FBEC50550000,can0
764,1786717975.819628,609647.364348559,485490496,1,0,0,8,6699BCEDC41B0200,can0
765,1786717975.820645,609647.365358642,485490496,1,0,0,8,6699B1ED8EA37900,can0
766,1786717975.8262818,609647.370997809,485490496,1,0,0,8,6699CCEC99A80000,can0
767,1786717975.828443,609647.373157767,485490496,1,0,0,8,6699CBEC7B780000,can0
768,1786717975.8317685,609647.376487309,485490496,1,0,0,8,6699DCEC9F9C0000,can0
769,1786717975.8368201,609647.381535392,485490496,1,0,0,8,6699DBECD47B0000,can0
770,1786717975.8411977,609647.385917434,485490496,1,0,0,8,6699ECEC83680000,can0
771,1786717975.842053,609647.386766809,485490496,1,0,0,8,6699EBEC64780000,can0
772,1786717975.8442523,609647.388966517,485490496,1,0,0,8,6699FCECAF6D0000,can0
773,1786717975.8464773,609647.391191434,485490496,1,0,0,8,6699FBECAE4A0000,can0
774,1786717975.91627,609647.460989768,485490657,1,0,0,8,6699FF0FAC260000,can0
775,1786717975.9277284,609647.472448268,485490657,1,0,0,8,66991C203C47FFFF,can0
776,1786717976.176641,609647.721361809,485441761,1,0,0,8,66990100D0EDFCFF,can0
777,1786717976.1779726,609647.722687809,485441761,1,0,0,8,66990100DCEDFEFF,can0
778,1786717976.1790702,609647.723784893,485441761,1,0,0,8,66990100DAEDFFFF,can0
779,1786717976.1814318,609647.726150226,485441761,1,0,0,8,669901002720FFFF,can0
780,1786717976.1826384,609647.727352226,485490496,1,0,0,8,6699DAED00000000,can0
781,1786717976.1863468,609647.731067059,485490496,1,0,0,8,66992720F2CE0300,can0
782,1786717976.1874685,609647.732183559,773,0,0,0,8,0000000000000000,can0
783,1786717976.188237,609647.732951268,775,0,0,0,8,1234567856494300,can0
784,1786717976.193479,609647.738199226,485490496,1,0,0,8,6699DCED95200000,can0
785,1786717976.196709,609647.741423934,485490496,1,0,0,8,6699DDEDE6830200,can0
786,1786717976.197529,609647.742242518,485490496,1,0,0,8,6699D0ED730E0000,can0
787,1786717976.198245,609647.742959601,485490496,1,0,0,8,6699D1EDF9030000,can0
788,1786717976.198923,609647.743637809,485490496,1,0,0,8,6699D2ED420E0000,can0
789,1786717976.1995978,609647.744311018,485490496,1,0,0,8,6699D3EDC9020000,can0
790,1786717976.2106352,609647.755355268,485490497,1,0,0,8,6699F3EC02000000,can0
791,1786717976.213396,609647.758114601,485490497,1,0,0,8,66990102FC000000,can0
792,1786717976.2145298,609647.759243768,485490497,1,0,0,8,66990A02FC000000,can0
793,1786717976.2635884,609647.808308559,485490497,1,0,0,8,6699000201000000,can0
794,1786717976.2650952,609647.809810268,485490497,1,0,0,8,6699020200000000,can0
795,1786717976.2664893,609647.811204976,485490497,1,0,0,8,6699070200000000,can0
796,1786717976.2698343,609647.814561976,485490497,1,0,0,8,66991E0300000000,can0
797,1786717976.271209,609647.815924601,485490497,1,0,0,8,66991C0300000000,can0
798,1786717976.2721968,609647.816911601,485490497,1,0,0,8,66998DED7C150000,can0
799,1786717976.3118787,609647.856599059,485490497,1,0,0,8,66998FEDC2000000,can0
800,1786717976.312782,609647.857496393,485490497,1,0,0,8,6699ECED04740000,can0
801,1786717976.3149345,609647.859648893,485490497,1,0,0,8,6699DAED00000000,can0
802,1786717976.5149488,609648.059667851,485490497,1,0,0,8,6699B3ED01000000,can0
803,1786717976.5159576,609648.060672018,485490497,1,0,0,8,6699BCEDD5B80100,can0
804,1786717976.5549424,609648.099663393,435295296,1,0,0,8,007C1517010474F4,can0
805,1786717976.5565538,609648.101269726,435294784,1,0,0,8,600BF40000FFFFFF,can0
806,1786717976.557819,609648.102534018,435294784,1,0,0,8,61FF4A00FFFFFFFF,can0
807,1786717976.5587046,609648.103419101,435357504,1,0,0,8,F4010C0C8B0000FF,can0
808,1786717976.5593643,609648.104077351,435294784,1,0,0,8,600BF40103FFFFFF,can0
809,1786717976.5600052,609648.104719851,435294784,1,0,0,8,61FFFFFFFFFFFFFF,can0
810,1786717976.5609646,609648.105679601,435357504,1,0,0,8,F402610C7F0000FF,can0
811,1786717976.5618498,609648.106564643,435294784,1,0,0,8,400BF40203FFFFFF,can0
812,1786717976.5626707,609648.107386226,435294784,1,0,0,8,41FFFFFFFFFFFFFF,can0
813,1786717976.5633736,609648.108087476,435357504,1,0,0,8,F4030A0C600000FF,can0
814,1786717976.564065,609648.108778768,435294784,1,0,0,8,400BF40303FFFFFF,can0
815,1786717976.5648005,609648.109514309,435294784,1,0,0,8,41FFFFFFFFFFFFFF,can0
816,1786717976.5654836,609648.110199143,435357504,1,0,0,8,F4047907920000FF,can0
817,1786717976.5661795,609648.110892476,435294784,1,0,0,8,400BF40403FFFFFF,can0
818,1786717976.5668662,609648.111579768,435294784,1,0,0,8,41FFFFFFFFFFFFFF,can0
819,1786717976.567605,609648.112319393,435357248,1,0,0,8,F4FFFC00FFFFFFFF,can0
820,1786717976.5683115,609648.113025851,233966912,1,0,0,8,0001FDFFFFFFFFFF,can0
821,1786717976.606116,609648.150836601,502267713,1,0,0,8,C026669950100000,can0
822,1786717976.6077664,609648.152487434,502267713,1,0,0,8,C1010000FFFFFFFF,can0
823,1786717976.6093569,609648.15407131,502267713,1,0,0,8,C28515AF14000000,can0
824,1786717976.6105058,609648.155221393,502267713,1,0,0,8,C30000CC02000000,can0
825,1786717976.61117,609648.155883101,502267713,1,0,0,8,C400350900009F01,can0
826,1786717976.6116397,609648.156351768,502267713,1,0,0,8,C58A9A1300FFFFFF,can0
827,1786717976.673241,609648.217962601,485490497,1,0,0,8,6699BCEDD5B80100,can0
828,1786717976.6743593,609648.21907456,485490497,1,0,0,8,6699B1EDFFE0F505,can0
829,1786717976.6755648,609648.220281143,485490497,1,0,0,8,6699CCECFA7B0000,can0
830,1786717976.6792026,609648.22392031,485490497,1,0,0,8,6699CBECBC740000,can0
831,1786717976.6801803,609648.224894435,485490497,1,0,0,8,6699DCEC71AA0000,can0
832,1786717976.6809144,609648.225628185,485490497,1,0,0,8,6699DBEC5B780000,can0
833,1786717976.681484,609648.226196685,485490497,1,0,0,8,6699ECEC288B0000,can0
834,1786717976.6819353,609648.226647393,485490497,1,0,0,8,6699EBEC887B0000,can0
835,1786717976.6824026,609648.227115435,485490497,1,0,0,8,6699F3EC01000000,can0
836,1786717976.6830118,609648.22772756,485490497,1,0,0,8,6699FCEC9E070000,can0
837,1786717976.6837633,609648.22847731,485490497,1,0,0,8,6699FBEC08550000,can0
838,1786717976.7554178,609648.300138435,435295297,1,0,0,8,007C15C20004741F,can0
839,1786717976.7564924,609648.301205435,435294785,1,0,0,8,600B1F0000FFFFFF,can0
840,1786717976.7570968,609648.301809435,435294785,1,0,0,8,61FF4900FFFFFFFF,can0
841,1786717976.7576365,609648.302352351,435357505,1,0,0,8,1F01AC0B6B0000FF,can0
842,1786717976.758517,609648.303231268,435294785,1,0,0,8,600B1F0103FFFFFF,can0
843,1786717976.759361,609648.304075726,435294785,1,0,0,8,61FFFFFFFFFFFFFF,can0
844,1786717976.7601507,609648.304864351,435357505,1,0,0,8,1F02090C890000FF,can0
845,1786717976.7609031,609648.305617518,435294785,1,0,0,8,400B1F0203FFFFFF,can0
846,1786717976.7616348,609648.306349393,435294785,1,0,0,8,41FFFFFFFFFFFFFF,can0
847,1786717976.7623575,609648.307072268,435357505,1,0,0,8,1F035A0C710000FF,can0
848,1786717976.7632003,609648.307915185,435294785,1,0,0,8,400B1F0303FFFFFF,can0
849,1786717976.7639322,609648.308645935,435294785,1,0,0,8,41FFFFFFFFFFFFFF,can0
850,1786717976.7646475,609648.309362101,435357505,1,0,0,8,1F048108090000FF,can0
851,1786717976.7659037,609648.31062231,435294785,1,0,0,8,400B1F0403FFFFFF,can0
852,1786717976.7667413,609648.31145456,435294785,1,0,0,8,41FFFFFFFFFFFFFF,can0
853,1786717976.767267,609648.311978643,435357249,1,0,0,8,1FFFFC00FFFFFFFF,can0
854,1786717976.767714,609648.312426351,485490497,1,0,0,8,66994E0301000000,can0
855,1786717976.8082898,609648.353011226,485490497,1,0,0,8,66998FEDC3000000,can0
856,1786717976.8214104,609648.366130101,485490496,1,0,0,8,6699BCED8E1C0200,can0
857,1786717976.8224556,609648.367169226,485490496,1,0,0,8,6699B1EDB3B47900,can0
858,1786717976.8231466,609648.36785981,485490496,1,0,0,8,6699CCECC5A80000,can0
859,1786717976.8235998,609648.368312393,485490496,1,0,0,8,6699CBEC7D780000,can0
860,1786717976.824019,609648.36873106,485490496,1,0,0,8,6699DCECF19C0000,can0
861,1786717976.8244221,609648.369134185,485490496,1,0,0,8,6699DBECD57B0000,can0
862,1786717976.8282433,609648.373044018,485490496,1,0,0,8,6699ECEC8C680000,can0
863,1786717976.8292985,609648.374012935,485490496,1,0,0,8,6699EBEC69780000,can0
864,1786717976.8300612,609648.374775268,485490496,1,0,0,8,6699FCECA96D0000,can0
865,1786717976.8307838,609648.375498018,485490496,1,0,0,8,6699FBECAF4A0000,can0
866,1786717976.900116,609648.444835393,485441761,1,0,0,8,669915203D030000,can0
867,1786717976.9011421,609648.44585731,485442017,1,0,0,8,6699152003030000,can0
868,1786717976.9021525,609648.446867185,485490496,1,0,0,8,669915203D030000,can0
869,1786717976.9028466,609648.447560685,485490497,1,0,0,8,6699152003030000,can0
870,1786717976.918734,609648.463453518,485490657,1,0,0,8,6699FF0FAC260000,can0
871,1786717976.920184,609648.464898268,485490657,1,0,0,8,66991C207446FFFF,can0
872,1786717977.0119958,609648.556716393,485490657,1,0,0,8,669902207C150000,can0
873,1786717977.183648,609648.728367018,773,0,0,0,8,0000000000000000,can0
874,1786717977.187004,609648.731719185,775,0,0,0,8,1234567856494300,can0
875,1786717977.3817506,609648.92647056,485490657,1,0,0,8,669901207C150000,can0
876,1786717977.3828235,609648.927537935,485490657,1,0,0,8,66990E200D000000,can0
877,1786717977.6190422,609649.163762018,485490497,1,0,0,8,66998FEDC4000000,can0
878,1786717977.6721368,609649.216858852,485490497,1,0,0,8,6699BCEDB5B80100,can0
879,1786717977.67323,609649.217945893,485490497,1,0,0,8,6699B1ED00E1F505,can0
880,1786717977.674328,609649.219040602,485490497,1,0,0,8,6699CCECCF7B0000,can0
881,1786717977.6751184,609649.219836643,485490497,1,0,0,8,6699CBEC98740000,can0
882,1786717977.675968,609649.220681352,485490497,1,0,0,8,6699DCEC74AA0000,can0
883,1786717977.6766126,609649.22132581,485490497,1,0,0,8,6699DBEC5D780000,can0
884,1786717977.678168,609649.222883477,485490497,1,0,0,8,6699ECECFC8A0000,can0
885,1786717977.6792886,609649.224003435,485490497,1,0,0,8,6699EBEC877B0000,can0
886,1786717977.6800802,609649.22479606,485490497,1,0,0,8,6699FCEC9D070000,can0
887,1786717977.6816347,609649.226348685,485490497,1,0,0,8,6699FBEC0B550000,can0
888,1786717977.7785912,609649.323311893,485442017,1,0,0,8,66990100D0EDFCFF,can0
889,1786717977.7796469,609649.32436206,485442017,1,0,0,8,66990100DCEDFEFF,can0
890,1786717977.7804277,609649.325142185,485442017,1,0,0,8,66990100DAEDFFFF,can0
891,1786717977.7813272,609649.326041852,485442017,1,0,0,8,669901002720FFFF,can0
892,1786717977.7820628,609649.326777768,485490497,1,0,0,8,6699DAED00000000,can0
893,1786717977.7827759,609649.327489893,485490497,1,0,0,8,66992720F1D40300,can0
894,1786717977.792811,609649.33753156,485490497,1,0,0,8,6699DCED4E110000,can0
895,1786717977.793797,609649.338512227,485490497,1,0,0,8,6699DDEDD4280000,can0
896,1786717977.7950602,609649.339777268,485490497,1,0,0,8,6699D0ED38080000,can0
897,1786717977.7960727,609649.340788435,485490497,1,0,0,8,6699D1ED29010000,can0
898,1786717977.7968445,609649.34155731,485490497,1,0,0,8,6699D2ED35090000,can0
899,1786717977.7975714,609649.342286185,485490497,1,0,0,8,6699D3ED00010000,can0
900,1786717977.8193123,609649.364031477,485490496,1,0,0,8,6699BCED981C0200,can0
901,1786717977.8236115,609649.368330977,485490496,1,0,0,8,6699B1EDFFA57900,can0
902,1786717977.8249993,609649.369716227,485490496,1,0,0,8,6699CCECDAA80000,can0
903,1786717977.827415,609649.37213031,485490496,1,0,0,8,6699CBEC7E780000,can0
904,1786717977.8286824,609649.373398393,485490496,1,0,0,8,6699DCEC009D0000,can0
905,1786717977.829744,609649.37445806,485490496,1,0,0,8,6699DBECCD7B0000,can0
906,1786717977.830539,609649.375253352,485490496,1,0,0,8,6699ECECC7680000,can0
907,1786717977.831281,609649.375995643,485490496,1,0,0,8,6699EBEC5F780000,can0
908,1786717977.8320205,609649.376734227,485490496,1,0,0,8,6699FCECBA6D0000,can0
909,1786717977.8327088,609649.377424185,485490496,1,0,0,8,6699FBECAB4A0000,can0
910,1786717977.9118915,609649.456625477,485490657,1,0,0,8,6699FF0FAC260000,can0
911,1786717977.916821,609649.461541393,485490657,1,0,0,8,66991C20E444FFFF,can0
912,1786717978.0528932,609649.59761456,435295296,1,0,0,8,007C151701047416,can0
913,1786717978.053937,609649.598651977,435294784,1,0,0,8,800B160000FFFFFF,can0
914,1786717978.0580635,609649.602781144,435294784,1,0,0,8,81FF4A00FFFFFFFF,can0
915,1786717978.061528,609649.606245644,435357504,1,0,0,8,16010E0C8B0000FF,can0
916,1786717978.0623517,609649.60706581,435294784,1,0,0,8,800B160103FFFFFF,can0
917,1786717978.0630333,609649.607747769,435294784,1,0,0,8,81FFFFFFFFFFFFFF,can0
918,1786717978.0637302,609649.608445519,435357504,1,0,0,8,1602610C7F0000FF,can0
919,1786717978.0643783,609649.609093269,435294784,1,0,0,8,600B160203FFFFFF,can0
920,1786717978.0651078,609649.609821685,435294784,1,0,0,8,61FFFFFFFFFFFFFF,can0
921,1786717978.0748327,609649.619547269,435357504,1,0,0,8,1603090C570000FF,can0
922,1786717978.0761683,609649.620882894,435294784,1,0,0,8,600B160303FFFFFF,can0
923,1786717978.0778267,609649.622542144,435294784,1,0,0,8,61FFFFFFFFFFFFFF,can0
924,1786717978.080449,609649.625165935,435357504,1,0,0,8,16047707930000FF,can0
925,1786717978.0860107,609649.630727602,435294784,1,0,0,8,600B160403FFFFFF,can0
926,1786717978.087011,609649.631726185,435294784,1,0,0,8,61FFFFFFFFFFFFFF,can0
927,1786717978.092734,609649.63745381,435357248,1,0,0,8,16FFFC00FFFFFFFF,can0
928,1786717978.1863341,609649.731054977,773,0,0,0,8,0000000000000000,can0
929,1786717978.1872292,609649.731944685,775,0,0,0,8,1234567856494300,can0
930,1786717978.2543755,609649.799094894,435295297,1,0,0,8,007C15C40004743D,can0
931,1786717978.255706,609649.800423269,435294785,1,0,0,8,800B3D0000FFFFFF,can0
932,1786717978.256545,609649.80125981,435294785,1,0,0,8,81FF4900FFFFFFFF,can0
933,1786717978.2572951,609649.802009852,435357505,1,0,0,8,3D01A90B6A0000FF,can0
934,1786717978.2581098,609649.802824144,435294785,1,0,0,8,800B3D0103FFFFFF,can0
935,1786717978.2588694,609649.803583769,435294785,1,0,0,8,81FFFFFFFFFFFFFF,can0
936,1786717978.2596617,609649.80437781,435357505,1,0,0,8,3D020A0C8E0000FF,can0
937,1786717978.2704918,609649.815207185,435294785,1,0,0,8,600B3D0203FFFFFF,can0
938,1786717978.2715318,609649.816245602,435294785,1,0,0,8,61FFFFFFFFFFFFFF,can0
939,1786717978.272441,609649.817156394,435357505,1,0,0,8,3D035B0C700000FF,can0
940,1786717978.2731159,609649.817830394,435294785,1,0,0,8,600B3D0303FFFFFF,can0
941,1786717978.275866,609649.820582019,435294785,1,0,0,8,61FFFFFFFFFFFFFF,can0
942,1786717978.2775345,609649.82224956,435357505,1,0,0,8,3D048108090000FF,can0
943,1786717978.2785356,609649.823250519,435294785,1,0,0,8,600B3D0403FFFFFF,can0
944,1786717978.2793107,609649.824024394,435294785,1,0,0,8,61FFFFFFFFFFFFFF,can0
945,1786717978.280825,609649.82554281,435357249,1,0,0,8,3DFFFC00FFFFFFFF,can0
946,1786717978.2849257,609649.82964031,233966913,1,0,0,8,0001FDFFFFFFFFFF,can0
947,1786717978.5104072,609650.055135519,485490496,1,0,0,8,66990102FC000000,can0
948,1786717978.5113475,609650.056060352,485490496,1,0,0,8,66990A02FC000000,can0
949,1786717978.5602033,609650.104922602,485490496,1,0,0,8,6699000201000000,can0
950,1786717978.5613666,609650.106082269,485490496,1,0,0,8,6699020200000000,can0
951,1786717978.5619662,609650.106678894,485490496,1,0,0,8,6699070200000000,can0
952,1786717978.5632792,609650.10799631,485490496,1,0,0,8,66991E0300000000,can0
953,1786717978.5643246,609650.10904081,485490496,1,0,0,8,66991C0300000000,can0
954,1786717978.5651066,609650.10982106,485490496,1,0,0,8,66998DED7C150000,can0
955,1786717978.6075995,609650.152340935,485490496,1,0,0,8,66998FED17010000,can0
956,1786717978.6087635,609650.153478227,485490496,1,0,0,8,6699ECED04740000,can0
957,1786717978.6113007,609650.156020519,485490496,1,0,0,8,6699DAED00000000,can0
958,1786717978.672052,609650.216772102,485490497,1,0,0,8,6699BCED05B90100,can0
959,1786717978.6732311,609650.217946435,485490497,1,0,0,8,6699CCECF27B0000,can0
960,1786717978.674097,609650.218811769,485490497,1,0,0,8,6699CBEC9D740000,can0
961,1786717978.6749978,609650.219713685,485490497,1,0,0,8,6699DCEC87AA0000,can0
962,1786717978.6762865,609650.221001685,485490497,1,0,0,8,6699DBEC60780000,can0
963,1786717978.677318,609650.222032602,485490497,1,0,0,8,6699ECECEA8A0000,can0
964,1786717978.6780667,609650.222780769,485490497,1,0,0,8,6699EBEC8B7B0000,can0
965,1786717978.679078,609650.223793602,485490497,1,0,0,8,6699FCEC70070000,can0
966,1786717978.679884,609650.22459781,485490497,1,0,0,8,6699FBEC08550000,can0
967,1786717978.8115847,609650.356305186,485490496,1,0,0,8,6699B3ED01000000,can0
968,1786717978.8129091,609650.357624269,485490496,1,0,0,8,6699BCEDD11B0200,can0
969,1786717978.8215,609650.366219644,485490496,1,0,0,8,6699BCEDD11B0200,can0
970,1786717978.8223379,609650.367050686,485490496,1,0,0,8,6699B1ED48B77900,can0
971,1786717978.8230746,609650.367788352,485490496,1,0,0,8,6699CCECA3A80000,can0
972,1786717978.8237839,609650.368497852,485490496,1,0,0,8,6699CBEC7F780000,can0
973,1786717978.8245223,609650.369236727,485490496,1,0,0,8,6699DCECE79C0000,can0
974,1786717978.8283732,609650.373092186,485490496,1,0,0,8,6699DBECD17B0000,can0
975,1786717978.8294702,609650.374185061,485490496,1,0,0,8,6699ECEC95680000,can0
976,1786717978.830243,609650.374957352,485490496,1,0,0,8,6699EBEC62780000,can0
977,1786717978.8310556,609650.375776936,485490496,1,0,0,8,6699FCECC96D0000,can0
978,1786717978.832978,609650.377694102,485490496,1,0,0,8,6699FBECAD4A0000,can0
979,1786717978.9038134,609650.448533477,502267712,1,0,0,8,80266699501000C9,can0
980,1786717978.9046435,609650.449356561,502267712,1,0,0,8,81020000FFFFFFFF,can0
981,1786717978.905452,609650.450167727,502267712,1,0,0,8,828515AB14000000,can0
982,1786717978.909337,609650.454058269,502267712,1,0,0,8,830000CD02000000,can0
983,1786717978.9102285,609650.454944269,502267712,1,0,0,8,8400420E00009602,can0
984,1786717978.9110904,609650.455805561,502267712,1,0,0,8,85EE9A4001FFFFFF,can0
985,1786717978.9185512,609650.463270727,485490657,1,0,0,8,6699FF0FAC260000,can0
986,1786717978.9194605,609650.464176102,485490657,1,0,0,8,66991C200448FFFF,can0
987,1786717979.00528,609650.549999269,485490496,1,0,0,8,6699DBED7A120000,can0
988,1786717979.0614262,609650.606157019,485490496,1,0,0,8,66994E0301000000,can0
989,1786717979.1779222,609650.722652394,773,0,0,0,8,0000000000000000,can0
990,1786717979.1789317,609650.723647436,775,0,0,0,8,1234567856494300,can0
991,1786717979.552902,609651.097620728,435295296,1,0,0,8,007C151701047434,can0
992,1786717979.553851,609651.098564853,435294784,1,0,0,8,A00B340000FFFFFF,can0
993,1786717979.5545557,609651.099269978,435294784,1,0,0,8,A1FF4A00FFFFFFFF,can0
994,1786717979.55527,609651.099983853,435357504,1,0,0,8,34010C0C8B0000FF,can0
995,1786717979.556234,609651.100947644,435294784,1,0,0,8,A00B340103FFFFFF,can0
996,1786717979.556878,609651.101591561,435294784,1,0,0,8,A1FFFFFFFFFFFFFF,can0
997,1786717979.557479,609651.102192436,435357504,1,0,0,8,3402620C7E0000FF,can0
998,1786717979.5580666,609651.102780186,435294784,1,0,0,8,800B340203FFFFFF,can0
999,1786717979.558981,609651.103695644,435294784,1,0,0,8,81FFFFFFFFFFFFFF,can0
1000,1786717979.5598474,609651.104561769,435357504,1,0,0,8,34030A0C570000FF,can0
1001,1786717979.5636523,609651.108367603,435294784,1,0,0,8,800B340303FFFFFF,can0
1002,1786717979.5648227,609651.109536436,435294784,1,0,0,8,81FFFFFFFFFFFFFF,can0
1003,1786717979.5656917,609651.110409103,435357504,1,0,0,8,34047807920000FF,can0
1004,1786717979.5665894,609651.111303228,435294784,1,0,0,8,800B340403FFFFFF,can0
1005,1786717979.568017,609651.112731936,435294784,1,0,0,8,81FFFFFFFFFFFFFF,can0
1006,1786717979.5691578,609651.113875228,435357248,1,0,0,8,34FFFC00FFFFFFFF,can0
1007,1786717979.6794407,609651.224160519,485490497,1,0,0,8,6699BCED6AB90100,can0
1008,1786717979.6803396,609651.225054311,485490497,1,0,0,8,6699CCEC237C0000,can0
1009,1786717979.68104,609651.225753103,485490497,1,0,0,8,6699CBECA8740000,can0
1010,1786717979.6817763,609651.226490853,485490497,1,0,0,8,6699DCEC6DAA0000,can0
1011,1786717979.6824996,609651.227213728,485490497,1,0,0,8,6699DBEC5B780000,can0
1012,1786717979.683224,609651.227937103,485490497,1,0,0,8,6699ECEC348B0000,can0
1013,1786717979.6839178,609651.228631769,485490497,1,0,0,8,6699EBEC8A7B0000,can0
1014,1786717979.6860826,609651.230800936,485490497,1,0,0,8,6699FCEC9E070000,can0
1015,1786717979.754767,609651.299485603,435295297,1,0,0,8,007C15C40004745B,can0
1016,1786717979.7558963,609651.300610769,435294785,1,0,0,8,A00B5B0000FFFFFF,can0
1017,1786717979.7566805,609651.301394603,435294785,1,0,0,8,A1FF4900FFFFFFFF,can0
1018,1786717979.7573135,609651.302074394,435357505,1,0,0,8,5B01AA0B6B0000FF,can0
1019,1786717979.7579653,609651.302678603,435294785,1,0,0,8,A00B5B0103FFFFFF,can0
1020,1786717979.7585428,609651.303256894,435294785,1,0,0,8,A1FFFFFFFFFFFFFF,can0
1021,1786717979.7599244,609651.304640186,435357505,1,0,0,8,5B02090C8E0000FF,can0
1022,1786717979.760941,609651.305656436,435294785,1,0,0,8,800B5B0203FFFFFF,can0
1023,1786717979.7645018,609651.309217186,435294785,1,0,0,8,81FFFFFFFFFFFFFF,can0
1024,1786717979.7651079,609651.309820894,435357505,1,0,0,8,5B035B0C700000FF,can0
1025,1786717979.7659783,609651.310692769,435294785,1,0,0,8,800B5B0303FFFFFF,can0
1026,1786717979.7669222,609651.311639228,435294785,1,0,0,8,81FFFFFFFFFFFFFF,can0
1027,1786717979.7682009,609651.312915144,435357505,1,0,0,8,5B048108090000FF,can0
1028,1786717979.7690113,609651.313726311,435294785,1,0,0,8,800B5B0403FFFFFF,can0
1029,1786717979.7697973,609651.314511311,435294785,1,0,0,8,81FFFFFFFFFFFFFF,can0
1030,1786717979.770548,609651.315262144,435357249,1,0,0,8,5BFFFC00FFFFFFFF,can0
1031,1786717979.7712684,609651.315983019,485490496,1,0,0,8,6699DBED70120000,can0
1032,1786717979.8056383,609651.350359353,485490496,1,0,0,8,66998FED18010000,can0
1033,1786717979.8199463,609651.364667269,485490496,1,0,0,8,6699BCEDBB1B0200,can0
1034,1786717979.8208811,609651.365595061,485490496,1,0,0,8,6699B1ED699B7900,can0
1035,1786717979.821834,609651.366547769,485490496,1,0,0,8,6699CCEC7EA80000,can0
1036,1786717979.822438,609651.367151936,485490496,1,0,0,8,6699CBEC82780000,can0
1037,1786717979.8229787,609651.367692686,485490496,1,0,0,8,6699DCEC119D0000,can0
1038,1786717979.8235052,609651.368218311,485490496,1,0,0,8,6699DBECCE7B0000,can0
1039,1786717979.824262,609651.368977394,485490496,1,0,0,8,6699ECECC7680000,can0
1040,1786717979.8249505,609651.369664311,485490496,1,0,0,8,6699EBEC5E780000,can0
1041,1786717979.8274996,609651.372219853,485490496,1,0,0,8,6699FCECB26D0000,can0
1042,1786717979.8285089,609651.373225394,485490496,1,0,0,8,6699FBECAF4A0000,can0
1043,1786717979.8608952,609651.405615686,485490497,1,0,0,8,6699FBEC07550000,can0
1044,1786717979.909321,609651.454040769,485441761,1,0,0,8,669915203D030000,can0
1045,1786717979.9101963,609651.454910519,485490496,1,0,0,8,669915203D030000,can0
1046,1786717979.910903,609651.455618103,485442017,1,0,0,8,6699152003030000,can0
1047,1786717979.9116025,609651.456316936,485490497,1,0,0,8,6699152003030000,can0
1048,1786717979.9297497,609651.474469728,485490657,1,0,0,8,6699FF0FAC260000,can0
1049,1786717979.9307158,609651.475432478,485490657,1,0,0,8,66991C20D846FFFF,can0
1050,1786717980.012795,609651.557514019,485490657,1,0,0,8,669902207C150000,can0
1051,1786717980.1869888,609651.731789228,773,0,0,0,8,0000000000000000,can0
1052,1786717980.188042,609651.732757228,775,0,0,0,8,1234567856494300,can0
1053,1786717980.306785,609651.851504645,485490497,1,0,0,8,66998DED7D150000,can0
1054,1786717980.3090863,609651.85380052,485490497,1,0,0,8,66998BED48000000,can0
1055,1786717980.6246982,609652.169417561,485490497,1,0,0,8,66998BED49000000,can0
1056,1786717980.6719806,609652.216701686,485490497,1,0,0,8,6699BCED83B90100,can0
1057,1786717980.6731954,609652.217912436,485490497,1,0,0,8,6699CCEC6D7C0000,can0
1058,1786717980.6742032,609652.218918311,485490497,1,0,0,8,6699CBEC32750000,can0
1059,1786717980.675064,609652.219777811,485490497,1,0,0,8,6699DCEC97AA0000,can0
1060,1786717980.6815968,609652.22631577,485490497,1,0,0,8,6699DBEC68780000,can0
1061,1786717980.6825705,609652.22728577,485490497,1,0,0,8,6699ECEC228B0000,can0
1062,1786717980.68357,609652.228285853,485490497,1,0,0,8,6699EBEC947B0000,can0
1063,1786717980.684528,609652.22924277,485490497,1,0,0,8,6699FCEC9A070000,can0
1064,1786717980.6850834,609652.229795936,485490497,1,0,0,8,6699FBEC08550000,can0
1065,1786717980.7666554,609652.311377561,485490496,1,0,0,8,6699DBED7A120000,can0
1066,1786717980.827695,609652.372414437,485490496,1,0,0,8,6699BCED651C0200,can0
1067,1786717980.828596,609652.373311437,485490496,1,0,0,8,6699B1ED74917900,can0
1068,1786717980.8292418,609652.373955062,485490496,1,0,0,8,6699CCEC93A80000,can0
1069,1786717980.829794,609652.374507437,485490496,1,0,0,8,6699CBEC82780000,can0
1070,1786717980.8302982,609652.37501202,485490496,1,0,0,8,6699DCECD79C0000,can0
1071,1786717980.8482895,609652.393005437,485490496,1,0,0,8,6699DBECC97B0000,can0
1072,1786717980.8489497,609652.393662353,485490496,1,0,0,8,6699ECEC42690000,can0
1073,1786717980.8495886,609652.394300978,485490496,1,0,0,8,6699EBEC59780000,can0
1074,1786717980.8501139,609652.394826228,485490496,1,0,0,8,6699FCECA76D0000,can0
1075,1786717980.850612,609652.395324478,485490496,1,0,0,8,6699FBECAC4A0000,can0
1076,1786717980.9100647,609652.454785228,485490657,1,0,0,8,6699FF0FAC260000,can0
1077,1786717980.9121401,609652.45685852,485490657,1,0,0,8,66991C20D846FFFF,can0
1078,1786717981.0060577,609652.550777603,485490496,1,0,0,8,66998DED7D150000,can0
1079,1786717981.0529401,609652.597660437,435295296,1,0,0,8,007D151801047452,can0
1080,1786717981.0546145,609652.59933027,435294784,1,0,0,8,C00B520000FFFFFF,can0
1081,1786717981.0559833,609652.60069952,435294784,1,0,0,8,C1FF4A00FFFFFFFF,can0
1082,1786717981.056857,609652.601572562,435357504,1,0,0,8,52010D0C8B0000FF,can0
1083,1786717981.0577438,609652.602458937,435294784,1,0,0,8,C00B520103FFFFFF,can0
1084,1786717981.0586114,609652.603325895,435294784,1,0,0,8,C1FFFFFFFFFFFFFF,can0
1085,1786717981.0593963,609652.60411052,435357504,1,0,0,8,5202610C7E0000FF,can0
1086,1786717981.060073,609652.604786895,435294784,1,0,0,8,A00B520203FFFFFF,can0
1087,1786717981.0607338,609652.605447562,435294784,1,0,0,8,A1FFFFFFFFFFFFFF,can0
1088,1786717981.0614157,609652.60612852,435357504,1,0,0,8,52030A0C560000FF,can0
1089,1786717981.0690842,609652.613803103,435294784,1,0,0,8,A00B520303FFFFFF,can0
1090,1786717981.0718906,609652.616608187,435294784,1,0,0,8,A1FFFFFFFFFFFFFF,can0
1091,1786717981.0726955,609652.617409812,435357504,1,0,0,8,52047907950000FF,can0
1092,1786717981.0732815,609652.61799452,435294784,1,0,0,8,A00B520403FFFFFF,can0
1093,1786717981.0738215,609652.618534562,435294784,1,0,0,8,A1FFFFFFFFFFFFFF,can0
1094,1786717981.0743368,609652.619048687,435357248,1,0,0,8,52FFFC00FFFFFFFF,can0
1095,1786717981.1770139,609652.721732937,485441761,1,0,0,8,66990100D0EDFCFF,can0
1096,1786717981.1785588,609652.723273937,485441761,1,0,0,8,66990100DCEDFEFF,can0
1097,1786717981.182187,609652.72690602,485441761,1,0,0,8,66990100DAEDFFFF,can0
1098,1786717981.1903737,609652.73509002,485441761,1,0,0,8,669901002720FFFF,can0
1099,1786717981.1922858,609652.737000395,773,0,0,0,8,0000000000000000,can0
1100,1786717981.1929464,609652.737659562,775,0,0,0,8,1234567856494300,can0
1101,1786717981.1966233,609652.741341187,485490496,1,0,0,8,6699DAED00000000,can0
1102,1786717981.1998508,609652.74456877,485490496,1,0,0,8,6699272066D50300,can0
1103,1786717981.201396,609652.746111437,485490496,1,0,0,8,6699DCED95200000,can0
1104,1786717981.2020767,609652.746789853,485490496,1,0,0,8,6699DDEDE6830200,can0
1105,1786717981.2034953,609652.748212187,485490496,1,0,0,8,6699D0ED730E0000,can0
1106,1786717981.204378,609652.749093603,485490496,1,0,0,8,6699D1EDF9030000,can0
1107,1786717981.2051945,609652.749908062,485490496,1,0,0,8,6699D2ED420E0000,can0
1108,1786717981.2074008,609652.75211527,485490496,1,0,0,8,6699D3EDC9020000,can0
1109,1786717981.212233,609652.756949853,485490497,1,0,0,8,66990102FC000000,can0
1110,1786717981.213877,609652.758593853,485490497,1,0,0,8,66990A02FC000000,can0
1111,1786717981.2559927,609652.80072827,435295297,1,0,0,8,007D15C400047479,can0
1112,1786717981.2573538,609652.802142895,435294785,1,0,0,8,C00B790000FFFFFF,can0
1113,1786717981.2584538,609652.803167103,435294785,1,0,0,8,C1FF4900FFFFFFFF,can0
1114,1786717981.2594655,609652.804179645,435357505,1,0,0,8,7901AF0B6B0000FF,can0
1115,1786717981.2604215,609652.80513627,435294785,1,0,0,8,C00B790103FFFFFF,can0
1116,1786717981.2612898,609652.806007187,435294785,1,0,0,8,C1FFFFFFFFFFFFFF,can0
1117,1786717981.2627661,609652.807483187,435357505,1,0,0,8,79020A0C8F0000FF,can0
1118,1786717981.2645793,609652.809294812,435294785,1,0,0,8,A00B790203FFFFFF,can0
1119,1786717981.2659853,609652.810702812,435294785,1,0,0,8,A1FFFFFFFFFFFFFF,can0
1120,1786717981.2669885,609652.811702687,435357505,1,0,0,8,79035B0C710000FF,can0
1121,1786717981.267909,609652.812623437,435294785,1,0,0,8,A00B790303FFFFFF,can0
1122,1786717981.2712898,609652.816007437,435294785,1,0,0,8,A1FFFFFFFFFFFFFF,can0
1123,1786717981.2723668,609652.817088103,435357505,1,0,0,8,79048108090000FF,can0
1124,1786717981.2732198,609652.817934478,435294785,1,0,0,8,A00B790403FFFFFF,can0
1125,1786717981.2741952,609652.818911145,435294785,1,0,0,8,A1FFFFFFFFFFFFFF,can0
1126,1786717981.2749732,609652.819687353,435357249,1,0,0,8,79FFFC00FFFFFFFF,can0
1127,1786717981.276718,609652.821433728,485490497,1,0,0,8,6699000201000000,can0
1128,1786717981.2775726,609652.822287437,485490497,1,0,0,8,6699020200000000,can0
1129,1786717981.278356,609652.82306952,485490497,1,0,0,8,6699070200000000,can0
1130,1786717981.2793255,609652.824041395,485490497,1,0,0,8,66991E0300000000,can0
1131,1786717981.2806356,609652.825360978,485490497,1,0,0,8,66991C0300000000,can0
1132,1786717981.2821035,609652.826818645,485490497,1,0,0,8,66998DED7D150000,can0
1133,1786717981.3104796,609652.855198937,485490497,1,0,0,8,66998FEDC4000000,can0
1134,1786717981.3113976,609652.85611102,485490497,1,0,0,8,6699ECED04740000,can0
1135,1786717981.3124225,609652.857136687,485490497,1,0,0,8,6699DAED00000000,can0
1136,1786717981.3586855,609652.903404687,502267712,1,0,0,8,A01D6699431001A8,can0
1137,1786717981.359679,609652.904393187,502267712,1,0,0,8,A10E0A00FF3F0000,can0
1138,1786717981.3603392,609652.905052937,502267712,1,0,0,8,A200000000000000,can0
1139,1786717981.360933,609652.90564627,502267712,1,0,0,8,A300000000000000,can0
1140,1786717981.3614972,609652.906209437,502267712,1,0,0,8,A40000FFFFFFFFFF,can0
1141,1786717981.3620548,609652.906768103,502267712,1,0,0,8,C01D669942100117,can0
1142,1786717981.3625937,609652.907306937,502267712,1,0,0,8,C19DA20162A00400,can0
1143,1786717981.3652065,609652.90992177,502267712,1,0,0,8,C200000000000000,can0
1144,1786717981.367061,609652.91177752,502267712,1,0,0,8,C300110000000000,can0
1145,1786717981.3679552,609652.912671812,502267712,1,0,0,8,C40000FFFFFFFFFF,can0
1146,1786717981.5134141,609653.058134229,485490497,1,0,0,8,6699B3ED01000000,can0
1147,1786717981.5143588,609653.05907427,485490497,1,0,0,8,6699BCEDD5B90100,can0
1148,1786717981.6058445,609653.150565979,502267713,1,0,0,8,E026669950100000,can0
1149,1786717981.6067932,609653.15150852,502267713,1,0,0,8,E1010000FFFFFFFF,can0
1150,1786717981.607552,609653.152266895,502267713,1,0,0,8,E28515AF14000000,can0
1151,1786717981.608265,609653.152978479,502267713,1,0,0,8,E30000CC02000000,can0
1152,1786717981.6089725,609653.153687937,502267713,1,0,0,8,E400350900009F01,can0
1153,1786717981.6099088,609653.154624354,502267713,1,0,0,8,E58A9A1300FFFFFF,can0
1154,1786717981.6218095,609653.16653027,485490497,1,0,0,8,66998BED48000000,can0
1155,1786717981.6731157,609653.217835937,485490497,1,0,0,8,6699BCEDD5B90100,can0
1156,1786717981.6743126,609653.21903002,485490497,1,0,0,8,6699CCECA47C0000,can0
1157,1786717981.675529,609653.220245312,485490497,1,0,0,8,6699CBEC26750000,can0
1158,1786717981.6768374,609653.22155277,485490497,1,0,0,8,6699DCECF0AA0000,can0
1159,1786717981.6779625,609653.222676937,485490497,1,0,0,8,6699DBEC62780000,can0
1160,1786717981.6787806,609653.22349577,485490497,1,0,0,8,6699ECEC268B0000,can0
1161,1786717981.6796744,609653.224389229,485490497,1,0,0,8,6699EBEC907B0000,can0
1162,1786717981.6811733,609653.225888479,485490497,1,0,0,8,6699FCEC8C070000,can0
1163,1786717981.6835487,609653.228265729,485490497,1,0,0,8,6699FBEC08550000,can0
1164,1786717981.7630885,609653.307816562,485490497,1,0,0,8,66994E0301000000,can0
1165,1786717981.768549,609653.313268937,485490496,1,0,0,8,66998DED7D150000,can0
1166,1786717981.7694848,609653.314200354,485490496,1,0,0,8,6699DBED7A120000,can0
1167,1786717981.8190527,609653.363773229,485490496,1,0,0,8,6699BCED4A1C0200,can0
1168,1786717981.8202193,609653.364933437,485490496,1,0,0,8,6699B1ED3F8E7900,can0
1169,1786717981.821116,609653.365834354,485490496,1,0,0,8,6699CCECA2A80000,can0
1170,1786717981.8220375,609653.366752937,485490496,1,0,0,8,6699CBEC85780000,can0
1171,1786717981.8236732,609653.368389562,485490496,1,0,0,8,6699DCEC309D0000,can0
1172,1786717981.8244967,609653.369212479,485490496,1,0,0,8,6699DBECCF7B0000,can0
1173,1786717981.8252347,609653.369948687,485490496,1,0,0,8,6699ECECDA680000,can0
1174,1786717981.8267574,609653.37147227,485490496,1,0,0,8,6699EBEC5E780000,can0
1175,1786717981.8274953,609653.372209312,485490496,1,0,0,8,6699FCECD06D0000,can0
1176,1786717981.8289547,609653.373668812,485490496,1,0,0,8,6699FBECB24A0000,can0
1177,1786717981.9080453,609653.452765229,485490497,1,0,0,8,66998DED7E150000,can0
1178,1786717981.9157012,609653.460420895,485490657,1,0,0,8,6699FF0FAC260000,can0
1179,1786717981.9191957,609653.463915104,485490657,1,0,0,8,66991C206848FFFF,can0
1180,1786717982.1839025,609653.728626854,773,0,0,0,8,0000000000000000,can0
1181,1786717982.1851048,609653.72981927,775,0,0,0,8,1234567856494300,can0
1182,1786717982.2649443,609653.809661271,502267713,1,0,0,8,0026669950100001,can0
1183,1786717982.2659397,609653.810655437,502267713,1,0,0,8,01010000FFFFFFFF,can0
1184,1786717982.266883,609653.811596937,502267713,1,0,0,8,028515AF14000000,can0
1185,1786717982.2676132,609653.812327729,502267713,1,0,0,8,030000CC02000000,can0
1186,1786717982.268324,609653.813038604,502267713,1,0,0,8,0400350900009F01,can0
1187,1786717982.2764385,609653.821153896,502267713,1,0,0,8,058A9A1300FFFFFF,can0
1188,1786717982.2772312,609653.821945437,502267713,1,0,0,8,20286699A0100013,can0
1189,1786717982.2780063,609653.822724312,502267713,1,0,0,8,210031003F003700,can0
1190,1786717982.2801337,609653.824848646,502267713,1,0,0,8,225A002C02BF04E1,can0
1191,1786717982.2808318,609653.825545729,502267713,1,0,0,8,230148055799FB98,can0
1192,1786717982.2865245,609653.831239687,502267713,1,0,0,8,248A9A9E5CFFFFFF,can0
1193,1786717982.2871947,609653.831908479,502267713,1,0,0,8,25FFFFFFFFFFFFFF,can0
1194,1786717982.287768,609653.832481396,502267713,1,0,0,8,402666994F100100,can0
1195,1786717982.2882667,609653.832979229,502267713,1,0,0,8,41430000004F1100,can0
1196,1786717982.2888107,609653.833525021,502267713,1,0,0,8,4200D52800008A9A,can0
1197,1786717982.289337,609653.834049562,502267713,1,0,0,8,43ED15088D11FFFF,can0
1198,1786717982.2898872,609653.834600812,502267713,1,0,0,8,44FFFFFFFFFFFFFF,can0
1199,1786717982.290581,609653.835295271,502267713,1,0,0,8,45FFFFFFFFFFFFFF,can0
1200,1786717982.2912092,609653.835922937,485490497,1,0,0,8,6699DCED4F110000,can0
1201,1786717982.2936428,609653.838357187,485490497,1,0,0,8,6699DDEDD5280000,can0
1202,1786717982.2945344,609653.839247896,485490497,1,0,0,8,6699D3ED01010000,can0
1203,1786717982.3840358,609653.928756854,485490657,1,0,0,8,669901207C150000,can0
1204,1786717982.3850412,609653.929756646,485490657,1,0,0,8,66990E200D000000,can0
1205,1786717982.4092228,609653.953942187,502267712,1,0,0,8,E0266699501000CA,can0
1206,1786717982.4109092,609653.955625896,502267712,1,0,0,8,E1020000FFFFFFFF,can0
1207,1786717982.414185,609653.958899687,502267712,1,0,0,8,E28515AB14000000,can0
1208,1786717982.4157689,609653.960485271,502267712,1,0,0,8,E30000CD02000000,can0
1209,1786717982.4169383,609653.961652312,502267712,1,0,0,8,E400420E00009602,can0
1210,1786717982.417752,609653.962464854,502267712,1,0,0,8,E5EE9A4001FFFFFF,can0
1211,1786717982.4199479,609653.964664896,502267712,1,0,0,8,00286699A0100040,can0
1212,1786717982.4211423,609653.965855729,502267712,1,0,0,8,0101410090002601,can0
1213,1786717982.4218965,609653.966611104,502267712,1,0,0,8,02D300BE024A044E,can0
1214,1786717982.4226093,609653.967324229,502267712,1,0,0,8,030D750AB5980E9A,can0
1215,1786717982.4232926,609653.968005854,502267712,1,0,0,8,04EE9A9C5FFFFFFF,can0
1216,1786717982.4239588,609653.968673562,502267712,1,0,0,8,05FFFFFFFFFFFFFF,can0
1217,1786717982.424629,609653.969343062,502267712,1,0,0,8,202666994F100100,can0
1218,1786717982.4256034,609653.970320979,502267712,1,0,0,8,2143000000962000,can0
1219,1786717982.4264665,609653.971181979,502267712,1,0,0,8,2200E7830200EE9A,can0
1220,1786717982.4272532,609653.971965771,502267712,1,0,0,8,23EE1508DE11FFFF,can0
1221,1786717982.4282877,609653.973001104,502267712,1,0,0,8,24FFFFFFFFFFFFFF,can0
1222,1786717982.4289412,609653.973654479,502267712,1,0,0,8,25FFFFFFFFFFFFFF,can0
1223,1786717982.4298441,609653.974557479,485490496,1,0,0,8,6699DCED96200000,can0
1224,1786717982.431189,609653.975905562,485490496,1,0,0,8,6699DDEDE7830200,can0
1225,1786717982.432055,609653.976770146,485490496,1,0,0,8,6699D3EDCA020000,can0
1226,1786717982.5529473,609654.097667854,435295296,1,0,0,8,007C151801047470,can0
1227,1786717982.5540206,609654.098734187,435294784,1,0,0,8,E00B700000FFFFFF,can0
1228,1786717982.5546591,609654.099371562,435294784,1,0,0,8,E1FF4A00FFFFFFFF,can0
1229,1786717982.555198,609654.099910687,435357504,1,0,0,8,70010E0C8B0000FF,can0
1230,1786717982.5564938,609654.101209271,435294784,1,0,0,8,E00B700103FFFFFF,can0
1231,1786717982.5572858,609654.102000354,435294784,1,0,0,8,E1FFFFFFFFFFFFFF,can0
1232,1786717982.558081,609654.102795354,435357504,1,0,0,8,7002620C800000FF,can0
1233,1786717982.558832,609654.103546937,435294784,1,0,0,8,C00B700203FFFFFF,can0
1234,1786717982.5595648,609654.104279562,435294784,1,0,0,8,C1FFFFFFFFFFFFFF,can0
1235,1786717982.5602956,609654.105010812,435357504,1,0,0,8,70030A0C570000FF,can0
1236,1786717982.5610325,609654.105747271,435294784,1,0,0,8,C00B700303FFFFFF,can0
1237,1786717982.5618486,609654.106563312,435294784,1,0,0,8,C1FFFFFFFFFFFFFF,can0
1238,1786717982.562709,609654.107424104,435357504,1,0,0,8,70047807910000FF,can0
1239,1786717982.5634422,609654.108156646,435294784,1,0,0,8,C00B700403FFFFFF,can0
1240,1786717982.564139,609654.108853062,435294784,1,0,0,8,C1FFFFFFFFFFFFFF,can0
1241,1786717982.5651922,609654.109905521,435357248,1,0,0,8,70FFFC00FFFFFFFF,can0
1242,1786717982.5660014,609654.110715646,233966912,1,0,0,8,0001FDFFFFFFFFFF,can0
1243,1786717982.6183202,609654.163041229,485490497,1,0,0,8,66998DED7D150000,can0
1244,1786717982.6717427,609654.216462146,485490497,1,0,0,8,6699BCED4AB90100,can0
1245,1786717982.6755927,609654.220313604,485490497,1,0,0,8,6699CCEC3C7C0000,can0
1246,1786717982.6767302,609654.221444896,485490497,1,0,0,8,6699CBECCD740000,can0
1247,1786717982.677741,609654.222456187,485490497,1,0,0,8,6699DCECBDAA0000,can0
1248,1786717982.679502,609654.224217354,485490497,1,0,0,8,6699DBEC6B780000,can0
1249,1786717982.6802802,609654.224992479,485490497,1,0,0,8,6699ECEC3A8B0000,can0
1250,1786717982.6810071,609654.225721396,485490497,1,0,0,8,6699EBEC987B0000,can0
1251,1786717982.6817236,609654.226436812,485490497,1,0,0,8,6699FCEC5B070000,can0
1252,1786717982.6824152,609654.227129187,485490497,1,0,0,8,6699FBEC08550000,can0
1253,1786717982.754562,609654.299281896,435295297,1,0,0,8,007D15C400047497,can0
1254,1786717982.7556891,609654.300404937,435294785,1,0,0,8,E00B970000FFFFFF,can0
1255,1786717982.7570422,609654.301757354,435294785,1,0,0,8,E1FF4800FFFFFFFF,can0
1256,1786717982.7581468,609654.302861562,435357505,1,0,0,8,9701AE0B6B0000FF,can0
1257,1786717982.759102,609654.303816771,435294785,1,0,0,8,E00B970103FFFFFF,can0
1258,1786717982.7600157,609654.304731937,435294785,1,0,0,8,E1FFFFFFFFFFFFFF,can0
1259,1786717982.760974,609654.305687937,435357505,1,0,0,8,97020B0C8D0000FF,can0
1260,1786717982.762023,609654.306737687,435294785,1,0,0,8,C00B970203FFFFFF,can0
1261,1786717982.7630398,609654.307756354,435294785,1,0,0,8,C1FFFFFFFFFFFFFF,can0
1262,1786717982.76422,609654.308935062,435357505,1,0,0,8,97035C0C700000FF,can0
1263,1786717982.7648761,609654.309588729,435294785,1,0,0,8,C00B970303FFFFFF,can0
1264,1786717982.7664247,609654.311139937,435294785,1,0,0,8,C1FFFFFFFFFFFFFF,can0
1265,1786717982.7673423,609654.312056521,435357505,1,0,0,8,97048108090000FF,can0
1266,1786717982.7681317,609654.312845979,435294785,1,0,0,8,C00B970403FFFFFF,can0
1267,1786717982.7697194,609654.314436437,435294785,1,0,0,8,C1FFFFFFFFFFFFFF,can0
1268,1786717982.7706537,609654.315367229,435357249,1,0,0,8,97FFFC00FFFFFFFF,can0
1269,1786717982.771568,609654.316280979,485490496,1,0,0,8,66998DED7D150000,can0
1270,1786717982.7789478,609654.323667396,485442017,1,0,0,8,66990100D0EDFCFF,can0
1271,1786717982.7809408,609654.325654437,485442017,1,0,0,8,66990100DCEDFEFF,can0
1272,1786717982.7815568,609654.326269437,485442017,1,0,0,8,66990100DAEDFFFF,can0
1273,1786717982.7820828,609654.326796229,485442017,1,0,0,8,669901002720FFFF,can0
1274,1786717982.7825701,609654.327282937,485490497,1,0,0,8,6699DAED00000000,can0
1275,1786717982.7833428,609654.328057771,485490497,1,0,0,8,6699272086D50300,can0
1276,1786717982.8189313,609654.363651896,485490497,1,0,0,8,6699DCED4F110000,can0
1277,1786717982.8201525,609654.364866271,485490496,1,0,0,8,6699BCED681C0200,can0
1278,1786717982.821067,609654.365786979,485490496,1,0,0,8,6699B1ED409E7900,can0
1279,1786717982.8217244,609654.366437396,485490497,1,0,0,8,6699DDEDD5280000,can0
1280,1786717982.822308,609654.367021021,485490496,1,0,0,8,6699CCECB3A80000,can0
1281,1786717982.8231046,609654.367821937,485490496,1,0,0,8,6699CBEC7F780000,can0
1282,1786717982.8245814,609654.369296104,485490497,1,0,0,8,6699D0ED38080000,can0
1283,1786717982.8271816,609654.371898021,485490496,1,0,0,8,6699DCEC0B9D0000,can0
1284,1786717982.828148,609654.372861729,485490496,1,0,0,8,6699DBECD17B0000,can0
1285,1786717982.8288739,609654.373587187,485490497,1,0,0,8,6699D1ED29010000,can0
1286,1786717982.8295727,609654.374286937,485490496,1,0,0,8,6699ECEC7A680000,can0
1287,1786717982.8305569,609654.375272771,485490497,1,0,0,8,6699D2ED35090000,can0
1288,1786717982.8313673,609654.376081479,485490496,1,0,0,8,6699EBEC60780000,can0
1289,1786717982.8319433,609654.376655812,485490497,1,0,0,8,6699D3ED01010000,can0
1290,1786717982.8324077,609654.377121354,485490496,1,0,0,8,6699FCECDA6D0000,can0
1291,1786717982.8328993,609654.377611396,485490496,1,0,0,8,6699FBECB54A0000,can0
1292,1786717982.903087,609654.447807188,418316096,1,0,0,8,D81EC82C00A046C0,can0
1293,1786717982.9133449,609654.458064188,485441761,1,0,0,8,669915203D030000,can0
1294,1786717982.9143925,609654.459106896,485490496,1,0,0,8,669915203D030000,can0
1295,1786717982.9285495,609654.473269438,485442017,1,0,0,8,6699152003030000,can0
1296,1786717982.9308457,609654.475564896,485490497,1,0,0,8,6699152003030000,can0
1297,1786717982.9342444,609654.478960313,485490657,1,0,0,8,6699FF0FAC260000,can0
1298,1786717982.9351568,609654.479872021,485490657,1,0,0,8,66991C20A047FFFF,can0
1299,1786717983.0397754,609654.584495521,485490657,1,0,0,8,669902207C150000,can0
1300,1786717983.0476308,609654.592362354,485490657,1,0,0,8,669903204C090000,can0
1301,1786717983.1809335,609654.725653979,773,0,0,0,8,0000000000000000,can0
1302,1786717983.1823852,609654.727098979,775,0,0,0,8,1234567856494300,can0
1303,1786717983.5106232,609655.055343104,485490496,1,0,0,8,66990102FC000000,can0
1304,1786717983.5115995,609655.056315479,485490496,1,0,0,8,66990A02FC000000,can0
1305,1786717983.559551,609655.104268063,485490496,1,0,0,8,6699000201000000,can0
1306,1786717983.5607014,609655.105418479,485490496,1,0,0,8,6699020200000000,can0
1307,1786717983.568822,609655.113539563,485490496,1,0,0,8,6699070200000000,can0
1308,1786717983.5699515,609655.114667104,485490496,1,0,0,8,66991E0300000000,can0
1309,1786717983.5707564,609655.115469896,485490496,1,0,0,8,66991C0300000000,can0
1310,1786717983.5885425,609655.133258896,485490496,1,0,0,8,66998DED7D150000,can0
1311,1786717983.6069067,609655.151626021,485490496,1,0,0,8,66998FED18010000,can0
1312,1786717983.6077695,609655.152483313,485490496,1,0,0,8,6699ECED04740000,can0
1313,1786717983.6111944,609655.155914521,485490496,1,0,0,8,6699DAED00000000,can0
1314,1786717983.6184268,609655.163144646,485490497,1,0,0,8,66998DED7D150000,can0
1315,1786717983.6722226,609655.216942938,485490497,1,0,0,8,6699BCED0CBA0100,can0
1316,1786717983.6733482,609655.218062105,485490497,1,0,0,8,6699CCEC3A7C0000,can0
1317,1786717983.6740603,609655.218774563,485490497,1,0,0,8,6699CBECCB740000,can0
1318,1786717983.6749802,609655.21970298,485490497,1,0,0,8,6699DCECD9AA0000,can0
1319,1786717983.6761303,609655.22084423,485490497,1,0,0,8,6699DBEC71780000,can0
1320,1786717983.6770341,609655.221748646,485490497,1,0,0,8,6699ECEC7C8B0000,can0
1321,1786717983.678242,609655.223032146,485490497,1,0,0,8,6699EBEC9D7B0000,can0
1322,1786717983.6794205,609655.224135313,485490497,1,0,0,8,6699FCECC1070000,can0
1323,1786717983.6804237,609655.225138313,485490497,1,0,0,8,6699FBEC09550000,can0
1324,1786717983.811156,609655.355876271,485490496,1,0,0,8,6699B3ED01000000,can0
1325,1786717983.8123593,609655.35707473,485490496,1,0,0,8,6699BCED8B1B0200,can0
1326,1786717983.8219585,609655.366678521,485490496,1,0,0,8,6699BCED8B1B0200,can0
1327,1786717983.8230715,609655.367785313,485490496,1,0,0,8,6699B1ED3D847900,can0
1328,1786717983.8238971,609655.36861048,485490496,1,0,0,8,6699CCEC7EA80000,can0
1329,1786717983.82451,609655.369223146,485490496,1,0,0,8,6699CBEC7A780000,can0
1330,1786717983.8251066,609655.369822188,485490496,1,0,0,8,6699DCECE09C0000,can0
1331,1786717983.8264432,609655.371158021,485490496,1,0,0,8,6699DBECD47B0000,can0
1332,1786717983.8285875,609655.373306146,485490496,1,0,0,8,6699ECECAA680000,can0
1333,1786717983.830109,609655.374826688,485490496,1,0,0,8,6699EBEC62780000,can0
1334,1786717983.8311796,609655.37589573,485490496,1,0,0,8,6699FCECAB6D0000,can0
1335,1786717983.8322663,609655.376982313,485490496,1,0,0,8,6699FBECB64A0000,can0
1336,1786717983.9033873,609655.448107646,502267712,1,0,0,8,40266699501000CA,can0
1337,1786717983.9043622,609655.449078105,502267712,1,0,0,8,41020000FFFFFFFF,can0
1338,1786717983.9052353,609655.449950563,502267712,1,0,0,8,428515AB14000000,can0
1339,1786717983.9072347,609655.451950021,502267712,1,0,0,8,430000CD02000000,can0
1340,1786717983.9079394,609655.45265398,502267712,1,0,0,8,4400420E00009602,can0
1341,1786717983.9087427,609655.453455896,502267712,1,0,0,8,45EE9A4001FFFFFF,can0
1342,1786717983.9188242,609655.463542896,485490657,1,0,0,8,6699FF0FAC260000,can0
1343,1786717983.9224014,609655.467117271,485490657,1,0,0,8,66991C20AC45FFFF,can0
1344,1786717984.0067337,609655.551473313,485490497,1,0,0,8,66998BED49000000,can0
1345,1786717984.055657,609655.600377063,435295296,1,0,0,8,007D15180104748E,can0
1346,1786717984.0567732,609655.601489063,435294784,1,0,0,8,000B8E0000FFFFFF,can0
1347,1786717984.0576203,609655.602334063,435294784,1,0,0,8,01FF4A00FFFFFFFF,can0
1348,1786717984.058547,609655.603261605,435357504,1,0,0,8,8E010B0C8C0000FF,can0
1349,1786717984.0594616,609655.604177146,435294784,1,0,0,8,000B8E0103FFFFFF,can0
1350,1786717984.0604324,609655.605147688,435294784,1,0,0,8,01FFFFFFFFFFFFFF,can0
1351,1786717984.0614698,609655.606184896,435357504,1,0,0,8,8E02620C7D0000FF,can0
1352,1786717984.0622964,609655.607010813,435294784,1,0,0,8,E00B8E0203FFFFFF,can0
1353,1786717984.0630257,609655.60773998,435294784,1,0,0,8,E1FFFFFFFFFFFFFF,can0
1354,1786717984.0637488,609655.608463146,435357504,1,0,0,8,8E030A0C560000FF,can0
1355,1786717984.064364,609655.609077188,435294784,1,0,0,8,E00B8E0303FFFFFF,can0
1356,1786717984.0649567,609655.609671063,435294784,1,0,0,8,E1FFFFFFFFFFFFFF,can0
1357,1786717984.081862,609655.626577105,435357504,1,0,0,8,8E047807930000FF,can0
1358,1786717984.0843883,609655.629104938,435294784,1,0,0,8,E00B8E0403FFFFFF,can0
1359,1786717984.0928922,609655.637606563,435294784,1,0,0,8,E1FFFFFFFFFFFFFF,can0
1360,1786717984.0965424,609655.641257605,435357248,1,0,0,8,8EFFFC00FFFFFFFF,can0
1361,1786717984.0972736,609655.641988521,485490496,1,0,0,8,66994E0301000000,can0
1362,1786717984.1875973,609655.73231773,773,0,0,0,8,0000000000000000,can0
1363,1786717984.188745,609655.73345898,775,0,0,0,8,1234567856494300,can0
1364,1786717984.2566285,609655.801347271,435295297,1,0,0,8,007C15C4000474B5,can0
1365,1786717984.2575111,609655.802225355,435294785,1,0,0,8,000BB50000FFFFFF,can0
1366,1786717984.258335,609655.803049813,435294785,1,0,0,8,01FF4900FFFFFFFF,can0
1367,1786717984.2590516,609655.803765896,435357505,1,0,0,8,B501B50B6B0000FF,can0
1368,1786717984.259768,609655.804482771,435294785,1,0,0,8,000BB50103FFFFFF,can0
1369,1786717984.2605853,609655.805300313,435294785,1,0,0,8,01FFFFFFFFFFFFFF,can0
1370,1786717984.2613392,609655.806054105,435357505,1,0,0,8,B5020A0C8D0000FF,can0
1371,1786717984.2621207,609655.806834688,435294785,1,0,0,8,E00BB50203FFFFFF,can0
1372,1786717984.262948,609655.807663355,435294785,1,0,0,8,E1FFFFFFFFFFFFFF,can0
1373,1786717984.2637832,609655.808497938,435357505,1,0,0,8,B5035B0C700000FF,can0
1374,1786717984.2646272,609655.809342313,435294785,1,0,0,8,E00BB50303FFFFFF,can0
1375,1786717984.2652252,609655.80993898,435294785,1,0,0,8,E1FFFFFFFFFFFFFF,can0
1376,1786717984.2738771,609655.818593646,435357505,1,0,0,8,B5048108080000FF,can0
1377,1786717984.2748463,609655.819560271,435294785,1,0,0,8,E00BB50403FFFFFF,can0
1378,1786717984.2761416,609655.820873105,435294785,1,0,0,8,E1FFFFFFFFFFFFFF,can0
1379,1786717984.2811997,609655.82591548,435357249,1,0,0,8,B5FFFC00FFFFFFFF,can0
1380,1786717984.2820022,609655.826717396,233966913,1,0,0,8,0001FDFFFFFFFFFF,can0
1381,1786717984.282742,609655.827456396,485490497,1,0,0,8,66998FEDC5000000,can0
1382,1786717984.6077578,609656.152478855,485490497,1,0,0,8,6699DBED5C120000,can0
1383,1786717984.6187756,609656.16349498,485490497,1,0,0,8,66998DED7D150000,can0
1384,1786717984.6204796,609656.165196272,485490497,1,0,0,8,66998FEDC5000000,can0
1385,1786717984.6581166,609656.202836105,485490497,1,0,0,8,6699DBED52120000,can0
1386,1786717984.6727827,609656.217505188,485490497,1,0,0,8,6699BCED0BBA0100,can0
1387,1786717984.6740332,609656.218749063,485490497,1,0,0,8,6699CCEC747C0000,can0
1388,1786717984.675222,609656.21993673,485490497,1,0,0,8,6699CBECBE740000,can0
1389,1786717984.6762009,609656.220915063,485490497,1,0,0,8,6699DCECAFAA0000,can0
1390,1786717984.676734,609656.22144723,485490497,1,0,0,8,6699DBEC68780000,can0
1391,1786717984.6772609,609656.221973147,485490497,1,0,0,8,6699ECEC528B0000,can0
1392,1786717984.678359,609656.223073563,485490497,1,0,0,8,6699EBEC9C7B0000,can0
1393,1786717984.6791914,609656.22390698,485490497,1,0,0,8,6699FCEC7E070000,can0
1394,1786717984.6799843,609656.224698355,485490497,1,0,0,8,6699FBEC08550000,can0
1395,1786717984.818965,609656.363684772,485490496,1,0,0,8,6699BCED4A1C0200,can0
1396,1786717984.8199215,609656.364634063,485490496,1,0,0,8,6699B1ED71747900,can0
1397,1786717984.8205047,609656.365218438,485490496,1,0,0,8,6699CCECAAA80000,can0
1398,1786717984.8210707,609656.365784563,485490496,1,0,0,8,6699CBEC7C780000,can0
1399,1786717984.8219683,609656.366684688,485490496,1,0,0,8,6699DCEC0D9D0000,can0
1400,1786717984.8227725,609656.367486605,485490496,1,0,0,8,6699DBECD77B0000,can0
1401,1786717984.8264854,609656.371201313,485490496,1,0,0,8,6699ECECBF680000,can0
1402,1786717984.8274155,609656.372129313,485490496,1,0,0,8,6699EBEC68780000,can0
1403,1786717984.827952,609656.372664147,485490496,1,0,0,8,6699FCECA46D0000,can0
1404,1786717984.8283882,609656.373100188,485490496,1,0,0,8,6699FBECB94A0000,can0
1405,1786717984.907551,609656.452271605,485490497,1,0,0,8,66998BED48000000,can0
1406,1786717984.920827,609656.465546563,485490657,1,0,0,8,6699FF0FAC260000,can0
1407,1786717984.923876,609656.468590438,485490657,1,0,0,8,66991C20F849FFFF,can0
1408,1786717985.0546618,609656.599381147,485490496,1,0,0,8,66998DED7C150000,can0
1409,1786717985.18686,609656.731580022,773,0,0,0,8,0000000000000000,can0
1410,1786717985.1877973,609656.732513439,775,0,0,0,8,1234567856494300,can0
1411,1786717985.552501,609657.097221647,435295296,1,0,0,8,007D1518010474AC,can0
1412,1786717985.5534356,609657.09815048,435294784,1,0,0,8,200BAC0000FFFFFF,can0
1413,1786717985.5542004,609657.098914272,435294784,1,0,0,8,21FF4A00FFFFFFFF,can0
1414,1786717985.554948,609657.099662189,435357504,1,0,0,8,AC010D0C8D0000FF,can0
1415,1786717985.5657856,609657.110501397,435294784,1,0,0,8,200BAC0103FFFFFF,can0
1416,1786717985.5668323,609657.111547272,435294784,1,0,0,8,21FFFFFFFFFFFFFF,can0
1417,1786717985.567552,609657.112265439,435357504,1,0,0,8,AC02620C7F0000FF,can0
1418,1786717985.568249,609657.112963439,435294784,1,0,0,8,000BAC0203FFFFFF,can0
1419,1786717985.5689633,609657.113678855,435294784,1,0,0,8,01FFFFFFFFFFFFFF,can0
1420,1786717985.5697203,609657.114434147,435357504,1,0,0,8,AC030A0C570000FF,can0
1421,1786717985.570449,609657.11516348,435294784,1,0,0,8,000BAC0303FFFFFF,can0
1422,1786717985.571173,609657.115887064,435294784,1,0,0,8,01FFFFFFFFFFFFFF,can0
1423,1786717985.5718615,609657.116575314,435357504,1,0,0,8,AC047807930000FF,can0
1424,1786717985.572526,609657.117240689,435294784,1,0,0,8,000BAC0403FFFFFF,can0
1425,1786717985.5731983,609657.117912522,435294784,1,0,0,8,01FFFFFFFFFFFFFF,can0
1426,1786717985.5739398,609657.11865473,435357248,1,0,0,8,ACFFFC00FFFFFFFF,can0
1427,1786717985.6176825,609657.162402314,485490497,1,0,0,8,66998DED7D150000,can0
1428,1786717985.6196969,609657.164415522,485490497,1,0,0,8,6699DBED52120000,can0
1429,1786717985.6717703,609657.216490397,485490497,1,0,0,8,6699BCED89BA0100,can0
1430,1786717985.6745813,609657.219302564,485490497,1,0,0,8,6699CCEC637C0000,can0
1431,1786717985.681693,609657.226409022,485490497,1,0,0,8,6699CBECC0740000,can0
1432,1786717985.6825275,609657.227242355,485490497,1,0,0,8,6699DCECB8AA0000,can0
1433,1786717985.6833122,609657.22802673,485490497,1,0,0,8,6699DBEC6E780000,can0
1434,1786717985.6840715,609657.228786939,485490497,1,0,0,8,6699ECEC3F8B0000,can0
1435,1786717985.6848314,609657.22954598,485490497,1,0,0,8,6699EBEC9D7B0000,can0
1436,1786717985.686116,609657.230831564,485490497,1,0,0,8,6699FCEC9E070000,can0
1437,1786717985.6868923,609657.231606564,485490497,1,0,0,8,6699FBEC0B550000,can0
1438,1786717985.7546425,609657.299361481,435295297,1,0,0,8,007D15C5000474D3,can0
1439,1786717985.7563229,609657.301037397,435294785,1,0,0,8,200BD30000FFFFFF,can0
1440,1786717985.7590187,609657.303736439,435294785,1,0,0,8,21FF4800FFFFFFFF,can0
1441,1786717985.7599094,609657.304624106,435357505,1,0,0,8,D301AD0B6B0000FF,can0
1442,1786717985.7606354,609657.305350147,435294785,1,0,0,8,200BD30103FFFFFF,can0
1443,1786717985.761424,609657.306138689,435294785,1,0,0,8,21FFFFFFFFFFFFFF,can0
1444,1786717985.762187,609657.306901606,435357505,1,0,0,8,D3020B0C8F0000FF,can0
1445,1786717985.7628498,609657.307562522,435294785,1,0,0,8,000BD30203FFFFFF,can0
1446,1786717985.7634525,609657.308165606,435294785,1,0,0,8,01FFFFFFFFFFFFFF,can0
1447,1786717985.7639499,609657.308662522,435357505,1,0,0,8,D3035C0C710000FF,can0
1448,1786717985.7645292,609657.309242231,435294785,1,0,0,8,000BD30303FFFFFF,can0
1449,1786717985.7652342,609657.309947731,435294785,1,0,0,8,01FFFFFFFFFFFFFF,can0
1450,1786717985.7704058,609657.315119481,435357505,1,0,0,8,D3048108080000FF,can0
1451,1786717985.771041,609657.315754814,435294785,1,0,0,8,000BD30403FFFFFF,can0
1452,1786717985.7717097,609657.316423522,435294785,1,0,0,8,01FFFFFFFFFFFFFF,can0
1453,1786717985.778367,609657.323081731,435357249,1,0,0,8,D3FFFC00FFFFFFFF,can0
1454,1786717985.7805684,609657.325283606,485490496,1,0,0,8,66998DED7D150000,can0
1455,1786717985.8188663,609657.363587356,485490496,1,0,0,8,6699BCED2A1C0200,can0
1456,1786717985.8238218,609657.368539356,485490496,1,0,0,8,6699B1ED596B7900,can0
1457,1786717985.8249288,609657.369643314,485490496,1,0,0,8,6699CCECDDA80000,can0
1458,1786717985.828787,609657.373501814,485490496,1,0,0,8,6699CBEC79780000,can0
1459,1786717985.8295114,609657.374225189,485490496,1,0,0,8,6699DCEC1B9D0000,can0
1460,1786717985.8303757,609657.375089856,485490496,1,0,0,8,6699DBECDA7B0000,can0
1461,1786717985.8359618,609657.380678897,485490496,1,0,0,8,6699ECEC98680000,can0
1462,1786717985.836785,609657.381499189,485490496,1,0,0,8,6699EBEC6B780000,can0
1463,1786717985.841235,609657.385950147,485490496,1,0,0,8,6699FCECBA6D0000,can0
1464,1786717985.8421738,609657.386888189,485490496,1,0,0,8,6699FBECB64A0000,can0
1465,1786717985.9201317,609657.464848606,485441761,1,0,0,8,669915203D030000,can0
1466,1786717985.9209528,609657.465666606,485490496,1,0,0,8,669915203D030000,can0
1467,1786717985.9216108,609657.466323981,485442017,1,0,0,8,6699152003030000,can0
1468,1786717985.9222565,609657.466969731,485490497,1,0,0,8,6699152003030000,can0
1469,1786717985.9313462,609657.476066189,485490657,1,0,0,8,6699FF0FAC260000,can0
1470,1786717985.9338021,609657.478517356,485490657,1,0,0,8,66991C206848FFFF,can0
1471,1786717986.0397475,609657.584467814,485490657,1,0,0,8,669902207C150000,can0
1472,1786717986.1803517,609657.725071439,773,0,0,0,8,0000000000000000,can0
1473,1786717986.1815217,609657.726990856,775,0,0,0,8,1234567856494300,can0
1474,1786717986.184266,609657.728984314,485441761,1,0,0,8,66990100D0EDFCFF,can0
1475,1786717986.1869879,609657.731701439,485441761,1,0,0,8,66990100DCEDFEFF,can0
1476,1786717986.1892118,609657.733929189,485441761,1,0,0,8,66990100DAEDFFFF,can0
1477,1786717986.1900337,609657.734747731,485441761,1,0,0,8,669901002720FFFF,can0
1478,1786717986.1908696,609657.735585397,485490496,1,0,0,8,6699DAED00000000,can0
1479,1786717986.192303,609657.737017981,485490496,1,0,0,8,66992720A3D60300,can0
1480,1786717986.212465,609657.757185272,485490497,1,0,0,8,66990102FC000000,can0
1481,1786717986.2155092,609657.760226397,485490497,1,0,0,8,66990A02FC000000,can0
1482,1786717986.2190213,609657.763737481,485490496,1,0,0,8,6699DCED96200000,can0
1483,1786717986.2198663,609657.764579314,485490496,1,0,0,8,6699DDEDE7830200,can0
1484,1786717986.22038,609657.765091897,485490496,1,0,0,8,6699D0ED730E0000,can0
1485,1786717986.2208154,609657.765527772,485490496,1,0,0,8,6699D1EDF9030000,can0
1486,1786717986.2212188,609657.765930814,485490496,1,0,0,8,6699D2ED420E0000,can0
1487,1786717986.221748,609657.766460397,485490496,1,0,0,8,6699D3EDCA020000,can0
1488,1786717986.2611485,609657.805869189,485490497,1,0,0,8,6699000201000000,can0
1489,1786717986.2622552,609657.806970272,485490497,1,0,0,8,6699020200000000,can0
1490,1786717986.2632868,609657.808003064,485490497,1,0,0,8,6699070200000000,can0
1491,1786717986.2644045,609657.809121356,485490497,1,0,0,8,66991E0300000000,can0
1492,1786717986.265235,609657.809949689,485490497,1,0,0,8,66991C0300000000,can0
1493,1786717986.266107,609657.810822397,485490497,1,0,0,8,66998DED7D150000,can0
1494,1786717986.3103342,609657.855056147,485490497,1,0,0,8,66998FEDC5000000,can0
1495,1786717986.3113387,609657.856053981,485490497,1,0,0,8,6699ECED04740000,can0
1496,1786717986.3123488,609657.857064439,485490497,1,0,0,8,6699DAED00000000,can0
1497,1786717986.513285,609658.058004481,485490497,1,0,0,8,6699B3ED01000000,can0
1498,1786717986.5143232,609658.059036439,485490497,1,0,0,8,6699BCEDFBBA0100,can0
1499,1786717986.6056309,609658.150350939,502267713,1,0,0,8,6026669950100001,can0
1500,1786717986.6064777,609658.151191689,502267713,1,0,0,8,61010000FFFFFFFF,can0
1501,1786717986.6089509,609658.153665898,502267713,1,0,0,8,628515AF14000000,can0
1502,1786717986.6102672,609658.154983064,502267713,1,0,0,8,630000CC02000000,can0
1503,1786717986.6134083,609658.158123231,502267713,1,0,0,8,6400350900009F01,can0
1504,1786717986.6142075,609658.158924064,502267713,1,0,0,8,658A9A1300FFFFFF,can0
1505,1786717986.6217642,609658.166484898,485490497,1,0,0,8,6699DBED5C120000,can0
1506,1786717986.656561,609658.201279814,485490497,1,0,0,8,66998DED7E150000,can0
1507,1786717986.6732728,609658.217992523,485490497,1,0,0,8,6699BCEDFBBA0100,can0
1508,1786717986.6744251,609658.219140648,485490497,1,0,0,8,6699CCEC7F7D0000,can0
1509,1786717986.6750598,609658.219773148,485490497,1,0,0,8,6699CBECF5750000,can0
1510,1786717986.676159,609658.220875689,485490497,1,0,0,8,6699DCECEBAA0000,can0
1511,1786717986.67702,609658.221734773,485490497,1,0,0,8,6699DBEC6D780000,can0
1512,1786717986.6777725,609658.222487064,485490497,1,0,0,8,6699ECEC718B0000,can0
1513,1786717986.6791067,609658.223823898,485490497,1,0,0,8,6699EBECA17B0000,can0
1514,1786717986.6802802,609658.224994564,485490497,1,0,0,8,6699FCEC0B070000,can0
1515,1786717986.6811192,609658.225834106,485490497,1,0,0,8,6699FBEC0A550000,can0
1516,1786717986.7624187,609658.307139148,485490497,1,0,0,8,66994E0301000000,can0
1517,1786717986.8189032,609658.363623981,485490496,1,0,0,8,6699BCED771D0200,can0
1518,1786717986.8199573,609658.364672356,485490496,1,0,0,8,6699B1ED307B7900,can0
1519,1786717986.8207214,609658.365435731,485490496,1,0,0,8,6699CCECE9A80000,can0
1520,1786717986.821477,609658.366190481,485490496,1,0,0,8,6699CBEC76780000,can0
1521,1786717986.8222077,609658.366922439,485490496,1,0,0,8,6699DCEC5F9D0000,can0
1522,1786717986.822941,609658.367655564,485490496,1,0,0,8,6699DBECE07B0000,can0
1523,1786717986.82407,609658.368782898,485490496,1,0,0,8,6699ECECBC680000,can0
1524,1786717986.8247383,609658.369452398,485490496,1,0,0,8,6699EBEC6B780000,can0
1525,1786717986.8254251,609658.370140523,485490496,1,0,0,8,6699FCECC56D0000,can0
1526,1786717986.8261275,609658.370841606,485490496,1,0,0,8,6699FBECBA4A0000,can0
1527,1786717986.915578,609658.460297481,485490657,1,0,0,8,6699FF0FAC260000,can0
1528,1786717986.916768,609658.461484439,485490657,1,0,0,8,66991C20D846FFFF,can0
1529,1786717987.0558605,609658.600581773,435295296,1,0,0,8,007D1518010474CA,can0
1530,1786717987.05702,609658.601735064,435294784,1,0,0,8,400BCA0000FFFFFF,can0
1531,1786717987.0578966,609658.602612481,435294784,1,0,0,8,41FF4A00FFFFFFFF,can0
1532,1786717987.0588493,609658.603564814,435357504,1,0,0,8,CA010D0C8D0000FF,can0
1533,1786717987.0596764,609658.604390564,435294784,1,0,0,8,400BCA0103FFFFFF,can0
1534,1786717987.0604122,609658.605126648,435294784,1,0,0,8,41FFFFFFFFFFFFFF,can0
1535,1786717987.0611541,609658.605869773,435357504,1,0,0,8,CA02630C7E0000FF,can0
1536,1786717987.0619037,609658.606618773,435294784,1,0,0,8,200BCA0203FFFFFF,can0
1537,1786717987.0626736,609658.607388564,435294784,1,0,0,8,21FFFFFFFFFFFFFF,can0
1538,1786717987.0634136,609658.608127523,435357504,1,0,0,8,CA030A0C560000FF,can0
1539,1786717987.0641303,609658.608845398,435294784,1,0,0,8,200BCA0303FFFFFF,can0
1540,1786717987.0648253,609658.609538814,435294784,1,0,0,8,21FFFFFFFFFFFFFF,can0
1541,1786717987.0761418,609658.620858481,435357504,1,0,0,8,CA047807920000FF,can0
1542,1786717987.077018,609658.621733606,435294784,1,0,0,8,200BCA0403FFFFFF,can0
1543,1786717987.0777993,609658.622514731,435294784,1,0,0,8,21FFFFFFFFFFFFFF,can0
1544,1786717987.078586,609658.623301773,435357248,1,0,0,8,CAFFFC00FFFFFFFF,can0
1545,1786717987.1823146,609658.727033981,773,0,0,0,8,0000000000000000,can0
1546,1786717987.183375,609658.728089898,775,0,0,0,8,1234567856494300,can0
1547,1786717987.254505,609658.799224773,435295297,1,0,0,8,007E15C5000474F1,can0
1548,1786717987.2556455,609658.800362231,435294785,1,0,0,8,400BF10000FFFFFF,can0
1549,1786717987.2564604,609658.801175023,435294785,1,0,0,8,41FF4800FFFFFFFF,can0
1550,1786717987.257191,609658.801905731,435357505,1,0,0,8,F101C60B6A0000FF,can0
1551,1786717987.2579296,609658.802643273,435294785,1,0,0,8,400BF10103FFFFFF,can0
1552,1786717987.258641,609658.803354731,435294785,1,0,0,8,41FFFFFFFFFFFFFF,can0
1553,1786717987.2592244,609658.803936898,435357505,1,0,0,8,F1020B0C8D0000FF,can0
1554,1786717987.25975,609658.804461773,435294785,1,0,0,8,200BF10203FFFFFF,can0
1555,1786717987.2602568,609658.80496844,435294785,1,0,0,8,21FFFFFFFFFFFFFF,can0
1556,1786717987.2607527,609658.805465523,435357505,1,0,0,8,F1035D0C710000FF,can0
1557,1786717987.2614064,609658.806120398,435294785,1,0,0,8,200BF10303FFFFFF,can0
1558,1786717987.2621512,609658.806866898,435294785,1,0,0,8,21FFFFFFFFFFFFFF,can0
1559,1786717987.2631874,609658.807902731,435357505,1,0,0,8,F1048108080000FF,can0
1560,1786717987.2661588,609658.81087894,435294785,1,0,0,8,200BF10403FFFFFF,can0
1561,1786717987.2670987,609658.81181719,435294785,1,0,0,8,21FFFFFFFFFFFFFF,can0
1562,1786717987.2689874,609658.813702356,435357249,1,0,0,8,F1FFFC00FFFFFFFF,can0
1563,1786717987.269741,609658.81445544,502267712,1,0,0,8,60266699501000CB,can0
1564,1786717987.2704484,609658.815162148,502267712,1,0,0,8,61020000FFFFFFFF,can0
1565,1786717987.2715218,609658.816236815,502267712,1,0,0,8,628515AB14000000,can0
1566,1786717987.272308,609658.817023523,502267712,1,0,0,8,630000CD02000000,can0
1567,1786717987.2730465,609658.817761273,502267712,1,0,0,8,6400420E00009602,can0
1568,1786717987.273787,609658.818500523,502267712,1,0,0,8,65EE9A4001FFFFFF,can0
1569,1786717987.2745504,609658.819263856,502267712,1,0,0,8,80286699A0100040,can0
1570,1786717987.2754679,609658.820191523,502267712,1,0,0,8,8101410090002701,can0
1571,1786717987.2763946,609658.821110106,502267712,1,0,0,8,82D300BE024A044E,can0
1572,1786717987.2771902,609658.821905273,502267712,1,0,0,8,830D750AB5980E9A,can0
1573,1786717987.2779813,609658.822697481,502267712,1,0,0,8,84EE9A9C5FFFFFFF,can0
1574,1786717987.2787645,609658.823479815,502267712,1,0,0,8,85FFFFFFFFFFFFFF,can0
1575,1786717987.2806172,609658.825331356,502267712,1,0,0,8,A02666994F100100,can0
1576,1786717987.281354,609658.826068315,502267712,1,0,0,8,A143000000972000,can0
1577,1786717987.282052,609658.826766273,502267712,1,0,0,8,A200E8830200EE9A,can0
1578,1786717987.2827818,609658.827496648,502267712,1,0,0,8,A3EE1508DE11FFFF,can0
1579,1786717987.2835693,609658.828283565,502267712,1,0,0,8,A4FFFFFFFFFFFFFF,can0
1580,1786717987.2843418,609658.829056481,502267712,1,0,0,8,A5FFFFFFFFFFFFFF,can0
1581,1786717987.2856116,609658.830341565,485490496,1,0,0,8,6699DCED97200000,can0
1582,1786717987.287042,609658.831756106,485490496,1,0,0,8,6699DDEDE8830200,can0
1583,1786717987.288108,609658.832823231,485490496,1,0,0,8,6699D3EDCB020000,can0
1584,1786717987.3779771,609658.922696773,485490657,1,0,0,8,669901207C150000,can0
1585,1786717987.3790379,609658.92375369,485490657,1,0,0,8,66990E200D000000,can0
1586,1786717987.6042166,609659.148935398,418316097,1,0,0,8,4FE5C92C00A046C0,can0
1587,1786717987.6194363,609659.164157023,485490497,1,0,0,8,6699DBED5C120000,can0
1588,1786717987.6564648,609659.201184565,485490497,1,0,0,8,66998BED49000000,can0
1589,1786717987.6722033,609659.216923648,485490497,1,0,0,8,6699BCED9FBA0100,can0
1590,1786717987.6733956,609659.218112106,485490497,1,0,0,8,6699CCEC1F7E0000,can0
1591,1786717987.674201,609659.218915481,485490497,1,0,0,8,6699CBEC36770000,can0
1592,1786717987.6748908,609659.21960419,485490497,1,0,0,8,6699DCECDDAA0000,can0
1593,1786717987.6758413,609659.220556273,485490497,1,0,0,8,6699DBEC62780000,can0
1594,1786717987.676759,609659.221473648,485490497,1,0,0,8,6699ECECB18B0000,can0
1595,1786717987.6775289,609659.22224269,485490497,1,0,0,8,6699EBEC977B0000,can0
1596,1786717987.6784723,609659.22318844,485490497,1,0,0,8,6699FCEC7B070000,can0
1597,1786717987.6793566,609659.22407244,485490497,1,0,0,8,6699FBEC06550000,can0
1598,1786717987.7848382,609659.329559898,485442017,1,0,0,8,66990100D0EDFCFF,can0
1599,1786717987.7862117,609659.33092769,485442017,1,0,0,8,66990100DCEDFEFF,can0
1600,1786717987.787013,609659.331728023,485442017,1,0,0,8,66990100DAEDFFFF,can0
1601,1786717987.789637,609659.334353231,485442017,1,0,0,8,669901002720FFFF,can0
1602,1786717987.7905407,609659.335253773,485490497,1,0,0,8,6699DAED00000000,can0
1603,1786717987.7911801,609659.335894648,485490497,1,0,0,8,6699272007D80300,can0
1604,1786717987.8189135,609659.363633398,485490496,1,0,0,8,6699BCEDBA1C0200,can0
1605,1786717987.819901,609659.364615773,485490496,1,0,0,8,6699B1EDCC6D7900,can0
1606,1786717987.8208191,609659.365533648,485490496,1,0,0,8,6699CCECC9A80000,can0
1607,1786717987.8215969,609659.366310732,485490496,1,0,0,8,6699CBEC79780000,can0
1608,1786717987.8223226,609659.367037523,485490496,1,0,0,8,6699DCEC579D0000,can0
1609,1786717987.8230503,609659.367765023,485490496,1,0,0,8,6699DBECDD7B0000,can0
1610,1786717987.8237333,609659.36844669,485490496,1,0,0,8,6699ECECC8680000,can0
1611,1786717987.8244278,609659.369141648,485490496,1,0,0,8,6699EBEC6D780000,can0
1612,1786717987.8259726,609659.370691315,485490496,1,0,0,8,6699FCECCB6D0000,can0
1613,1786717987.8268876,609659.37160094,485490496,1,0,0,8,6699FBECB04A0000,can0
1614,1786717987.8329246,609659.377647773,485490497,1,0,0,8,6699DCED4F110000,can0
1615,1786717987.835037,609659.379764815,485490497,1,0,0,8,6699DDEDD5280000,can0
1616,1786717987.837032,609659.381748357,485490497,1,0,0,8,6699D0ED38080000,can0
1617,1786717987.8381722,609659.382887107,485490497,1,0,0,8,6699D1ED29010000,can0
1618,1786717987.8389099,609659.383662523,485490497,1,0,0,8,6699D2ED35090000,can0
1619,1786717987.8395357,609659.384247982,485490497,1,0,0,8,6699D3ED01010000,can0
1620,1786717987.9274075,609659.472127398,485490657,1,0,0,8,6699FF0FAC260000,can0
1621,1786717987.9285862,609659.473300523,485490657,1,0,0,8,66991C203C47FFFF,can0
1622,1786717988.1825795,609659.727301315,773,0,0,0,8,0000000000000000,can0
1623,1786717988.1834466,609659.728159482,775,0,0,0,8,1234567856494300,can0
1624,1786717988.5100164,609660.054736065,485490496,1,0,0,8,66990102FC000000,can0
1625,1786717988.510931,609660.05564494,485490496,1,0,0,8,66990A02FC000000,can0
1626,1786717988.5535717,609660.098291649,435295296,1,0,0,8,007D1518010474E8,can0
1627,1786717988.5549572,609660.09967244,435294784,1,0,0,8,600BE80000FFFFFF,can0
1628,1786717988.560338,609660.105055649,435294784,1,0,0,8,61FF4A00FFFFFFFF,can0
1629,1786717988.5613117,609660.106026732,435357504,1,0,0,8,E8010C0C8C0000FF,can0
1630,1786717988.5623145,609660.10703019,435294784,1,0,0,8,600BE80103FFFFFF,can0
1631,1786717988.5632887,609660.108004315,435294784,1,0,0,8,61FFFFFFFFFFFFFF,can0
1632,1786717988.5683436,609660.113057899,435357504,1,0,0,8,E802620C7E0000FF,can0
1633,1786717988.5693214,609660.114049232,435294784,1,0,0,8,400BE80203FFFFFF,can0
1634,1786717988.5702496,609660.114965065,435294784,1,0,0,8,41FFFFFFFFFFFFFF,can0
1635,1786717988.5709524,609660.115664649,435357504,1,0,0,8,E8030B0C570000FF,can0
1636,1786717988.5722702,609660.116984774,435294784,1,0,0,8,400BE80303FFFFFF,can0
1637,1786717988.573136,609660.117850357,435294784,1,0,0,8,41FFFFFFFFFFFFFF,can0
1638,1786717988.573923,609660.118637107,435357504,1,0,0,8,E8047907950000FF,can0
1639,1786717988.5746572,609660.119371357,435294784,1,0,0,8,400BE80403FFFFFF,can0
1640,1786717988.5756009,609660.120325482,435294784,1,0,0,8,41FFFFFFFFFFFFFF,can0
1641,1786717988.5764506,609660.12116519,435357248,1,0,0,8,E8FFFC00FFFFFFFF,can0
1642,1786717988.5773354,609660.122051774,233966912,1,0,0,8,0001FDFFFFFFFFFF,can0
1643,1786717988.5812974,609660.126012732,485490496,1,0,0,8,6699000201000000,can0
1644,1786717988.5824032,609660.127119232,485490496,1,0,0,8,6699020200000000,can0
1645,1786717988.5844564,609660.129171982,485490496,1,0,0,8,6699070200000000,can0
1646,1786717988.5892482,609660.133972524,485490496,1,0,0,8,66991E0300000000,can0
1647,1786717988.5904598,609660.135175982,485490496,1,0,0,8,66991C0300000000,can0
1648,1786717988.5916817,609660.136398065,485490496,1,0,0,8,66998DED7D150000,can0
1649,1786717988.60656,609660.151279815,485490496,1,0,0,8,66998FED18010000,can0
1650,1786717988.6077511,609660.15246719,485490496,1,0,0,8,6699ECED04740000,can0
1651,1786717988.610702,609660.155420107,485490496,1,0,0,8,6699DAED00000000,can0
1652,1786717988.6200385,609660.164757607,485490497,1,0,0,8,6699DBED5C120000,can0
1653,1786717988.6719306,609660.216651357,485490497,1,0,0,8,6699BCED77BB0100,can0
1654,1786717988.6736977,609660.218419857,485490497,1,0,0,8,6699CCEC5B7D0000,can0
1655,1786717988.674822,609660.219538274,485490497,1,0,0,8,6699CBECCD750000,can0
1656,1786717988.6759388,609660.220653857,485490497,1,0,0,8,6699DCEC17AB0000,can0
1657,1786717988.6770022,609660.221717107,485490497,1,0,0,8,6699DBEC62780000,can0
1658,1786717988.6779478,609660.222662857,485490497,1,0,0,8,6699ECECA98B0000,can0
1659,1786717988.6788313,609660.223544357,485490497,1,0,0,8,6699EBEC947B0000,can0
1660,1786717988.6794555,609660.224169232,485490497,1,0,0,8,6699FCEC66070000,can0
1661,1786717988.6799657,609660.224677107,485490497,1,0,0,8,6699FBEC13550000,can0
1662,1786717988.754296,609660.29901294,435295297,1,0,0,8,007E15C500047413,can0
1663,1786717988.7556162,609660.300331815,435294785,1,0,0,8,600B130000FFFFFF,can0
1664,1786717988.7567492,609660.303506149,435294785,1,0,0,8,61FF4900FFFFFFFF,can0
1665,1786717988.7598422,609660.304556399,435357505,1,0,0,8,1301C80B6C0000FF,can0
1666,1786717988.7606285,609660.30534269,435294785,1,0,0,8,600B130103FFFFFF,can0
1667,1786717988.7613587,609660.306073732,435294785,1,0,0,8,61FFFFFFFFFFFFFF,can0
1668,1786717988.7620883,609660.306803149,435357505,1,0,0,8,13020A0C8E0000FF,can0
1669,1786717988.7627945,609660.307508857,435294785,1,0,0,8,400B130203FFFFFF,can0
1670,1786717988.7635002,609660.30821344,435294785,1,0,0,8,41FFFFFFFFFFFFFF,can0
1671,1786717988.7641954,609660.308909024,435357505,1,0,0,8,13035C0C700000FF,can0
1672,1786717988.765658,609660.310374232,435294785,1,0,0,8,400B130303FFFFFF,can0
1673,1786717988.7667427,609660.311459024,435294785,1,0,0,8,41FFFFFFFFFFFFFF,can0
1674,1786717988.7676334,609660.312347482,435357505,1,0,0,8,13048208090000FF,can0
1675,1786717988.7686613,609660.313377482,435294785,1,0,0,8,400B130403FFFFFF,can0
1676,1786717988.7715502,609660.31627169,435294785,1,0,0,8,41FFFFFFFFFFFFFF,can0
1677,1786717988.7721796,609660.316892107,435357249,1,0,0,8,13FFFC00FFFFFFFF,can0
1678,1786717988.8106477,609660.35536669,485490496,1,0,0,8,6699B3ED01000000,can0
1679,1786717988.811502,609660.356215649,485490496,1,0,0,8,6699BCED2E1D0200,can0
1680,1786717988.8208466,609660.365566107,485490496,1,0,0,8,6699BCED2E1D0200,can0
1681,1786717988.822175,609660.36688894,485490496,1,0,0,8,6699B1ED546B7900,can0
1682,1786717988.8237927,609660.368508774,485490496,1,0,0,8,6699CCECD4A80000,can0
1683,1786717988.8252368,609660.36995419,485490496,1,0,0,8,6699CBEC7A780000,can0
1684,1786717988.8262627,609660.370977065,485490496,1,0,0,8,6699DCEC499D0000,can0
1685,1786717988.8270338,609660.371748107,485490496,1,0,0,8,6699DBECDA7B0000,can0
1686,1786717988.8280313,609660.372746357,485490496,1,0,0,8,6699ECECE1680000,can0
1687,1786717988.8290212,609660.373735565,485490496,1,0,0,8,6699EBEC66780000,can0
1688,1786717988.8298006,609660.374514607,485490496,1,0,0,8,6699FCECF96D0000,can0
1689,1786717988.8307652,609660.37547969,485490496,1,0,0,8,6699FBECAE4A0000,can0
1690,1786717988.9031203,609660.447840149,502267712,1,0,0,8,C0266699501000CB,can0
1691,1786717988.9040132,609660.448727024,502267712,1,0,0,8,C1020000FFFFFFFF,can0
1692,1786717988.9048214,609660.449540649,502267712,1,0,0,8,C28515AB14000000,can0
1693,1786717988.9058838,609660.45059819,502267712,1,0,0,8,C30000CD02000000,can0
1694,1786717988.9066913,609660.451405774,502267712,1,0,0,8,C400420E00009602,can0
1695,1786717988.9074538,609660.452167274,502267712,1,0,0,8,C5EE9A4001FFFFFF,can0
1696,1786717988.9148114,609660.459530649,485441761,1,0,0,8,669915203C030000,can0
1697,1786717988.915961,609660.460675524,485442017,1,0,0,8,6699152004030000,can0
1698,1786717988.916784,609660.46149919,485490496,1,0,0,8,669915203C030000,can0
1699,1786717988.9174635,609660.462177315,485490497,1,0,0,8,6699152004030000,can0
1700,1786717988.9344656,609660.47918594,485490657,1,0,0,8,6699FF0FAC260000,can0
1701,1786717988.9400115,609660.484726565,485490657,1,0,0,8,66991C20AC45FFFF,can0
1702,1786717989.0458343,609660.590554482,485490657,1,0,0,8,669902207D150000,can0
1703,1786717989.060336,609660.605055357,502267713,1,0,0,8,801D66994310016A,can0
1704,1786717989.0615225,609660.60623794,502267713,1,0,0,8,810D0A000A1F0000,can0
1705,1786717989.062584,609660.607299649,485490496,1,0,0,8,66994E0301000000,can0
1706,1786717989.0636199,609660.608335607,502267713,1,0,0,8,8200000000000000,can0
1707,1786717989.0645528,609660.60926744,502267713,1,0,0,8,8300000000000000,can0
1708,1786717989.0819166,609660.626636107,502267713,1,0,0,8,840000FFFFFFFFFF,can0
1709,1786717989.0827956,609660.627508899,502267713,1,0,0,8,A01D6699421001ED,can0
1710,1786717989.0840776,609660.628793774,502267713,1,0,0,8,A17D1800F1480000,can0
1711,1786717989.0849016,609660.629616274,502267713,1,0,0,8,A200000000000000,can0
1712,1786717989.0859542,609660.63067069,502267713,1,0,0,8,A300010000000000,can0
1713,1786717989.0872755,609660.631991024,502267713,1,0,0,8,A40000FFFFFFFFFF,can0
1714,1786717989.1775167,609660.72223619,773,0,0,0,8,0000000000000000,can0
1715,1786717989.1790347,609660.723750315,775,0,0,0,8,1234567856494300,can0
1716,1786717989.4066868,609660.951406941,485490497,1,0,0,8,66998DED7D150000,can0
1717,1786717989.6191542,609661.163873649,485490497,1,0,0,8,66998DED7E150000,can0
1718,1786717989.6717694,609661.216489857,485490497,1,0,0,8,6699BCEDFBBA0100,can0
1719,1786717989.6729097,609661.217624357,485490497,1,0,0,8,6699CCECA77C0000,can0
1720,1786717989.6738212,609661.218535399,485490497,1,0,0,8,6699CBECB7740000,can0
1721,1786717989.6748257,609661.219541482,485490497,1,0,0,8,6699DCEC26AB0000,can0
1722,1786717989.6765578,609661.221273691,485490497,1,0,0,8,6699DBEC6D780000,can0
1723,1786717989.6774004,609661.222114816,485490497,1,0,0,8,6699ECECC18B0000,can0
1724,1786717989.6781573,609661.222872524,485490497,1,0,0,8,6699EBEC9D7B0000,can0
1725,1786717989.678908,609661.223622357,485490497,1,0,0,8,6699FCEC51070000,can0
1726,1786717989.6799524,609661.224666982,485490497,1,0,0,8,6699FBEC10550000,can0
1727,1786717989.818706,609661.363426899,485490496,1,0,0,8,6699BCED8B1D0200,can0
1728,1786717989.8197043,609661.364419982,485490496,1,0,0,8,6699B1EDFF6A7900,can0
1729,1786717989.8207335,609661.365447899,485490496,1,0,0,8,6699CCECF9A80000,can0
1730,1786717989.8214533,609661.366166774,485490496,1,0,0,8,6699CBEC7E780000,can0
1731,1786717989.8222244,609661.366937024,485490496,1,0,0,8,6699DCEC779D0000,can0
1732,1786717989.8227594,609661.367473024,485490496,1,0,0,8,6699DBECDA7B0000,can0
1733,1786717989.823453,609661.368173274,485490496,1,0,0,8,6699ECECEF680000,can0
1734,1786717989.8246558,609661.369371316,485490496,1,0,0,8,6699EBEC6A780000,can0
1735,1786717989.8256688,609661.370385232,485490496,1,0,0,8,6699FCECD66D0000,can0
1736,1786717989.8264842,609661.371200691,485490496,1,0,0,8,6699FBECB14A0000,can0
1737,1786717989.9190693,609661.463802733,485490657,1,0,0,8,6699FF0FAC260000,can0
1738,1786717989.920028,609661.464743566,485490657,1,0,0,8,66991C20D846FFFF,can0
1739,1786717990.0557034,609661.600424191,435295296,1,0,0,8,007D15180104740A,can0
1740,1786717990.0570369,609661.601750983,435294784,1,0,0,8,800B0A0000FFFFFF,can0
1741,1786717990.0578458,609661.602562899,435294784,1,0,0,8,81FF4A00FFFFFFFF,can0
1742,1786717990.0589547,609661.603669566,435357504,1,0,0,8,0A010E0C8B0000FF,can0
1743,1786717990.059976,609661.604692149,435294784,1,0,0,8,800B0A0103FFFFFF,can0
1744,1786717990.0611398,609661.605855983,435294784,1,0,0,8,81FFFFFFFFFFFFFF,can0
1745,1786717990.0665245,609661.611238649,435357504,1,0,0,8,0A02630C7F0000FF,can0
1746,1786717990.06723,609661.611942941,435294784,1,0,0,8,600B0A0203FFFFFF,can0
1747,1786717990.068602,609661.613317691,435294784,1,0,0,8,61FFFFFFFFFFFFFF,can0
1748,1786717990.069371,609661.614084149,435357504,1,0,0,8,0A030A0C570000FF,can0
1749,1786717990.0699692,609661.614681816,435294784,1,0,0,8,600B0A0303FFFFFF,can0
1750,1786717990.0705554,609661.615269483,435294784,1,0,0,8,61FFFFFFFFFFFFFF,can0
1751,1786717990.07247,609661.617193774,435357504,1,0,0,8,0A047807920000FF,can0
1752,1786717990.0737147,609661.618428608,435294784,1,0,0,8,600B0A0403FFFFFF,can0
1753,1786717990.0747478,609661.619462191,435294784,1,0,0,8,61FFFFFFFFFFFFFF,can0
1754,1786717990.075904,609661.620619691,435357248,1,0,0,8,0AFFFC00FFFFFFFF,can0
1755,1786717990.1909223,609661.735642399,773,0,0,0,8,0000000000000000,can0
1756,1786717990.1920042,609661.736719483,775,0,0,0,8,1234567856494300,can0
1757,1786717990.2556145,609661.800334858,435295297,1,0,0,8,007E15C500047431,can0
1758,1786717990.2566667,609661.801381108,435294785,1,0,0,8,800B310000FFFFFF,can0
1759,1786717990.2576115,609661.802326816,435294785,1,0,0,8,81FF4900FFFFFFFF,can0
1760,1786717990.2586646,609661.803382191,435357505,1,0,0,8,3101BA0B6E0000FF,can0
1761,1786717990.259646,609661.804429941,435294785,1,0,0,8,800B310103FFFFFF,can0
1762,1786717990.2606194,609661.805333691,435294785,1,0,0,8,81FFFFFFFFFFFFFF,can0
1763,1786717990.2616022,609661.806317274,435357505,1,0,0,8,31020B0C8F0000FF,can0
1764,1786717990.26246,609661.807176358,435294785,1,0,0,8,600B310203FFFFFF,can0
1765,1786717990.2635024,609661.808217816,435294785,1,0,0,8,61FFFFFFFFFFFFFF,can0
1766,1786717990.2644336,609661.809148483,435357505,1,0,0,8,31035D0C6F0000FF,can0
1767,1786717990.2652586,609661.809974108,435294785,1,0,0,8,600B310303FFFFFF,can0
1768,1786717990.274134,609661.818849441,435294785,1,0,0,8,61FFFFFFFFFFFFFF,can0
1769,1786717990.275171,609661.819886774,435357505,1,0,0,8,31048208080000FF,can0
1770,1786717990.2765322,609661.821247983,435294785,1,0,0,8,600B310403FFFFFF,can0
1771,1786717990.277463,609661.822184024,435294785,1,0,0,8,61FFFFFFFFFFFFFF,can0
1772,1786717990.2846065,609661.829323149,435357249,1,0,0,8,31FFFC00FFFFFFFF,can0
1773,1786717990.2861164,609661.830832316,233966913,1,0,0,8,0001FDFFFFFFFFFF,can0
1774,1786717990.672264,609662.216984983,485490497,1,0,0,8,6699BCED27BC0100,can0
1775,1786717990.6735034,609662.218218275,485490497,1,0,0,8,6699CCECA07D0000,can0
1776,1786717990.6745842,609662.219299441,485490497,1,0,0,8,6699CBECF8750000,can0
1777,1786717990.6788197,609662.223535025,485490497,1,0,0,8,6699DCEC4BAB0000,can0
1778,1786717990.6811304,609662.225845775,485490497,1,0,0,8,6699DBEC6E780000,can0
1779,1786717990.6834526,609662.228167733,485490497,1,0,0,8,6699ECECCF8B0000,can0
1780,1786717990.686618,609662.231333733,485490497,1,0,0,8,6699EBEC9F7B0000,can0
1781,1786717990.689095,609662.233809525,485490497,1,0,0,8,6699FCEC62070000,can0
1782,1786717990.6913846,609662.236099525,485490497,1,0,0,8,6699FBEC0A550000,can0
1783,1786717990.8184533,609662.363173441,485490496,1,0,0,8,6699BCEDCF1D0200,can0
1784,1786717990.8194537,609662.364168775,485490496,1,0,0,8,6699B1EDC47B7900,can0
1785,1786717990.8203635,609662.365077941,485490496,1,0,0,8,6699CCEC3AA90000,can0
1786,1786717990.8212314,609662.365947191,485490496,1,0,0,8,6699CBEC82780000,can0
1787,1786717990.8227923,609662.367508275,485490496,1,0,0,8,6699DCECA29D0000,can0
1788,1786717990.8238637,609662.368579941,485490496,1,0,0,8,6699DBECD57B0000,can0
1789,1786717990.8261154,609662.370834858,485490496,1,0,0,8,6699ECEC23690000,can0
1790,1786717990.8272972,609662.372013191,485490496,1,0,0,8,6699EBEC65780000,can0
1791,1786717990.8292997,609662.374014816,485490496,1,0,0,8,6699FCECF86D0000,can0
1792,1786717990.8301222,609662.374835941,485490496,1,0,0,8,6699FBECAF4A0000,can0
1793,1786717990.9193947,609662.464114525,485490657,1,0,0,8,6699FF0FAC260000,can0
1794,1786717990.9204571,609662.465172983,485490657,1,0,0,8,66991C207446FFFF,can0
1795,1786717991.0620408,609662.606761441,485490497,1,0,0,8,6699B1EDFA5AF005,can0
1796,1786717991.1814282,609662.726147733,485441761,1,0,0,8,66990100D0EDFCFF,can0
1797,1786717991.1826007,609662.72731515,485441761,1,0,0,8,66990100DCEDFEFF,can0
1798,1786717991.1834857,609662.728200983,485441761,1,0,0,8,66990100DAEDFFFF,can0
1799,1786717991.1843116,609662.729026316,485441761,1,0,0,8,669901002720FFFF,can0
1800,1786717991.1964376,609662.741155691,485490496,1,0,0,8,6699DAED00000000,can0
1801,1786717991.1993666,609662.744081983,485490496,1,0,0,8,66992720D8D90300,can0
1802,1786717991.200384,609662.745097733,773,0,0,0,8,0000000000000000,can0
1803,1786717991.2016432,609662.746358275,775,0,0,0,8,1234567856494300,can0
1804,1786717991.204216,609662.7489339,485490496,1,0,0,8,66998FED19010000,can0
1805,1786717991.2120423,609662.756762775,485490497,1,0,0,8,66990102FC000000,can0
1806,1786717991.2163665,609662.761082441,485490497,1,0,0,8,66990A02FC000000,can0
1807,1786717991.2272863,609662.772064108,485490496,1,0,0,8,6699DCED97200000,can0
1808,1786717991.2286136,609662.7733294,485490496,1,0,0,8,6699DDEDE8830200,can0
1809,1786717991.2360249,609662.780740816,485490496,1,0,0,8,6699D0ED730E0000,can0
1810,1786717991.2368605,609662.781575025,485490496,1,0,0,8,6699D1EDF9030000,can0
1811,1786717991.2383428,609662.783058525,485490496,1,0,0,8,6699D2ED420E0000,can0
1812,1786717991.2391126,609662.7838264,485490496,1,0,0,8,6699D3EDCB020000,can0
1813,1786717991.261885,609662.806605483,485490497,1,0,0,8,66998BED48000000,can0
1814,1786717991.2629106,609662.807624566,485490497,1,0,0,8,6699000201000000,can0
1815,1786717991.263597,609662.808310775,485490497,1,0,0,8,6699020200000000,can0
1816,1786717991.2642183,609662.808933483,485490497,1,0,0,8,6699070200000000,can0
1817,1786717991.2662964,609662.811013025,485490497,1,0,0,8,66991E0300000000,can0
1818,1786717991.2670686,609662.811783025,485490497,1,0,0,8,66991C0300000000,can0
1819,1786717991.2676992,609662.812412941,485490497,1,0,0,8,66998DED7E150000,can0
1820,1786717991.3103993,609662.855119608,485490497,1,0,0,8,66998FEDC5000000,can0
1821,1786717991.311624,609662.856339025,485490497,1,0,0,8,6699ECED04740000,can0
1822,1786717991.3127518,609662.857477108,485490497,1,0,0,8,6699DAED00000000,can0
1823,1786717991.412894,609662.957613442,485490497,1,0,0,8,66998FEDC6000000,can0
1824,1786717991.5131261,609663.057847192,485490497,1,0,0,8,6699B3ED01000000,can0
1825,1786717991.5143714,609663.059087317,485490497,1,0,0,8,6699BCED0CBD0100,can0
1826,1786717991.552274,609663.096992817,435295296,1,0,0,8,007D151901047428,can0
1827,1786717991.553253,609663.097966983,435294784,1,0,0,8,A00B280000FFFFFF,can0
1828,1786717991.5539215,609663.098634733,435294784,1,0,0,8,A1FF4A00FFFFFFFF,can0
1829,1786717991.5551317,609663.09984765,435357504,1,0,0,8,28010D0C8C0000FF,can0
1830,1786717991.5563707,609663.101086275,435294784,1,0,0,8,A00B280103FFFFFF,can0
1831,1786717991.5588531,609663.1035679,435294784,1,0,0,8,A1FFFFFFFFFFFFFF,can0
1832,1786717991.55961,609663.104324233,435357504,1,0,0,8,2802630C7D0000FF,can0
1833,1786717991.560334,609663.105048317,435294784,1,0,0,8,800B280203FFFFFF,can0
1834,1786717991.5608733,609663.105585858,435294784,1,0,0,8,81FFFFFFFFFFFFFF,can0
1835,1786717991.561479,609663.106191858,435357504,1,0,0,8,28030B0C560000FF,can0
1836,1786717991.5619082,609663.1066209,435294784,1,0,0,8,800B280303FFFFFF,can0
1837,1786717991.562318,609663.107030233,435294784,1,0,0,8,81FFFFFFFFFFFFFF,can0
1838,1786717991.562711,609663.107423108,435357504,1,0,0,8,28047907920000FF,can0
1839,1786717991.5656085,609663.110326942,435294784,1,0,0,8,800B280403FFFFFF,can0
1840,1786717991.566575,609663.111289233,435294784,1,0,0,8,81FFFFFFFFFFFFFF,can0
1841,1786717991.5673373,609663.11205215,435357248,1,0,0,8,28FFFC00FFFFFFFF,can0
1842,1786717991.605401,609663.150121858,502267713,1,0,0,8,C026669950100001,can0
1843,1786717991.6063666,609663.151081067,502267713,1,0,0,8,C1010000FFFFFFFF,can0
1844,1786717991.6081316,609663.152847317,502267713,1,0,0,8,C28515AF14000000,can0
1845,1786717991.6089828,609663.1536964,502267713,1,0,0,8,C30000CC02000000,can0
1846,1786717991.6097066,609663.154419233,502267713,1,0,0,8,C400350900009F01,can0
1847,1786717991.6101732,609663.1548854,502267713,1,0,0,8,C58A9A1300FFFFFF,can0
1848,1786717991.6276803,609663.172400317,418316257,1,0,0,8,F401C02C0082F0C0,can0
1849,1786717991.6730433,609663.217785108,485490497,1,0,0,8,6699BCED0CBD0100,can0
1850,1786717991.6741304,609663.21884515,485490497,1,0,0,8,6699B1EDF6C9F205,can0
1851,1786717991.6754308,609663.220147608,485490497,1,0,0,8,6699CCEC017F0000,can0
1852,1786717991.6765106,609663.221225442,485490497,1,0,0,8,6699CBEC69770000,can0
1853,1786717991.6774678,609663.222182942,485490497,1,0,0,8,6699DCEC6AAB0000,can0
1854,1786717991.6785512,609663.22326665,485490497,1,0,0,8,6699DBEC77780000,can0
1855,1786717991.6800363,609663.224752192,485490497,1,0,0,8,6699ECECC38B0000,can0
1856,1786717991.6808286,609663.225543608,485490497,1,0,0,8,6699EBECA27B0000,can0
1857,1786717991.682161,609663.226876442,485490497,1,0,0,8,6699FCECD7060000,can0
1858,1786717991.6829288,609663.227642567,485490497,1,0,0,8,6699FBEC19550000,can0
1859,1786717991.7541225,609663.298842442,435295297,1,0,0,8,007E15C60004744F,can0
1860,1786717991.754965,609663.299679317,435294785,1,0,0,8,A00B4F0000FFFFFF,can0
1861,1786717991.755761,609663.300474525,435294785,1,0,0,8,A1FF4800FFFFFFFF,can0
1862,1786717991.7565255,609663.301242192,435357505,1,0,0,8,4F01F10B6D0000FF,can0
1863,1786717991.7572913,609663.30200515,435294785,1,0,0,8,A00B4F0103FFFFFF,can0
1864,1786717991.7580295,609663.302744067,435294785,1,0,0,8,A1FFFFFFFFFFFFFF,can0
1865,1786717991.7588665,609663.303580983,435357505,1,0,0,8,4F020C0C8E0000FF,can0
1866,1786717991.7609775,609663.305692692,435294785,1,0,0,8,800B4F0203FFFFFF,can0
1867,1786717991.7619872,609663.306702025,435294785,1,0,0,8,81FFFFFFFFFFFFFF,can0
1868,1786717991.7628672,609663.307582692,435357505,1,0,0,8,4F035D0C700000FF,can0
1869,1786717991.763447,609663.308160858,435294785,1,0,0,8,800B4F0303FFFFFF,can0
1870,1786717991.7639182,609663.308629858,435294785,1,0,0,8,81FFFFFFFFFFFFFF,can0
1871,1786717991.7643807,609663.309092275,435357505,1,0,0,8,4F048308090000FF,can0
1872,1786717991.7650099,609663.309722525,435294785,1,0,0,8,800B4F0403FFFFFF,can0
1873,1786717991.7658184,609663.310532358,435294785,1,0,0,8,81FFFFFFFFFFFFFF,can0
1874,1786717991.7666063,609663.311320983,435357249,1,0,0,8,4FFFFC00FFFFFFFF,can0
1875,1786717991.7673743,609663.312088942,485490497,1,0,0,8,66994E0301000000,can0
1876,1786717991.768098,609663.312811817,485490496,1,0,0,8,66998FED19010000,can0
1877,1786717991.8184578,609663.363177858,485490496,1,0,0,8,6699BCEDC61D0200,can0
1878,1786717991.8208508,609663.365566233,485490496,1,0,0,8,6699B1ED3F3C7900,can0
1879,1786717991.8215601,609663.36627365,485490496,1,0,0,8,6699CCEC58A90000,can0
1880,1786717991.822562,609663.367277025,485490496,1,0,0,8,6699CBEC81780000,can0
1881,1786717991.826574,609663.37129265,485490496,1,0,0,8,6699DCEC919D0000,can0
1882,1786717991.8314176,609663.376133317,485490496,1,0,0,8,6699DBECD77B0000,can0
1883,1786717991.832232,609663.376945358,485490496,1,0,0,8,6699ECEC02690000,can0
1884,1786717991.8330173,609663.377731942,485490496,1,0,0,8,6699EBEC62780000,can0
1885,1786717991.8337002,609663.378413442,485490496,1,0,0,8,6699FCECFB6D0000,can0
1886,1786717991.8395236,609663.384238858,485490496,1,0,0,8,6699FBECAF4A0000,can0
1887,1786717991.933009,609663.477729067,485441761,1,0,0,8,669915203C030000,can0
1888,1786717991.9354591,609663.480180067,485442017,1,0,0,8,6699152004030000,can0
1889,1786717991.9363885,609663.481104233,485490496,1,0,0,8,669915203C030000,can0
1890,1786717991.9370897,609663.48180415,485490497,1,0,0,8,6699152004030000,can0
1891,1786717991.9701297,609663.514849942,485490657,1,0,0,8,6699FF0FAC260000,can0
1892,1786717991.9710116,609663.515727525,485490657,1,0,0,8,66991C20D846FFFF,can0
1893,1786717992.047443,609663.59216265,485490657,1,0,0,8,669902207C150000,can0
1894,1786717992.0507872,609663.595503317,485490657,1,0,0,8,669903204C090000,can0
1895,1786717992.184935,609663.729655734,773,0,0,0,8,0000000000000000,can0
1896,1786717992.1859572,609663.73067215,775,0,0,0,8,1234567856494300,can0
1897,1786717992.3894355,609663.934155775,485490657,1,0,0,8,669901207C150000,can0
1898,1786717992.3904202,609663.935134359,485490657,1,0,0,8,66990E200D000000,can0
1899,1786717992.4088645,609663.953583525,485490497,1,0,0,8,66998DED7D150000,can0
1900,1786717992.5564709,609664.1011899,485490497,1,0,0,8,66998FEDC5000000,can0
1901,1786717992.6716921,609664.216411275,485490497,1,0,0,8,6699BCED27B90100,can0
1902,1786717992.6726902,609664.217403734,485490497,1,0,0,8,6699B1EDC4A78B05,can0
1903,1786717992.6732695,609664.217982484,485490497,1,0,0,8,6699CCECCC7C0000,can0
1904,1786717992.673981,609664.218696359,485490497,1,0,0,8,6699CBECEB740000,can0
1905,1786717992.6750138,609664.21973065,485490497,1,0,0,8,6699DCEC96AB0000,can0
1906,1786717992.6773236,609664.22203965,485490497,1,0,0,8,6699DBEC96780000,can0
1907,1786717992.6782038,609664.222918692,485490497,1,0,0,8,6699ECECF78B0000,can0
1908,1786717992.6792054,609664.22392065,485490497,1,0,0,8,6699EBECB57B0000,can0
1909,1786717992.6810896,609664.225807775,485490497,1,0,0,8,6699FCEC92050000,can0
1910,1786717992.6827319,609664.2274474,485490497,1,0,0,8,6699FBEC2E550000,can0
1911,1786717992.7894142,609664.334134192,485442017,1,0,0,8,66990100D0EDFCFF,can0
1912,1786717992.7906454,609664.335362859,485442017,1,0,0,8,66990100DCEDFEFF,can0
1913,1786717992.7966816,609664.341396317,485442017,1,0,0,8,66990100DAEDFFFF,can0
1914,1786717992.7974713,609664.342186359,485442017,1,0,0,8,669901002720FFFF,can0
1915,1786717992.79813,609664.342843817,485490497,1,0,0,8,6699DAED00000000,can0
1916,1786717992.7987669,609664.343480192,485490497,1,0,0,8,669927208FD60300,can0
1917,1786717992.8183184,609664.363037942,485490496,1,0,0,8,6699BCED1C1E0200,can0
1918,1786717992.8193977,609664.364113234,485490496,1,0,0,8,6699B1ED12A17900,can0
1919,1786717992.8205016,609664.365217651,485490496,1,0,0,8,6699CCEC70A90000,can0
1920,1786717992.821257,609664.365970651,485490496,1,0,0,8,6699CBEC8A780000,can0
1921,1786717992.8221753,609664.366889526,485490496,1,0,0,8,6699DCECB89D0000,can0
1922,1786717992.824289,609664.369007192,485490496,1,0,0,8,6699DBECD77B0000,can0
1923,1786717992.8271284,609664.371843317,485490496,1,0,0,8,6699ECEC0D690000,can0
1924,1786717992.8279033,609664.372617359,485490496,1,0,0,8,6699EBEC64780000,can0
1925,1786717992.8287654,609664.373480151,485490496,1,0,0,8,6699FCECF16D0000,can0
1926,1786717992.829747,609664.374460942,485490496,1,0,0,8,6699FBECB24A0000,can0
1927,1786717992.8617094,609664.406430026,485490497,1,0,0,8,6699DCED4F110000,can0
1928,1786717992.8631167,609664.407832942,485490497,1,0,0,8,6699DDEDD5280000,can0
1929,1786717992.8642838,609664.408999984,485490497,1,0,0,8,6699D0ED38080000,can0
1930,1786717992.8710139,609664.415729276,485490497,1,0,0,8,6699D1ED29010000,can0
1931,1786717992.8717794,609664.416494526,485490497,1,0,0,8,6699D2ED35090000,can0
1932,1786717992.8725095,609664.417223317,485490497,1,0,0,8,6699D3ED01010000,can0
1933,1786717992.9327695,609664.477489359,485490657,1,0,0,8,6699FF0FAC260000,can0
1934,1786717992.9337604,609664.478475484,485490657,1,0,0,8,66991C203C47FFFF,can0
1935,1786717993.0588555,609664.603575817,435295296,1,0,0,8,007D151901047446,can0
1936,1786717993.0597875,609664.604501734,435294784,1,0,0,8,C00B460000FFFFFF,can0
1937,1786717993.0605414,609664.605256901,435294784,1,0,0,8,C1FF4A00FFFFFFFF,can0
1938,1786717993.068868,609664.613585567,435357504,1,0,0,8,46010E0C8D0000FF,can0
1939,1786717993.0697815,609664.614496276,435294784,1,0,0,8,C00B460103FFFFFF,can0
1940,1786717993.0705402,609664.615256151,435294784,1,0,0,8,C1FFFFFFFFFFFFFF,can0
1941,1786717993.0712929,609664.616007359,435357504,1,0,0,8,4602620C7E0000FF,can0
1942,1786717993.0720532,609664.616767359,435294784,1,0,0,8,A00B460203FFFFFF,can0
1943,1786717993.072778,609664.617492317,435294784,1,0,0,8,A1FFFFFFFFFFFFFF,can0
1944,1786717993.0734937,609664.618207234,435357504,1,0,0,8,46030A0C570000FF,can0
1945,1786717993.0741699,609664.618883567,435294784,1,0,0,8,A00B460303FFFFFF,can0
1946,1786717993.07484,609664.619553901,435294784,1,0,0,8,A1FFFFFFFFFFFFFF,can0
1947,1786717993.092206,609664.636923234,435357504,1,0,0,8,46047807960000FF,can0
1948,1786717993.093242,609664.637959317,435294784,1,0,0,8,A00B460403FFFFFF,can0
1949,1786717993.0983555,609664.643080401,435294784,1,0,0,8,A1FFFFFFFFFFFFFF,can0
1950,1786717993.0994198,609664.644135401,435357248,1,0,0,8,46FFFC00FFFFFFFF,can0
1951,1786717993.1770117,609664.721730984,773,0,0,0,8,0000000000000000,can0
1952,1786717993.1781323,609664.722847609,775,0,0,0,8,1234567856494300,can0
1953,1786717993.2551568,609664.799876192,435295297,1,0,0,8,007D15C50004746D,can0
1954,1786717993.2565396,609664.801256234,435294785,1,0,0,8,C00B6D0000FFFFFF,can0
1955,1786717993.2574234,609664.802136567,435294785,1,0,0,8,C1FF4800FFFFFFFF,can0
1956,1786717993.2582853,609664.802999734,435357505,1,0,0,8,6D018D0C660000FF,can0
1957,1786717993.2655132,609664.810230234,435294785,1,0,0,8,C00B6D0103FFFFFF,can0
1958,1786717993.266549,609664.811263317,435294785,1,0,0,8,C1FFFFFFFFFFFFFF,can0
1959,1786717993.267468,609664.812183151,435357505,1,0,0,8,6D020F0C900000FF,can0
1960,1786717993.2739904,609664.818708317,435294785,1,0,0,8,A00B6D0203FFFFFF,can0
1961,1786717993.2748332,609664.819546942,435294785,1,0,0,8,A1FFFFFFFFFFFFFF,can0
1962,1786717993.2759857,609664.820701192,435357505,1,0,0,8,6D03600C710000FF,can0
1963,1786717993.2767317,609664.821446192,435294785,1,0,0,8,A00B6D0303FFFFFF,can0
1964,1786717993.2774785,609664.822191317,435294785,1,0,0,8,A1FFFFFFFFFFFFFF,can0
1965,1786717993.2780485,609664.822761817,435357505,1,0,0,8,6D048C08000000FF,can0
1966,1786717993.2785878,609664.823301359,435294785,1,0,0,8,A00B6D0403FFFFFF,can0
1967,1786717993.2812777,609664.825992151,435294785,1,0,0,8,A1FFFFFFFFFFFFFF,can0
1968,1786717993.282145,609664.826860651,435357249,1,0,0,8,6DFFFC00FFFFFFFF,can0
1969,1786717993.5065186,609665.051237818,485490497,1,0,0,8,66998FEDC4000000,can0
1970,1786717993.50943,609665.054144318,485490496,1,0,0,8,66990102FC000000,can0
1971,1786717993.5101633,609665.054877068,485490496,1,0,0,8,66990A02FC000000,can0
1972,1786717993.5591395,609665.103859609,485490496,1,0,0,8,6699000201000000,can0
1973,1786717993.5601428,609665.104856484,485490496,1,0,0,8,6699020200000000,can0
1974,1786717993.56094,609665.105653651,485490496,1,0,0,8,6699070200000000,can0
1975,1786717993.562248,609665.106965484,485490496,1,0,0,8,66991E0300000000,can0
1976,1786717993.5634499,609665.108165276,485490496,1,0,0,8,66991C0300000000,can0
1977,1786717993.5642576,609665.108972484,485490496,1,0,0,8,66998DED7D150000,can0
1978,1786717993.6061707,609665.150890359,485490496,1,0,0,8,66998FED19010000,can0
1979,1786717993.6073477,609665.152061609,485490496,1,0,0,8,6699ECED04740000,can0
1980,1786717993.610026,609665.154743651,485490496,1,0,0,8,6699DAED00000000,can0
1981,1786717993.6717515,609665.216470984,485490497,1,0,0,8,6699BCEDCAB60100,can0
1982,1786717993.6726062,609665.217320151,485490497,1,0,0,8,6699B1ED3B8CBD05,can0
1983,1786717993.6733086,609665.218021818,485490497,1,0,0,8,6699CCECA37E0000,can0
1984,1786717993.6740122,609665.218725901,485490497,1,0,0,8,6699CBEC0C7E0000,can0
1985,1786717993.6749742,609665.219688318,485490497,1,0,0,8,6699DCEC17AD0000,can0
1986,1786717993.6758614,609665.220576443,485490497,1,0,0,8,6699DBECD9790000,can0
1987,1786717993.6769783,609665.221696984,485490497,1,0,0,8,6699ECEC658B0000,can0
1988,1786717993.6779037,609665.222618318,485490497,1,0,0,8,6699EBECED7C0000,can0
1989,1786717993.6807253,609665.225442818,485490497,1,0,0,8,6699FCEC00000000,can0
1990,1786717993.681541,609665.226258609,485490497,1,0,0,8,6699FBEC7C550000,can0
1991,1786717993.8105667,609665.355286734,485490496,1,0,0,8,6699B3ED01000000,can0
1992,1786717993.811506,609665.356219859,485490496,1,0,0,8,6699BCED0D1E0200,can0
1993,1786717993.8220756,609665.366795776,485490496,1,0,0,8,6699BCED0D1E0200,can0
1994,1786717993.8231366,609665.367850734,485490496,1,0,0,8,6699B1ED0FF37800,can0
1995,1786717993.824185,609665.368899651,485490496,1,0,0,8,6699CCEC4DA90000,can0
1996,1786717993.8259542,609665.370670359,485490496,1,0,0,8,6699CBEC87780000,can0
1997,1786717993.826879,609665.371594901,485490496,1,0,0,8,6699DCECEA9D0000,can0
1998,1786717993.8278265,609665.372541734,485490496,1,0,0,8,6699DBECD17B0000,can0
1999,1786717993.8299084,609665.374627943,485490496,1,0,0,8,6699ECEC1D690000,can0
2000,1786717993.831295,609665.376010151,485490496,1,0,0,8,6699EBEC63780000,can0
2001,1786717993.8344817,609665.379196276,485490496,1,0,0,8,6699FCECFA6D0000,can0
2002,1786717993.8357959,609665.380511109,485490496,1,0,0,8,6699FBECB54A0000,can0
2003,1786717993.902712,609665.447431901,502267712,1,0,0,8,E0266699501000CB,can0
2004,1786717993.9036949,609665.448409151,502267712,1,0,0,8,E1020000FFFFFFFF,can0
2005,1786717993.9043775,609665.449090359,502267712,1,0,0,8,E28515AB14000000,can0
2006,1786717993.904977,609665.449689693,502267712,1,0,0,8,E30000CD02000000,can0
2007,1786717993.905808,609665.450521526,502267712,1,0,0,8,E400420E00009602,can0
2008,1786717993.906342,609665.451054984,502267712,1,0,0,8,E5EE9A4001FFFFFF,can0
2009,1786717993.927835,609665.472554484,485490657,1,0,0,8,6699FF0FAC260000,can0
2010,1786717993.928799,609665.473514484,485490657,1,0,0,8,66991C20CC48FFFF,can0
2011,1786717994.057268,609665.601988151,485490497,1,0,0,8,66998FEDC3000000,can0
2012,1786717994.060326,609665.605044234,485490496,1,0,0,8,66994E0301000000,can0
2013,1786717994.1097293,609665.654452693,502267713,1,0,0,8,E01D669943100170,can0
2014,1786717994.1107306,609665.65544486,502267713,1,0,0,8,E10D0A000A1F0000,can0
2015,1786717994.111863,609665.656581776,502267713,1,0,0,8,E200000000000000,can0
2016,1786717994.1126323,609665.657345735,502267713,1,0,0,8,E300000000000000,can0
2017,1786717994.1132178,609665.657930985,502267713,1,0,0,8,E40000FFFFFFFFFF,can0
2018,1786717994.1874712,609665.732190526,773,0,0,0,8,0000000000000000,can0
2019,1786717994.188294,609665.733007901,775,0,0,0,8,1234567856494300,can0
2020,1786717994.2079642,609665.752684068,502267712,1,0,0,8,001D6699431001B4,can0
2021,1786717994.2089415,609665.75365711,502267712,1,0,0,8,010E0A0000400000,can0
2022,1786717994.2097886,609665.754502901,502267712,1,0,0,8,0200000000000000,can0
2023,1786717994.2106771,609665.75539336,502267712,1,0,0,8,0300000000000000,can0
2024,1786717994.2125072,609665.75722561,502267712,1,0,0,8,040000FFFFFFFFFF,can0
2025,1786717994.2142005,609665.758916318,502267712,1,0,0,8,201D669942100123,can0
2026,1786717994.2150333,609665.75975761,502267712,1,0,0,8,219DA20163A00400,can0
2027,1786717994.2162678,609665.760984151,502267712,1,0,0,8,2200000000000000,can0
2028,1786717994.2172644,609665.761980568,502267712,1,0,0,8,2300110000000000,can0
2029,1786717994.2180185,609665.762733151,502267712,1,0,0,8,240000FFFFFFFFFF,can0
2030,1786717994.5040612,609666.04878136,485490496,1,0,0,8,6699DBED84120000,can0
2031,1786717994.5522716,609666.097137193,435295296,1,0,0,8,007D151901047464,can0
2032,1786717994.5534627,609666.098247443,435294784,1,0,0,8,E00B640000FFFFFF,can0
2033,1786717994.5544555,609666.099169235,435294784,1,0,0,8,E1FF4A00FFFFFFFF,can0
2034,1786717994.5559523,609666.10067186,435357504,1,0,0,8,64010D0C8D0000FF,can0
2035,1786717994.5570803,609666.101795151,435294784,1,0,0,8,E00B640103FFFFFF,can0
2036,1786717994.5580132,609666.102728651,435294784,1,0,0,8,E1FFFFFFFFFFFFFF,can0
2037,1786717994.5590587,609666.103773693,435357504,1,0,0,8,6402630C7E0000FF,can0
2038,1786717994.5601118,609666.104826443,435294784,1,0,0,8,C00B640203FFFFFF,can0
2039,1786717994.561217,609666.105931026,435294784,1,0,0,8,C1FFFFFFFFFFFFFF,can0
2040,1786717994.5617716,609666.106484735,435357504,1,0,0,8,64030A0C570000FF,can0
2041,1786717994.5627894,609666.10750411,435294784,1,0,0,8,C00B640303FFFFFF,can0
2042,1786717994.5637941,609666.10851036,435294784,1,0,0,8,C1FFFFFFFFFFFFFF,can0
2043,1786717994.5656757,609666.110391818,435357504,1,0,0,8,64047807920000FF,can0
2044,1786717994.56642,609666.111133151,435294784,1,0,0,8,C00B640403FFFFFF,can0
2045,1786717994.5670786,609666.11179211,435294784,1,0,0,8,C1FFFFFFFFFFFFFF,can0
2046,1786717994.5675325,609666.11224411,435357248,1,0,0,8,64FFFC00FFFFFFFF,can0
2047,1786717994.5679982,609666.112715485,233966912,1,0,0,8,0001FDFFFFFFFFFF,can0
2048,1786717994.6190553,609666.163775276,485490497,1,0,0,8,66998FEDC0000000,can0
2049,1786717994.6744146,609666.21913561,485490497,1,0,0,8,6699BCED3DA10100,can0
2050,1786717994.6756852,609666.22040186,485490497,1,0,0,8,6699B1ED5357D505,can0
2051,1786717994.6766188,609666.221332276,485490497,1,0,0,8,6699CCEC126F0000,can0
2052,1786717994.677505,609666.222220193,485490497,1,0,0,8,6699CBEC78820000,can0
2053,1786717994.678432,609666.223147693,485490497,1,0,0,8,6699DCECF2AB0000,can0
2054,1786717994.6867423,609666.231483651,485490497,1,0,0,8,6699DBEC057F0000,can0
2055,1786717994.6879802,609666.232696401,485490497,1,0,0,8,6699ECEC22840000,can0
2056,1786717994.6887934,609666.233508318,485490497,1,0,0,8,6699EBECE0810000,can0
2057,1786717994.6929848,609666.237699693,485490497,1,0,0,8,6699FBEC7D550000,can0
2058,1786717994.7542593,609666.298980443,435295297,1,0,0,8,007D15BF0004748B,can0
2059,1786717994.755546,609666.300263651,435294785,1,0,0,8,E00B8B0000FFFFFF,can0
2060,1786717994.7566311,609666.301345568,435294785,1,0,0,8,E1FF4800FFFFFFFF,can0
2061,1786717994.757646,609666.302361193,435357505,1,0,0,8,8B010C0D450000FF,can0
2062,1786717994.7586682,609666.303383401,435294785,1,0,0,8,E00B8B0103FFFFFF,can0
2063,1786717994.7595813,609666.304397485,435294785,1,0,0,8,E1FFFFFFFFFFFFFF,can0
2064,1786717994.7608333,609666.305548151,435357505,1,0,0,8,8B02B40C890000FF,can0
2065,1786717994.761608,609666.306321151,435294785,1,0,0,8,C00B8B0203FFFFFF,can0
2066,1786717994.7622514,609666.306965193,435294785,1,0,0,8,C1FFFFFFFFFFFFFF,can0
2067,1786717994.7633607,609666.308075735,435357505,1,0,0,8,8B03FD0C660000FF,can0
2068,1786717994.7641315,609666.308846235,435294785,1,0,0,8,C00B8B0303FFFFFF,can0
2069,1786717994.7689114,609666.313627026,435294785,1,0,0,8,C1FFFFFFFFFFFFFF,can0
2070,1786717994.770889,609666.31560361,435357505,1,0,0,8,8B048D08000000FF,can0
2071,1786717994.7719548,609666.316669026,435294785,1,0,0,8,C00B8B0403FFFFFF,can0
2072,1786717994.7727182,609666.317431818,435294785,1,0,0,8,C1FFFFFFFFFFFFFF,can0
2073,1786717994.7734962,609666.318211193,435357249,1,0,0,8,8BFFFC00FFFFFFFF,can0
2074,1786717994.8041792,609666.34889886,485490496,1,0,0,8,66998DED7C150000,can0
2075,1786717994.8067653,609666.35149211,485490497,1,0,0,8,66998DED7C150000,can0
2076,1786717994.8199296,609666.364649902,485490496,1,0,0,8,6699BCED921E0200,can0
2077,1786717994.8211591,609666.36587586,485490496,1,0,0,8,6699B1EDFC727800,can0
2078,1786717994.8222332,609666.366949068,485490496,1,0,0,8,6699CCEC5FA90000,can0
2079,1786717994.8232145,609666.367929402,485490496,1,0,0,8,6699CBEC82780000,can0
2080,1786717994.8242514,609666.368965568,485490496,1,0,0,8,6699DCEC379E0000,can0
2081,1786717994.8251162,609666.369831193,485490496,1,0,0,8,6699DBECCE7B0000,can0
2082,1786717994.8275936,609666.37230861,485490496,1,0,0,8,6699ECEC6E690000,can0
2083,1786717994.8286915,609666.373413568,485490496,1,0,0,8,6699EBEC5C780000,can0
2084,1786717994.830047,609666.374762402,485490496,1,0,0,8,6699FCEC176E0000,can0
2085,1786717994.8310835,609666.375798443,485490496,1,0,0,8,6699FBECBB4A0000,can0
2086,1786717994.9240773,609666.46879736,485441761,1,0,0,8,669915203C030000,can0
2087,1786717994.925115,609666.469829068,485490496,1,0,0,8,669915203C030000,can0
2088,1786717994.9276385,609666.472353652,485442017,1,0,0,8,6699152004030000,can0
2089,1786717994.9283383,609666.473051902,485490497,1,0,0,8,6699152004030000,can0
2090,1786717994.943049,609666.487769527,485490657,1,0,0,8,6699FF0FAC260000,can0
2091,1786717994.9454618,609666.490181818,485490657,1,0,0,8,66991C207446FFFF,can0
2092,1786717995.0041916,609666.548913068,485490496,1,0,0,8,6699DBED7A120000,can0
2093,1786717995.0446975,609666.589417818,485490657,1,0,0,8,669902207C150000,can0
2094,1786717995.1777897,609666.722508818,773,0,0,0,8,0000000000000000,can0
2095,1786717995.178641,609666.72335486,775,0,0,0,8,1234567856494300,can0
2096,1786717995.456679,609667.001420777,485490497,1,0,0,8,66998BED49000000,can0
2097,1786717995.6201386,609667.164859819,485490497,1,0,0,8,66998FEDBC000000,can0
2098,1786717995.6715257,609667.216246319,485490497,1,0,0,8,6699BCED39A50100,can0
2099,1786717995.6725507,609667.217265152,485490497,1,0,0,8,6699B1EDFC09E005,can0
2100,1786717995.6740024,609667.218717944,485490497,1,0,0,8,6699CCEC5C810000,can0
2101,1786717995.6781104,609667.222827694,485490497,1,0,0,8,6699CBEC557B0000,can0
2102,1786717995.6795082,609667.224223819,485490497,1,0,0,8,6699DCEC69A50000,can0
2103,1786717995.6804736,609667.225189652,485490497,1,0,0,8,6699DBECC8810000,can0
2104,1786717995.6813064,609667.226019402,485490497,1,0,0,8,6699ECECAD7D0000,can0
2105,1786717995.6827457,609667.227463985,485490497,1,0,0,8,6699EBECB8830000,can0
2106,1786717995.6841779,609667.228896069,485490497,1,0,0,8,6699FBEC7F550000,can0
2107,1786717995.7642622,609667.308982152,485490496,1,0,0,8,66998DED7C150000,can0
2108,1786717995.7681298,609667.312849027,485490496,1,0,0,8,6699DBED84120000,can0
2109,1786717995.8195388,609667.364259194,485490496,1,0,0,8,6699BCED031F0200,can0
2110,1786717995.8204727,609667.365187319,485490496,1,0,0,8,6699B1ED32277900,can0
2111,1786717995.821213,609667.365926194,485490496,1,0,0,8,6699CCEC7DA90000,can0
2112,1786717995.822303,609667.36701586,485490496,1,0,0,8,6699CBEC85780000,can0
2113,1786717995.8229558,609667.367669319,485490496,1,0,0,8,6699DCECDA9D0000,can0
2114,1786717995.823508,609667.368220485,485490496,1,0,0,8,6699DBECD17B0000,can0
2115,1786717995.8241951,609667.368909235,485490496,1,0,0,8,6699ECEC8E690000,can0
2116,1786717995.824894,609667.369608027,485490496,1,0,0,8,6699EBEC5E780000,can0
2117,1786717995.8259113,609667.370628569,485490496,1,0,0,8,6699FCEC1D6E0000,can0
2118,1786717995.8266547,609667.371368485,485490496,1,0,0,8,6699FBECB54A0000,can0
2119,1786717995.9258301,609667.470549402,485490657,1,0,0,8,6699FF0FAC260000,can0
2120,1786717995.9295943,609667.474313777,485490657,1,0,0,8,66991C20AC45FFFF,can0
2121,1786717996.052269,609667.596990027,435295296,1,0,0,8,007D151901047482,can0
2122,1786717996.053248,609667.597964194,435294784,1,0,0,8,000B820000FFFFFF,can0
2123,1786717996.0542772,609667.598991569,435294784,1,0,0,8,01FF4A00FFFFFFFF,can0
2124,1786717996.0556314,609667.600345944,435357504,1,0,0,8,82010C0C8D0000FF,can0
2125,1786717996.056503,609667.601218152,435294784,1,0,0,8,000B820103FFFFFF,can0
2126,1786717996.0581646,609667.60287986,435294784,1,0,0,8,01FFFFFFFFFFFFFF,can0
2127,1786717996.0589504,609667.603664985,435357504,1,0,0,8,8202620C7F0000FF,can0
2128,1786717996.0596802,609667.60439486,435294784,1,0,0,8,E00B820203FFFFFF,can0
2129,1786717996.060425,609667.605140277,435294784,1,0,0,8,E1FFFFFFFFFFFFFF,can0
2130,1786717996.0611975,609667.605912277,435357504,1,0,0,8,82030B0C560000FF,can0
2131,1786717996.0619414,609667.606655819,435294784,1,0,0,8,E00B820303FFFFFF,can0
2132,1786717996.0626173,609667.607330527,435294784,1,0,0,8,E1FFFFFFFFFFFFFF,can0
2133,1786717996.063416,609667.608131069,435357504,1,0,0,8,82047807930000FF,can0
2134,1786717996.0641172,609667.608830985,435294784,1,0,0,8,E00B820403FFFFFF,can0
2135,1786717996.064795,609667.609509444,435294784,1,0,0,8,E1FFFFFFFFFFFFFF,can0
2136,1786717996.0767343,609667.621450985,435357248,1,0,0,8,82FFFC00FFFFFFFF,can0
2137,1786717996.1017447,609667.64646561,485490496,1,0,0,8,6699042003000000,can0
2138,1786717996.1796813,609667.72440186,485441761,1,0,0,8,66990100D0EDFCFF,can0
2139,1786717996.1805868,609667.725300235,485441761,1,0,0,8,66990100DCEDFEFF,can0
2140,1786717996.1812017,609667.725914319,485441761,1,0,0,8,66990100DAEDFFFF,can0
2141,1786717996.1817677,609667.726480277,485441761,1,0,0,8,669901002720FFFF,can0
2142,1786717996.1823063,609667.727018861,773,0,0,0,8,0000000000000000,can0
2143,1786717996.1830196,609667.727733777,775,0,0,0,8,1234567856494300,can0
2144,1786717996.183651,609667.728364861,485490496,1,0,0,8,6699DAED00000000,can0
2145,1786717996.184372,609667.729086027,485490496,1,0,0,8,6699272043C40300,can0
2146,1786717996.2120876,609667.756807652,485490497,1,0,0,8,66990102FC000000,can0
2147,1786717996.2129443,609667.757657069,485490497,1,0,0,8,66990A02FC000000,can0
2148,1786717996.2378583,609667.782578194,485490496,1,0,0,8,6699DCED97200000,can0
2149,1786717996.2387257,609667.783440444,485490496,1,0,0,8,6699DDEDE8830200,can0
2150,1786717996.2394893,609667.784202944,485490496,1,0,0,8,6699D0ED730E0000,can0
2151,1786717996.2400649,609667.784777111,485490496,1,0,0,8,6699D1EDF9030000,can0
2152,1786717996.2406526,609667.785367152,485490496,1,0,0,8,6699D2ED420E0000,can0
2153,1786717996.2412186,609667.785932277,485490496,1,0,0,8,6699D3EDCB020000,can0
2154,1786717996.2556543,609667.800375902,435295297,1,0,0,8,007C15BB000474A9,can0
2155,1786717996.2566059,609667.801320777,435294785,1,0,0,8,000BA90000FFFFFF,can0
2156,1786717996.2573993,609667.802114861,435294785,1,0,0,8,01FF4900FFFFFFFF,can0
2157,1786717996.2581854,609667.802900527,435357505,1,0,0,8,A901710C690000FF,can0
2158,1786717996.2589803,609667.803695027,435294785,1,0,0,8,000BA90103FFFFFF,can0
2159,1786717996.2597558,609667.804470652,435294785,1,0,0,8,01FFFFFFFFFFFFFF,can0
2160,1786717996.2605245,609667.805239902,435357505,1,0,0,8,A902070D7D0000FF,can0
2161,1786717996.2612946,609667.806008777,435294785,1,0,0,8,E00BA90203FFFFFF,can0
2162,1786717996.2620618,609667.806776736,435294785,1,0,0,8,E1FFFFFFFFFFFFFF,can0
2163,1786717996.2628307,609667.807544819,435357505,1,0,0,8,A903320D5E0000FF,can0
2164,1786717996.2634215,609667.808134152,435294785,1,0,0,8,E00BA90303FFFFFF,can0
2165,1786717996.2640553,609667.808768944,435294785,1,0,0,8,E1FFFFFFFFFFFFFF,can0
2166,1786717996.2646544,609667.809368319,435357505,1,0,0,8,A9048C08000000FF,can0
2167,1786717996.2654746,609667.810192069,435294785,1,0,0,8,E00BA90403FFFFFF,can0
2168,1786717996.2662766,609667.810991402,435294785,1,0,0,8,E1FFFFFFFFFFFFFF,can0
2169,1786717996.2670648,609667.811779819,435357249,1,0,0,8,A9FFFC00FFFFFFFF,can0
2170,1786717996.2677875,609667.812501194,233966913,1,0,0,8,0001FDFFFFFFFFFF,can0
2171,1786717996.2685232,609667.813237486,485490497,1,0,0,8,6699000201000000,can0
2172,1786717996.2692943,609667.814008652,485490497,1,0,0,8,6699020200000000,can0
2173,1786717996.27003,609667.814744736,485490497,1,0,0,8,6699070200000000,can0
2174,1786717996.2708933,609667.815609069,485490497,1,0,0,8,66991E0300000000,can0
2175,1786717996.2723546,609667.817069902,485490497,1,0,0,8,66991C0300000000,can0
2176,1786717996.2731023,609667.817815944,485490497,1,0,0,8,66998DED7C150000,can0
2177,1786717996.3098679,609667.854588569,485490497,1,0,0,8,66998FEDBB000000,can0
2178,1786717996.3108866,609667.855600777,485490497,1,0,0,8,6699ECED04740000,can0
2179,1786717996.3122091,609667.856926277,485490497,1,0,0,8,6699DAED00000000,can0
2180,1786717996.512742,609668.057462111,485490497,1,0,0,8,6699B3ED01000000,can0
2181,1786717996.5136514,609668.058365277,485490497,1,0,0,8,6699BCEDAAA30100,can0
2182,1786717996.605449,609668.150170652,502267713,1,0,0,8,0026669950100001,can0
2183,1786717996.606432,609668.151146819,502267713,1,0,0,8,01010000FFFFFFFF,can0
2184,1786717996.6084714,609668.153188819,502267713,1,0,0,8,028515AF14000000,can0
2185,1786717996.6093311,609668.154045277,502267713,1,0,0,8,030000CC02000000,can0
2186,1786717996.6099005,609668.154614152,502267713,1,0,0,8,0400350900009F01,can0
2187,1786717996.6103508,609668.155063319,502267713,1,0,0,8,058A9A1300FFFFFF,can0
2188,1786717996.6210213,609668.165740902,485490497,1,0,0,8,66998FEDBB000000,can0
2189,1786717996.6726646,609668.217384652,485490497,1,0,0,8,6699BCEDAAA30100,can0
2190,1786717996.6736476,609668.218361902,485490497,1,0,0,8,6699B1ED24DFEF05,can0
2191,1786717996.6745908,609668.219304944,485490497,1,0,0,8,6699CCECE3800000,can0
2192,1786717996.6756017,609668.220317236,485490497,1,0,0,8,6699CBEC417C0000,can0
2193,1786717996.677109,609668.221828402,485490497,1,0,0,8,6699DCECC9A40000,can0
2194,1786717996.6780508,609668.222765361,485490497,1,0,0,8,6699DBECFB810000,can0
2195,1786717996.6788492,609668.223563986,485490497,1,0,0,8,6699ECEC957E0000,can0
2196,1786717996.6796231,609668.224337527,485490497,1,0,0,8,6699EBEC82830000,can0
2197,1786717996.6803544,609668.225068611,485490497,1,0,0,8,6699FBEC7E550000,can0
2198,1786717996.7617698,609668.306489069,485490497,1,0,0,8,66994E0301000000,can0
2199,1786717996.765026,609668.309742319,485490496,1,0,0,8,66998DED7C150000,can0
2200,1786717996.7738903,609668.318604527,485490496,1,0,0,8,6699DBED84120000,can0
2201,1786717996.820139,609668.364859986,485490496,1,0,0,8,6699BCED4F1F0200,can0
2202,1786717996.8212998,609668.366015194,485490496,1,0,0,8,6699B1ED597F7900,can0
2203,1786717996.8223243,609668.367038194,485490496,1,0,0,8,6699CCEC96A90000,can0
2204,1786717996.823284,609668.367999569,485490496,1,0,0,8,6699CBEC7E780000,can0
2205,1786717996.824068,609668.368782319,485490496,1,0,0,8,6699DCEC1E9E0000,can0
2206,1786717996.82496,609668.369683986,485490496,1,0,0,8,6699DBECD27B0000,can0
2207,1786717996.826026,609668.370741152,485490496,1,0,0,8,6699ECEC23690000,can0
2208,1786717996.826807,609668.371520611,485490496,1,0,0,8,6699EBEC5F780000,can0
2209,1786717996.8275769,609668.372291152,485490496,1,0,0,8,6699FCEC296E0000,can0
2210,1786717996.8283436,609668.373057652,485490496,1,0,0,8,6699FBECB84A0000,can0
2211,1786717996.9275115,609668.472231569,485490657,1,0,0,8,6699FF0FAC260000,can0
2212,1786717996.9286919,609668.473408694,485490657,1,0,0,8,66991C200448FFFF,can0
2213,1786717997.1872528,609668.731974153,773,0,0,0,8,0000000000000000,can0
2214,1786717997.1883337,609668.733048861,775,0,0,0,8,1234567856494300,can0
2215,1786717997.385134,609668.929854111,485490657,1,0,0,8,669901207C150000,can0
2216,1786717997.386442,609668.931156528,485490657,1,0,0,8,66990E200D000000,can0
2217,1786717997.5517848,609669.096502153,435295296,1,0,0,8,007D1519010474A0,can0
2218,1786717997.5528083,609669.097523278,435294784,1,0,0,8,200BA00000FFFFFF,can0
2219,1786717997.5536082,609669.098322903,435294784,1,0,0,8,21FF4A00FFFFFFFF,can0
2220,1786717997.5542526,609669.098965278,435357504,1,0,0,8,A0010E0C8E0000FF,can0
2221,1786717997.5548584,609669.099570736,435294784,1,0,0,8,200BA00103FFFFFF,can0
2222,1786717997.5558813,609669.100596569,435294784,1,0,0,8,21FFFFFFFFFFFFFF,can0
2223,1786717997.5568402,609669.101555403,435357504,1,0,0,8,A002620C7F0000FF,can0
2224,1786717997.5586994,609669.103416528,435294784,1,0,0,8,000BA00203FFFFFF,can0
2225,1786717997.559708,609669.104422778,435294784,1,0,0,8,01FFFFFFFFFFFFFF,can0
2226,1786717997.560576,609669.105288694,435357504,1,0,0,8,A0030A0C550000FF,can0
2227,1786717997.5611541,609669.105870819,435294784,1,0,0,8,000BA00303FFFFFF,can0
2228,1786717997.5616574,609669.106369944,435294784,1,0,0,8,01FFFFFFFFFFFFFF,can0
2229,1786717997.562064,609669.106775403,435357504,1,0,0,8,A0047707920000FF,can0
2230,1786717997.5624626,609669.107174278,435294784,1,0,0,8,000BA00403FFFFFF,can0
2231,1786717997.5628755,609669.107593778,435294784,1,0,0,8,01FFFFFFFFFFFFFF,can0
2232,1786717997.5640576,609669.108773069,435357248,1,0,0,8,A0FFFC00FFFFFFFF,can0
2233,1786717997.6717145,609669.216437778,485490497,1,0,0,8,6699BCED66A50100,can0
2234,1786717997.6729178,609669.217716486,485490497,1,0,0,8,6699B1ED003AF405,can0
2235,1786717997.6740875,609669.218804611,485490497,1,0,0,8,6699CCECB1810000,can0
2236,1786717997.6752229,609669.219938778,485490497,1,0,0,8,6699CBECFD7A0000,can0
2237,1786717997.677726,609669.222442653,485490497,1,0,0,8,6699DCEC32A40000,can0
2238,1786717997.679106,609669.223820153,485490497,1,0,0,8,6699DBEC38820000,can0
2239,1786717997.6801298,609669.224845195,485490497,1,0,0,8,6699ECEC177F0000,can0
2240,1786717997.6811824,609669.22589632,485490497,1,0,0,8,6699EBEC6E830000,can0
2241,1786717997.6823304,609669.22704457,485490497,1,0,0,8,6699FBEC7C550000,can0
2242,1786717997.7544222,609669.299142111,435295297,1,0,0,8,007C15BB000474C7,can0
2243,1786717997.7614915,609669.306209403,435294785,1,0,0,8,200BC70000FFFFFF,can0
2244,1786717997.7623389,609669.307053403,435294785,1,0,0,8,21FF4900FFFFFFFF,can0
2245,1786717997.763043,609669.30775632,435357505,1,0,0,8,C7014D0C6B0000FF,can0
2246,1786717997.763754,609669.308467653,435294785,1,0,0,8,200BC70103FFFFFF,can0
2247,1786717997.7643244,609669.30903807,435294785,1,0,0,8,21FFFFFFFFFFFFFF,can0
2248,1786717997.7648427,609669.30955507,435357505,1,0,0,8,C702060D810000FF,can0
2249,1786717997.784906,609669.32962207,435294785,1,0,0,8,000BC70203FFFFFF,can0
2250,1786717997.7859201,609669.330635736,435294785,1,0,0,8,01FFFFFFFFFFFFFF,can0
2251,1786717997.7910607,609669.33577782,435357505,1,0,0,8,C703250D610000FF,can0
2252,1786717997.7919962,609669.336709611,435294785,1,0,0,8,000BC70303FFFFFF,can0
2253,1786717997.7957819,609669.34049782,435294785,1,0,0,8,01FFFFFFFFFFFFFF,can0
2254,1786717997.8021922,609669.346909903,435357505,1,0,0,8,C7048C08000000FF,can0
2255,1786717997.8030782,609669.347793361,435294785,1,0,0,8,000BC70403FFFFFF,can0
2256,1786717997.80389,609669.348604153,435294785,1,0,0,8,01FFFFFFFFFFFFFF,can0
2257,1786717997.8093562,609669.354087153,435357249,1,0,0,8,C7FFFC00FFFFFFFF,can0
2258,1786717997.8104637,609669.355178486,485490496,1,0,0,8,66998DED7C150000,can0
2259,1786717997.8112452,609669.355959945,485442017,1,0,0,8,66990100D0EDFCFF,can0
2260,1786717997.8121502,609669.356865361,485442017,1,0,0,8,66990100DCEDFEFF,can0
2261,1786717997.8136022,609669.35831957,485442017,1,0,0,8,66990100DAEDFFFF,can0
2262,1786717997.814418,609669.359131486,485442017,1,0,0,8,669901002720FFFF,can0
2263,1786717997.8151445,609669.359867611,485490497,1,0,0,8,6699DAED00000000,can0
2264,1786717997.8163264,609669.361041278,485490497,1,0,0,8,669927205EC40300,can0
2265,1786717997.8172925,609669.362006403,485490497,1,0,0,8,6699DCED4F110000,can0
2266,1786717997.8180692,609669.362784361,485490497,1,0,0,8,6699DDEDD5280000,can0
2267,1786717997.8205779,609669.365295736,485490497,1,0,0,8,6699D0ED38080000,can0
2268,1786717997.8217332,609669.366448153,485490497,1,0,0,8,6699D1ED29010000,can0
2269,1786717997.8225887,609669.367304111,485490497,1,0,0,8,6699D2ED35090000,can0
2270,1786717997.82342,609669.368133986,485490497,1,0,0,8,6699D3ED01010000,can0
2271,1786717997.8242183,609669.368933236,485490496,1,0,0,8,6699BCED881F0200,can0
2272,1786717997.8251643,609669.369879236,485490496,1,0,0,8,6699B1EDEE8D7900,can0
2273,1786717997.8269556,609669.37167107,485490496,1,0,0,8,6699CCECE5A90000,can0
2274,1786717997.8278146,609669.372528653,485490496,1,0,0,8,6699CBEC78780000,can0
2275,1786717997.82848,609669.373194111,485490496,1,0,0,8,6699DCEC259E0000,can0
2276,1786717997.8291004,609669.37381432,485490496,1,0,0,8,6699DBECD97B0000,can0
2277,1786717997.8297164,609669.374430945,485490496,1,0,0,8,6699ECEC6C690000,can0
2278,1786717997.8303313,609669.375044403,485490496,1,0,0,8,6699EBEC65780000,can0
2279,1786717997.8312027,609669.375917236,485490496,1,0,0,8,6699FCEC2E6E0000,can0
2280,1786717997.8319654,609669.376680611,485490496,1,0,0,8,6699FBECB94A0000,can0
2281,1786717997.8563666,609669.401084028,485490497,1,0,0,8,66998FEDBA000000,can0
2282,1786717997.9288533,609669.473573611,485441761,1,0,0,8,669915203F030000,can0
2283,1786717997.9316142,609669.476330361,485442017,1,0,0,8,6699152001030000,can0
2284,1786717997.932474,609669.477188361,485490496,1,0,0,8,669915203F030000,can0
2285,1786717997.9332078,609669.477923153,485490497,1,0,0,8,6699152001030000,can0
2286,1786717997.9659324,609669.510651653,485490657,1,0,0,8,6699FF0FAC260000,can0
2287,1786717997.9691904,609669.513906945,485490657,1,0,0,8,66991C207446FFFF,can0
2288,1786717998.063067,609669.607786653,485490657,1,0,0,8,669902207C150000,can0
2289,1786717998.1846242,609669.72934407,773,0,0,0,8,0000000000000000,can0
2290,1786717998.185991,609669.73070782,775,0,0,0,8,1234567856494300,can0
2291,1786717998.3576367,609669.902356278,502267712,1,0,0,8,401D669942100128,can0
2292,1786717998.358843,609669.903558945,502267712,1,0,0,8,419DA20163A00400,can0
2293,1786717998.35989,609669.904603987,502267712,1,0,0,8,4200000000000000,can0
2294,1786717998.3604586,609669.905170903,502267712,1,0,0,8,4300110000000000,can0
2295,1786717998.3609183,609669.905630737,502267712,1,0,0,8,440000FFFFFFFFFF,can0
2296,1786717998.5090957,609670.053814945,485490496,1,0,0,8,66990102FC000000,can0
2297,1786717998.510224,609670.054938445,485490496,1,0,0,8,66990A02FC000000,can0
2298,1786717998.558891,609670.10361082,485490496,1,0,0,8,6699000201000000,can0
2299,1786717998.5601618,609670.104876403,485490496,1,0,0,8,6699020200000000,can0
2300,1786717998.5609455,609670.105657528,485490496,1,0,0,8,6699070200000000,can0
2301,1786717998.5651288,609670.10984407,485490496,1,0,0,8,66991E0300000000,can0
2302,1786717998.5669622,609670.111677903,485490496,1,0,0,8,66991C0300000000,can0
2303,1786717998.567753,609670.112466195,485490496,1,0,0,8,66998DED7C150000,can0
2304,1786717998.6061552,609670.150874528,485490496,1,0,0,8,66998FED19010000,can0
2305,1786717998.6072252,609670.151939945,485490496,1,0,0,8,6699ECED04740000,can0
2306,1786717998.6101515,609670.154869987,485490496,1,0,0,8,6699DAED00000000,can0
2307,1786717998.619075,609670.163795903,485490497,1,0,0,8,66998FEDB8000000,can0
2308,1786717998.6715732,609670.216292862,485490497,1,0,0,8,6699BCEDFC9C0100,can0
2309,1786717998.6724412,609670.217155778,485490497,1,0,0,8,6699B1EDA66CF505,can0
2310,1786717998.6732178,609670.217932445,485490497,1,0,0,8,6699CCECF5800000,can0
2311,1786717998.6739652,609670.218679737,485490497,1,0,0,8,6699CBEC3F7C0000,can0
2312,1786717998.6749318,609670.219645945,485490497,1,0,0,8,6699DCEC1B9F0000,can0
2313,1786717998.6759536,609670.220668195,485490497,1,0,0,8,6699DBEC6F830000,can0
2314,1786717998.6767688,609670.221484778,485490497,1,0,0,8,6699ECECF07C0000,can0
2315,1786717998.6777375,609670.22245182,485490497,1,0,0,8,6699EBECE9830000,can0
2316,1786717998.6786027,609670.223316903,485490497,1,0,0,8,6699FBEC7C550000,can0
2317,1786717998.7039928,609670.248712528,485490496,1,0,0,8,66998FED1A010000,can0
2318,1786717998.8101602,609670.354879237,485490496,1,0,0,8,6699B3ED01000000,can0
2319,1786717998.8112118,609670.355925903,485490496,1,0,0,8,6699BCEDBF1F0200,can0
2320,1786717998.821474,609670.366193612,485490496,1,0,0,8,6699BCEDBF1F0200,can0
2321,1786717998.8223217,609670.36703407,485490496,1,0,0,8,6699B1EDA7757900,can0
2322,1786717998.8243718,609670.369086403,485490496,1,0,0,8,6699CCECD0A90000,can0
2323,1786717998.827738,609670.372457403,485490496,1,0,0,8,6699CBEC75780000,can0
2324,1786717998.8295157,609670.374238945,485490496,1,0,0,8,6699DCEC529E0000,can0
2325,1786717998.8301277,609670.374840987,485490496,1,0,0,8,6699DBECD87B0000,can0
2326,1786717998.830872,609670.375586278,485490496,1,0,0,8,6699ECECC7690000,can0
2327,1786717998.832285,609670.377000737,485490496,1,0,0,8,6699EBEC64780000,can0
2328,1786717998.833458,609670.378172695,485490496,1,0,0,8,6699FCEC386E0000,can0
2329,1786717998.8345644,609670.379279112,485490496,1,0,0,8,6699FBECB54A0000,can0
2330,1786717998.9026718,609670.447392028,502267712,1,0,0,8,60266699501000CB,can0
2331,1786717998.9042864,609670.449001612,502267712,1,0,0,8,61020000FFFFFFFF,can0
2332,1786717998.905611,609670.450326987,502267712,1,0,0,8,628515AB14000000,can0
2333,1786717998.9065309,609670.451245653,502267712,1,0,0,8,630000CD02000000,can0
2334,1786717998.9083462,609670.453061445,502267712,1,0,0,8,6400420E00009602,can0
2335,1786717998.9092073,609670.45392232,502267712,1,0,0,8,65EE9A4001FFFFFF,can0
2336,1786717998.9260395,609670.470760445,485490657,1,0,0,8,6699FF0FAC260000,can0
2337,1786717998.9307902,609670.47614332,485490657,1,0,0,8,66991C201046FFFF,can0
2338,1786717999.0516005,609670.596319737,435295296,1,0,0,8,007C151A010474BE,can0
2339,1786717999.0525868,609670.597300237,435294784,1,0,0,8,400BBE0000FFFFFF,can0
2340,1786717999.0532544,609670.59796757,435294784,1,0,0,8,41FF4A00FFFFFFFF,can0
2341,1786717999.0538564,609670.598569237,435357504,1,0,0,8,BE010C0C8C0000FF,can0
2342,1786717999.054434,609670.59914657,435294784,1,0,0,8,400BBE0103FFFFFF,can0
2343,1786717999.0549889,609670.59970207,435294784,1,0,0,8,41FFFFFFFFFFFFFF,can0
2344,1786717999.055742,609670.600454695,435357504,1,0,0,8,BE02620C800000FF,can0
2345,1786717999.0564685,609670.60125082,435294784,1,0,0,8,200BBE0203FFFFFF,can0
2346,1786717999.0598269,609670.60454182,435294784,1,0,0,8,21FFFFFFFFFFFFFF,can0
2347,1786717999.0608222,609670.605550695,435357504,1,0,0,8,BE030A0C570000FF,can0
2348,1786717999.06194,609670.60665532,435294784,1,0,0,8,200BBE0303FFFFFF,can0
2349,1786717999.0628674,609670.607581195,435294784,1,0,0,8,21FFFFFFFFFFFFFF,can0
2350,1786717999.0634634,609670.608176654,435357504,1,0,0,8,BE047807930000FF,can0
2351,1786717999.073812,609670.618542362,435294784,1,0,0,8,200BBE0403FFFFFF,can0
2352,1786717999.074856,609670.61957157,435294784,1,0,0,8,21FFFFFFFFFFFFFF,can0
2353,1786717999.0761747,609670.620890529,435357248,1,0,0,8,BEFFFC00FFFFFFFF,can0
2354,1786717999.0770023,609670.621717195,485490496,1,0,0,8,66994E0301000000,can0
2355,1786717999.1794212,609670.724142779,773,0,0,0,8,0000000000000000,can0
2356,1786717999.1820593,609670.726775695,775,0,0,0,8,1234567856494300,can0
2357,1786717999.2575243,609670.802244279,435295297,1,0,0,8,007C15B7000474E5,can0
2358,1786717999.2658024,609670.810520487,435294785,1,0,0,8,400BE50000FFFFFF,can0
2359,1786717999.2666857,609670.811401237,435294785,1,0,0,8,41FF4900FFFFFFFF,can0
2360,1786717999.267503,609670.812217487,435357505,1,0,0,8,E501B80C570000FF,can0
2361,1786717999.2781668,609670.822882695,435294785,1,0,0,8,400BE50103FFFFFF,can0
2362,1786717999.2922218,609670.836939445,435294785,1,0,0,8,41FFFFFFFFFFFFFF,can0
2363,1786717999.2956274,609670.840351237,435357505,1,0,0,8,E502160D7C0000FF,can0
2364,1786717999.2964988,609670.841211904,435294785,1,0,0,8,200BE50203FFFFFF,can0
2365,1786717999.2970347,609670.841746987,435294785,1,0,0,8,21FFFFFFFFFFFFFF,can0
2366,1786717999.2974825,609670.842194945,435357505,1,0,0,8,E503290D610000FF,can0
2367,1786717999.2978961,609670.842608237,435294785,1,0,0,8,200BE50303FFFFFF,can0
2368,1786717999.2982924,609670.84300457,435294785,1,0,0,8,21FFFFFFFFFFFFFF,can0
2369,1786717999.298811,609670.843523362,435357505,1,0,0,8,E5048D08000000FF,can0
2370,1786717999.2992468,609670.843959029,435294785,1,0,0,8,200BE50403FFFFFF,can0
2371,1786717999.2997832,609670.844495695,435294785,1,0,0,8,21FFFFFFFFFFFFFF,can0
2372,1786717999.300198,609670.844911279,435357249,1,0,0,8,E5FFFC00FFFFFFFF,can0
2373,1786717999.6185849,609671.163303987,485490497,1,0,0,8,66998FEDB7000000,can0
2374,1786717999.6714845,609671.216201154,485490497,1,0,0,8,6699BCED459B0100,can0
2375,1786717999.6724687,609671.21718232,485490497,1,0,0,8,6699B1ED5B2E8005,can0
2376,1786717999.6731455,609671.217860529,485490497,1,0,0,8,6699CCECC07D0000,can0
2377,1786717999.673822,609671.218535487,485490497,1,0,0,8,6699CBECBA7E0000,can0
2378,1786717999.674798,609671.219512862,485490497,1,0,0,8,6699DCEC36A10000,can0
2379,1786717999.6756985,609671.22041332,485490497,1,0,0,8,6699DBEC00830000,can0
2380,1786717999.6768327,609671.221552904,485490497,1,0,0,8,6699ECECBC7D0000,can0
2381,1786717999.6807494,609671.225489446,485490497,1,0,0,8,6699EBECB7830000,can0
2382,1786717999.6818743,609671.226588987,485490497,1,0,0,8,6699FBEC7F550000,can0
2383,1786717999.8192673,609671.363986446,485490496,1,0,0,8,6699BCED20200200,can0
2384,1786717999.8209774,609671.365696862,485490496,1,0,0,8,6699B1EDED3D7900,can0
2385,1786717999.8218954,609671.366608696,485490496,1,0,0,8,6699CCEC06AA0000,can0
2386,1786717999.8230147,609671.367729279,485490496,1,0,0,8,6699CBEC76780000,can0
2387,1786717999.823584,609671.368297321,485490496,1,0,0,8,6699DCEC709E0000,can0
2388,1786717999.8243093,609671.369022487,485490496,1,0,0,8,6699DBECDF7B0000,can0
2389,1786717999.8251262,609671.369840571,485490496,1,0,0,8,6699ECECA8690000,can0
2390,1786717999.8276849,609671.372400279,485490496,1,0,0,8,6699EBEC6A780000,can0
2391,1786717999.8285818,609671.373297404,485490496,1,0,0,8,6699FCEC326E0000,can0
2392,1786717999.8295863,609671.374300946,485490496,1,0,0,8,6699FBECB44A0000,can0
2393,1786717999.9373314,609671.482051071,485490657,1,0,0,8,6699FF0FAC260000,can0
2394,1786717999.9382885,609671.483003904,485490657,1,0,0,8,66991C208044FFFF,can0
2395,1786718000.185593,609671.730314821,773,0,0,0,8,0000000000000000,can0
2396,1786718000.1865232,609671.731237279,775,0,0,0,8,1234567856494300,can0
2397,1786718000.551785,609672.096505446,435295296,1,0,0,8,007C151A010474DC,can0
2398,1786718000.555286,609672.100738113,435294784,1,0,0,8,600BDC0000FFFFFF,can0
2399,1786718000.5584855,609672.103205029,435294784,1,0,0,8,61FF4A00FFFFFFFF,can0
2400,1786718000.565513,609672.110243946,435357504,1,0,0,8,DC010D0C8D0000FF,can0
2401,1786718000.5688717,609672.113587571,435294784,1,0,0,8,600BDC0103FFFFFF,can0
2402,1786718000.5698867,609672.114600738,435294784,1,0,0,8,61FFFFFFFFFFFFFF,can0
2403,1786718000.5707397,609672.115453571,435357504,1,0,0,8,DC02610C7E0000FF,can0
2404,1786718000.571306,609672.116018738,435294784,1,0,0,8,400BDC0203FFFFFF,can0
2405,1786718000.5717506,609672.116462946,435294784,1,0,0,8,41FFFFFFFFFFFFFF,can0
2406,1786718000.5721698,609672.116881821,435357504,1,0,0,8,DC030A0C570000FF,can0
2407,1786718000.5725708,609672.117284113,435294784,1,0,0,8,400BDC0303FFFFFF,can0
2408,1786718000.572959,609672.117670904,435294784,1,0,0,8,41FFFFFFFFFFFFFF,can0
2409,1786718000.5733395,609672.118050821,435357504,1,0,0,8,DC047907950000FF,can0
2410,1786718000.5737166,609672.118428238,435294784,1,0,0,8,400BDC0403FFFFFF,can0
2411,1786718000.57409,609672.118802113,435294784,1,0,0,8,41FFFFFFFFFFFFFF,can0
2412,1786718000.5745192,609672.119230821,435357248,1,0,0,8,DCFFFC00FFFFFFFF,can0
2413,1786718000.5749195,609672.119631988,233966912,1,0,0,8,0001FDFFFFFFFFFF,can0
2414,1786718000.6186244,609672.163345071,485490497,1,0,0,8,66998FEDB7000000,can0
2415,1786718000.6714072,609672.216127863,485490497,1,0,0,8,6699BCED6A980100,can0
2416,1786718000.6724668,609672.217181488,485490497,1,0,0,8,6699B1ED4D81D505,can0
2417,1786718000.6733925,609672.218107363,485490497,1,0,0,8,6699CCEC227D0000,can0
2418,1786718000.674297,609672.219010946,485490497,1,0,0,8,6699CBEC1E7F0000,can0
2419,1786718000.6751857,609672.219900071,485490497,1,0,0,8,6699DCEC099E0000,can0
2420,1786718000.6767979,609672.221518904,485490497,1,0,0,8,6699DBECB8830000,can0
2421,1786718000.6776562,609672.222370321,485490497,1,0,0,8,6699ECECE07D0000,can0
2422,1786718000.6808128,609672.225527988,485490497,1,0,0,8,6699EBECC8830000,can0
2423,1786718000.6815815,609672.226299279,485490497,1,0,0,8,6699FBEC7E550000,can0
2424,1786718000.7539787,609672.298694821,435295297,1,0,0,8,007C15B700047407,can0
2425,1786718000.7550132,609672.299726571,435294785,1,0,0,8,600B070000FFFFFF,can0
2426,1786718000.7562027,609672.300916946,435294785,1,0,0,8,61FF4900FFFFFFFF,can0
2427,1786718000.7569697,609672.301683821,435357505,1,0,0,8,0701B60C620000FF,can0
2428,1786718000.757871,609672.302584529,435294785,1,0,0,8,600B070103FFFFFF,can0
2429,1786718000.7585495,609672.303262279,435294785,1,0,0,8,61FFFFFFFFFFFFFF,can0
2430,1786718000.7591903,609672.303902988,435357505,1,0,0,8,07022C0D770000FF,can0
2431,1786718000.759816,609672.304528363,435294785,1,0,0,8,400B070203FFFFFF,can0
2432,1786718000.7604299,609672.305142363,435294785,1,0,0,8,41FFFFFFFFFFFFFF,can0
2433,1786718000.761362,609672.306078571,435357505,1,0,0,8,07032E0D5F0000FF,can0
2434,1786718000.7624836,609672.307203696,435294785,1,0,0,8,400B070303FFFFFF,can0
2435,1786718000.7633562,609672.308071904,435294785,1,0,0,8,41FFFFFFFFFFFFFF,can0
2436,1786718000.7643461,609672.309063363,435357505,1,0,0,8,07048D08000000FF,can0
2437,1786718000.7651541,609672.309867654,435294785,1,0,0,8,400B070403FFFFFF,can0
2438,1786718000.7665405,609672.311254779,435294785,1,0,0,8,41FFFFFFFFFFFFFF,can0
2439,1786718000.7672179,609672.311934154,435357249,1,0,0,8,07FFFC00FFFFFFFF,can0
2440,1786718000.8193884,609672.364109071,485490496,1,0,0,8,6699BCED9D200200,can0
2441,1786718000.8208563,609672.365572154,485490496,1,0,0,8,6699B1ED4B6F7900,can0
2442,1786718000.8216712,609672.366385654,485490496,1,0,0,8,6699CCEC27AA0000,can0
2443,1786718000.8225765,609672.367291279,485490496,1,0,0,8,6699CBEC78780000,can0
2444,1786718000.8234873,609672.368201446,485490496,1,0,0,8,6699DCEC859E0000,can0
2445,1786718000.824383,609672.369095988,485490496,1,0,0,8,6699DBECE47B0000,can0
2446,1786718000.8251216,609672.369837029,485490496,1,0,0,8,6699ECEC7C690000,can0
2447,1786718000.8264873,609672.371202488,485490496,1,0,0,8,6699EBEC6C780000,can0
2448,1786718000.827486,609672.372200696,485490496,1,0,0,8,6699FCEC4A6E0000,can0
2449,1786718000.828418,609672.373133154,485490496,1,0,0,8,6699FBECB44A0000,can0
2450,1786718000.9278364,609672.472556779,485441761,1,0,0,8,6699152040030000,can0
2451,1786718000.9286978,609672.473412238,485442017,1,0,0,8,6699152000030000,can0
2452,1786718000.9294095,609672.474124238,485490496,1,0,0,8,6699152040030000,can0
2453,1786718000.9300928,609672.474808154,485490497,1,0,0,8,6699152000030000,can0
2454,1786718000.952993,609672.497713529,485490657,1,0,0,8,6699FF0FAC260000,can0
2455,1786718000.9542062,609672.498926529,485490657,1,0,0,8,66991C200448FFFF,can0
2456,1786718001.055739,609672.600458904,485490657,1,0,0,8,669902207C150000,can0
2457,1786718001.0618138,609672.606533571,485490657,1,0,0,8,669903204C090000,can0
2458,1786718001.1810482,609672.725768071,773,0,0,0,8,0000000000000000,can0
2459,1786718001.182029,609672.726742738,775,0,0,0,8,1234567856494300,can0
2460,1786718001.1873426,609672.732066863,485441761,1,0,0,8,66990100D0EDFCFF,can0
2461,1786718001.1886384,609672.733352363,485441761,1,0,0,8,66990100DCEDFEFF,can0
2462,1786718001.1892655,609672.73397853,485441761,1,0,0,8,66990100DAEDFFFF,can0
2463,1786718001.1898882,609672.734604238,485441761,1,0,0,8,669901002720FFFF,can0
2464,1786718001.1935098,609672.738225655,485490496,1,0,0,8,6699DAED00000000,can0
2465,1786718001.1999066,609672.744627113,485490496,1,0,0,8,66992720F3B80300,can0
2466,1786718001.2145505,609672.759272113,485490497,1,0,0,8,66990102FC000000,can0
2467,1786718001.2157032,609672.760418571,485490497,1,0,0,8,66990A02FC000000,can0
2468,1786718001.2456048,609672.790325113,485490496,1,0,0,8,6699DCED97200000,can0
2469,1786718001.250047,609672.794761738,485490496,1,0,0,8,6699DDEDE8830200,can0
2470,1786718001.2511184,609672.795833071,485490496,1,0,0,8,6699D0ED730E0000,can0
2471,1786718001.2519188,609672.796633613,485490496,1,0,0,8,6699D1EDF9030000,can0
2472,1786718001.2525976,609672.797310571,485490496,1,0,0,8,6699D2ED420E0000,can0
2473,1786718001.2533035,609672.798017571,485490496,1,0,0,8,6699D3EDCB020000,can0
2474,1786718001.2604215,609672.80514153,485490497,1,0,0,8,6699000201000000,can0
2475,1786718001.261365,609672.80607928,485490497,1,0,0,8,6699020200000000,can0
2476,1786718001.2627518,609672.807465863,485490497,1,0,0,8,6699070200000000,can0
2477,1786718001.2648845,609672.809603363,485490497,1,0,0,8,66991E0300000000,can0
2478,1786718001.2666147,609672.811330071,485490497,1,0,0,8,66991C0300000000,can0
2479,1786718001.2673798,609672.812094196,485490497,1,0,0,8,66998DED7C150000,can0
2480,1786718001.309759,609672.85447828,485490497,1,0,0,8,66998FEDB7000000,can0
2481,1786718001.3106723,609672.855385363,485490497,1,0,0,8,6699ECED04740000,can0
2482,1786718001.3116918,609672.856405905,485490497,1,0,0,8,6699DAED00000000,can0
2483,1786718001.512938,609673.057657863,485490497,1,0,0,8,6699B3ED01000000,can0
2484,1786718001.5139706,609673.058685988,485490497,1,0,0,8,6699BCED2AA10100,can0
2485,1786718001.6051111,609673.149832238,502267713,1,0,0,8,2026669950100001,can0
2486,1786718001.6063132,609673.15102878,502267713,1,0,0,8,21010000FFFFFFFF,can0
2487,1786718001.6072633,609673.151978071,502267713,1,0,0,8,228515AF14000000,can0
2488,1786718001.6086247,609673.153340113,502267713,1,0,0,8,230000CC02000000,can0
2489,1786718001.609399,609673.154113321,502267713,1,0,0,8,2400350900009F01,can0
2490,1786718001.6100073,609673.154719821,502267713,1,0,0,8,258A9A1300FFFFFF,can0
2491,1786718001.62057,609673.165288905,485490497,1,0,0,8,66998FEDB7000000,can0
2492,1786718001.6724505,609673.217170655,485490497,1,0,0,8,6699BCED2AA10100,can0
2493,1786718001.6733835,609673.218096405,485490497,1,0,0,8,6699B1ED5CDE9A05,can0
2494,1786718001.6740072,609673.218722196,485490497,1,0,0,8,6699CCECBF810000,can0
2495,1786718001.674767,609673.219481238,485490497,1,0,0,8,6699CBEC2C7B0000,can0
2496,1786718001.675735,609673.220449405,485490497,1,0,0,8,6699DCEC06A10000,can0
2497,1786718001.6766112,609673.221324905,485490497,1,0,0,8,6699DBEC1E830000,can0
2498,1786718001.677594,609673.22230903,485490497,1,0,0,8,6699ECECAD7F0000,can0
2499,1786718001.6783001,609673.223015905,485490497,1,0,0,8,6699EBEC58830000,can0
2500,1786718001.6794822,609673.224196613,485490497,1,0,0,8,6699FBEC7E550000,can0
2501,1786718001.7615545,609673.306271988,485490497,1,0,0,8,66994E0301000000,can0
2502,1786718001.8189926,609673.363713905,485490496,1,0,0,8,6699BCEDA6210200,can0
2503,1786718001.8205361,609673.365251113,485490496,1,0,0,8,6699B1EDFCBA7900,can0
2504,1786718001.8213403,609673.366053447,485490496,1,0,0,8,6699CCEC7BAA0000,can0
2505,1786718001.82191,609673.366622697,485490496,1,0,0,8,6699CBEC82780000,can0
2506,1786718001.82236,609673.36707203,485490496,1,0,0,8,6699DCEC8E9E0000,can0
2507,1786718001.8228366,609673.367548947,485490496,1,0,0,8,6699DBECE37B0000,can0
2508,1786718001.823854,609673.36857153,485490496,1,0,0,8,6699ECECC6690000,can0
2509,1786718001.8246708,609673.369382988,485490496,1,0,0,8,6699EBEC6F780000,can0
2510,1786718001.8256125,609673.37032878,485490496,1,0,0,8,6699FCEC3E6E0000,can0
2511,1786718001.8263621,609673.371074905,485490496,1,0,0,8,6699FBECB14A0000,can0
2512,1786718001.9302473,609673.474967822,485490657,1,0,0,8,6699FF0FAC260000,can0
2513,1786718001.9311044,609673.475818613,485490657,1,0,0,8,66991C20AC45FFFF,can0
2514,1786718002.0516312,609673.596353572,435295296,1,0,0,8,007C151A010474FA,can0
2515,1786718002.0569367,609673.601656947,435294784,1,0,0,8,800BFA0000FFFFFF,can0
2516,1786718002.0578012,609673.60251578,435294784,1,0,0,8,81FF4A00FFFFFFFF,can0
2517,1786718002.0584543,609673.60316653,435357504,1,0,0,8,FA010D0C8D0000FF,can0
2518,1786718002.0590515,609673.603764613,435294784,1,0,0,8,800BFA0103FFFFFF,can0
2519,1786718002.0598092,609673.60452453,435294784,1,0,0,8,81FFFFFFFFFFFFFF,can0
2520,1786718002.0605397,609673.605254363,435357504,1,0,0,8,FA02630C800000FF,can0
2521,1786718002.0613465,609673.60606228,435294784,1,0,0,8,600BFA0203FFFFFF,can0
2522,1786718002.0620916,609673.606805863,435294784,1,0,0,8,61FFFFFFFFFFFFFF,can0
2523,1786718002.0628152,609673.607528905,435357504,1,0,0,8,FA030A0C590000FF,can0
2524,1786718002.0635765,609673.608291155,435294784,1,0,0,8,600BFA0303FFFFFF,can0
2525,1786718002.0662475,609673.610963905,435294784,1,0,0,8,61FFFFFFFFFFFFFF,can0
2526,1786718002.0681553,609673.612872405,435357504,1,0,0,8,FA047807930000FF,can0
2527,1786718002.0691721,609673.613886613,435294784,1,0,0,8,600BFA0403FFFFFF,can0
2528,1786718002.0699024,609673.614617655,435294784,1,0,0,8,61FFFFFFFFFFFFFF,can0
2529,1786718002.0709438,609673.615661405,435357248,1,0,0,8,FAFFFC00FFFFFFFF,can0
2530,1786718002.1821465,609673.726865363,773,0,0,0,8,0000000000000000,can0
2531,1786718002.1830244,609673.727738905,775,0,0,0,8,1234567856494300,can0
2532,1786718002.2548947,609673.799612738,435295297,1,0,0,8,007C15B800047425,can0
2533,1786718002.2560408,609673.800755447,435294785,1,0,0,8,800B250000FFFFFF,can0
2534,1786718002.2570364,609673.801752197,435294785,1,0,0,8,81FF4900FFFFFFFF,can0
2535,1786718002.257999,609673.802713322,435357505,1,0,0,8,2501B90C620000FF,can0
2536,1786718002.2588246,609673.803538905,435294785,1,0,0,8,800B250103FFFFFF,can0
2537,1786718002.2596798,609673.804393655,435294785,1,0,0,8,81FFFFFFFFFFFFFF,can0
2538,1786718002.260483,609673.80519728,435357505,1,0,0,8,25022A0D7A0000FF,can0
2539,1786718002.2613087,609673.80602403,435294785,1,0,0,8,600B250203FFFFFF,can0
2540,1786718002.2621143,609673.806830072,435294785,1,0,0,8,61FFFFFFFFFFFFFF,can0
2541,1786718002.2630813,609673.80779603,435357505,1,0,0,8,25032B0D600000FF,can0
2542,1786718002.2638102,609673.808522572,435294785,1,0,0,8,600B250303FFFFFF,can0
2543,1786718002.264547,609673.809260113,435294785,1,0,0,8,61FFFFFFFFFFFFFF,can0
2544,1786718002.2652292,609673.809941447,435357505,1,0,0,8,25048D08000000FF,can0
2545,1786718002.2667813,609673.811495697,435294785,1,0,0,8,600B250403FFFFFF,can0
2546,1786718002.2673595,609673.812072988,435294785,1,0,0,8,61FFFFFFFFFFFFFF,can0
2547,1786718002.2683887,609673.813103613,435357249,1,0,0,8,25FFFC00FFFFFFFF,can0
2548,1786718002.269075,609673.813788738,233966913,1,0,0,8,0001FDFFFFFFFFFF,can0
2549,1786718002.395544,609673.940265113,485490657,1,0,0,8,669901207C150000,can0
2550,1786718002.396809,609673.941524447,485490657,1,0,0,8,66990E200D000000,can0
2551,1786718002.6094437,609674.154163072,502267713,1,0,0,8,4026669950100002,can0
2552,1786718002.610413,609674.155127739,502267713,1,0,0,8,41010000FFFFFFFF,can0
2553,1786718002.611173,609674.155888447,502267713,1,0,0,8,428515AF14000000,can0
2554,1786718002.6123118,609674.157026114,502267713,1,0,0,8,430000CC02000000,can0
2555,1786718002.6129103,609674.15762353,502267713,1,0,0,8,4400350900009F01,can0
2556,1786718002.613437,609674.15814928,502267713,1,0,0,8,458A9A1300FFFFFF,can0
2557,1786718002.6139328,609674.158645239,502267713,1,0,0,8,60286699A0100013,can0
2558,1786718002.6144145,609674.159126739,502267713,1,0,0,8,610032003F003700,can0
2559,1786718002.6148803,609674.159592822,502267713,1,0,0,8,625A002C02BF04E1,can0
2560,1786718002.6162798,609674.160996739,502267713,1,0,0,8,630148055799FB98,can0
2561,1786718002.617208,609674.161921905,502267713,1,0,0,8,648A9A9E5CFFFFFF,can0
2562,1786718002.6184018,609674.163116655,502267713,1,0,0,8,65FFFFFFFFFFFFFF,can0
2563,1786718002.6192307,609674.163945739,502267713,1,0,0,8,802666994F100100,can0
2564,1786718002.6201725,609674.164887614,502267713,1,0,0,8,8143000000501100,can0
2565,1786718002.6216438,609674.166356739,502267713,1,0,0,8,8200D62800008A9A,can0
2566,1786718002.6221585,609674.166870822,502267713,1,0,0,8,83ED15088D11FFFF,can0
2567,1786718002.6226144,609674.167326864,502267713,1,0,0,8,84FFFFFFFFFFFFFF,can0
2568,1786718002.6231053,609674.167817739,502267713,1,0,0,8,85FFFFFFFFFFFFFF,can0
2569,1786718002.623623,609674.168336947,485490497,1,0,0,8,6699DCED50110000,can0
2570,1786718002.624305,609674.16901953,485490497,1,0,0,8,6699DDEDD6280000,can0
2571,1786718002.6256154,609674.170332864,485490497,1,0,0,8,6699D3ED02010000,can0
2572,1786718002.62765,609674.172364614,485490497,1,0,0,8,66998FEDB9000000,can0
2573,1786718002.671139,609674.215859405,485490497,1,0,0,8,6699BCED01A50100,can0
2574,1786718002.6723442,609674.21705978,485490497,1,0,0,8,6699B1EDCF538905,can0
2575,1786718002.6737869,609674.218503322,485490497,1,0,0,8,6699CCECDE810000,can0
2576,1786718002.6746054,609674.219320322,485490497,1,0,0,8,6699CBECC37A0000,can0
2577,1786718002.676365,609674.22108228,485490497,1,0,0,8,6699DCECE8A20000,can0
2578,1786718002.677298,609674.222012655,485490497,1,0,0,8,6699DBECB7820000,can0
2579,1786718002.6783204,609674.223034364,485490497,1,0,0,8,6699ECEC8E810000,can0
2580,1786718002.6791298,609674.223843947,485490497,1,0,0,8,6699EBECED820000,can0
2581,1786718002.6798415,609674.22455403,485490497,1,0,0,8,6699FBEC7E550000,can0
2582,1786718002.7935357,609674.338254489,485442017,1,0,0,8,66990100D0EDFCFF,can0
2583,1786718002.7945268,609674.33924103,485442017,1,0,0,8,66990100DCEDFEFF,can0
2584,1786718002.795278,609674.339992655,485442017,1,0,0,8,66990100DAEDFFFF,can0
2585,1786718002.799526,609674.344240239,485442017,1,0,0,8,669901002720FFFF,can0
2586,1786718002.8001995,609674.344913655,485490497,1,0,0,8,6699DAED00000000,can0
2587,1786718002.8008335,609674.345546864,485490497,1,0,0,8,6699272051C60300,can0
2588,1786718002.819882,609674.364602864,485490496,1,0,0,8,6699BCED68210200,can0
2589,1786718002.82122,609674.365935697,485490496,1,0,0,8,6699B1ED4BD77900,can0
2590,1786718002.8221009,609674.366815697,485490496,1,0,0,8,6699CCEC81AA0000,can0
2591,1786718002.8230078,609674.367722114,485490496,1,0,0,8,6699CBEC77780000,can0
2592,1786718002.8239212,609674.368635989,485490496,1,0,0,8,6699DCECA39E0000,can0
2593,1786718002.8329713,609674.377691197,485490496,1,0,0,8,6699DBECDB7B0000,can0
2594,1786718002.835592,609674.380310489,485490496,1,0,0,8,6699ECEC196A0000,can0
2595,1786718002.8386436,609674.383364864,485490497,1,0,0,8,6699DCED50110000,can0
2596,1786718002.8411963,609674.38591503,485490496,1,0,0,8,6699EBEC6F780000,can0
2597,1786718002.843626,609674.388341155,485490497,1,0,0,8,6699DDEDD6280000,can0
2598,1786718002.84681,609674.391527072,485490496,1,0,0,8,6699FCEC4C6E0000,can0
2599,1786718002.8479342,609674.392649155,485490496,1,0,0,8,6699FBECB14A0000,can0
2600,1786718002.8488884,609674.39360228,485490497,1,0,0,8,6699D0ED38080000,can0
2601,1786718002.8569221,609674.401637614,485490497,1,0,0,8,6699D1ED29010000,can0
2602,1786718002.8655615,609674.410281239,485490497,1,0,0,8,6699D2ED35090000,can0
2603,1786718002.8666573,609674.411372447,485490497,1,0,0,8,6699D3ED02010000,can0
2604,1786718002.947707,609674.492426239,485490657,1,0,0,8,6699FF0FAC260000,can0
2605,1786718002.9488363,609674.493551739,485490657,1,0,0,8,66991C203C47FFFF,can0
2606,1786718003.1800036,609674.724724822,773,0,0,0,8,0000000000000000,can0
2607,1786718003.1837656,609674.728482822,775,0,0,0,8,1234567856494300,can0
2608,1786718003.5116754,609675.056395531,485490496,1,0,0,8,66990102FC000000,can0
2609,1786718003.5125902,609675.057304239,485490496,1,0,0,8,66990A02FC000000,can0
2610,1786718003.5514576,609675.096176989,435295296,1,0,0,8,007C151A0104741C,can0
2611,1786718003.5525737,609675.097287822,435294784,1,0,0,8,A00B1C0000FFFFFF,can0
2612,1786718003.5539699,609675.098696656,435294784,1,0,0,8,A1FF4A00FFFFFFFF,can0
2613,1786718003.55486,609675.099573572,435357504,1,0,0,8,1C010C0C8C0000FF,can0
2614,1786718003.556633,609675.101351156,435294784,1,0,0,8,A00B1C0103FFFFFF,can0
2615,1786718003.557651,609675.102364114,435294784,1,0,0,8,A1FFFFFFFFFFFFFF,can0
2616,1786718003.5583754,609675.103089697,435357504,1,0,0,8,1C02620C800000FF,can0
2617,1786718003.5591378,609675.103851322,435294784,1,0,0,8,800B1C0203FFFFFF,can0
2618,1786718003.5600317,609675.104745614,435294784,1,0,0,8,81FFFFFFFFFFFFFF,can0
2619,1786718003.5615788,609675.106295697,435357504,1,0,0,8,1C030B0C590000FF,can0
2620,1786718003.5625756,609675.107290906,435294784,1,0,0,8,800B1C0303FFFFFF,can0
2621,1786718003.5633564,609675.108071072,435294784,1,0,0,8,81FFFFFFFFFFFFFF,can0
2622,1786718003.564236,609675.108949697,435357504,1,0,0,8,1C047807950000FF,can0
2623,1786718003.5652666,609675.109981906,435294784,1,0,0,8,800B1C0403FFFFFF,can0
2624,1786718003.5662627,609675.110976864,435294784,1,0,0,8,81FFFFFFFFFFFFFF,can0
2625,1786718003.5669975,609675.111712281,435357248,1,0,0,8,1CFFFC00FFFFFFFF,can0
2626,1786718003.5681748,609675.112890781,485490496,1,0,0,8,6699000201000000,can0
2627,1786718003.5689769,609675.113691822,485490496,1,0,0,8,6699020200000000,can0
2628,1786718003.5719724,609675.116688447,485490496,1,0,0,8,6699070200000000,can0
2629,1786718003.5726268,609675.117340281,485490496,1,0,0,8,66991E0300000000,can0
2630,1786718003.5732198,609675.117932572,485490496,1,0,0,8,66991C0300000000,can0
2631,1786718003.5736322,609675.118344239,485490496,1,0,0,8,66998DED7C150000,can0
2632,1786718003.6059747,609675.150695156,485490496,1,0,0,8,66998FED1A010000,can0
2633,1786718003.606862,609675.151576822,485490496,1,0,0,8,6699ECED04740000,can0
2634,1786718003.6097455,609675.154465614,485490496,1,0,0,8,6699DAED00000000,can0
2635,1786718003.6182635,609675.162984489,485490497,1,0,0,8,66998FEDB8000000,can0
2636,1786718003.6715982,609675.216320947,485490497,1,0,0,8,6699BCEDCBA00100,can0
2637,1786718003.6727674,609675.217484781,485490497,1,0,0,8,6699B1ED5DCEC305,can0
2638,1786718003.6735537,609675.218268406,485490497,1,0,0,8,6699CCECB5810000,can0
2639,1786718003.6742358,609675.218955781,485490497,1,0,0,8,6699CBEC9B7B0000,can0
2640,1786718003.6772351,609675.221953822,485490497,1,0,0,8,6699DCEC3BA00000,can0
2641,1786718003.6781323,609675.222846989,485490497,1,0,0,8,6699DBEC55830000,can0
2642,1786718003.6795182,609675.224231656,485490497,1,0,0,8,6699ECEC1F800000,can0
2643,1786718003.6805024,609675.225216072,485490497,1,0,0,8,6699EBEC43830000,can0
2644,1786718003.6811335,609675.225846072,485490497,1,0,0,8,6699FBEC7E550000,can0
2645,1786718003.75413,609675.298849489,435295297,1,0,0,8,007C15B800047443,can0
2646,1786718003.755017,609675.299730822,435294785,1,0,0,8,A00B430000FFFFFF,can0
2647,1786718003.7559876,609675.300701572,435294785,1,0,0,8,A1FF4900FFFFFFFF,can0
2648,1786718003.7568572,609675.301572489,435357505,1,0,0,8,43015C0C690000FF,can0
2649,1786718003.7659595,609675.310675322,435294785,1,0,0,8,A00B430103FFFFFF,can0
2650,1786718003.766841,609675.311556239,435294785,1,0,0,8,A1FFFFFFFFFFFFFF,can0
2651,1786718003.7698398,609675.314560031,435357505,1,0,0,8,4302220D7A0000FF,can0
2652,1786718003.7715015,609675.316218281,435294785,1,0,0,8,800B430203FFFFFF,can0
2653,1786718003.7723885,609675.317103906,435294785,1,0,0,8,81FFFFFFFFFFFFFF,can0
2654,1786718003.7731676,609675.317882239,435357505,1,0,0,8,4303200D610000FF,can0
2655,1786718003.7739043,609675.318618531,435294785,1,0,0,8,800B430303FFFFFF,can0
2656,1786718003.7746136,609675.319326656,435294785,1,0,0,8,81FFFFFFFFFFFFFF,can0
2657,1786718003.7753916,609675.320105864,435357505,1,0,0,8,43048D08000000FF,can0
2658,1786718003.7763028,609675.321018697,435294785,1,0,0,8,800B430403FFFFFF,can0
2659,1786718003.7770622,609675.321777572,435294785,1,0,0,8,81FFFFFFFFFFFFFF,can0
2660,1786718003.777892,609675.322606114,435357249,1,0,0,8,43FFFC00FFFFFFFF,can0
2661,1786718003.81073,609675.355450114,485490496,1,0,0,8,6699B3ED01000000,can0
2662,1786718003.81166,609675.356373614,485490496,1,0,0,8,6699BCED07220200,can0
2663,1786718003.8212638,609675.366006489,485490496,1,0,0,8,6699BCED07220200,can0
2664,1786718003.822461,609675.367175197,485490496,1,0,0,8,6699B1EDFCA07900,can0
2665,1786718003.8234525,609675.368166614,485490496,1,0,0,8,6699CCECA8AA0000,can0
2666,1786718003.824266,609675.368988364,485490496,1,0,0,8,6699CBEC84780000,can0
2667,1786718003.8281205,609675.372836656,485490496,1,0,0,8,6699DCECAC9E0000,can0
2668,1786718003.829849,609675.374564822,485490496,1,0,0,8,6699DBECD27B0000,can0
2669,1786718003.83105,609675.375767072,485490496,1,0,0,8,6699ECECDC690000,can0
2670,1786718003.832052,609675.376768322,485490496,1,0,0,8,6699EBEC5F780000,can0
2671,1786718003.8328552,609675.377569322,485490496,1,0,0,8,6699FCEC816E0000,can0
2672,1786718003.833841,609675.378554989,485490496,1,0,0,8,6699FBECB54A0000,can0
2673,1786718003.9023354,609675.447055656,502267712,1,0,0,8,80266699501000CB,can0
2674,1786718003.9035368,609675.448253323,502267712,1,0,0,8,81020000FFFFFFFF,can0
2675,1786718003.904526,609675.449242239,502267712,1,0,0,8,828515AB14000000,can0
2676,1786718003.906703,609675.451420823,502267712,1,0,0,8,830000CD02000000,can0
2677,1786718003.9075933,609675.452307698,502267712,1,0,0,8,8400420E00009602,can0
2678,1786718003.9085698,609675.453285406,502267712,1,0,0,8,85EE9A4001FFFFFF,can0
2679,1786718003.9367082,609675.481427573,485441761,1,0,0,8,6699152041030000,can0
2680,1786718003.9377983,609675.482512364,485490496,1,0,0,8,6699152041030000,can0
2681,1786718003.938569,609675.483282448,485442017,1,0,0,8,66991520FF020000,can0
2682,1786718003.9392276,609675.483942198,485490497,1,0,0,8,66991520FF020000,can0
2683,1786718003.9451468,609675.489866489,485490657,1,0,0,8,6699FF0FAC260000,can0
2684,1786718003.9477825,609675.492497989,485490657,1,0,0,8,66991C20A047FFFF,can0
2685,1786718004.0526638,609675.597383739,485490657,1,0,0,8,669902207C150000,can0
2686,1786718004.0607123,609675.605432364,485490496,1,0,0,8,66994E0301000000,can0
2687,1786718004.1822495,609675.726970198,773,0,0,0,8,0000000000000000,can0
2688,1786718004.1832066,609675.727922073,775,0,0,0,8,1234567856494300,can0
2689,1786718004.6185222,609676.163240573,485490497,1,0,0,8,66998FEDB9000000,can0
2690,1786718004.671734,609676.216461865,485490497,1,0,0,8,6699BCEDA7A40100,can0
2691,1786718004.6729126,609676.217627406,485490497,1,0,0,8,6699B1ED1F1BE805,can0
2692,1786718004.6739213,609676.218636948,485490497,1,0,0,8,6699CCECEC810000,can0
2693,1786718004.6747124,609676.219426198,485490497,1,0,0,8,6699CBEC197B0000,can0
2694,1786718004.675727,609676.220441115,485490497,1,0,0,8,6699DCEC0EA20000,can0
2695,1786718004.676349,609676.22106249,485490497,1,0,0,8,6699DBECED820000,can0
2696,1786718004.6771646,609676.221881198,485490497,1,0,0,8,6699ECEC25810000,can0
2697,1786718004.6782885,609676.223003156,485490497,1,0,0,8,6699EBECED820000,can0
2698,1786718004.6790807,609676.223794198,485490497,1,0,0,8,6699FBEC7C550000,can0
2699,1786718004.818796,609676.363520031,485490496,1,0,0,8,6699BCED59220200,can0
2700,1786718004.8197937,609676.364507823,485490496,1,0,0,8,6699B1EDD2CC7900,can0
2701,1786718004.82289,609676.367605531,485490496,1,0,0,8,6699CCEC96AA0000,can0
2702,1786718004.823924,609676.36863949,485490496,1,0,0,8,6699CBEC82780000,can0
2703,1786718004.8246925,609676.369406406,485490496,1,0,0,8,6699DCEC049F0000,can0
2704,1786718004.8257246,609676.370440573,485490496,1,0,0,8,6699DBECD47B0000,can0
2705,1786718004.8265245,609676.371238365,485490496,1,0,0,8,6699ECECBC690000,can0
2706,1786718004.8272839,609676.371997948,485490496,1,0,0,8,6699EBEC63780000,can0
2707,1786718004.8280106,609676.37272474,485490496,1,0,0,8,6699FCEC736E0000,can0
2708,1786718004.8287451,609676.373459865,485490496,1,0,0,8,6699FBECB04A0000,can0
2709,1786718004.9484808,609676.493201156,485490657,1,0,0,8,6699FF0FAC260000,can0
2710,1786718004.9493062,609676.494020573,485490657,1,0,0,8,66991C201046FFFF,can0
2711,1786718005.0509567,609676.595676323,435295296,1,0,0,8,007C151A0104743A,can0
2712,1786718005.0518272,609676.596541406,435294784,1,0,0,8,C00B3A0000FFFFFF,can0
2713,1786718005.0524373,609676.597150406,435294784,1,0,0,8,C1FF4A00FFFFFFFF,can0
2714,1786718005.0529592,609676.597672156,435357504,1,0,0,8,3A010D0C8D0000FF,can0
2715,1786718005.0534687,609676.598182281,435294784,1,0,0,8,C00B3A0103FFFFFF,can0
2716,1786718005.0539644,609676.59867649,435294784,1,0,0,8,C1FFFFFFFFFFFFFF,can0
2717,1786718005.054449,609676.599161948,435357504,1,0,0,8,3A02620C800000FF,can0
2718,1786718005.0555568,609676.600273073,435294784,1,0,0,8,A00B3A0203FFFFFF,can0
2719,1786718005.0563884,609676.601103031,435294784,1,0,0,8,A1FFFFFFFFFFFFFF,can0
2720,1786718005.0594828,609676.604198073,435357504,1,0,0,8,3A03090C570000FF,can0
2721,1786718005.0602217,609676.604937198,435294784,1,0,0,8,A00B3A0303FFFFFF,can0
2722,1786718005.0611725,609676.605886865,435294784,1,0,0,8,A1FFFFFFFFFFFFFF,can0
2723,1786718005.0619845,609676.60669874,435357504,1,0,0,8,3A047807960000FF,can0
2724,1786718005.0634775,609676.608193781,435294784,1,0,0,8,A00B3A0403FFFFFF,can0
2725,1786718005.064597,609676.60931324,435294784,1,0,0,8,A1FFFFFFFFFFFFFF,can0
2726,1786718005.0655437,609676.610258281,435357248,1,0,0,8,3AFFFC00FFFFFFFF,can0
2727,1786718005.1820765,609676.726796365,773,0,0,0,8,0000000000000000,can0
2728,1786718005.183007,609676.727720198,775,0,0,0,8,1234567856494300,can0
2729,1786718005.2582963,609676.803037823,435295297,1,0,0,8,007C15BB00047461,can0
2730,1786718005.2593203,609676.804034323,435294785,1,0,0,8,C00B610000FFFFFF,can0
2731,1786718005.2602184,609676.80494449,435294785,1,0,0,8,C1FF4900FFFFFFFF,can0
2732,1786718005.2610998,609676.805814823,435357505,1,0,0,8,61015E0C690000FF,can0
2733,1786718005.2620645,609676.806780531,435294785,1,0,0,8,C00B610103FFFFFF,can0
2734,1786718005.2628427,609676.80755724,435294785,1,0,0,8,C1FFFFFFFFFFFFFF,can0
2735,1786718005.2636752,609676.808394823,435357505,1,0,0,8,61022A0D780000FF,can0
2736,1786718005.3001053,609676.844836157,435294785,1,0,0,8,A00B610203FFFFFF,can0
2737,1786718005.3010557,609676.845770907,435294785,1,0,0,8,A1FFFFFFFFFFFFFF,can0
2738,1786718005.3017669,609676.84648224,435357505,1,0,0,8,6103220D600000FF,can0
2739,1786718005.3110647,609676.855780157,435294785,1,0,0,8,A00B610303FFFFFF,can0
2740,1786718005.3117967,609676.856510032,435294785,1,0,0,8,A1FFFFFFFFFFFFFF,can0
2741,1786718005.3125212,609676.857235823,435357505,1,0,0,8,61048D08000000FF,can0
2742,1786718005.313185,609676.857898865,435294785,1,0,0,8,A00B610403FFFFFF,can0
2743,1786718005.3138409,609676.858554407,435294785,1,0,0,8,A1FFFFFFFFFFFFFF,can0
2744,1786718005.3145216,609676.859234782,435357249,1,0,0,8,61FFFC00FFFFFFFF,can0
2745,1786718005.3151512,609676.859865782,485490496,1,0,0,8,66998FED1B010000,can0
2746,1786718005.6183813,609677.163101865,485490497,1,0,0,8,66998FEDB8000000,can0
2747,1786718005.6714664,609677.216185948,485490497,1,0,0,8,6699BCED2C930100,can0
2748,1786718005.6723204,609677.217033907,485490497,1,0,0,8,6699B1ED2D17F205,can0
2749,1786718005.6731968,609677.217912532,485490497,1,0,0,8,6699CCEC45800000,can0
2750,1786718005.6739774,609677.218690823,485490497,1,0,0,8,6699CBEC687D0000,can0
2751,1786718005.674934,609677.219650282,485490497,1,0,0,8,6699DCECA1960000,can0
2752,1786718005.6760595,609677.220781865,485490497,1,0,0,8,6699DBEC10850000,can0
2753,1786718005.676999,609677.221713657,485490497,1,0,0,8,6699ECEC347C0000,can0
2754,1786718005.6778002,609677.222515365,485490497,1,0,0,8,6699EBEC34840000,can0
2755,1786718005.6787744,609677.223489323,485490497,1,0,0,8,6699FBEC80550000,can0
2756,1786718005.8184605,609677.363180157,485490496,1,0,0,8,6699BCED35220200,can0
2757,1786718005.819312,609677.364025698,485490496,1,0,0,8,6699B1ED51477900,can0
2758,1786718005.8199964,609677.36471149,485490496,1,0,0,8,6699CCECC0AA0000,can0
2759,1786718005.8205693,609677.365282907,485490496,1,0,0,8,6699CBEC87780000,can0
2760,1786718005.821399,609677.366112698,485490496,1,0,0,8,6699DCECFA9E0000,can0
2761,1786718005.822069,609677.366782198,485490496,1,0,0,8,6699DBECCD7B0000,can0
2762,1786718005.8233905,609677.368107323,485490496,1,0,0,8,6699ECEC166A0000,can0
2763,1786718005.8241935,609677.368908323,485490496,1,0,0,8,6699EBEC5B780000,can0
2764,1786718005.8250644,609677.372414032,485490496,1,0,0,8,6699FCEC7E6E0000,can0
2765,1786718005.82887,609677.373582948,485490496,1,0,0,8,6699FBECB74A0000,can0
2766,1786718005.9332793,609677.477999657,485490657,1,0,0,8,6699FF0FAC260000,can0
2767,1786718005.934302,609677.479017198,485490657,1,0,0,8,66991C203C47FFFF,can0
2768,1786718006.0077703,609677.552491365,485490497,1,0,0,8,66998DED7B150000,can0
2769,1786718006.1779847,609677.722705574,485441761,1,0,0,8,66990100D0EDFCFF,can0
2770,1786718006.179413,609677.724128449,485441761,1,0,0,8,66990100DCEDFEFF,can0
2771,1786718006.1808832,609677.725599282,485441761,1,0,0,8,66990100DAEDFFFF,can0
2772,1786718006.1818273,609677.726540907,485441761,1,0,0,8,669901002720FFFF,can0
2773,1786718006.186502,609677.731221782,773,0,0,0,8,0000000000000000,can0
2774,1786718006.1876395,609677.732354657,775,0,0,0,8,1234567856494300,can0
2775,1786718006.1886728,609677.733389282,485490496,1,0,0,8,6699DAED00000000,can0
2776,1786718006.1919463,609677.736666699,485490496,1,0,0,8,6699272023B50300,can0
2777,1786718006.2060788,609677.750798615,485490497,1,0,0,8,6699DBED66120000,can0
2778,1786718006.2122462,609677.756985115,485490497,1,0,0,8,66990102FC000000,can0
2779,1786718006.2131848,609677.757898157,485490497,1,0,0,8,66990A02FC000000,can0
2780,1786718006.2452698,609677.789990365,485490496,1,0,0,8,6699DCED97200000,can0
2781,1786718006.2480335,609677.792820532,485490496,1,0,0,8,6699DDEDE8830200,can0
2782,1786718006.2490819,609677.793795615,485490496,1,0,0,8,6699D0ED730E0000,can0
2783,1786718006.2497797,609677.794494407,485490496,1,0,0,8,6699D1EDF9030000,can0
2784,1786718006.2504745,609677.795187574,485490496,1,0,0,8,6699D2ED420E0000,can0
2785,1786718006.251111,609677.795825199,485490496,1,0,0,8,6699D3EDCB020000,can0
2786,1786718006.2605557,609677.805276657,485490497,1,0,0,8,6699000201000000,can0
2787,1786718006.26209,609677.806806199,485490497,1,0,0,8,6699020200000000,can0
2788,1786718006.263032,609677.807747365,485490497,1,0,0,8,6699070200000000,can0
2789,1786718006.2642603,609677.808979032,485490497,1,0,0,8,66991E0300000000,can0
2790,1786718006.2663207,609677.811035032,485490497,1,0,0,8,66991C0300000000,can0
2791,1786718006.266942,609677.81165474,485490497,1,0,0,8,66998DED7B150000,can0
2792,1786718006.3097901,609677.85451149,485490497,1,0,0,8,66998FEDB4000000,can0
2793,1786718006.3108623,609677.85557724,485490497,1,0,0,8,6699ECED04740000,can0
2794,1786718006.3117611,609677.856473365,485490497,1,0,0,8,6699DAED00000000,can0
2795,1786718006.5130415,609678.057763324,485490497,1,0,0,8,6699B3ED01000000,can0
2796,1786718006.5141108,609678.05882524,485490497,1,0,0,8,6699BCED8D930100,can0
2797,1786718006.5516658,609678.096384949,435295296,1,0,0,8,007C151B01047458,can0
2798,1786718006.5526435,609678.097358615,435294784,1,0,0,8,E00B580000FFFFFF,can0
2799,1786718006.5533202,609678.098033657,435294784,1,0,0,8,E1FF4A00FFFFFFFF,can0
2800,1786718006.5539176,609678.098631324,435357504,1,0,0,8,58010D0C8E0000FF,can0
2801,1786718006.559064,609678.10378049,435294784,1,0,0,8,E00B580103FFFFFF,can0
2802,1786718006.5604684,609678.105189615,435294784,1,0,0,8,E1FFFFFFFFFFFFFF,can0
2803,1786718006.5618136,609678.106528449,435357504,1,0,0,8,5802620C810000FF,can0
2804,1786718006.5626106,609678.107326282,435294784,1,0,0,8,C00B580203FFFFFF,can0
2805,1786718006.5635545,609678.108269865,435294784,1,0,0,8,C1FFFFFFFFFFFFFF,can0
2806,1786718006.5646772,609678.109391199,435357504,1,0,0,8,58030A0C590000FF,can0
2807,1786718006.571702,609678.116418615,435294784,1,0,0,8,C00B580303FFFFFF,can0
2808,1786718006.5736532,609678.118366074,435294784,1,0,0,8,C1FFFFFFFFFFFFFF,can0
2809,1786718006.5741818,609678.118894532,435357504,1,0,0,8,58047807920000FF,can0
2810,1786718006.5746207,609678.11933249,435294784,1,0,0,8,C00B580403FFFFFF,can0
2811,1786718006.5754242,609678.120144615,435294784,1,0,0,8,C1FFFFFFFFFFFFFF,can0
2812,1786718006.5762541,609678.12096824,435357248,1,0,0,8,58FFFC00FFFFFFFF,can0
2813,1786718006.5770316,609678.121745865,233966912,1,0,0,8,0001FDFFFFFFFFFF,can0
2814,1786718006.6048555,609678.149575407,502267713,1,0,0,8,A026669950100002,can0
2815,1786718006.6058185,609678.150532782,502267713,1,0,0,8,A1010000FFFFFFFF,can0
2816,1786718006.6064708,609678.15118474,502267713,1,0,0,8,A28515AF14000000,can0
2817,1786718006.6070256,609678.151739699,502267713,1,0,0,8,A30000CC02000000,can0
2818,1786718006.6075277,609678.152242032,502267713,1,0,0,8,A400350900009F01,can0
2819,1786718006.6080287,609678.15274199,502267713,1,0,0,8,A58A9A1300FFFFFF,can0
2820,1786718006.6195953,609678.164313407,485490497,1,0,0,8,66998DED7B150000,can0
2821,1786718006.6212327,609678.165950157,485490497,1,0,0,8,66998FEDB3000000,can0
2822,1786718006.6223948,609678.167109574,485490497,1,0,0,8,6699DBED5C120000,can0
2823,1786718006.672363,609678.217082324,485490497,1,0,0,8,6699BCED8D930100,can0
2824,1786718006.6732821,609678.217995199,485490497,1,0,0,8,6699B1ED3ED6F405,can0
2825,1786718006.6739123,609678.218626157,485490497,1,0,0,8,6699CCEC0B820000,can0
2826,1786718006.674607,609678.219320616,485490497,1,0,0,8,6699CBECDA7A0000,can0
2827,1786718006.6758184,609678.220536491,485490497,1,0,0,8,6699DCECAF940000,can0
2828,1786718006.6766863,609678.221400782,485490497,1,0,0,8,6699DBEC64850000,can0
2829,1786718006.679415,609678.224133657,485490497,1,0,0,8,6699ECECE17B0000,can0
2830,1786718006.680266,609678.224981449,485490497,1,0,0,8,6699EBEC4E840000,can0
2831,1786718006.681116,609678.225829074,485490497,1,0,0,8,6699FBEC7F550000,can0
2832,1786718006.7056324,609678.250351949,485490496,1,0,0,8,66998DED7B150000,can0
2833,1786718006.7536247,609678.298343407,435295297,1,0,0,8,007B15B30004747F,can0
2834,1786718006.7544699,609678.299184116,435294785,1,0,0,8,E00B7F0000FFFFFF,can0
2835,1786718006.7551465,609678.299860949,435294785,1,0,0,8,E1FF4900FFFFFFFF,can0
2836,1786718006.755966,609678.300679657,435357505,1,0,0,8,7F01490C6B0000FF,can0
2837,1786718006.756665,609678.301379241,435294785,1,0,0,8,E00B7F0103FFFFFF,can0
2838,1786718006.7574356,609678.302149824,435294785,1,0,0,8,E1FFFFFFFFFFFFFF,can0
2839,1786718006.758136,609678.302850991,435357505,1,0,0,8,7F02570D720000FF,can0
2840,1786718006.7610412,609678.305763032,435294785,1,0,0,8,C00B7F0203FFFFFF,can0
2841,1786718006.7627785,609678.307494366,435294785,1,0,0,8,C1FFFFFFFFFFFFFF,can0
2842,1786718006.7641604,609678.308877282,435357505,1,0,0,8,7F033B0D5E0000FF,can0
2843,1786718006.7674057,609678.312121366,435294785,1,0,0,8,C00B7F0303FFFFFF,can0
2844,1786718006.7683694,609678.313085324,435294785,1,0,0,8,C1FFFFFFFFFFFFFF,can0
2845,1786718006.7691338,609678.313849074,435357505,1,0,0,8,7F048D08000000FF,can0
2846,1786718006.7698326,609678.314545741,435294785,1,0,0,8,C00B7F0403FFFFFF,can0
2847,1786718006.7704942,609678.315208324,435294785,1,0,0,8,C1FFFFFFFFFFFFFF,can0
2848,1786718006.7714314,609678.316145366,435357249,1,0,0,8,7FFFFC00FFFFFFFF,can0
2849,1786718006.771947,609678.316658907,485490497,1,0,0,8,66994E0301000000,can0
2850,1786718006.7723987,609678.317110574,485490496,1,0,0,8,66998DED7C150000,can0
2851,1786718006.8177917,609678.362511157,485490496,1,0,0,8,6699BCED9D220200,can0
2852,1786718006.8186958,609678.363409407,485490496,1,0,0,8,6699B1EDB38C7900,can0
2853,1786718006.8195093,609678.364222907,485490496,1,0,0,8,6699CCECE7AA0000,can0
2854,1786718006.8202934,609678.365006866,485490496,1,0,0,8,6699CBEC86780000,can0
2855,1786718006.8211193,609678.365833032,485490496,1,0,0,8,6699DCECFC9E0000,can0
2856,1786718006.8218853,609678.366598491,485490496,1,0,0,8,6699DBECCD7B0000,can0
2857,1786718006.8229506,609678.367664616,485490496,1,0,0,8,6699ECEC1C6A0000,can0
2858,1786718006.8236952,609678.368409074,485490496,1,0,0,8,6699EBEC5B780000,can0
2859,1786718006.825426,609678.370147574,485490496,1,0,0,8,6699FCEC796E0000,can0
2860,1786718006.826355,609678.371068949,485490496,1,0,0,8,6699FBECB84A0000,can0
2861,1786718006.93686,609678.481579949,485441761,1,0,0,8,6699152041030000,can0
2862,1786718006.9378188,609678.482534199,485442017,1,0,0,8,66991520FF020000,can0
2863,1786718006.9386034,609678.483319074,485490496,1,0,0,8,6699152041030000,can0
2864,1786718006.9394584,609678.484171449,485490497,1,0,0,8,66991520FF020000,can0
2865,1786718006.9580882,609678.502823574,485490657,1,0,0,8,6699FF0FAC260000,can0
2866,1786718006.9590514,609678.503766449,485490657,1,0,0,8,66991C208044FFFF,can0
2867,1786718007.0152006,609678.559929532,502267712,1,0,0,8,A01D6699431001C1,can0
2868,1786718007.0164108,609678.561127116,502267712,1,0,0,8,A10E0A0001400000,can0
2869,1786718007.017107,609678.561820157,502267712,1,0,0,8,A200000000000000,can0
2870,1786718007.0176644,609678.562377116,502267712,1,0,0,8,A300000000000000,can0
2871,1786718007.0181158,609678.562827616,502267712,1,0,0,8,A40000FFFFFFFFFF,can0
2872,1786718007.0185194,609678.563231907,502267712,1,0,0,8,C01D669942100130,can0
2873,1786718007.0189188,609678.563630491,502267712,1,0,0,8,C19DA20164A00400,can0
2874,1786718007.0192955,609678.564007407,502267712,1,0,0,8,C200000000000000,can0
2875,1786718007.0196705,609678.564382407,502267712,1,0,0,8,C300110000000000,can0
2876,1786718007.020043,609678.564754949,502267712,1,0,0,8,C40000FFFFFFFFFF,can0
2877,1786718007.0598826,609678.604600991,485490657,1,0,0,8,669902207C150000,can0
2878,1786718007.1097732,609678.654493199,502267713,1,0,0,8,C01D669942100100,can0
2879,1786718007.1110506,609678.655765116,502267713,1,0,0,8,C17E1800F1480000,can0
2880,1786718007.1119585,609678.656673449,502267713,1,0,0,8,C200000000000000,can0
2881,1786718007.116024,609678.660738657,502267713,1,0,0,8,C300010000000000,can0
2882,1786718007.1167634,609678.661478741,502267713,1,0,0,8,C40000FFFFFFFFFF,can0
2883,1786718007.1844234,609678.729141824,773,0,0,0,8,0000000000000000,can0
2884,1786718007.1958487,609678.740564824,775,0,0,0,8,1234567856494300,can0
2885,1786718007.3895335,609678.934253241,485490657,1,0,0,8,669901207C150000,can0
2886,1786718007.3905544,609678.935269199,485490657,1,0,0,8,66990E200D000000,can0
2887,1786718007.6179113,609679.162629116,485490497,1,0,0,8,66998DED7C150000,can0
2888,1786718007.620415,609679.165131283,485490497,1,0,0,8,66998FEDB4000000,can0
2889,1786718007.6212091,609679.165923949,485490497,1,0,0,8,6699DBED66120000,can0
2890,1786718007.6713212,609679.216037949,485490497,1,0,0,8,6699BCED069B0100,can0
2891,1786718007.674854,609679.219570199,485490497,1,0,0,8,6699B1EDBFDCA505,can0
2892,1786718007.6771555,609679.221875324,485490497,1,0,0,8,6699CCEC3F7D0000,can0
2893,1786718007.6848376,609679.229552449,485490497,1,0,0,8,6699CBEC217F0000,can0
2894,1786718007.6858406,609679.230555116,485490497,1,0,0,8,6699DCEC259C0000,can0
2895,1786718007.686827,609679.231544658,485490497,1,0,0,8,6699DBEC32840000,can0
2896,1786718007.6877773,609679.232500533,485490497,1,0,0,8,6699ECEC147F0000,can0
2897,1786718007.6886137,609679.233329158,485490497,1,0,0,8,6699EBEC86830000,can0
2898,1786718007.7009254,609679.245640616,485490497,1,0,0,8,6699FBEC7D550000,can0
2899,1786718007.7947361,609679.339455324,485442017,1,0,0,8,66990100D0EDFCFF,can0
2900,1786718007.795803,609679.340517574,485442017,1,0,0,8,66990100DCEDFEFF,can0
2901,1786718007.8020837,609679.346800116,485442017,1,0,0,8,66990100DAEDFFFF,can0
2902,1786718007.8063178,609679.351032824,485442017,1,0,0,8,669901002720FFFF,can0
2903,1786718007.8070626,609679.351776658,485490497,1,0,0,8,6699DAED00000000,can0
2904,1786718007.8077097,609679.352423033,485490497,1,0,0,8,6699272082BD0300,can0
2905,1786718007.8202705,609679.364990574,485490496,1,0,0,8,6699BCEDBB220200,can0
2906,1786718007.8214204,609679.366134324,485490496,1,0,0,8,6699B1ED56817900,can0
2907,1786718007.8260646,609679.370782699,485490496,1,0,0,8,6699CCECDDAA0000,can0
2908,1786718007.8269758,609679.371691116,485490496,1,0,0,8,6699CBEC86780000,can0
2909,1786718007.8276732,609679.372387449,485490496,1,0,0,8,6699DCEC4A9F0000,can0
2910,1786718007.8285522,609679.373267116,485490496,1,0,0,8,6699DBECCB7B0000,can0
2911,1786718007.829282,609679.373995408,485490496,1,0,0,8,6699ECECE6690000,can0
2912,1786718007.829962,609679.374676449,485490496,1,0,0,8,6699EBEC5E780000,can0
2913,1786718007.8306234,609679.375336449,485490496,1,0,0,8,6699FCECA06E0000,can0
2914,1786718007.831277,609679.375991741,485490496,1,0,0,8,6699FBECB34A0000,can0
2915,1786718007.8491225,609679.393842741,485490497,1,0,0,8,6699DCED50110000,can0
2916,1786718007.8500187,609679.394733324,485490497,1,0,0,8,6699DDEDD6280000,can0
2917,1786718007.8507278,609679.395441199,485490497,1,0,0,8,6699D0ED38080000,can0
2918,1786718007.8513782,609679.396092741,485490497,1,0,0,8,6699D1ED29010000,can0
2919,1786718007.8521326,609679.396847199,485490497,1,0,0,8,6699D2ED35090000,can0
2920,1786718007.8527942,609679.397508574,485490497,1,0,0,8,6699D3ED02010000,can0
2921,1786718007.9463327,609679.491052283,485490657,1,0,0,8,6699FF0FAC260000,can0
2922,1786718007.9472358,609679.491950699,485490657,1,0,0,8,66991C203C47FFFF,can0
2923,1786718008.0520165,609679.596736949,435295296,1,0,0,8,007C151B01047476,can0
2924,1786718008.0624266,609679.607145408,435294784,1,0,0,8,000B760000FFFFFF,can0
2925,1786718008.0632846,609679.607999158,435294784,1,0,0,8,01FF4A00FFFFFFFF,can0
2926,1786718008.063865,609679.608577824,435357504,1,0,0,8,76010C0C8C0000FF,can0
2927,1786718008.0644844,609679.609198116,435294784,1,0,0,8,000B760103FFFFFF,can0
2928,1786718008.065153,609679.609867033,435294784,1,0,0,8,01FFFFFFFFFFFFFF,can0
2929,1786718008.0791004,609679.623814241,435357504,1,0,0,8,7602620C800000FF,can0
2930,1786718008.0808153,609679.6255287,435294784,1,0,0,8,E00B760203FFFFFF,can0
2931,1786718008.0814235,609679.626136158,435294784,1,0,0,8,E1FFFFFFFFFFFFFF,can0
2932,1786718008.0819485,609679.626661325,435357504,1,0,0,8,76030A0C590000FF,can0
2933,1786718008.0825524,609679.627266533,435294784,1,0,0,8,E00B760303FFFFFF,can0
2934,1786718008.083173,609679.627887408,435294784,1,0,0,8,E1FFFFFFFFFFFFFF,can0
2935,1786718008.096076,609679.640792325,435357504,1,0,0,8,76047807960000FF,can0
2936,1786718008.096969,609679.641683283,435294784,1,0,0,8,E00B760403FFFFFF,can0
2937,1786718008.0976346,609679.642348366,435294784,1,0,0,8,E1FFFFFFFFFFFFFF,can0
2938,1786718008.0982697,609679.642984866,435357248,1,0,0,8,76FFFC00FFFFFFFF,can0
2939,1786718008.1842232,609679.728943033,773,0,0,0,8,0000000000000000,can0
2940,1786718008.1850562,609679.729770408,775,0,0,0,8,1234567856494300,can0
2941,1786718008.2537143,609679.798433575,435295297,1,0,0,8,007D15B40004749D,can0
2942,1786718008.2547975,609679.799512533,435294785,1,0,0,8,000B9D0000FFFFFF,can0
2943,1786718008.2560186,609679.80073345,435294785,1,0,0,8,01FF4900FFFFFFFF,can0
2944,1786718008.2569783,609679.801693783,435357505,1,0,0,8,9D01B90C620000FF,can0
2945,1786718008.2576303,609679.802344575,435294785,1,0,0,8,000B9D0103FFFFFF,can0
2946,1786718008.258392,609679.803105825,435294785,1,0,0,8,01FFFFFFFFFFFFFF,can0
2947,1786718008.2593005,609679.804015533,435357505,1,0,0,8,9D024B0D6F0000FF,can0
2948,1786718008.2599907,609679.804703866,435294785,1,0,0,8,E00B9D0203FFFFFF,can0
2949,1786718008.2606194,609679.805332116,435294785,1,0,0,8,E1FFFFFFFFFFFFFF,can0
2950,1786718008.2612145,609679.8059272,435357505,1,0,0,8,9D03370D5E0000FF,can0
2951,1786718008.2617996,609679.8065122,435294785,1,0,0,8,E00B9D0303FFFFFF,can0
2952,1786718008.2625453,609679.807260866,435294785,1,0,0,8,E1FFFFFFFFFFFFFF,can0
2953,1786718008.2633176,609679.808032241,435357505,1,0,0,8,9D048D08000000FF,can0
2954,1786718008.2640984,609679.808812825,435294785,1,0,0,8,E00B9D0403FFFFFF,can0
2955,1786718008.2649002,609679.8096147,435294785,1,0,0,8,E1FFFFFFFFFFFFFF,can0
2956,1786718008.2903647,609679.835080658,435357249,1,0,0,8,9DFFFC00FFFFFFFF,can0
2957,1786718008.2912073,609679.8359227,233966913,1,0,0,8,0001FDFFFFFFFFFF,can0
2958,1786718008.291951,609679.836666158,502267713,1,0,0,8,E01D66994310017E,can0
2959,1786718008.292691,609679.83740695,502267713,1,0,0,8,E10D0A000B1F0000,can0
2960,1786718008.2933693,609679.83808295,502267713,1,0,0,8,E200000000000000,can0
2961,1786718008.294069,609679.838783158,502267713,1,0,0,8,E300000000000000,can0
2962,1786718008.2947857,609679.839500033,502267713,1,0,0,8,E40000FFFFFFFFFF,can0
2963,1786718008.3154,609679.860119033,502267713,1,0,0,8,001D669942100101,can0
2964,1786718008.3189251,609679.863641908,502267713,1,0,0,8,017E1800F2480000,can0
2965,1786718008.3200552,609679.864770033,502267713,1,0,0,8,0200000000000000,can0
2966,1786718008.3208885,609679.8656027,502267713,1,0,0,8,0300010000000000,can0
2967,1786718008.321619,609679.86633445,502267713,1,0,0,8,040000FFFFFFFFFF,can0
2968,1786718008.5086956,609680.053415116,485490496,1,0,0,8,66990102FC000000,can0
2969,1786718008.5095642,609680.054278366,485490496,1,0,0,8,66990A02FC000000,can0
2970,1786718008.558225,609680.102944825,485490496,1,0,0,8,6699000201000000,can0
2971,1786718008.5590909,609680.103804741,485490496,1,0,0,8,6699020200000000,can0
2972,1786718008.559644,609680.104356908,485490496,1,0,0,8,6699070200000000,can0
2973,1786718008.5612676,609680.10598145,485490496,1,0,0,8,66991E0300000000,can0
2974,1786718008.5618434,609680.106556741,485490496,1,0,0,8,66991C0300000000,can0
2975,1786718008.5626104,609680.107324241,485490496,1,0,0,8,66998DED7C150000,can0
2976,1786718008.605736,609680.15045595,485490496,1,0,0,8,66998FED1B010000,can0
2977,1786718008.6073482,609680.152065825,485490496,1,0,0,8,6699ECED04740000,can0
2978,1786718008.609601,609680.154318241,485490496,1,0,0,8,6699DAED00000000,can0
2979,1786718008.6184406,609680.163160825,485490497,1,0,0,8,66998DED7C150000,can0
2980,1786718008.6202543,609680.164983116,485490497,1,0,0,8,66998FEDB3000000,can0
2981,1786718008.6216574,609680.166372408,485490497,1,0,0,8,6699DBED66120000,can0
2982,1786718008.6712303,609680.215949991,485490497,1,0,0,8,6699BCED5F930100,can0
2983,1786718008.6720967,609680.21680995,485490497,1,0,0,8,6699B1ED4BB1CD05,can0
2984,1786718008.6727948,609680.217509325,485490497,1,0,0,8,6699CCECF5800000,can0
2985,1786718008.6735256,609680.218239116,485490497,1,0,0,8,6699CBECCE7C0000,can0
2986,1786718008.6745024,609680.219216408,485490497,1,0,0,8,6699DCEC7D950000,can0
2987,1786718008.6754704,609680.220186325,485490497,1,0,0,8,6699DBEC4D850000,can0
2988,1786718008.6764195,609680.221134491,485490497,1,0,0,8,6699ECEC897C0000,can0
2989,1786718008.6771014,609680.221816575,485490497,1,0,0,8,6699EBEC33840000,can0
2990,1786718008.6782799,609680.222994866,485490497,1,0,0,8,6699FBEC7F550000,can0
2991,1786718008.8094766,609680.354197033,485490496,1,0,0,8,6699B3ED01000000,can0
2992,1786718008.8105013,609680.355215283,485490496,1,0,0,8,6699BCED96220200,can0
2993,1786718008.8197563,609680.3644772,485490496,1,0,0,8,6699BCED96220200,can0
2994,1786718008.821843,609680.366557325,485490496,1,0,0,8,6699B1ED18917900,can0
2995,1786718008.8227212,609680.36743695,485490496,1,0,0,8,6699CCECE8AA0000,can0
2996,1786718008.823436,609680.3681497,485490496,1,0,0,8,6699CBEC83780000,can0
2997,1786718008.824011,609680.368723867,485490496,1,0,0,8,6699DCEC649F0000,can0
2998,1786718008.8246841,609680.369397075,485490496,1,0,0,8,6699DBECD37B0000,can0
2999,1786718008.825636,609680.370350325,485490496,1,0,0,8,6699ECEC2E6A0000,can0
3000,1786718008.8265946,609680.371309533,485490496,1,0,0,8,6699EBEC5F780000,can0
3001,1786718008.8465736,609680.391288742,485490496,1,0,0,8,6699FCECB96E0000,can0
3002,1786718008.8475873,609680.39230195,485490496,1,0,0,8,6699FBECB54A0000,can0
3003,1786718008.9025626,609680.447282117,502267712,1,0,0,8,E0266699501000CB,can0
3004,1786718008.9034493,609680.448163533,502267712,1,0,0,8,E1020000FFFFFFFF,can0
3005,1786718008.9042811,609680.448995033,502267712,1,0,0,8,E28515AB14000000,can0
3006,1786718008.9056091,609680.450325908,502267712,1,0,0,8,E30000CD02000000,can0
3007,1786718008.9064262,609680.451141117,502267712,1,0,0,8,E400420E00009602,can0
3008,1786718008.907162,609680.451875658,502267712,1,0,0,8,E5EE9A4001FFFFFF,can0
3009,1786718008.944265,609680.488990158,485490657,1,0,0,8,6699FF0FAC260000,can0
3010,1786718008.946887,609680.491605658,485490657,1,0,0,8,66991C207446FFFF,can0
3011,1786718008.9534795,609680.49819995,485490496,1,0,0,8,6699DBED8E120000,can0
3012,1786718009.0621138,609680.606833367,485490496,1,0,0,8,66994E0301000000,can0
3013,1786718009.1816716,609680.72639145,773,0,0,0,8,0000000000000000,can0
3014,1786718009.1826243,609680.727340117,775,0,0,0,8,1234567856494300,can0
3015,1786718009.551467,609681.096187575,435295296,1,0,0,8,007C151B01047494,can0
3016,1786718009.5527756,609681.097489075,435294784,1,0,0,8,200B940000FFFFFF,can0
3017,1786718009.5538132,609681.098527409,435294784,1,0,0,8,21FF4A00FFFFFFFF,can0
3018,1786718009.5545995,609681.099314117,435357504,1,0,0,8,94010D0C8E0000FF,can0
3019,1786718009.5551877,609681.099901742,435294784,1,0,0,8,200B940103FFFFFF,can0
3020,1786718009.5576408,609681.1023577,435294784,1,0,0,8,21FFFFFFFFFFFFFF,can0
3021,1786718009.558724,609681.103439575,435357504,1,0,0,8,9402610C7F0000FF,can0
3022,1786718009.5596628,609681.104377575,435294784,1,0,0,8,000B940203FFFFFF,can0
3023,1786718009.5606747,609681.1053887,435294784,1,0,0,8,01FFFFFFFFFFFFFF,can0
3024,1786718009.561397,609681.106110784,435357504,1,0,0,8,9403090C570000FF,can0
3025,1786718009.5623348,609681.107048325,435294784,1,0,0,8,000B940303FFFFFF,can0
3026,1786718009.5629025,609681.107615325,435294784,1,0,0,8,01FFFFFFFFFFFFFF,can0
3027,1786718009.5634542,609681.108167534,435357504,1,0,0,8,94047807950000FF,can0
3028,1786718009.5639138,609681.108625992,435294784,1,0,0,8,000B940403FFFFFF,can0
3029,1786718009.5646386,609681.109352784,435294784,1,0,0,8,01FFFFFFFFFFFFFF,can0
3030,1786718009.565505,609681.1102277,435357248,1,0,0,8,94FFFC00FFFFFFFF,can0
3031,1786718009.617455,609681.162175367,485490497,1,0,0,8,66998DED7C150000,can0
3032,1786718009.6190996,609681.16382045,485490497,1,0,0,8,66998FEDB2000000,can0
3033,1786718009.6202343,609681.16494845,485490497,1,0,0,8,6699DBED66120000,can0
3034,1786718009.6710436,609681.215763575,485490497,1,0,0,8,6699BCEDB8870100,can0
3035,1786718009.6720214,609681.216737825,485490497,1,0,0,8,6699B1EDF99BE905,can0
3036,1786718009.6732063,609681.217921909,485490497,1,0,0,8,6699CCEC47800000,can0
3037,1786718009.6740708,609681.218785909,485490497,1,0,0,8,6699CBEC897D0000,can0
3038,1786718009.6748273,609681.21954095,485490497,1,0,0,8,6699DCEC858C0000,can0
3039,1786718009.6763499,609681.221064409,485490497,1,0,0,8,6699DBEC79860000,can0
3040,1786718009.6770217,609681.221736659,485490497,1,0,0,8,6699ECEC807A0000,can0
3041,1786718009.6775825,609681.222295075,485490497,1,0,0,8,6699EBEC9C840000,can0
3042,1786718009.6780624,609681.222774909,485490497,1,0,0,8,6699FBEC7E550000,can0
3043,1786718009.7538238,609681.2985437,435295297,1,0,0,8,007C15B2000474BB,can0
3044,1786718009.7548099,609681.299525784,435294785,1,0,0,8,200BBB0000FFFFFF,can0
3045,1786718009.7562218,609681.300937367,435294785,1,0,0,8,21FF4900FFFFFFFF,can0
3046,1786718009.7573214,609681.302037492,435357505,1,0,0,8,BB018E0C660000FF,can0
3047,1786718009.7581506,609681.302866117,435294785,1,0,0,8,200BBB0103FFFFFF,can0
3048,1786718009.7591388,609681.303854159,435294785,1,0,0,8,21FFFFFFFFFFFFFF,can0
3049,1786718009.759898,609681.304612492,435357505,1,0,0,8,BB02730D690000FF,can0
3050,1786718009.760656,609681.3053702,435294785,1,0,0,8,000BBB0203FFFFFF,can0
3051,1786718009.7615247,609681.306239742,435294785,1,0,0,8,01FFFFFFFFFFFFFF,can0
3052,1786718009.7622988,609681.307014159,435357505,1,0,0,8,BB03430D5C0000FF,can0
3053,1786718009.763055,609681.307770034,435294785,1,0,0,8,000BBB0303FFFFFF,can0
3054,1786718009.763875,609681.308589825,435294785,1,0,0,8,01FFFFFFFFFFFFFF,can0
3055,1786718009.7646844,609681.309398325,435357505,1,0,0,8,BB048D08000000FF,can0
3056,1786718009.765496,609681.310211992,435294785,1,0,0,8,000BBB0403FFFFFF,can0
3057,1786718009.7664316,609681.311145825,435294785,1,0,0,8,01FFFFFFFFFFFFFF,can0
3058,1786718009.7674136,609681.31212845,435357249,1,0,0,8,BBFFFC00FFFFFFFF,can0
3059,1786718009.7682016,609681.312917784,485490496,1,0,0,8,6699DBED84120000,can0
3060,1786718009.817731,609681.362451534,485490496,1,0,0,8,6699BCED9F230200,can0
3061,1786718009.8187747,609681.363489867,485490496,1,0,0,8,6699B1ED5F8D7900,can0
3062,1786718009.8195617,609681.364276242,485490496,1,0,0,8,6699CCEC05AB0000,can0
3063,1786718009.8205104,609681.365224409,485490496,1,0,0,8,6699CBEC7B780000,can0
3064,1786718009.8280761,609681.372792034,485490496,1,0,0,8,6699DCEC7F9F0000,can0
3065,1786718009.828951,609681.373664367,485490496,1,0,0,8,6699DBECD17B0000,can0
3066,1786718009.8297753,609681.3744907,485490496,1,0,0,8,6699ECEC4F6A0000,can0
3067,1786718009.83058,609681.375294992,485490496,1,0,0,8,6699EBEC62780000,can0
3068,1786718009.8330672,609681.377792325,485490496,1,0,0,8,6699FCECB76E0000,can0
3069,1786718009.8342028,609681.378923242,485490496,1,0,0,8,6699FBECB54A0000,can0
3070,1786718009.8535898,609681.398320742,485490496,1,0,0,8,66998DED7B150000,can0
3071,1786718009.9341714,609681.478890075,485441761,1,0,0,8,6699152042030000,can0
3072,1786718009.9361007,609681.480816284,485442017,1,0,0,8,66991520FE020000,can0
3073,1786718009.9368625,609681.481577909,485490496,1,0,0,8,6699152042030000,can0
3074,1786718009.9442296,609681.488946825,485490497,1,0,0,8,66991520FE020000,can0
3075,1786718009.9521422,609681.496862492,485490657,1,0,0,8,6699FF0FAC260000,can0
3076,1786718009.9530425,609681.497757117,485490657,1,0,0,8,66991C20CC48FFFF,can0
3077,1786718010.0625067,609681.60722645,485490657,1,0,0,8,669902207C150000,can0
3078,1786718010.0769732,609681.621693575,485490657,1,0,0,8,669903204C090000,can0
3079,1786718010.178467,609681.723187034,773,0,0,0,8,0000000000000000,can0
3080,1786718010.1794205,609681.724134576,775,0,0,0,8,1234567856494300,can0
3081,1786718010.619241,609682.163959826,485490497,1,0,0,8,66998FEDB1000000,can0
3082,1786718010.6710918,609682.215812659,485490497,1,0,0,8,6699BCED608F0100,can0
3083,1786718010.672213,609682.216927659,485490497,1,0,0,8,6699B1ED0881F205,can0
3084,1786718010.6729808,609682.217695284,485490497,1,0,0,8,6699CCEC92800000,can0
3085,1786718010.6739304,609682.218645576,485490497,1,0,0,8,6699CBEC547D0000,can0
3086,1786718010.674711,609682.219427367,485490497,1,0,0,8,6699DCECD7910000,can0
3087,1786718010.6819713,609682.226700742,485490497,1,0,0,8,6699DBECD6850000,can0
3088,1786718010.6846402,609682.229363867,485490497,1,0,0,8,6699ECECDE7C0000,can0
3089,1786718010.6857054,609682.230421284,485490497,1,0,0,8,6699EBEC1B840000,can0
3090,1786718010.6864614,609682.231177117,485490497,1,0,0,8,6699FBEC7E550000,can0
3091,1786718010.763474,609682.308193909,485490496,1,0,0,8,66998DED7D150000,can0
3092,1786718010.7654452,609682.310160742,485490496,1,0,0,8,6699DBED8E120000,can0
3093,1786718010.8171794,609682.361896951,485490496,1,0,0,8,6699BCEDED230200,can0
3094,1786718010.8181016,609682.362814784,485490496,1,0,0,8,6699B1ED36CD7900,can0
3095,1786718010.8187013,609682.363414159,485490496,1,0,0,8,6699CCEC36AB0000,can0
3096,1786718010.8255076,609682.370225701,485490496,1,0,0,8,6699CBEC7D780000,can0
3097,1786718010.826602,609682.371316576,485490496,1,0,0,8,6699DCECB49F0000,can0
3098,1786718010.8280025,609682.372718034,485490496,1,0,0,8,6699DBECDE7B0000,can0
3099,1786718010.8288248,609682.373540367,485490496,1,0,0,8,6699ECEC5E6A0000,can0
3100,1786718010.8295958,609682.374310159,485490496,1,0,0,8,6699EBEC6C780000,can0
3101,1786718010.8328774,609682.377593284,485490496,1,0,0,8,6699FCECCF6E0000,can0
3102,1786718010.833812,609682.378525242,485490496,1,0,0,8,6699FBECAE4A0000,can0
3103,1786718010.9549253,609682.499644451,485490657,1,0,0,8,6699FF0FAC260000,can0
3104,1786718010.9578476,609682.502568243,485490657,1,0,0,8,66991C20A047FFFF,can0
3105,1786718011.0512493,609682.595968618,435295296,1,0,0,8,007C151B010474B2,can0
3106,1786718011.0525076,609682.597221159,435294784,1,0,0,8,400BB20000FFFFFF,can0
3107,1786718011.0551,609682.599817118,435294784,1,0,0,8,41FF4A00FFFFFFFF,can0
3108,1786718011.0566723,609682.601388743,435357504,1,0,0,8,B2010C0C8E0000FF,can0
3109,1786718011.0579243,609682.602640868,435294784,1,0,0,8,400BB20103FFFFFF,can0
3110,1786718011.058836,609682.603551493,435294784,1,0,0,8,41FFFFFFFFFFFFFF,can0
3111,1786718011.0622523,609682.606969659,435357504,1,0,0,8,B202630C810000FF,can0
3112,1786718011.063194,609682.607908784,435294784,1,0,0,8,200BB20203FFFFFF,can0
3113,1786718011.0639923,609682.608706868,435294784,1,0,0,8,21FFFFFFFFFFFFFF,can0
3114,1786718011.0659018,609682.610617576,435357504,1,0,0,8,B2030B0C590000FF,can0
3115,1786718011.0681715,609682.612887118,435294784,1,0,0,8,200BB20303FFFFFF,can0
3116,1786718011.0690403,609682.613756076,435294784,1,0,0,8,21FFFFFFFFFFFFFF,can0
3117,1786718011.071053,609682.615780284,435357504,1,0,0,8,B2047707930000FF,can0
3118,1786718011.07501,609682.619727909,435294784,1,0,0,8,200BB20403FFFFFF,can0
3119,1786718011.0760975,609682.620814201,435294784,1,0,0,8,21FFFFFFFFFFFFFF,can0
3120,1786718011.0782504,609682.622965659,435357248,1,0,0,8,B2FFFC00FFFFFFFF,can0
3121,1786718011.1588514,609682.703571076,485490497,1,0,0,8,6699DBED5C120000,can0
3122,1786718011.1825762,609682.727296951,773,0,0,0,8,0000000000000000,can0
3123,1786718011.1860168,609682.730736451,775,0,0,0,8,1234567856494300,can0
3124,1786718011.19036,609682.735081784,485441761,1,0,0,8,66990100D0EDFCFF,can0
3125,1786718011.1918817,609682.736595826,485441761,1,0,0,8,66990100DCEDFEFF,can0
3126,1786718011.1941984,609682.738914409,485441761,1,0,0,8,66990100DAEDFFFF,can0
3127,1786718011.1977775,609682.742491701,485441761,1,0,0,8,669901002720FFFF,can0
3128,1786718011.1985753,609682.743289159,485490496,1,0,0,8,6699DAED00000000,can0
3129,1786718011.1996748,609682.744392034,485490496,1,0,0,8,6699272038B30300,can0
3130,1786718011.2149186,609682.759636326,485490497,1,0,0,8,66990102FC000000,can0
3131,1786718011.216886,609682.761600159,485490497,1,0,0,8,66990A02FC000000,can0
3132,1786718011.246565,609682.791285784,485490496,1,0,0,8,6699DCED97200000,can0
3133,1786718011.247659,609682.792373826,485490496,1,0,0,8,6699DDEDE8830200,can0
3134,1786718011.2484264,609682.793141993,485490496,1,0,0,8,6699D0ED730E0000,can0
3135,1786718011.2491503,609682.793865201,485490496,1,0,0,8,6699D1EDF9030000,can0
3136,1786718011.2501268,609682.794841118,485490496,1,0,0,8,6699D2ED420E0000,can0
3137,1786718011.2508707,609682.795585493,485490496,1,0,0,8,6699D3EDCB020000,can0
3138,1786718011.2535567,609682.798274576,435295297,1,0,0,8,007C15AF000474D9,can0
3139,1786718011.254358,609682.799071409,435294785,1,0,0,8,400BD90000FFFFFF,can0
3140,1786718011.2550683,609682.799782576,435294785,1,0,0,8,41FF4900FFFFFFFF,can0
3141,1786718011.2559822,609682.800697368,435357505,1,0,0,8,D901A50C630000FF,can0
3142,1786718011.2567499,609682.801465743,435294785,1,0,0,8,400BD90103FFFFFF,can0
3143,1786718011.2574875,609682.802202201,435294785,1,0,0,8,41FFFFFFFFFFFFFF,can0
3144,1786718011.258202,609682.802916076,435357505,1,0,0,8,D9028A0D630000FF,can0
3145,1786718011.258933,609682.803648076,435294785,1,0,0,8,200BD90203FFFFFF,can0
3146,1786718011.2596695,609682.804384368,435294785,1,0,0,8,21FFFFFFFFFFFFFF,can0
3147,1786718011.2603874,609682.805102034,435357505,1,0,0,8,D903470D5C0000FF,can0
3148,1786718011.261099,609682.805814118,435294785,1,0,0,8,200BD90303FFFFFF,can0
3149,1786718011.2618437,609682.806558534,435294785,1,0,0,8,21FFFFFFFFFFFFFF,can0
3150,1786718011.2626657,609682.807379368,435357505,1,0,0,8,D9048D08000000FF,can0
3151,1786718011.2636623,609682.808377743,435294785,1,0,0,8,200BD90403FFFFFF,can0
3152,1786718011.2644706,609682.809186451,435294785,1,0,0,8,21FFFFFFFFFFFFFF,can0
3153,1786718011.2656085,609682.810326034,435357249,1,0,0,8,D9FFFC00FFFFFFFF,can0
3154,1786718011.2665472,609682.811269659,485490497,1,0,0,8,6699000201000000,can0
3155,1786718011.2673492,609682.812065243,485490497,1,0,0,8,6699020200000000,can0
3156,1786718011.2681336,609682.812848493,485490497,1,0,0,8,6699070200000000,can0
3157,1786718011.2690976,609682.813811284,485490497,1,0,0,8,66991E0300000000,can0
3158,1786718011.2698464,609682.814561118,485490497,1,0,0,8,66991C0300000000,can0
3159,1786718011.27064,609682.815354076,485490497,1,0,0,8,66998DED7C150000,can0
3160,1786718011.3100817,609682.854800826,485490497,1,0,0,8,66998FEDAF000000,can0
3161,1786718011.3109658,609682.855679909,485490497,1,0,0,8,6699ECED04740000,can0
3162,1786718011.3125072,609682.857223618,485490497,1,0,0,8,6699DAED00000000,can0
3163,1786718011.514886,609683.059604451,485490497,1,0,0,8,6699B3ED01000000,can0
3164,1786718011.515851,609683.060564284,485490497,1,0,0,8,6699BCED918D0100,can0
3165,1786718011.6048336,609683.149555368,502267713,1,0,0,8,2026669950100002,can0
3166,1786718011.6060038,609683.150719368,502267713,1,0,0,8,21010000FFFFFFFF,can0
3167,1786718011.6070418,609683.151758326,502267713,1,0,0,8,228515AF14000000,can0
3168,1786718011.608123,609683.152838951,502267713,1,0,0,8,230000CC02000000,can0
3169,1786718011.6089146,609683.153629743,502267713,1,0,0,8,2400350900009F01,can0
3170,1786718011.609862,609683.154577076,502267713,1,0,0,8,258A9A1300FFFFFF,can0
3171,1786718011.6207263,609683.165443368,485490497,1,0,0,8,66998FEDAF000000,can0
3172,1786718011.62159,609683.166303826,485490497,1,0,0,8,6699DBED66120000,can0
3173,1786718011.6725986,609683.217332326,485490497,1,0,0,8,6699BCED918D0100,can0
3174,1786718011.6737385,609683.218453618,485490497,1,0,0,8,6699B1ED743DED05,can0
3175,1786718011.674989,609683.219703743,485490497,1,0,0,8,6699CCEC44800000,can0
3176,1786718011.6761699,609683.22088441,485490497,1,0,0,8,6699CBEC9F7D0000,can0
3177,1786718011.6767585,609683.221471701,485490497,1,0,0,8,6699DCECFE900000,can0
3178,1786718011.6777074,609683.222426076,485490497,1,0,0,8,6699DBECF4850000,can0
3179,1786718011.6792142,609683.22393091,485490497,1,0,0,8,6699ECEC9D7D0000,can0
3180,1786718011.6800237,609683.224737535,485490497,1,0,0,8,6699EBECF1830000,can0
3181,1786718011.6808808,609683.22559491,485490497,1,0,0,8,6699FBEC7F550000,can0
3182,1786718011.763517,609683.308236285,485490497,1,0,0,8,66994E0301000000,can0
3183,1786718011.7644284,609683.309141451,485490496,1,0,0,8,66998DED7C150000,can0
3184,1786718011.7656713,609683.310387785,485490496,1,0,0,8,6699DBED8E120000,can0
3185,1786718011.8174534,609683.362173243,485490496,1,0,0,8,6699BCED67240200,can0
3186,1786718011.818683,609683.363397201,485490496,1,0,0,8,6699B1EDE8CC7900,can0
3187,1786718011.819565,609683.364279618,485490496,1,0,0,8,6699CCEC5DAB0000,can0
3188,1786718011.8202214,609683.364934285,485490496,1,0,0,8,6699CBEC78780000,can0
3189,1786718011.8208423,609683.365555368,485490496,1,0,0,8,6699DCECC59F0000,can0
3190,1786718011.8220823,609683.366812701,485490496,1,0,0,8,6699DBECD87B0000,can0
3191,1786718011.8240445,609683.368761201,485490496,1,0,0,8,6699ECEC826A0000,can0
3192,1786718011.8250322,609683.36974591,485490496,1,0,0,8,6699EBEC72780000,can0
3193,1786718011.8262916,609683.37101241,485490496,1,0,0,8,6699FCECCF6E0000,can0
3194,1786718011.8273287,609683.372043535,485490496,1,0,0,8,6699FBECB24A0000,can0
3195,1786718011.9488401,609683.493561201,485490657,1,0,0,8,6699FF0FAC260000,can0
3196,1786718011.9498975,609683.494610785,485490657,1,0,0,8,66991C207446FFFF,can0
3197,1786718012.1811156,609683.725835701,773,0,0,0,8,0000000000000000,can0
3198,1786718012.182562,609683.727275701,775,0,0,0,8,1234567856494300,can0
3199,1786718012.3815525,609683.926273285,485490657,1,0,0,8,669901207C150000,can0
3200,1786718012.3825717,609683.927285743,485490657,1,0,0,8,66990E200D000000,can0
3201,1786718012.5511858,609684.09590591,435295296,1,0,0,8,007C151B010474D0,can0
3202,1786718012.5521843,609684.096899202,435294784,1,0,0,8,600BD00000FFFFFF,can0
3203,1786718012.5528326,609684.097546452,435294784,1,0,0,8,61FF4A00FFFFFFFF,can0
3204,1786718012.5534353,609684.098147952,435357504,1,0,0,8,D0010D0C8F0000FF,can0
3205,1786718012.553971,609684.098684702,435294784,1,0,0,8,600BD00103FFFFFF,can0
3206,1786718012.554477,609684.099189243,435294784,1,0,0,8,61FFFFFFFFFFFFFF,can0
3207,1786718012.5549839,609684.099695868,435357504,1,0,0,8,D002620C810000FF,can0
3208,1786718012.5556142,609684.100328202,435294784,1,0,0,8,400BD00203FFFFFF,can0
3209,1786718012.556186,609684.100899868,435294784,1,0,0,8,41FFFFFFFFFFFFFF,can0
3210,1786718012.5568056,609684.101520577,435357504,1,0,0,8,D0030A0C570000FF,can0
3211,1786718012.5576699,609684.102385035,435294784,1,0,0,8,400BD00303FFFFFF,can0
3212,1786718012.5584445,609684.103159327,435294784,1,0,0,8,41FFFFFFFFFFFFFF,can0
3213,1786718012.559179,609684.10389366,435357504,1,0,0,8,D0047807950000FF,can0
3214,1786718012.5601926,609684.104913077,435294784,1,0,0,8,400BD00403FFFFFF,can0
3215,1786718012.561223,609684.105937368,435294784,1,0,0,8,41FFFFFFFFFFFFFF,can0
3216,1786718012.5619776,609684.106691993,435357248,1,0,0,8,D0FFFC00FFFFFFFF,can0
3217,1786718012.562926,609684.107640118,233966912,1,0,0,8,0001FDFFFFFFFFFF,can0
3218,1786718012.6219077,609684.16662341,485490497,1,0,0,8,66998FEDB2000000,can0
3219,1786718012.671089,609684.215808535,485490497,1,0,0,8,6699BCED5B8E0100,can0
3220,1786718012.6719604,609684.216674618,485490497,1,0,0,8,6699B1EDB280F305,can0
3221,1786718012.6726818,609684.217395493,485490497,1,0,0,8,6699CCEC16800000,can0
3222,1786718012.673364,609684.218079243,485490497,1,0,0,8,6699CBECE77D0000,can0
3223,1786718012.674399,609684.219115493,485490497,1,0,0,8,6699DCEC988F0000,can0
3224,1786718012.676081,609684.220797952,485490497,1,0,0,8,6699DBEC2C860000,can0
3225,1786718012.6780052,609684.222721077,485490497,1,0,0,8,6699ECEC967E0000,can0
3226,1786718012.678903,609684.223617702,485490497,1,0,0,8,6699EBECC7830000,can0
3227,1786718012.6795588,609684.224271452,485490497,1,0,0,8,6699FBEC7E550000,can0
3228,1786718012.7535737,609684.298293785,485490496,1,0,0,8,66998FED1C010000,can0
3229,1786718012.7547894,609684.299504452,435295297,1,0,0,8,007C15B2000474F7,can0
3230,1786718012.7598846,609684.304600868,435294785,1,0,0,8,600BF70000FFFFFF,can0
3231,1786718012.7607622,609684.305476827,435294785,1,0,0,8,61FF4900FFFFFFFF,can0
3232,1786718012.7613974,609684.306110452,435357505,1,0,0,8,F701970C660000FF,can0
3233,1786718012.7620401,609684.306754243,435294785,1,0,0,8,600BF70103FFFFFF,can0
3234,1786718012.7627134,609684.307427577,435294785,1,0,0,8,61FFFFFFFFFFFFFF,can0
3235,1786718012.7633317,609684.30804566,435357505,1,0,0,8,F7026B0D6A0000FF,can0
3236,1786718012.7638638,609684.308576618,435294785,1,0,0,8,400BF70203FFFFFF,can0
3237,1786718012.764317,609684.309029493,435294785,1,0,0,8,41FFFFFFFFFFFFFF,can0
3238,1786718012.7649248,609684.309638285,435357505,1,0,0,8,F7032D0D600000FF,can0
3239,1786718012.776078,609684.320794535,435294785,1,0,0,8,400BF70303FFFFFF,can0
3240,1786718012.7771,609684.321815952,435294785,1,0,0,8,41FFFFFFFFFFFFFF,can0
3241,1786718012.7830975,609684.327827202,435357505,1,0,0,8,F7048D08000000FF,can0
3242,1786718012.7854176,609684.330134577,435294785,1,0,0,8,400BF70403FFFFFF,can0
3243,1786718012.7868829,609684.331606118,435294785,1,0,0,8,41FFFFFFFFFFFFFF,can0
3244,1786718012.7878175,609684.332533285,435357249,1,0,0,8,F7FFFC00FFFFFFFF,can0
3245,1786718012.788616,609684.333330952,485442017,1,0,0,8,66990100D0EDFCFF,can0
3246,1786718012.7893696,609684.334084118,485442017,1,0,0,8,66990100DCEDFEFF,can0
3247,1786718012.7912378,609684.335954702,485442017,1,0,0,8,66990100DAEDFFFF,can0
3248,1786718012.7921069,609684.33682066,485442017,1,0,0,8,669901002720FFFF,can0
3249,1786718012.7928536,609684.337566868,485490497,1,0,0,8,6699DAED00000000,can0
3250,1786718012.793595,609684.338310202,485490497,1,0,0,8,669927203FB30300,can0
3251,1786718012.803805,609684.348524202,485490496,1,0,0,8,66998DED7D150000,can0
3252,1786718012.818023,609684.362741868,485490496,1,0,0,8,6699BCEDB0240200,can0
3253,1786718012.8190243,609684.36373991,485490496,1,0,0,8,6699B1ED91BE7900,can0
3254,1786718012.8199737,609684.364688785,485490496,1,0,0,8,6699CCEC7AAB0000,can0
3255,1786718012.8206627,609684.365376702,485490496,1,0,0,8,6699CBEC77780000,can0
3256,1786718012.821414,609684.366127618,485490496,1,0,0,8,6699DCECCA9F0000,can0
3257,1786718012.8220923,609684.366805285,485490496,1,0,0,8,6699DBECE57B0000,can0
3258,1786718012.829189,609684.373912535,485490496,1,0,0,8,6699ECEC6C6A0000,can0
3259,1786718012.830271,609684.374985368,485490496,1,0,0,8,6699EBEC70780000,can0
3260,1786718012.8310366,609684.375752035,485490496,1,0,0,8,6699FCECBB6E0000,can0
3261,1786718012.8321009,609684.376814577,485490496,1,0,0,8,6699FBECAE4A0000,can0
3262,1786718012.8589768,609684.403699785,485490497,1,0,0,8,6699DCED50110000,can0
3263,1786718012.8626463,609684.407361952,485490497,1,0,0,8,6699DDEDD6280000,can0
3264,1786718012.8637352,609684.408449327,485490497,1,0,0,8,6699D0ED38080000,can0
3265,1786718012.8747659,609684.419485368,485490497,1,0,0,8,6699D1ED29010000,can0
3266,1786718012.8758373,609684.420551993,485490497,1,0,0,8,6699D2ED35090000,can0
3267,1786718012.8767173,609684.421431202,485490497,1,0,0,8,6699D3ED02010000,can0
3268,1786718012.942403,609684.487123243,485441761,1,0,0,8,6699152044030000,can0
3269,1786718012.9451702,609684.489886827,485490496,1,0,0,8,6699152044030000,can0
3270,1786718012.9588482,609684.503568619,485442017,1,0,0,8,66991520FC020000,can0
3271,1786718012.9598935,609684.504608702,485490497,1,0,0,8,66991520FC020000,can0
3272,1786718013.0031374,609684.547858119,485490657,1,0,0,8,6699FF0FAC260000,can0
3273,1786718013.004114,609684.548827369,485490657,1,0,0,8,66991C20E444FFFF,can0
3274,1786718013.0826373,609684.627357827,485490657,1,0,0,8,669902207B150000,can0
3275,1786718013.1856213,609684.73034116,773,0,0,0,8,0000000000000000,can0
3276,1786718013.188704,609684.733428494,775,0,0,0,8,1234567856494300,can0
3277,1786718013.5082808,609685.053000285,485490496,1,0,0,8,66990102FC000000,can0
3278,1786718013.5093284,609685.054041452,485490496,1,0,0,8,66990A02FC000000,can0
3279,1786718013.5580735,609685.102792619,485490496,1,0,0,8,6699000201000000,can0
3280,1786718013.5591073,609685.10382191,485490496,1,0,0,8,6699020200000000,can0
3281,1786718013.5600154,609685.104729494,485490496,1,0,0,8,6699070200000000,can0
3282,1786718013.5621102,609685.10682766,485490496,1,0,0,8,66991E0300000000,can0
3283,1786718013.5630982,609685.107812619,485490496,1,0,0,8,66991C0300000000,can0
3284,1786718013.5638502,609685.108563494,485490496,1,0,0,8,66998DED7C150000,can0
3285,1786718013.6049814,609685.149700827,485490496,1,0,0,8,66998FED1C010000,can0
3286,1786718013.606649,609685.151363702,485490496,1,0,0,8,6699ECED04740000,can0
3287,1786718013.6091633,609685.153878827,485490496,1,0,0,8,6699DAED00000000,can0
3288,1786718013.671062,609685.215781744,485490497,1,0,0,8,6699BCEDB38F0100,can0
3289,1786718013.671931,609685.216644327,485490497,1,0,0,8,6699B1EDF445E205,can0
3290,1786718013.6726184,609685.217333661,485490497,1,0,0,8,6699CCEC4A810000,can0
3291,1786718013.6733162,609685.218030286,485490497,1,0,0,8,6699CBEC8B7C0000,can0
3292,1786718013.674298,609685.219011536,485490497,1,0,0,8,6699DCECB28F0000,can0
3293,1786718013.6751661,609685.219879911,485490497,1,0,0,8,6699DBEC30860000,can0
3294,1786718013.676199,609685.220914619,485490497,1,0,0,8,6699ECECA77F0000,can0
3295,1786718013.6770306,609685.221745161,485490497,1,0,0,8,6699EBEC8E830000,can0
3296,1786718013.6783175,609685.223035577,485490497,1,0,0,8,6699FBEC81550000,can0
3297,1786718013.7062314,609685.250966036,485490497,1,0,0,8,66998DED7B150000,can0
3298,1786718013.7644925,609685.309213702,485490496,1,0,0,8,66998DED7C150000,can0
3299,1786718013.8091981,609685.353916994,485490496,1,0,0,8,6699B3ED01000000,can0
3300,1786718013.810175,609685.354889119,485490496,1,0,0,8,6699BCEDC8240200,can0
3301,1786718013.8194997,609685.364217369,485490496,1,0,0,8,6699BCEDC8240200,can0
3302,1786718013.8212664,609685.365981244,485490496,1,0,0,8,6699B1ED73D67900,can0
3303,1786718013.8221583,609685.366872952,485490496,1,0,0,8,6699CCECACAB0000,can0
3304,1786718013.8230271,609685.367741036,485490496,1,0,0,8,6699CBEC7A780000,can0
3305,1786718013.8240714,609685.368785869,485490496,1,0,0,8,6699DCEC14A00000,can0
3306,1786718013.8263066,609685.371021536,485490496,1,0,0,8,6699DBECDA7B0000,can0
3307,1786718013.8271089,609685.371822827,485490496,1,0,0,8,6699ECECB36A0000,can0
3308,1786718013.827762,609685.372475161,485490496,1,0,0,8,6699EBEC69780000,can0
3309,1786718013.828308,609685.373021244,485490496,1,0,0,8,6699FCECCB6E0000,can0
3310,1786718013.8287613,609685.373473327,485490496,1,0,0,8,6699FBECAF4A0000,can0
3311,1786718013.9020925,609685.446813244,502267712,1,0,0,8,00266699501000CB,can0
3312,1786718013.902967,609685.447681036,502267712,1,0,0,8,01020000FFFFFFFF,can0
3313,1786718013.9036312,609685.448344619,502267712,1,0,0,8,028515AB14000000,can0
3314,1786718013.9042041,609685.448917536,502267712,1,0,0,8,030000CD02000000,can0
3315,1786718013.9047234,609685.449436536,502267712,1,0,0,8,0400420E00009602,can0
3316,1786718013.9052148,609685.449927536,502267712,1,0,0,8,05EE9A4001FFFFFF,can0
3317,1786718013.9475722,609685.492292827,485490657,1,0,0,8,6699FF0FAC260000,can0
3318,1786718013.9520342,609685.496754619,485490657,1,0,0,8,66991C201046FFFF,can0
3319,1786718014.0523255,609685.597045202,435295296,1,0,0,8,007C151C010474EE,can0
3320,1786718014.0534556,609685.598169827,435294784,1,0,0,8,800BEE0000FFFFFF,can0
3321,1786718014.0541484,609685.598860869,435294784,1,0,0,8,81FF4A00FFFFFFFF,can0
3322,1786718014.0547023,609685.599415202,435357504,1,0,0,8,EE010D0C8E0000FF,can0
3323,1786718014.0552287,609685.599940952,435294784,1,0,0,8,800BEE0103FFFFFF,can0
3324,1786718014.0587144,609685.603430119,435294784,1,0,0,8,81FFFFFFFFFFFFFF,can0
3325,1786718014.060807,609685.605523702,435357504,1,0,0,8,EE02620C820000FF,can0
3326,1786718014.0616279,609685.606341702,435294784,1,0,0,8,600BEE0203FFFFFF,can0
3327,1786718014.0623355,609685.607047994,435294784,1,0,0,8,61FFFFFFFFFFFFFF,can0
3328,1786718014.0642204,609685.608939702,435357504,1,0,0,8,EE030A0C590000FF,can0
3329,1786718014.0651515,609685.609866161,435294784,1,0,0,8,600BEE0303FFFFFF,can0
3330,1786718014.0663385,609685.611053494,435294784,1,0,0,8,61FFFFFFFFFFFFFF,can0
3331,1786718014.0670984,609685.611813286,435357504,1,0,0,8,EE047807950000FF,can0
3332,1786718014.0682406,609685.612955244,435294784,1,0,0,8,600BEE0403FFFFFF,can0
3333,1786718014.0689917,609685.613705661,435294784,1,0,0,8,61FFFFFFFFFFFFFF,can0
3334,1786718014.0696685,609685.614381827,435357248,1,0,0,8,EEFFFC00FFFFFFFF,can0
3335,1786718014.0703201,609685.615032744,485490496,1,0,0,8,66994E0301000000,can0
3336,1786718014.1834788,609685.728199369,773,0,0,0,8,0000000000000000,can0
3337,1786718014.1885135,609685.733227952,775,0,0,0,8,1234567856494300,can0
3338,1786718014.2583933,609685.803114077,435295297,1,0,0,8,007B15B200047419,can0
3339,1786718014.2594151,609685.804130202,435294785,1,0,0,8,800B190000FFFFFF,can0
3340,1786718014.2604144,609685.805129702,435294785,1,0,0,8,81FF4900FFFFFFFF,can0
3341,1786718014.2614095,609685.806125119,435357505,1,0,0,8,1901760C690000FF,can0
3342,1786718014.262378,609685.807094494,435294785,1,0,0,8,800B190103FFFFFF,can0
3343,1786718014.263305,609685.808021202,435294785,1,0,0,8,81FFFFFFFFFFFFFF,can0
3344,1786718014.2642863,609685.809001661,435357505,1,0,0,8,19026B0D6F0000FF,can0
3345,1786718014.2650187,609685.809732911,435294785,1,0,0,8,600B190203FFFFFF,can0
3346,1786718014.2680414,609685.812756827,435294785,1,0,0,8,61FFFFFFFFFFFFFF,can0
3347,1786718014.2690957,609685.813811702,435357505,1,0,0,8,19032A0D620000FF,can0
3348,1786718014.2701051,609685.814820827,435294785,1,0,0,8,600B190303FFFFFF,can0
3349,1786718014.270943,609685.815657286,435294785,1,0,0,8,61FFFFFFFFFFFFFF,can0
3350,1786718014.2719727,609685.816687952,435357505,1,0,0,8,19048D08000000FF,can0
3351,1786718014.275623,609685.820339702,435294785,1,0,0,8,600B190403FFFFFF,can0
3352,1786718014.2786949,609685.823413161,435294785,1,0,0,8,61FFFFFFFFFFFFFF,can0
3353,1786718014.2797918,609685.824506702,435357249,1,0,0,8,19FFFC00FFFFFFFF,can0
3354,1786718014.28057,609685.825283786,233966913,1,0,0,8,0001FDFFFFFFFFFF,can0
3355,1786718014.2816556,609685.826369744,485490497,1,0,0,8,66998FEDB3000000,can0
3356,1786718014.6708386,609686.215558578,485490497,1,0,0,8,6699BCED0A900100,can0
3357,1786718014.671844,609686.216558661,485490497,1,0,0,8,6699B1ED787CF005,can0
3358,1786718014.6725051,609686.217217953,485490497,1,0,0,8,6699CCEC4E810000,can0
3359,1786718014.6731026,609686.217816161,485490497,1,0,0,8,6699CBECA37C0000,can0
3360,1786718014.6740932,609686.218807786,485490497,1,0,0,8,6699DCEC7D8F0000,can0
3361,1786718014.6749363,609686.219650203,485490497,1,0,0,8,6699DBEC3B860000,can0
3362,1786718014.675945,609686.220659869,485490497,1,0,0,8,6699ECEC6F7F0000,can0
3363,1786718014.676706,609686.221420786,485490497,1,0,0,8,6699EBEC9C830000,can0
3364,1786718014.6778164,609686.222530911,485490497,1,0,0,8,6699FBEC7E550000,can0
3365,1786718014.8062184,609686.350938078,485490497,1,0,0,8,66998FEDB2000000,can0
3366,1786718014.8171372,609686.361856453,485490496,1,0,0,8,6699BCED41250200,can0
3367,1786718014.818024,609686.362737786,485490496,1,0,0,8,6699B1ED86B97900,can0
3368,1786718014.8187695,609686.363489078,485490496,1,0,0,8,6699CCECB0AB0000,can0
3369,1786718014.8198042,609686.364518661,485490496,1,0,0,8,6699CBEC79780000,can0
3370,1786718014.8206105,609686.365325828,485490496,1,0,0,8,6699DCECF39F0000,can0
3371,1786718014.8213665,609686.366081494,485490496,1,0,0,8,6699DBECD87B0000,can0
3372,1786718014.8228655,609686.367584578,485490496,1,0,0,8,6699ECECA76A0000,can0
3373,1786718014.8237543,609686.368469828,485490496,1,0,0,8,6699EBEC67780000,can0
3374,1786718014.8252661,609686.369984161,485490496,1,0,0,8,6699FCECE36E0000,can0
3375,1786718014.826205,609686.370918494,485490496,1,0,0,8,6699FBECAF4A0000,can0
3376,1786718014.9482002,609686.492919578,485490657,1,0,0,8,6699FF0FAC260000,can0
3377,1786718014.9515948,609686.496315369,485490657,1,0,0,8,66991C203C47FFFF,can0
3378,1786718015.1858451,609686.730564828,773,0,0,0,8,0000000000000000,can0
3379,1786718015.1869686,609686.731683078,775,0,0,0,8,1234567856494300,can0
3380,1786718015.5513291,609687.096048911,435295296,1,0,0,8,007C151C01047410,can0
3381,1786718015.5529845,609687.097700495,435294784,1,0,0,8,A00B100000FFFFFF,can0
3382,1786718015.5548954,609687.10100487,435294784,1,0,0,8,A1FF4A00FFFFFFFF,can0
3383,1786718015.563303,609687.108018411,435357504,1,0,0,8,10010C0C8E0000FF,can0
3384,1786718015.5642424,609687.108959995,435294784,1,0,0,8,A00B100103FFFFFF,can0
3385,1786718015.5650706,609687.109786328,435294784,1,0,0,8,A1FFFFFFFFFFFFFF,can0
3386,1786718015.5661113,609687.110824578,435357504,1,0,0,8,1002630C810000FF,can0
3387,1786718015.5670395,609687.11371187,435294784,1,0,0,8,800B100203FFFFFF,can0
3388,1786718015.57004,609687.114754453,435294784,1,0,0,8,81FFFFFFFFFFFFFF,can0
3389,1786718015.572506,609687.117220786,435357504,1,0,0,8,10030A0C590000FF,can0
3390,1786718015.573202,609687.117916328,435294784,1,0,0,8,800B100303FFFFFF,can0
3391,1786718015.5738165,609687.118530245,435294784,1,0,0,8,81FFFFFFFFFFFFFF,can0
3392,1786718015.5745447,609687.119259911,435357504,1,0,0,8,10047807930000FF,can0
3393,1786718015.5751996,609687.119913578,435294784,1,0,0,8,800B100403FFFFFF,can0
3394,1786718015.5761864,609687.120900078,435294784,1,0,0,8,81FFFFFFFFFFFFFF,can0
3395,1786718015.5786698,609687.123385328,435357248,1,0,0,8,10FFFC00FFFFFFFF,can0
3396,1786718015.6710255,609687.21574637,485490497,1,0,0,8,6699BCEDFB900100,can0
3397,1786718015.6720936,609687.216809495,485490497,1,0,0,8,6699B1ED4665F405,can0
3398,1786718015.680168,609687.22488387,485490497,1,0,0,8,6699CCEC74810000,can0
3399,1786718015.6829698,609687.227685078,485490497,1,0,0,8,6699CBECA07C0000,can0
3400,1786718015.683786,609687.228500203,485490497,1,0,0,8,6699DCEC7B8F0000,can0
3401,1786718015.6938102,609687.23852637,485490497,1,0,0,8,6699DBEC43860000,can0
3402,1786718015.694948,609687.239663953,485490497,1,0,0,8,6699ECEC23810000,can0
3403,1786718015.6980903,609687.242805495,485490497,1,0,0,8,6699EBEC38830000,can0
3404,1786718015.698889,609687.24360237,485490497,1,0,0,8,6699FBEC80550000,can0
3405,1786718015.7574637,609687.302185203,435295297,1,0,0,8,007B15B200047437,can0
3406,1786718015.7589052,609687.303620203,435294785,1,0,0,8,A00B370000FFFFFF,can0
3407,1786718015.759958,609687.30468287,435294785,1,0,0,8,A1FF4900FFFFFFFF,can0
3408,1786718015.760964,609687.305678995,435357505,1,0,0,8,3701760C690000FF,can0
3409,1786718015.7620218,609687.306737078,435294785,1,0,0,8,A00B370103FFFFFF,can0
3410,1786718015.7629356,609687.30766037,435294785,1,0,0,8,A1FFFFFFFFFFFFFF,can0
3411,1786718015.7639732,609687.308687203,435357505,1,0,0,8,37026D0D6C0000FF,can0
3412,1786718015.7648382,609687.309552328,435294785,1,0,0,8,800B370203FFFFFF,can0
3413,1786718015.773177,609687.317897328,435294785,1,0,0,8,81FFFFFFFFFFFFFF,can0
3414,1786718015.7750216,609687.319737662,435357505,1,0,0,8,37031F0D620000FF,can0
3415,1786718015.7763848,609687.32109987,435294785,1,0,0,8,800B370303FFFFFF,can0
3416,1786718015.77732,609687.322034953,435294785,1,0,0,8,81FFFFFFFFFFFFFF,can0
3417,1786718015.7827575,609687.327474578,435357505,1,0,0,8,37048D08000000FF,can0
3418,1786718015.7836363,609687.32835087,435294785,1,0,0,8,800B370403FFFFFF,can0
3419,1786718015.7881002,609687.332814912,435294785,1,0,0,8,81FFFFFFFFFFFFFF,can0
3420,1786718015.7888396,609687.33355362,435357249,1,0,0,8,37FFFC00FFFFFFFF,can0
3421,1786718015.8196127,609687.364332703,485490496,1,0,0,8,6699BCEDD9250200,can0
3422,1786718015.8214886,609687.366205328,485490496,1,0,0,8,6699B1EDAFC37900,can0
3423,1786718015.8264434,609687.371167912,485490496,1,0,0,8,6699CCECC0AB0000,can0
3424,1786718015.8283525,609687.373067453,485490496,1,0,0,8,6699CBEC7E780000,can0
3425,1786718015.8309133,609687.375627537,485490496,1,0,0,8,6699DCEC6CA00000,can0
3426,1786718015.8392248,609687.383943078,485490496,1,0,0,8,6699DBECDB7B0000,can0
3427,1786718015.8400373,609687.384751245,485490496,1,0,0,8,6699ECEC9E6A0000,can0
3428,1786718015.8407667,609687.385480328,485490496,1,0,0,8,6699EBEC68780000,can0
3429,1786718015.8414207,609687.386134412,485490496,1,0,0,8,6699FCECFB6E0000,can0
3430,1786718015.8489666,609687.393680828,485490496,1,0,0,8,6699FBECAD4A0000,can0
3431,1786718015.947083,609687.491802287,485441761,1,0,0,8,6699152044030000,can0
3432,1786718015.9478912,609687.49260587,485490496,1,0,0,8,6699152044030000,can0
3433,1786718015.963553,609687.508273287,485442017,1,0,0,8,66991520FC020000,can0
3434,1786718015.967961,609687.512677078,485490497,1,0,0,8,66991520FC020000,can0
3435,1786718015.9730313,609687.517750203,485490657,1,0,0,8,6699FF0FAC260000,can0
3436,1786718015.974085,609687.51879887,485490657,1,0,0,8,66991C206848FFFF,can0
3437,1786718016.0621839,609687.606904245,485490657,1,0,0,8,669902207C150000,can0
3438,1786718016.1547968,609687.699520453,485490497,1,0,0,8,66998DED7C150000,can0
3439,1786718016.1578634,609687.702582287,485490497,1,0,0,8,66998FEDB3000000,can0
3440,1786718016.1778662,609687.722586828,485441761,1,0,0,8,66990100D0EDFCFF,can0
3441,1786718016.183569,609687.728287703,485441761,1,0,0,8,66990100DCEDFEFF,can0
3442,1786718016.1845036,609687.729577412,485441761,1,0,0,8,66990100DAEDFFFF,can0
3443,1786718016.1871984,609687.73191512,485441761,1,0,0,8,669901002720FFFF,can0
3444,1786718016.1893406,609687.734055328,773,0,0,0,8,0000000000000000,can0
3445,1786718016.1903467,609687.735060203,485490496,1,0,0,8,6699DAED00000000,can0
3446,1786718016.190922,609687.735634453,775,0,0,0,8,1234567856494300,can0
3447,1786718016.1913872,609687.736098662,485490496,1,0,0,8,669927202DB50300,can0
3448,1786718016.2148511,609687.759571745,485490497,1,0,0,8,66990102FC000000,can0
3449,1786718016.218437,609687.763155745,485490497,1,0,0,8,66990A02FC000000,can0
3450,1786718016.2602706,609687.80499162,485490496,1,0,0,8,6699DCED97200000,can0
3451,1786718016.2628248,609687.807541078,485490496,1,0,0,8,6699DDEDE8830200,can0
3452,1786718016.264683,609687.809399162,485490496,1,0,0,8,6699D0ED730E0000,can0
3453,1786718016.2660708,609687.810788078,485490496,1,0,0,8,6699D1EDF9030000,can0
3454,1786718016.268605,609687.813322287,485490496,1,0,0,8,6699D2ED420E0000,can0
3455,1786718016.2696176,609687.814332787,485490496,1,0,0,8,6699D3EDCB020000,can0
3456,1786718016.2705946,609687.815323662,485490497,1,0,0,8,6699000201000000,can0
3457,1786718016.271563,609687.816277953,485490497,1,0,0,8,6699020200000000,can0
3458,1786718016.2724996,609687.817213537,485490497,1,0,0,8,6699070200000000,can0
3459,1786718016.2732296,609687.817944203,485490497,1,0,0,8,66991E0300000000,can0
3460,1786718016.2743855,609687.819101328,485490497,1,0,0,8,66991C0300000000,can0
3461,1786718016.275197,609687.819911412,485490497,1,0,0,8,66998DED7C150000,can0
3462,1786718016.306516,609687.85123612,485490497,1,0,0,8,66998FEDB3000000,can0
3463,1786718016.3087063,609687.853425078,485490497,1,0,0,8,6699ECED04740000,can0
3464,1786718016.312134,609687.856851703,485490497,1,0,0,8,6699DAED00000000,can0
3465,1786718016.4118836,609687.956610078,485490496,1,0,0,8,66998DED7D150000,can0
3466,1786718016.5141845,609688.058903787,485490497,1,0,0,8,6699B3ED01000000,can0
3467,1786718016.5150244,609688.059737995,485490497,1,0,0,8,6699BCED219D0100,can0
3468,1786718016.6047993,609688.149519412,502267713,1,0,0,8,4026669950100002,can0
3469,1786718016.6058254,609688.150540329,502267713,1,0,0,8,41010000FFFFFFFF,can0
3470,1786718016.6067119,609688.151426412,502267713,1,0,0,8,428515AF14000000,can0
3471,1786718016.6074214,609688.152135412,502267713,1,0,0,8,430000CC02000000,can0
3472,1786718016.608152,609688.152866412,502267713,1,0,0,8,4400350900009F01,can0
3473,1786718016.6089072,609688.153620995,502267713,1,0,0,8,458A9A1300FFFFFF,can0
3474,1786718016.6201658,609688.164886204,485490497,1,0,0,8,66998DED7C150000,can0
3475,1786718016.621608,609688.166322162,485490497,1,0,0,8,66998FEDB5000000,can0
3476,1786718016.6732266,609688.217942995,485490497,1,0,0,8,6699BCED219D0100,can0
3477,1786718016.6786191,609688.223333037,485490497,1,0,0,8,6699B1ED5BA5EF05,can0
3478,1786718016.679266,609688.22397887,485490497,1,0,0,8,6699CCECA0820000,can0
3479,1786718016.6797807,609688.224493329,485490497,1,0,0,8,6699CBEC6C7B0000,can0
3480,1786718016.680224,609688.224936079,485490497,1,0,0,8,6699DCECEB940000,can0
3481,1786718016.6806295,609688.225341787,485490497,1,0,0,8,6699DBEC95850000,can0
3482,1786718016.681019,609688.22573162,485490497,1,0,0,8,6699ECECBC830000,can0
3483,1786718016.6814082,609688.226119912,485490497,1,0,0,8,6699EBEC6C820000,can0
3484,1786718016.6817808,609688.226492829,485490497,1,0,0,8,6699FBEC7E550000,can0
3485,1786718016.763203,609688.307922079,485490497,1,0,0,8,66994E0301000000,can0
3486,1786718016.8169675,609688.36168712,485490496,1,0,0,8,6699BCED1C250200,can0
3487,1786718016.8179028,609688.362617662,485490496,1,0,0,8,6699B1EDD0C17900,can0
3488,1786718016.8186693,609688.363382912,485490496,1,0,0,8,6699CCECA5AB0000,can0
3489,1786718016.819638,609688.364365162,485490496,1,0,0,8,6699CBEC87780000,can0
3490,1786718016.820521,609688.365236162,485490496,1,0,0,8,6699DCEC16A00000,can0
3491,1786718016.821376,609688.36609087,485490496,1,0,0,8,6699DBECD07B0000,can0
3492,1786718016.822076,609688.366790495,485490496,1,0,0,8,6699ECEC886A0000,can0
3493,1786718016.8229709,609688.367688662,485490496,1,0,0,8,6699EBEC5B780000,can0
3494,1786718016.8238533,609688.368566995,485490496,1,0,0,8,6699FCECC96E0000,can0
3495,1786718016.8244288,609688.369142287,485490496,1,0,0,8,6699FBECAF4A0000,can0
3496,1786718016.9510412,609688.495760454,485490657,1,0,0,8,6699FF0FAC260000,can0
3497,1786718016.9563563,609688.501077412,485490657,1,0,0,8,66991C206848FFFF,can0
3498,1786718017.0510702,609688.595790495,435295296,1,0,0,8,007D151C0104742E,can0
3499,1786718017.0521312,609688.596846537,435294784,1,0,0,8,C00B2E0000FFFFFF,can0
3500,1786718017.0530005,609688.597714954,435294784,1,0,0,8,C1FF4A00FFFFFFFF,can0
3501,1786718017.057066,609688.601782745,435357504,1,0,0,8,2E010D0C900000FF,can0
3502,1786718017.0583339,609688.603049662,435294784,1,0,0,8,C00B2E0103FFFFFF,can0
3503,1786718017.0592833,609688.603998495,435294784,1,0,0,8,C1FFFFFFFFFFFFFF,can0
3504,1786718017.0600605,609688.604774329,435357504,1,0,0,8,2E02610C820000FF,can0
3505,1786718017.0607982,609688.605513579,435294784,1,0,0,8,A00B2E0203FFFFFF,can0
3506,1786718017.0615745,609688.60628837,435294784,1,0,0,8,A1FFFFFFFFFFFFFF,can0
3507,1786718017.0623002,609688.60701487,435357504,1,0,0,8,2E03090C590000FF,can0
3508,1786718017.0630567,609688.607771454,435294784,1,0,0,8,A00B2E0303FFFFFF,can0
3509,1786718017.06384,609688.608555287,435294784,1,0,0,8,A1FFFFFFFFFFFFFF,can0
3510,1786718017.0646038,609688.609317912,435357504,1,0,0,8,2E047807950000FF,can0
3511,1786718017.0654912,609688.61020787,435294784,1,0,0,8,A00B2E0403FFFFFF,can0
3512,1786718017.0687003,609688.613421454,435294784,1,0,0,8,A1FFFFFFFFFFFFFF,can0
3513,1786718017.0696743,609688.614387954,435357248,1,0,0,8,2EFFFC00FFFFFFFF,can0
3514,1786718017.1873765,609688.732096371,773,0,0,0,8,0000000000000000,can0
3515,1786718017.188262,609688.732976829,775,0,0,0,8,1234567856494300,can0
3516,1786718017.2552097,609688.799931121,435295297,1,0,0,8,007B15B600047455,can0
3517,1786718017.2563207,609688.801034954,435294785,1,0,0,8,C00B550000FFFFFF,can0
3518,1786718017.2571301,609688.801843579,435294785,1,0,0,8,C1FF4900FFFFFFFF,can0
3519,1786718017.2580185,609688.802733037,435357505,1,0,0,8,5501100C6B0000FF,can0
3520,1786718017.258801,609688.803515662,435294785,1,0,0,8,C00B550103FFFFFF,can0
3521,1786718017.25974,609688.804455246,435294785,1,0,0,8,C1FFFFFFFFFFFFFF,can0
3522,1786718017.2604725,609688.805187121,435357505,1,0,0,8,5502510D6F0000FF,can0
3523,1786718017.2612188,609688.805933412,435294785,1,0,0,8,A00B550203FFFFFF,can0
3524,1786718017.261957,609688.806671537,435294785,1,0,0,8,A1FFFFFFFFFFFFFF,can0
3525,1786718017.262705,609688.807419787,435357505,1,0,0,8,5503E00C690000FF,can0
3526,1786718017.263434,609688.808148537,435294785,1,0,0,8,A00B550303FFFFFF,can0
3527,1786718017.2641916,609688.808905829,435294785,1,0,0,8,A1FFFFFFFFFFFFFF,can0
3528,1786718017.264921,609688.809635162,435357505,1,0,0,8,55048D08000000FF,can0
3529,1786718017.2691295,609688.813849371,435294785,1,0,0,8,A00B550403FFFFFF,can0
3530,1786718017.2702408,609688.814965412,435294785,1,0,0,8,A1FFFFFFFFFFFFFF,can0
3531,1786718017.2711039,609688.815819287,435357249,1,0,0,8,55FFFC00FFFFFFFF,can0
3532,1786718017.3873336,609688.932054121,485490657,1,0,0,8,669901207C150000,can0
3533,1786718017.3882418,609688.932957162,485490657,1,0,0,8,66990E200D000000,can0
3534,1786718017.617034,609689.161753412,485490497,1,0,0,8,66998DED7C150000,can0
3535,1786718017.6187212,609689.163437621,485490497,1,0,0,8,66998FEDB8000000,can0
3536,1786718017.6708977,609689.215618037,485490497,1,0,0,8,6699BCEDF0940100,can0
3537,1786718017.6720016,609689.216717412,485490497,1,0,0,8,6699B1ED7E58E704,can0
3538,1786718017.6732807,609689.217994871,485490497,1,0,0,8,6699CCECC56B0000,can0
3539,1786718017.6744456,609689.219161162,485490497,1,0,0,8,6699CBECF6830000,can0
3540,1786718017.6760304,609689.220747829,485490497,1,0,0,8,6699DCEC2DA00000,can0
3541,1786718017.6770432,609689.221758621,485490497,1,0,0,8,6699DBECC4830000,can0
3542,1786718017.6830678,609689.227782579,485490497,1,0,0,8,6699ECEC8A890000,can0
3543,1786718017.6858268,609689.230541787,485490497,1,0,0,8,6699EBEC02800000,can0
3544,1786718017.686614,609689.231328829,485490497,1,0,0,8,6699FBEC7F550000,can0
3545,1786718017.7892408,609689.333960871,485442017,1,0,0,8,66990100D0EDFCFF,can0
3546,1786718017.790141,609689.334856329,485442017,1,0,0,8,66990100DCEDFEFF,can0
3547,1786718017.7907603,609689.335473287,485442017,1,0,0,8,66990100DAEDFFFF,can0
3548,1786718017.7912164,609689.335928287,485442017,1,0,0,8,669901002720FFFF,can0
3549,1786718017.7916334,609689.336345829,485490497,1,0,0,8,6699DAED00000000,can0
3550,1786718017.7920399,609689.336752246,485490497,1,0,0,8,66992720C1CB0300,can0
3551,1786718017.7967525,609689.341473454,485490497,1,0,0,8,6699DCED50110000,can0
3552,1786718017.7978857,609689.342600621,485490497,1,0,0,8,6699DDEDD6280000,can0
3553,1786718017.798652,609689.343366412,485490497,1,0,0,8,6699D0ED38080000,can0
3554,1786718017.8003452,609689.345063371,485490497,1,0,0,8,6699D1ED29010000,can0
3555,1786718017.801218,609689.345933704,485490497,1,0,0,8,6699D2ED35090000,can0
3556,1786718017.8020065,609689.346721246,485490497,1,0,0,8,6699D3ED02010000,can0
3557,1786718017.816965,609689.361685579,485490496,1,0,0,8,6699BCED16250200,can0
3558,1786718017.8184834,609689.363199787,485490496,1,0,0,8,6699B1ED3C6F7900,can0
3559,1786718017.8202922,609689.365008037,485490496,1,0,0,8,6699CCECD4AB0000,can0
3560,1786718017.8216014,609689.366316537,485490496,1,0,0,8,6699CBEC89780000,can0
3561,1786718017.8242075,609689.368923162,485490496,1,0,0,8,6699DCEC1FA00000,can0
3562,1786718017.8250637,609689.369777704,485490496,1,0,0,8,6699DBECD77B0000,can0
3563,1786718017.8261771,609689.370890704,485490496,1,0,0,8,6699ECEC446A0000,can0
3564,1786718017.826733,609689.371446871,485490496,1,0,0,8,6699EBEC66780000,can0
3565,1786718017.827186,609689.371898162,485490496,1,0,0,8,6699FCECBE6E0000,can0
3566,1786718017.827598,609689.372316329,485490496,1,0,0,8,6699FBECBA4A0000,can0
3567,1786718017.9535131,609689.498232371,485490657,1,0,0,8,6699FF0FAC260000,can0
3568,1786718017.9543953,609689.499111246,485490657,1,0,0,8,66991C203C47FFFF,can0
3569,1786718018.1796007,609689.724320871,773,0,0,0,8,0000000000000000,can0
3570,1786718018.180571,609689.725286371,775,0,0,0,8,1234567856494300,can0
3571,1786718018.5089173,609690.053638413,485490496,1,0,0,8,66990102FC000000,can0
3572,1786718018.5101757,609690.054890496,485490496,1,0,0,8,66990A02FC000000,can0
3573,1786718018.550909,609690.095628663,435295296,1,0,0,8,007D151C0104744C,can0
3574,1786718018.5519924,609690.096707663,435294784,1,0,0,8,E00B4C0000FFFFFF,can0
3575,1786718018.5526972,609690.097409955,435294784,1,0,0,8,E1FF4A00FFFFFFFF,can0
3576,1786718018.5533655,609690.098078788,435357504,1,0,0,8,4C010D0C8F0000FF,can0
3577,1786718018.5540013,609690.09876983,435294784,1,0,0,8,E00B4C0103FFFFFF,can0
3578,1786718018.554828,609690.099541455,435294784,1,0,0,8,E1FFFFFFFFFFFFFF,can0
3579,1786718018.5566885,609690.101403996,435357504,1,0,0,8,4C02630C810000FF,can0
3580,1786718018.5597146,609690.10443058,435294784,1,0,0,8,C00B4C0203FFFFFF,can0
3581,1786718018.5615747,609690.106288955,435294784,1,0,0,8,C1FFFFFFFFFFFFFF,can0
3582,1786718018.5622177,609690.106929955,435357504,1,0,0,8,4C030B0C5A0000FF,can0
3583,1786718018.5628386,609690.107551121,435294784,1,0,0,8,C00B4C0303FFFFFF,can0
3584,1786718018.5649862,609690.10970558,435294784,1,0,0,8,C1FFFFFFFFFFFFFF,can0
3585,1786718018.56665,609690.111367163,435357504,1,0,0,8,4C047807950000FF,can0
3586,1786718018.5678136,609690.112527413,435294784,1,0,0,8,C00B4C0403FFFFFF,can0
3587,1786718018.5685642,609690.113277455,435294784,1,0,0,8,C1FFFFFFFFFFFFFF,can0
3588,1786718018.569261,609690.113975955,435357248,1,0,0,8,4CFFFC00FFFFFFFF,can0
3589,1786718018.5699635,609690.114677788,233966912,1,0,0,8,0001FDFFFFFFFFFF,can0
3590,1786718018.5705593,609690.115270621,485490496,1,0,0,8,6699000201000000,can0
3591,1786718018.5710177,609690.115729455,485490496,1,0,0,8,6699020200000000,can0
3592,1786718018.5716493,609690.116363663,485490496,1,0,0,8,6699070200000000,can0
3593,1786718018.5734036,609690.118120538,485490496,1,0,0,8,66991E0300000000,can0
3594,1786718018.5743048,609690.119019371,485490496,1,0,0,8,66991C0300000000,can0
3595,1786718018.575559,609690.12028108,485490496,1,0,0,8,66998DED7D150000,can0
3596,1786718018.604807,609690.149524746,485490496,1,0,0,8,66998FED1C010000,can0
3597,1786718018.6065075,609690.15122483,485490496,1,0,0,8,6699ECED04740000,can0
3598,1786718018.609324,609690.154043913,485490496,1,0,0,8,6699DAED00000000,can0
3599,1786718018.6184878,609690.16320808,485490497,1,0,0,8,66998FEDB9000000,can0
3600,1786718018.6707418,609690.215461246,485490497,1,0,0,8,6699BCED2B970100,can0
3601,1786718018.6759255,609690.220646455,485490497,1,0,0,8,6699B1EDA3B9A805,can0
3602,1786718018.6777604,609690.222474913,485490497,1,0,0,8,6699CCEC817C0000,can0
3603,1786718018.6785033,609690.223216996,485490497,1,0,0,8,6699CBECD07F0000,can0
3604,1786718018.6790218,609690.22373508,485490497,1,0,0,8,6699DCEC80930000,can0
3605,1786718018.6796768,609690.22438983,485490497,1,0,0,8,6699DBECD5850000,can0
3606,1786718018.6801965,609690.224909205,485490497,1,0,0,8,6699ECECE0850000,can0
3607,1786718018.6810765,609690.225792121,485490497,1,0,0,8,6699EBECC8810000,can0
3608,1786718018.6817403,609690.226452996,485490497,1,0,0,8,6699FBEC81550000,can0
3609,1786718018.75283,609690.297549371,435295297,1,0,0,8,007C15B800047473,can0
3610,1786718018.753812,609690.29852583,435294785,1,0,0,8,E00B730000FFFFFF,can0
3611,1786718018.7545485,609690.299261621,435294785,1,0,0,8,E1FF4900FFFFFFFF,can0
3612,1786718018.755765,609690.30047933,435357505,1,0,0,8,7301C80C620000FF,can0
3613,1786718018.7567677,609690.301483288,435294785,1,0,0,8,E00B730103FFFFFF,can0
3614,1786718018.7603388,609690.305055705,435294785,1,0,0,8,E1FFFFFFFFFFFFFF,can0
3615,1786718018.7614646,609690.306179371,435357505,1,0,0,8,7302620D700000FF,can0
3616,1786718018.7621968,609690.306909788,435294785,1,0,0,8,C00B730203FFFFFF,can0
3617,1786718018.7626657,609690.307378621,435294785,1,0,0,8,C1FFFFFFFFFFFFFF,can0
3618,1786718018.7631834,609690.307897163,435357505,1,0,0,8,7303FA0C680000FF,can0
3619,1786718018.764522,609690.309240538,435294785,1,0,0,8,C00B730303FFFFFF,can0
3620,1786718018.7656233,609690.310338038,435294785,1,0,0,8,C1FFFFFFFFFFFFFF,can0
3621,1786718018.7664614,609690.311176288,435357505,1,0,0,8,73048D08000000FF,can0
3622,1786718018.7672064,609690.311921496,435294785,1,0,0,8,C00B730403FFFFFF,can0
3623,1786718018.7679195,609690.312634163,435294785,1,0,0,8,C1FFFFFFFFFFFFFF,can0
3624,1786718018.7686124,609690.313325413,435357249,1,0,0,8,73FFFC00FFFFFFFF,can0
3625,1786718018.8088233,609690.353543455,485490496,1,0,0,8,6699B3ED01000000,can0
3626,1786718018.810155,609690.354868455,485490496,1,0,0,8,6699BCED18260200,can0
3627,1786718018.8187888,609690.36350833,485490496,1,0,0,8,6699BCED18260200,can0
3628,1786718018.819685,609690.364399413,485490496,1,0,0,8,6699B1ED9E497900,can0
3629,1786718018.8202684,609690.364981663,485490496,1,0,0,8,6699CCEC24AC0000,can0
3630,1786718018.8209977,609690.365712038,485490496,1,0,0,8,6699CBEC88780000,can0
3631,1786718018.8220131,609690.366729455,485490496,1,0,0,8,6699DCECA6A00000,can0
3632,1786718018.8227687,609690.367482788,485490496,1,0,0,8,6699DBECD17B0000,can0
3633,1786718018.8238719,609690.368592038,485490496,1,0,0,8,6699ECEC4A6A0000,can0
3634,1786718018.8254921,609690.370209121,485490496,1,0,0,8,6699EBEC62780000,can0
3635,1786718018.82632,609690.37103483,485490496,1,0,0,8,6699FCECCC6E0000,can0
3636,1786718018.8272326,609690.371946705,485490496,1,0,0,8,6699FBECB74A0000,can0
3637,1786718018.902101,609690.446820205,502267712,1,0,0,8,20266699501000CB,can0
3638,1786718018.902964,609690.447677455,502267712,1,0,0,8,21020000FFFFFFFF,can0
3639,1786718018.9035637,609690.448277455,502267712,1,0,0,8,228515AB14000000,can0
3640,1786718018.9040983,609690.448810246,502267712,1,0,0,8,230000CD02000000,can0
3641,1786718018.904917,609690.449631663,502267712,1,0,0,8,2400420E00009602,can0
3642,1786718018.9056547,609690.450369205,502267712,1,0,0,8,25EE9A4001FFFFFF,can0
3643,1786718018.964002,609690.508722538,485441761,1,0,0,8,6699152043030000,can0
3644,1786718018.964927,609690.509642038,485442017,1,0,0,8,66991520FD020000,can0
3645,1786718018.969628,609690.514342705,485490496,1,0,0,8,6699152043030000,can0
3646,1786718018.9704053,609690.515118955,485490497,1,0,0,8,66991520FD020000,can0
3647,1786718018.9724386,609690.51715708,485490657,1,0,0,8,6699FF0FAC260000,can0
3648,1786718018.9733264,609690.51804108,485490657,1,0,0,8,66991C20AC45FFFF,can0
3649,1786718019.0587032,609690.603424246,485490496,1,0,0,8,66994E0301000000,can0
3650,1786718019.0631862,609690.607905121,485490657,1,0,0,8,669902207B150000,can0
3651,1786718019.0745776,609690.619298455,485490657,1,0,0,8,669903204C090000,can0
3652,1786718019.1795983,609690.72431883,773,0,0,0,8,0000000000000000,can0
3653,1786718019.1834595,609690.728174746,775,0,0,0,8,1234567856494300,can0
3654,1786718019.257643,609690.802362747,485490496,1,0,0,8,66998DED7C150000,can0
3655,1786718019.4530883,609690.997808538,485490496,1,0,0,8,66998FED1D010000,can0
3656,1786718019.6180027,609691.162723663,485490497,1,0,0,8,66998FEDB7000000,can0
3657,1786718019.6708941,609691.215613288,485490497,1,0,0,8,6699BCEDD2A10100,can0
3658,1786718019.6718092,609691.216522872,485490497,1,0,0,8,6699B1EDE463C905,can0
3659,1786718019.6724677,609691.21718158,485490497,1,0,0,8,6699CCEC577C0000,can0
3660,1786718019.6730862,609691.217798247,485490497,1,0,0,8,6699CBECF07F0000,can0
3661,1786718019.6738937,609691.21866883,485490497,1,0,0,8,6699DCEC6A9A0000,can0
3662,1786718019.6746993,609691.219413663,485490497,1,0,0,8,6699DBECCF840000,can0
3663,1786718019.6763828,609691.22110283,485490497,1,0,0,8,6699ECECE6880000,can0
3664,1786718019.6774354,609691.222149705,485490497,1,0,0,8,6699EBEC92800000,can0
3665,1786718019.678313,609691.223027038,485490497,1,0,0,8,6699FBEC81550000,can0
3666,1786718019.705945,609691.250662788,502267712,1,0,0,8,401D6699431001CE,can0
3667,1786718019.706734,609691.251446788,502267712,1,0,0,8,410E0A0002400000,can0
3668,1786718019.7073076,609691.252019997,502267712,1,0,0,8,4200000000000000,can0
3669,1786718019.7091315,609691.253912497,502267712,1,0,0,8,4300000000000000,can0
3670,1786718019.7102349,609691.254949663,502267712,1,0,0,8,440000FFFFFFFFFF,can0
3671,1786718019.7112327,609691.255947622,502267712,1,0,0,8,601D66994210013D,can0
3672,1786718019.7119875,609691.256702038,502267712,1,0,0,8,619DA20165A00400,can0
3673,1786718019.7138104,609691.25852683,502267712,1,0,0,8,6200000000000000,can0
3674,1786718019.7147152,609691.259429788,502267712,1,0,0,8,6300110000000000,can0
3675,1786718019.715916,609691.260632705,502267712,1,0,0,8,640000FFFFFFFFFF,can0
3676,1786718019.7630112,609691.30773158,485490496,1,0,0,8,66998DED7B150000,can0
3677,1786718019.816882,609691.36160158,485490496,1,0,0,8,6699BCEDD8250200,can0
3678,1786718019.8177397,609691.36245433,485490496,1,0,0,8,6699B1ED7C897900,can0
3679,1786718019.8182905,609691.363004538,485490496,1,0,0,8,6699CCEC1CAC0000,can0
3680,1786718019.8189895,609691.363703455,485490496,1,0,0,8,6699CBEC85780000,can0
3681,1786718019.8199456,609691.364658705,485490496,1,0,0,8,6699DCEC5DA00000,can0
3682,1786718019.8206375,609691.365351913,485490496,1,0,0,8,6699DBECCD7B0000,can0
3683,1786718019.821777,609691.366491747,485490496,1,0,0,8,6699ECECCC6A0000,can0
3684,1786718019.8224714,609691.367185497,485490496,1,0,0,8,6699EBEC5D780000,can0
3685,1786718019.8234935,609691.368208372,485490496,1,0,0,8,6699FCECD36E0000,can0
3686,1786718019.824213,609691.368927288,485490496,1,0,0,8,6699FBECB74A0000,can0
3687,1786718019.9555802,609691.500300997,485490657,1,0,0,8,6699FF0FAC260000,can0
3688,1786718019.9564817,609691.501196747,485490657,1,0,0,8,66991C20A047FFFF,can0
3689,1786718020.0507946,609691.59551508,435295296,1,0,0,8,007B151D0104746A,can0
3690,1786718020.0519257,609691.596640372,435294784,1,0,0,8,000B6A0000FFFFFF,can0
3691,1786718020.0526938,609691.597408705,435294784,1,0,0,8,01FF4A00FFFFFFFF,can0
3692,1786718020.0541804,609691.598897247,435357504,1,0,0,8,6A010C0C8F0000FF,can0
3693,1786718020.0560644,609691.600779289,435294784,1,0,0,8,000B6A0103FFFFFF,can0
3694,1786718020.0570552,609691.601768372,435294784,1,0,0,8,01FFFFFFFFFFFFFF,can0
3695,1786718020.057759,609691.602471705,435357504,1,0,0,8,6A02630C810000FF,can0
3696,1786718020.0587113,609691.603427414,435294784,1,0,0,8,E00B6A0203FFFFFF,can0
3697,1786718020.0604057,609691.605120247,435294784,1,0,0,8,E1FFFFFFFFFFFFFF,can0
3698,1786718020.0636358,609691.608349997,435357504,1,0,0,8,6A030A0C590000FF,can0
3699,1786718020.0644925,609691.609206664,435294784,1,0,0,8,E00B6A0303FFFFFF,can0
3700,1786718020.0663974,609691.611114289,435294784,1,0,0,8,E1FFFFFFFFFFFFFF,can0
3701,1786718020.069813,609691.614527414,435357504,1,0,0,8,6A047807950000FF,can0
3702,1786718020.0706706,609691.615383914,435294784,1,0,0,8,E00B6A0403FFFFFF,can0
3703,1786718020.0712035,609691.615916205,435294784,1,0,0,8,E1FFFFFFFFFFFFFF,can0
3704,1786718020.0716467,609691.616358705,435357248,1,0,0,8,6AFFFC00FFFFFFFF,can0
3705,1786718020.1832345,609691.727955247,773,0,0,0,8,0000000000000000,can0
3706,1786718020.1877058,609691.732421497,775,0,0,0,8,1234567856494300,can0
3707,1786718020.253373,609691.798093414,435295297,1,0,0,8,007C15B700047491,can0
3708,1786718020.2563326,609691.801049747,435294785,1,0,0,8,000B910000FFFFFF,can0
3709,1786718020.2583988,609691.803113414,435294785,1,0,0,8,01FF4900FFFFFFFF,can0
3710,1786718020.2596588,609691.804373539,435357505,1,0,0,8,9101960C660000FF,can0
3711,1786718020.260674,609691.805388955,435294785,1,0,0,8,000B910103FFFFFF,can0
3712,1786718020.2614706,609691.806185372,435294785,1,0,0,8,01FFFFFFFFFFFFFF,can0
3713,1786718020.2622263,609691.806941997,435357505,1,0,0,8,9102620D6B0000FF,can0
3714,1786718020.2661202,609691.81083708,435294785,1,0,0,8,E00B910203FFFFFF,can0
3715,1786718020.2672296,609691.81194408,435294785,1,0,0,8,E1FFFFFFFFFFFFFF,can0
3716,1786718020.269348,609691.81406708,435357505,1,0,0,8,9103EB0C690000FF,can0
3717,1786718020.2722619,609691.816978164,435294785,1,0,0,8,E00B910303FFFFFF,can0
3718,1786718020.2731009,609691.817814747,435294785,1,0,0,8,E1FFFFFFFFFFFFFF,can0
3719,1786718020.2742531,609691.818968872,435357505,1,0,0,8,91048D08000000FF,can0
3720,1786718020.2750642,609691.819778205,435294785,1,0,0,8,E00B910403FFFFFF,can0
3721,1786718020.2766626,609691.821377872,435294785,1,0,0,8,E1FFFFFFFFFFFFFF,can0
3722,1786718020.2774875,609691.82220258,435357249,1,0,0,8,91FFFC00FFFFFFFF,can0
3723,1786718020.2782366,609691.822950872,233966913,1,0,0,8,0001FDFFFFFFFFFF,can0
3724,1786718020.6188276,609692.163547872,485490497,1,0,0,8,66998FEDB8000000,can0
3725,1786718020.6711774,609692.215897706,485490497,1,0,0,8,6699BCED33A20100,can0
3726,1786718020.6721659,609692.216880497,485490497,1,0,0,8,6699B1ED40BCC305,can0
3727,1786718020.6729465,609692.217661122,485490497,1,0,0,8,6699CCECE8800000,can0
3728,1786718020.6737177,609692.218432372,485490497,1,0,0,8,6699CBEC857D0000,can0
3729,1786718020.6744564,609692.219170247,485490497,1,0,0,8,6699DCECA1990000,can0
3730,1786718020.6750972,609692.219810039,485490497,1,0,0,8,6699DBECFB840000,can0
3731,1786718020.6820862,609692.226801206,485490497,1,0,0,8,6699ECECBE870000,can0
3732,1786718020.6830456,609692.227761331,485490497,1,0,0,8,6699EBEC16810000,can0
3733,1786718020.6867635,609692.231479331,485490497,1,0,0,8,6699FBEC81550000,can0
3734,1786718020.8172247,609692.361944831,485490496,1,0,0,8,6699BCEDF7250200,can0
3735,1786718020.8184633,609692.363178372,485490496,1,0,0,8,6699B1ED81B87900,can0
3736,1786718020.8208265,609692.365542164,485490496,1,0,0,8,6699CCEC1BAC0000,can0
3737,1786718020.8219557,609692.366670872,485490496,1,0,0,8,6699CBEC88780000,can0
3738,1786718020.8258772,609692.370593872,485490496,1,0,0,8,6699DCEC8FA00000,can0
3739,1786718020.8294094,609692.374127206,485490496,1,0,0,8,6699DBECD37B0000,can0
3740,1786718020.830375,609692.375089622,485490496,1,0,0,8,6699ECECA26A0000,can0
3741,1786718020.8312128,609692.375929539,485490496,1,0,0,8,6699EBEC62780000,can0
3742,1786718020.832011,609692.376726081,485490496,1,0,0,8,6699FCECE36E0000,can0
3743,1786718020.832947,609692.377662081,485490496,1,0,0,8,6699FBECB64A0000,can0
3744,1786718020.9582748,609692.502994372,485490657,1,0,0,8,6699FF0FAC260000,can0
3745,1786718020.9591227,609692.503838164,485490657,1,0,0,8,66991C20A047FFFF,can0
3746,1786718021.1830838,609692.727804789,485441761,1,0,0,8,66990100D0EDFCFF,can0
3747,1786718021.1843472,609692.729062581,485441761,1,0,0,8,66990100DCEDFEFF,can0
3748,1786718021.1851764,609692.729891872,485441761,1,0,0,8,66990100DAEDFFFF,can0
3749,1786718021.1970606,609692.741774914,485441761,1,0,0,8,669901002720FFFF,can0
3750,1786718021.1978483,609692.742563164,773,0,0,0,8,0000000000000000,can0
3751,1786718021.1985638,609692.743279206,775,0,0,0,8,1234567856494300,can0
3752,1786718021.1992602,609692.743973331,485490496,1,0,0,8,6699DAED00000000,can0
3753,1786718021.1999815,609692.744696539,485490496,1,0,0,8,66992720B8C80300,can0
3754,1786718021.2007756,609692.745490872,485490496,1,0,0,8,6699DCED97200000,can0
3755,1786718021.201684,609692.746399414,485490496,1,0,0,8,6699DDEDE8830200,can0
3756,1786718021.2024958,609692.747212081,485490496,1,0,0,8,6699D0ED730E0000,can0
3757,1786718021.2033055,609692.748018956,485490496,1,0,0,8,6699D1EDF9030000,can0
3758,1786718021.2041316,609692.748845581,485490496,1,0,0,8,6699D2ED420E0000,can0
3759,1786718021.2048109,609692.749525414,485490496,1,0,0,8,6699D3EDCB020000,can0
3760,1786718021.2175066,609692.762222789,485490497,1,0,0,8,66990102FC000000,can0
3761,1786718021.218562,609692.763276331,485490497,1,0,0,8,66990A02FC000000,can0
3762,1786718021.261654,609692.806373289,485490497,1,0,0,8,6699000201000000,can0
3763,1786718021.2627466,609692.807462956,485490497,1,0,0,8,6699020200000000,can0
3764,1786718021.2636855,609692.808399997,485490497,1,0,0,8,6699070200000000,can0
3765,1786718021.2672076,609692.811922206,485490497,1,0,0,8,66991E0300000000,can0
3766,1786718021.2678354,609692.812548914,485490497,1,0,0,8,66991C0300000000,can0
3767,1786718021.268376,609692.813090039,485490497,1,0,0,8,66998DED7C150000,can0
3768,1786718021.307353,609692.852073414,485490497,1,0,0,8,66998FEDB7000000,can0
3769,1786718021.30884,609692.853571372,485490497,1,0,0,8,6699ECED04740000,can0
3770,1786718021.310972,609692.855687081,485490497,1,0,0,8,6699DAED00000000,can0
3771,1786718021.5121565,609693.056877706,485490497,1,0,0,8,6699B3ED01000000,can0
3772,1786718021.5141253,609693.058841789,485490497,1,0,0,8,6699BCEDB09D0100,can0
3773,1786718021.5506513,609693.095371081,435295296,1,0,0,8,007B151D01047488,can0
3774,1786718021.5516868,609693.096401248,435294784,1,0,0,8,200B880000FFFFFF,can0
3775,1786718021.5527897,609693.097506289,435294784,1,0,0,8,21FF4A00FFFFFFFF,can0
3776,1786718021.5536866,609693.098400873,435357504,1,0,0,8,88010E0C8F0000FF,can0
3777,1786718021.554654,609693.099368164,435294784,1,0,0,8,200B880103FFFFFF,can0
3778,1786718021.5560298,609693.100745373,435294784,1,0,0,8,21FFFFFFFFFFFFFF,can0
3779,1786718021.5571475,609693.101861248,435357504,1,0,0,8,8802620C820000FF,can0
3780,1786718021.558204,609693.102918081,435294784,1,0,0,8,000B880203FFFFFF,can0
3781,1786718021.5592287,609693.103944248,435294784,1,0,0,8,01FFFFFFFFFFFFFF,can0
3782,1786718021.5600076,609693.104721748,435357504,1,0,0,8,88030A0C590000FF,can0
3783,1786718021.5607052,609693.105418623,435294784,1,0,0,8,000B880303FFFFFF,can0
3784,1786718021.5614505,609693.106164039,435294784,1,0,0,8,01FFFFFFFFFFFFFF,can0
3785,1786718021.5621126,609693.106825831,435357504,1,0,0,8,88047807950000FF,can0
3786,1786718021.5628166,609693.107531664,435294784,1,0,0,8,000B880403FFFFFF,can0
3787,1786718021.5636165,609693.108330706,435294784,1,0,0,8,01FFFFFFFFFFFFFF,can0
3788,1786718021.5657396,609693.110455039,435357248,1,0,0,8,88FFFC00FFFFFFFF,can0
3789,1786718021.6040354,609693.148755706,502267713,1,0,0,8,6026669950100002,can0
3790,1786718021.605161,609693.149875748,502267713,1,0,0,8,61010000FFFFFFFF,can0
3791,1786718021.606401,609693.151116206,502267713,1,0,0,8,628515AF14000000,can0
3792,1786718021.607327,609693.152040581,502267713,1,0,0,8,630000CC02000000,can0
3793,1786718021.608061,609693.152775623,502267713,1,0,0,8,6400350900009F01,can0
3794,1786718021.6087332,609693.153447456,502267713,1,0,0,8,658A9A1300FFFFFF,can0
3795,1786718021.62004,609693.164759914,485490497,1,0,0,8,66998FEDB7000000,can0
3796,1786718021.671573,609693.216294123,485490497,1,0,0,8,6699BCEDB09D0100,can0
3797,1786718021.67252,609693.217235456,485490497,1,0,0,8,6699B1ED2416E805,can0
3798,1786718021.6732738,609693.217987081,485490497,1,0,0,8,6699CCECBB800000,can0
3799,1786718021.674028,609693.218741456,485490497,1,0,0,8,6699CBECE07D0000,can0
3800,1786718021.6747782,609693.219491206,485490497,1,0,0,8,6699DCECDD940000,can0
3801,1786718021.6784117,609693.223128498,485490497,1,0,0,8,6699DBECB0850000,can0
3802,1786718021.6794233,609693.224137748,485490497,1,0,0,8,6699ECECBB860000,can0
3803,1786718021.6801643,609693.224877373,485490497,1,0,0,8,6699EBEC8E810000,can0
3804,1786718021.6806915,609693.225404914,485490497,1,0,0,8,6699FBEC80550000,can0
3805,1786718021.7533646,609693.298084373,435295297,1,0,0,8,007C15B7000474AF,can0
3806,1786718021.7544355,609693.299148664,435294785,1,0,0,8,200BAF0000FFFFFF,can0
3807,1786718021.756147,609693.300862456,435294785,1,0,0,8,21FF4900FFFFFFFF,can0
3808,1786718021.75716,609693.301875873,435357505,1,0,0,8,AF01A30C650000FF,can0
3809,1786718021.7582412,609693.302955581,435294785,1,0,0,8,200BAF0103FFFFFF,can0
3810,1786718021.759095,609693.303808956,435294785,1,0,0,8,21FFFFFFFFFFFFFF,can0
3811,1786718021.7600076,609693.304720956,435357505,1,0,0,8,AF025E0D6D0000FF,can0
3812,1786718021.7608292,609693.305543623,435294785,1,0,0,8,000BAF0203FFFFFF,can0
3813,1786718021.761722,609693.306436706,435294785,1,0,0,8,01FFFFFFFFFFFFFF,can0
3814,1786718021.7627265,609693.307442748,435357505,1,0,0,8,AF03FA0C660000FF,can0
3815,1786718021.7645967,609693.309313498,435294785,1,0,0,8,000BAF0303FFFFFF,can0
3816,1786718021.7656565,609693.310371581,435294785,1,0,0,8,01FFFFFFFFFFFFFF,can0
3817,1786718021.7665877,609693.311300873,435357505,1,0,0,8,AF048D08000000FF,can0
3818,1786718021.7671366,609693.311848956,435294785,1,0,0,8,000BAF0403FFFFFF,can0
3819,1786718021.767715,609693.312427706,435294785,1,0,0,8,01FFFFFFFFFFFFFF,can0
3820,1786718021.7682583,609693.312971289,435357249,1,0,0,8,AFFFFC00FFFFFFFF,can0
3821,1786718021.7687063,609693.313418664,485490497,1,0,0,8,66994E0301000000,can0
3822,1786718021.8165042,609693.361226414,485490496,1,0,0,8,6699BCED32270200,can0
3823,1786718021.8181849,609693.362901373,485490496,1,0,0,8,6699B1ED96977900,can0
3824,1786718021.820464,609693.365188039,485490496,1,0,0,8,6699CCEC5EAC0000,can0
3825,1786718021.8217976,609693.366512539,485490496,1,0,0,8,6699CBEC85780000,can0
3826,1786718021.8230283,609693.367745373,485490496,1,0,0,8,6699DCECA7A00000,can0
3827,1786718021.824034,609693.368748623,485490496,1,0,0,8,6699DBECD27B0000,can0
3828,1786718021.8246126,609693.369325289,485490496,1,0,0,8,6699ECECDA6A0000,can0
3829,1786718021.8250725,609693.369784831,485490496,1,0,0,8,6699EBEC61780000,can0
3830,1786718021.8261926,609693.370906623,485490496,1,0,0,8,6699FCEC0F6F0000,can0
3831,1786718021.8267777,609693.371491664,485490496,1,0,0,8,6699FBECB14A0000,can0
3832,1786718021.9526825,609693.497402706,485441761,1,0,0,8,6699152043030000,can0
3833,1786718021.9537945,609693.498510373,485490496,1,0,0,8,6699152043030000,can0
3834,1786718021.9560652,609693.500790289,485442017,1,0,0,8,66991520FD020000,can0
3835,1786718021.9608502,609693.505566081,485490497,1,0,0,8,66991520FD020000,can0
3836,1786718021.9724915,609693.517212081,485490657,1,0,0,8,6699FF0FAC260000,can0
3837,1786718021.9778621,609693.522583164,485490657,1,0,0,8,66991C206848FFFF,can0
3838,1786718022.0662293,609693.610949873,485490657,1,0,0,8,669902207C150000,can0
3839,1786718022.1776464,609693.722365956,773,0,0,0,8,0000000000000000,can0
3840,1786718022.1859052,609693.730626831,775,0,0,0,8,1234567856494300,can0
3841,1786718022.3030374,609693.847756831,485490496,1,0,0,8,66998DED7C150000,can0
3842,1786718022.3850312,609693.92975204,485490657,1,0,0,8,669901207C150000,can0
3843,1786718022.3917143,609693.936428831,485490657,1,0,0,8,66990E200D000000,can0
3844,1786718022.6178746,609694.16261204,485490497,1,0,0,8,66998FEDB5000000,can0
3845,1786718022.6705563,609694.21527704,485490497,1,0,0,8,6699BCED58970100,can0
3846,1786718022.672014,609694.21672954,485490497,1,0,0,8,6699B1ED121A4805,can0
3847,1786718022.6729288,609694.217644665,485490497,1,0,0,8,6699CCEC04810000,can0
3848,1786718022.6739464,609694.218660915,485490497,1,0,0,8,6699CBEC2B780000,can0
3849,1786718022.6747046,609694.219418998,485490497,1,0,0,8,6699DCECE98E0000,can0
3850,1786718022.6754942,609694.220208165,485490497,1,0,0,8,6699DBEC78860000,can0
3851,1786718022.676221,609694.220933956,485490497,1,0,0,8,6699ECEC95850000,can0
3852,1786718022.6768763,609694.221589998,485490497,1,0,0,8,6699EBEC0B820000,can0
3853,1786718022.677559,609694.222273456,485490497,1,0,0,8,6699FBEC80550000,can0
3854,1786718022.7838433,609694.328563373,485442017,1,0,0,8,66990100D0EDFCFF,can0
3855,1786718022.7849119,609694.329627082,485442017,1,0,0,8,66990100DCEDFEFF,can0
3856,1786718022.786553,609694.331268957,485442017,1,0,0,8,66990100DAEDFFFF,can0
3857,1786718022.7874334,609694.332148957,485442017,1,0,0,8,669901002720FFFF,can0
3858,1786718022.7881913,609694.332905623,485490497,1,0,0,8,6699DAED00000000,can0
3859,1786718022.7889566,609694.333670832,485490497,1,0,0,8,66992720AFB30300,can0
3860,1786718022.8169308,609694.361652082,485490496,1,0,0,8,6699BCEDC0260200,can0
3861,1786718022.8180292,609694.362870373,485490496,1,0,0,8,6699B1EDEBC07900,can0
3862,1786718022.8194432,609694.364158123,485490496,1,0,0,8,6699CCEC62AC0000,can0
3863,1786718022.8204627,609694.365176623,485490497,1,0,0,8,6699DCED50110000,can0
3864,1786718022.82112,609694.365833498,485490496,1,0,0,8,6699CBEC7A780000,can0
3865,1786718022.8218346,609694.366547457,485490497,1,0,0,8,6699DDEDD6280000,can0
3866,1786718022.823348,609694.368064373,485490496,1,0,0,8,6699DCEC32A10000,can0
3867,1786718022.8244607,609694.369175457,485490496,1,0,0,8,6699DBECD07B0000,can0
3868,1786718022.8257368,609694.370454498,485490497,1,0,0,8,6699D0ED38080000,can0
3869,1786718022.826657,609694.371371957,485490496,1,0,0,8,6699ECECAC6A0000,can0
3870,1786718022.827439,609694.372153832,485490496,1,0,0,8,6699EBEC5B780000,can0
3871,1786718022.828144,609694.372857415,485490497,1,0,0,8,6699D1ED29010000,can0
3872,1786718022.829679,609694.374394207,485490496,1,0,0,8,6699FCEC056F0000,can0
3873,1786718022.830492,609694.375204623,485490497,1,0,0,8,6699D2ED35090000,can0
3874,1786718022.8312345,609694.375947457,485490496,1,0,0,8,6699FBECB04A0000,can0
3875,1786718022.831854,609694.376567248,485490497,1,0,0,8,6699D3ED02010000,can0
3876,1786718022.9710636,609694.515782998,485490657,1,0,0,8,6699FF0FAC260000,can0
3877,1786718022.9719353,609694.516649082,485490657,1,0,0,8,66991C206848FFFF,can0
3878,1786718023.0533445,609694.598069123,435295296,1,0,0,8,007C151D010474A6,can0
3879,1786718023.0546577,609694.599372998,435294784,1,0,0,8,400BA60000FFFFFF,can0
3880,1786718023.0577211,609694.60243954,435294784,1,0,0,8,41FF4A00FFFFFFFF,can0
3881,1786718023.058646,609694.603362248,435357504,1,0,0,8,A6010C0C900000FF,can0
3882,1786718023.0596948,609694.604408165,435294784,1,0,0,8,400BA60103FFFFFF,can0
3883,1786718023.0604658,609694.605180207,435294784,1,0,0,8,41FFFFFFFFFFFFFF,can0
3884,1786718023.0611808,609694.605895665,435357504,1,0,0,8,A602630C830000FF,can0
3885,1786718023.0619047,609694.606619832,435294784,1,0,0,8,200BA60203FFFFFF,can0
3886,1786718023.0626748,609694.60738954,435294784,1,0,0,8,21FFFFFFFFFFFFFF,can0
3887,1786718023.0634146,609694.608128748,435357504,1,0,0,8,A6030B0C590000FF,can0
3888,1786718023.0641532,609694.60886754,435294784,1,0,0,8,200BA60303FFFFFF,can0
3889,1786718023.0650365,609694.609751707,435294784,1,0,0,8,21FFFFFFFFFFFFFF,can0
3890,1786718023.1051466,609694.649861957,435357504,1,0,0,8,A6047807910000FF,can0
3891,1786718023.1061635,609694.650878207,435294784,1,0,0,8,200BA60403FFFFFF,can0
3892,1786718023.106848,609694.651562332,435294784,1,0,0,8,21FFFFFFFFFFFFFF,can0
3893,1786718023.1074946,609694.652209457,435357248,1,0,0,8,A6FFFC00FFFFFFFF,can0
3894,1786718023.1879728,609694.732692623,773,0,0,0,8,0000000000000000,can0
3895,1786718023.1892655,609694.73398254,775,0,0,0,8,1234567856494300,can0
3896,1786718023.2094193,609694.754139873,485490497,1,0,0,8,66998DED7B150000,can0
3897,1786718023.2596695,609694.804389582,435295297,1,0,0,8,007B15B2000474CD,can0
3898,1786718023.2608705,609694.805585998,435294785,1,0,0,8,400BCD0000FFFFFF,can0
3899,1786718023.2620015,609694.806716248,435294785,1,0,0,8,41FF4900FFFFFFFF,can0
3900,1786718023.262863,609694.807578082,435357505,1,0,0,8,CD01990C670000FF,can0
3901,1786718023.2931707,609694.837887248,435294785,1,0,0,8,400BCD0103FFFFFF,can0
3902,1786718023.294316,609694.839031082,435294785,1,0,0,8,41FFFFFFFFFFFFFF,can0
3903,1786718023.2950456,609694.839759082,435357505,1,0,0,8,CD028B0D630000FF,can0
3904,1786718023.300507,609694.845223207,435294785,1,0,0,8,200BCD0203FFFFFF,can0
3905,1786718023.3012643,609694.845978582,435294785,1,0,0,8,21FFFFFFFFFFFFFF,can0
3906,1786718023.3019495,609694.846662707,435357505,1,0,0,8,CD03250D630000FF,can0
3907,1786718023.3026514,609694.847366332,435294785,1,0,0,8,200BCD0303FFFFFF,can0
3908,1786718023.3033931,609694.848106665,435294785,1,0,0,8,21FFFFFFFFFFFFFF,can0
3909,1786718023.304117,609694.84883104,435357505,1,0,0,8,CD048D08000000FF,can0
3910,1786718023.3048208,609694.849535123,435294785,1,0,0,8,200BCD0403FFFFFF,can0
3911,1786718023.3209872,609694.86570479,435294785,1,0,0,8,21FFFFFFFFFFFFFF,can0
3912,1786718023.321972,609694.866687457,435357249,1,0,0,8,CDFFFC00FFFFFFFF,can0
3913,1786718023.5160227,609695.060737499,485490496,1,0,0,8,66990102FC000000,can0
3914,1786718023.5175216,609695.062233832,485490496,1,0,0,8,66990A02FC000000,can0
3915,1786718023.5578156,609695.10253129,485490496,1,0,0,8,6699000201000000,can0
3916,1786718023.5585754,609695.10328679,485490496,1,0,0,8,6699020200000000,can0
3917,1786718023.5592046,609695.103917707,485490496,1,0,0,8,6699070200000000,can0
3918,1786718023.5657446,609695.110463082,485490496,1,0,0,8,66991E0300000000,can0
3919,1786718023.566676,609695.111391874,485490496,1,0,0,8,66991C0300000000,can0
3920,1786718023.568367,609695.113082707,485490496,1,0,0,8,66998DED7C150000,can0
3921,1786718023.604677,609695.149396915,485490496,1,0,0,8,66998FED1D010000,can0
3922,1786718023.6064057,609695.151121874,485490496,1,0,0,8,6699ECED04740000,can0
3923,1786718023.6134052,609695.158125749,485490496,1,0,0,8,6699DAED00000000,can0
3924,1786718023.6186893,609695.16342529,485490497,1,0,0,8,66998FEDB0000000,can0
3925,1786718023.6607313,609695.20545229,502267713,1,0,0,8,8026669950100003,can0
3926,1786718023.6618922,609695.206606999,502267713,1,0,0,8,81010000FFFFFFFF,can0
3927,1786718023.6629236,609695.207637582,502267713,1,0,0,8,828515AF14000000,can0
3928,1786718023.6638894,609695.208604749,502267713,1,0,0,8,830000CC02000000,can0
3929,1786718023.6647298,609695.20944429,502267713,1,0,0,8,8400350900009F01,can0
3930,1786718023.6718912,609695.21660729,502267713,1,0,0,8,858A9A1300FFFFFF,can0
3931,1786718023.672728,609695.217441999,502267713,1,0,0,8,A0286699A0100013,can0
3932,1786718023.673369,609695.218082707,502267713,1,0,0,8,A10032003F003800,can0
3933,1786718023.673974,609695.218688915,502267713,1,0,0,8,A25A002C02BF04E1,can0
3934,1786718023.6745589,609695.219273249,502267713,1,0,0,8,A30148055799FB98,can0
3935,1786718023.6751359,609695.21984929,502267713,1,0,0,8,A48A9A9E5CFFFFFF,can0
3936,1786718023.6794412,609695.224157374,502267713,1,0,0,8,A5FFFFFFFFFFFFFF,can0
3937,1786718023.680568,609695.22528254,502267713,1,0,0,8,C02666994F100100,can0
3938,1786718023.6815073,609695.226222582,502267713,1,0,0,8,C143000000511100,can0
3939,1786718023.6842217,609695.228941832,502267713,1,0,0,8,C200D72800008A9A,can0
3940,1786718023.685111,609695.229826915,502267713,1,0,0,8,C3ED15088D11FFFF,can0
3941,1786718023.6860256,609695.230741165,502267713,1,0,0,8,C4FFFFFFFFFFFFFF,can0
3942,1786718023.686709,609695.23142354,502267713,1,0,0,8,C5FFFFFFFFFFFFFF,can0
3943,1786718023.6873722,609695.232086207,485490497,1,0,0,8,6699DCED51110000,can0
3944,1786718023.6880016,609695.232714374,485490497,1,0,0,8,6699DDEDD7280000,can0
3945,1786718023.6886482,609695.233361707,485490497,1,0,0,8,6699D3ED03010000,can0
3946,1786718023.6892638,609695.233977499,485490497,1,0,0,8,6699BCED18870100,can0
3947,1786718023.6900074,609695.234722624,485490497,1,0,0,8,6699B1ED7A14C605,can0
3948,1786718023.6906877,609695.235401624,485490497,1,0,0,8,6699CCECDB800000,can0
3949,1786718023.6913702,609695.236084999,485490497,1,0,0,8,6699CBECCE7D0000,can0
3950,1786718023.6920893,609695.236801915,485490497,1,0,0,8,6699DCEC1D870000,can0
3951,1786718023.6927328,609695.237447874,485490497,1,0,0,8,6699DBEC56870000,can0
3952,1786718023.6934814,609695.238196249,485490497,1,0,0,8,6699ECEC91810000,can0
3953,1786718023.6941416,609695.238856082,485490497,1,0,0,8,6699EBEC2F830000,can0
3954,1786718023.6947773,609695.239490207,485490497,1,0,0,8,6699FBEC82550000,can0
3955,1786718023.7031062,609695.247825415,485490496,1,0,0,8,6699DBED98120000,can0
3956,1786718023.8108044,609695.355525707,485490496,1,0,0,8,6699B3ED01000000,can0
3957,1786718023.8119266,609695.356640582,485490496,1,0,0,8,6699BCED09270200,can0
3958,1786718023.8192358,609695.363955582,485490496,1,0,0,8,6699BCED09270200,can0
3959,1786718023.8228922,609695.367607874,485490496,1,0,0,8,6699B1ED464B7900,can0
3960,1786718023.8242557,609695.368973415,485490496,1,0,0,8,6699CCEC61AC0000,can0
3961,1786718023.8254857,609695.370201582,485490496,1,0,0,8,6699CBEC7D780000,can0
3962,1786718023.826363,609695.371077082,485490496,1,0,0,8,6699DCECE2A00000,can0
3963,1786718023.8276703,609695.372385082,485490496,1,0,0,8,6699DBECD97B0000,can0
3964,1786718023.8284955,609695.37321104,485490496,1,0,0,8,6699ECECB96A0000,can0
3965,1786718023.8293424,609695.374061082,485490496,1,0,0,8,6699EBEC64780000,can0
3966,1786718023.8301566,609695.374871582,485490496,1,0,0,8,6699FCEC1A6F0000,can0
3967,1786718023.830906,609695.37562054,485490496,1,0,0,8,6699FBECAD4A0000,can0
3968,1786718023.901765,609695.44648529,502267712,1,0,0,8,80266699501000CB,can0
3969,1786718023.902703,609695.447418665,502267712,1,0,0,8,81020000FFFFFFFF,can0
3970,1786718023.9034455,609695.448158832,502267712,1,0,0,8,828515AB14000000,can0
3971,1786718023.904179,609695.448892624,502267712,1,0,0,8,830000CD02000000,can0
3972,1786718023.9049325,609695.449647249,502267712,1,0,0,8,8400420E00009602,can0
3973,1786718023.9060452,609695.450759457,502267712,1,0,0,8,85EE9A4001FFFFFF,can0
3974,1786718023.953283,609695.498003499,485490496,1,0,0,8,6699DBED8E120000,can0
3975,1786718023.954253,609695.498967874,485490657,1,0,0,8,6699FF0FAC260000,can0
3976,1786718023.958106,609695.502826999,485490657,1,0,0,8,66991C203C47FFFF,can0
3977,1786718024.0586767,609695.60339729,485490496,1,0,0,8,66994E0301000000,can0
3978,1786718024.180882,609695.725601874,773,0,0,0,8,0000000000000000,can0
3979,1786718024.1818829,609695.726599582,775,0,0,0,8,1234567856494300,can0
3980,1786718024.5505753,609696.095295082,435295296,1,0,0,8,007C151D010474C4,can0
3981,1786718024.5514245,609696.096138582,435294784,1,0,0,8,600BC40000FFFFFF,can0
3982,1786718024.5521078,609696.096821207,435294784,1,0,0,8,61FF4A00FFFFFFFF,can0
3983,1786718024.552769,609696.097483249,435357504,1,0,0,8,C4010D0C8F0000FF,can0
3984,1786718024.5558023,609696.100517707,435294784,1,0,0,8,600BC40103FFFFFF,can0
3985,1786718024.5570433,609696.101758916,435294784,1,0,0,8,61FFFFFFFFFFFFFF,can0
3986,1786718024.558217,609696.102931541,435357504,1,0,0,8,C402620C810000FF,can0
3987,1786718024.55917,609696.103885582,435294784,1,0,0,8,400BC40203FFFFFF,can0
3988,1786718024.561505,609696.106220041,435294784,1,0,0,8,41FFFFFFFFFFFFFF,can0
3989,1786718024.562201,609696.106914249,435357504,1,0,0,8,C4030A0C590000FF,can0
3990,1786718024.5627003,609696.107412874,435294784,1,0,0,8,400BC40303FFFFFF,can0
3991,1786718024.563137,609696.107849041,435294784,1,0,0,8,41FFFFFFFFFFFFFF,can0
3992,1786718024.5635397,609696.108251999,435357504,1,0,0,8,C4047907970000FF,can0
3993,1786718024.56393,609696.108641541,435294784,1,0,0,8,400BC40403FFFFFF,can0
3994,1786718024.5643122,609696.109024541,435294784,1,0,0,8,41FFFFFFFFFFFFFF,can0
3995,1786718024.5646858,609696.109397666,435357248,1,0,0,8,C4FFFC00FFFFFFFF,can0
3996,1786718024.565065,609696.109776749,233966912,1,0,0,8,0001FDFFFFFFFFFF,can0
3997,1786718024.618787,609696.163506791,485490497,1,0,0,8,66998FEDAF000000,can0
3998,1786718024.6737826,609696.218502499,485490497,1,0,0,8,6699BCED66890100,can0
3999,1786718024.6748223,609696.219536124,485490497,1,0,0,8,6699B1ED3DBBE805,can0
4000,1786718024.6801662,609696.224880707,485490497,1,0,0,8,6699CCEC0B810000,can0
4001,1786718024.6875246,609696.232241874,485490497,1,0,0,8,6699CBEC7E7D0000,can0
4002,1786718024.6890094,609696.233734166,485490497,1,0,0,8,6699DCECA7870000,can0
4003,1786718024.6903303,609696.235046124,485490497,1,0,0,8,6699DBEC4D870000,can0
4004,1786718024.6913848,609696.236099332,485490497,1,0,0,8,6699ECECFA810000,can0
4005,1786718024.692419,609696.237132874,485490497,1,0,0,8,6699EBEC18830000,can0
4006,1786718024.6931374,609696.237851874,485490497,1,0,0,8,6699FBEC82550000,can0
4007,1786718024.7530317,609696.297750832,435295297,1,0,0,8,007B15AF000474EB,can0
4008,1786718024.7554178,609696.300134082,435294785,1,0,0,8,600BEB0000FFFFFF,can0
4009,1786718024.7574863,609696.302202624,435294785,1,0,0,8,61FF4900FFFFFFFF,can0
4010,1786718024.7590988,609696.303817416,435357505,1,0,0,8,EB018E0C680000FF,can0
4011,1786718024.7605531,609696.305267707,435294785,1,0,0,8,600BEB0103FFFFFF,can0
4012,1786718024.761934,609696.306658707,435294785,1,0,0,8,61FFFFFFFFFFFFFF,can0
4013,1786718024.763055,609696.307770082,435357505,1,0,0,8,EB02880D620000FF,can0
4014,1786718024.7637932,609696.308506166,435294785,1,0,0,8,400BEB0203FFFFFF,can0
4015,1786718024.76451,609696.309223957,435294785,1,0,0,8,41FFFFFFFFFFFFFF,can0
4016,1786718024.765599,609696.310314207,435357505,1,0,0,8,EB031D0D630000FF,can0
4017,1786718024.7662423,609696.310954374,435294785,1,0,0,8,400BEB0303FFFFFF,can0
4018,1786718024.7668288,609696.311541249,435294785,1,0,0,8,41FFFFFFFFFFFFFF,can0
4019,1786718024.7672973,609696.312009499,435357505,1,0,0,8,EB048D08000000FF,can0
4020,1786718024.7677164,609696.312429249,435294785,1,0,0,8,400BEB0403FFFFFF,can0
4021,1786718024.7681248,609696.312837166,435294785,1,0,0,8,41FFFFFFFFFFFFFF,can0
4022,1786718024.768525,609696.313236874,435357249,1,0,0,8,EBFFFC00FFFFFFFF,can0
4023,1786718024.8163593,609696.361078499,485490496,1,0,0,8,6699BCEDC8270200,can0
4024,1786718024.8172228,609696.361936499,485490496,1,0,0,8,6699B1ED519A7900,can0
4025,1786718024.8178968,609696.362611291,485490496,1,0,0,8,6699CCECB8AC0000,can0
4026,1786718024.8185802,609696.363294291,485490496,1,0,0,8,6699CBEC79780000,can0
4027,1786718024.819589,609696.364302749,485490496,1,0,0,8,6699DCEC6EA10000,can0
4028,1786718024.8203087,609696.365023916,485490496,1,0,0,8,6699DBECD47B0000,can0
4029,1786718024.8215303,609696.366247832,485490496,1,0,0,8,6699ECECCE6A0000,can0
4030,1786718024.822345,609696.367060999,485490496,1,0,0,8,6699EBEC65780000,can0
4031,1786718024.8239536,609696.368667707,485490496,1,0,0,8,6699FCEC246F0000,can0
4032,1786718024.8247821,609696.369495541,485490496,1,0,0,8,6699FBECAD4A0000,can0
4033,1786718024.9526727,609696.497392249,485490496,1,0,0,8,6699DBED98120000,can0
4034,1786718024.9536376,609696.498353208,485441761,1,0,0,8,6699152044030000,can0
4035,1786718024.9556127,609696.500330874,485442017,1,0,0,8,66991520FC020000,can0
4036,1786718024.9565182,609696.501233333,485490496,1,0,0,8,6699152044030000,can0
4037,1786718024.9572895,609696.502004708,485490497,1,0,0,8,66991520FC020000,can0
4038,1786718024.9970605,609696.541780624,485490657,1,0,0,8,6699FF0FAC260000,can0
4039,1786718024.998013,609696.542727208,485490657,1,0,0,8,66991C20A047FFFF,can0
4040,1786718025.067925,609696.612644708,485490657,1,0,0,8,669902207C150000,can0
4041,1786718025.1561434,609696.700864958,485490497,1,0,0,8,66998DED7C150000,can0
4042,1786718025.1834102,609696.728130749,773,0,0,0,8,0000000000000000,can0
4043,1786718025.1844385,609696.729152083,775,0,0,0,8,1234567856494300,can0
4044,1786718025.6178968,609697.162616291,485490497,1,0,0,8,66998FEDB2000000,can0
4045,1786718025.652903,609697.197622958,485490496,1,0,0,8,66998FED1E010000,can0
4046,1786718025.6710045,609697.215724125,485490497,1,0,0,8,6699BCEDFA950100,can0
4047,1786718025.6720898,609697.216805,485490497,1,0,0,8,6699B1ED5F9DEE05,can0
4048,1786718025.6830015,609697.227716166,485490497,1,0,0,8,6699CCEC2F820000,can0
4049,1786718025.6837137,609697.228427666,485490497,1,0,0,8,6699CBECB17C0000,can0
4050,1786718025.684337,609697.229050583,485490497,1,0,0,8,6699DCEC068D0000,can0
4051,1786718025.6849518,609697.229665083,485490497,1,0,0,8,6699DBECC1860000,can0
4052,1786718025.6875834,609697.232298083,485490497,1,0,0,8,6699ECECEC850000,can0
4053,1786718025.6885657,609697.233280833,485490497,1,0,0,8,6699EBECF3810000,can0
4054,1786718025.690995,609697.23571275,485490497,1,0,0,8,6699FBEC82550000,can0
4055,1786718025.757871,609697.302589541,485490497,1,0,0,8,66998DED7D150000,can0
4056,1786718025.7660124,609697.310732708,485490496,1,0,0,8,6699DBED8E120000,can0
4057,1786718025.8168497,609697.361569083,485490496,1,0,0,8,6699BCED1C280200,can0
4058,1786718025.817864,609697.36257875,485490496,1,0,0,8,6699B1ED40B27900,can0
4059,1786718025.8188493,609697.363563625,485490496,1,0,0,8,6699CCECC7AC0000,can0
4060,1786718025.819573,609697.364288791,485490496,1,0,0,8,6699CBEC79780000,can0
4061,1786718025.820948,609697.365664375,485490496,1,0,0,8,6699DCEC2FA10000,can0
4062,1786718025.821878,609697.366593916,485490496,1,0,0,8,6699DBECDD7B0000,can0
4063,1786718025.8256133,609697.370328666,485490496,1,0,0,8,6699ECECF96A0000,can0
4064,1786718025.8263798,609697.371093791,485490496,1,0,0,8,6699EBEC6D780000,can0
4065,1786718025.8271422,609697.371855291,485490496,1,0,0,8,6699FCEC296F0000,can0
4066,1786718025.827766,609697.372481375,485490496,1,0,0,8,6699FBECAD4A0000,can0
4067,1786718025.9561903,609697.500910333,485490657,1,0,0,8,6699FF0FAC260000,can0
4068,1786718025.9572065,609697.501922708,485490657,1,0,0,8,66991C20CC48FFFF,can0
4069,1786718026.0505753,609697.5953795,435295296,1,0,0,8,007C151E010474E2,can0
4070,1786718026.05171,609697.596513833,435294784,1,0,0,8,800BE20000FFFFFF,can0
4071,1786718026.0535502,609697.598267458,435294784,1,0,0,8,81FF4A00FFFFFFFF,can0
4072,1786718026.0545578,609697.599272,435357504,1,0,0,8,E2010D0C920000FF,can0
4073,1786718026.0619886,609697.606704958,435294784,1,0,0,8,800BE20103FFFFFF,can0
4074,1786718026.062731,609697.607443791,435294784,1,0,0,8,81FFFFFFFFFFFFFF,can0
4075,1786718026.0632267,609697.607939375,435357504,1,0,0,8,E202620C810000FF,can0
4076,1786718026.0636516,609697.608363666,435294784,1,0,0,8,600BE20203FFFFFF,can0
4077,1786718026.0640614,609697.608773291,435294784,1,0,0,8,61FFFFFFFFFFFFFF,can0
4078,1786718026.0644512,609697.609163375,435357504,1,0,0,8,E2030A0C570000FF,can0
4079,1786718026.067065,609697.611783541,435294784,1,0,0,8,600BE20303FFFFFF,can0
4080,1786718026.0678906,609697.612603083,435294784,1,0,0,8,61FFFFFFFFFFFFFF,can0
4081,1786718026.0684042,609697.613116958,435357504,1,0,0,8,E2047807920000FF,can0
4082,1786718026.068848,609697.613559875,435294784,1,0,0,8,600BE20403FFFFFF,can0
4083,1786718026.0692513,609697.61396325,435294784,1,0,0,8,61FFFFFFFFFFFFFF,can0
4084,1786718026.0701616,609697.614875958,435357248,1,0,0,8,E2FFFC00FFFFFFFF,can0
4085,1786718026.1816173,609697.726337,485441761,1,0,0,8,66990100D0EDFCFF,can0
4086,1786718026.1833339,609697.728050125,485441761,1,0,0,8,66990100DCEDFEFF,can0
4087,1786718026.190344,609697.735064958,485441761,1,0,0,8,66990100DAEDFFFF,can0
4088,1786718026.1917489,609697.736465208,485441761,1,0,0,8,669901002720FFFF,can0
4089,1786718026.192626,609697.737341125,485490496,1,0,0,8,6699DAED00000000,can0
4090,1786718026.1934261,609697.738140083,773,0,0,0,8,0000000000000000,can0
4091,1786718026.1941428,609697.738858416,485490496,1,0,0,8,66992720C0BD0300,can0
4092,1786718026.2006989,609697.745420291,775,0,0,0,8,1234567856494300,can0
4093,1786718026.2016273,609697.746341375,485490496,1,0,0,8,6699DCED97200000,can0
4094,1786718026.2028182,609697.74753975,485490496,1,0,0,8,6699DDEDE8830200,can0
4095,1786718026.2041543,609697.748868958,485490496,1,0,0,8,6699D0ED730E0000,can0
4096,1786718026.204995,609697.749709958,485490496,1,0,0,8,6699D1EDF9030000,can0
4097,1786718026.2062154,609697.75093225,485490496,1,0,0,8,6699D2ED420E0000,can0
4098,1786718026.2071588,609697.75187275,485490496,1,0,0,8,6699D3EDCB020000,can0
4099,1786718026.210982,609697.755700833,485490497,1,0,0,8,66990102FC000000,can0
4100,1786718026.2120817,609697.756795875,485490497,1,0,0,8,66990A02FC000000,can0
4101,1786718026.253021,609697.797740125,435295297,1,0,0,8,007C15B00004740D,can0
4102,1786718026.2547357,609697.799451333,435294785,1,0,0,8,800B0D0000FFFFFF,can0
4103,1786718026.256491,609697.801208875,435294785,1,0,0,8,81FF4900FFFFFFFF,can0
4104,1786718026.2577088,609697.802423833,435357505,1,0,0,8,0D01A90C650000FF,can0
4105,1786718026.2587807,609697.803495375,435294785,1,0,0,8,800B0D0103FFFFFF,can0
4106,1786718026.2597651,609697.804481042,435294785,1,0,0,8,81FFFFFFFFFFFFFF,can0
4107,1786718026.2608745,609697.805589167,435357505,1,0,0,8,0D02A10D5C0000FF,can0
4108,1786718026.261983,609697.806699,435294785,1,0,0,8,600B0D0203FFFFFF,can0
4109,1786718026.262867,609697.807581417,435294785,1,0,0,8,61FFFFFFFFFFFFFF,can0
4110,1786718026.2640705,609697.808785542,435357505,1,0,0,8,0D032A0D610000FF,can0
4111,1786718026.2649682,609697.809683208,435294785,1,0,0,8,600B0D0303FFFFFF,can0
4112,1786718026.2713904,609697.816105125,435294785,1,0,0,8,61FFFFFFFFFFFFFF,can0
4113,1786718026.2722323,609697.8169465,435357505,1,0,0,8,0D048D08000000FF,can0
4114,1786718026.2763085,609697.82102425,435294785,1,0,0,8,600B0D0403FFFFFF,can0
4115,1786718026.27848,609697.823196625,435294785,1,0,0,8,61FFFFFFFFFFFFFF,can0
4116,1786718026.2806253,609697.825345792,435357249,1,0,0,8,0DFFFC00FFFFFFFF,can0
4117,1786718026.2827075,609697.827423833,233966913,1,0,0,8,0001FDFFFFFFFFFF,can0
4118,1786718026.2840402,609697.828755333,485490497,1,0,0,8,6699000201000000,can0
4119,1786718026.2848673,609697.829582333,485490497,1,0,0,8,6699020200000000,can0
4120,1786718026.286468,609697.831183458,485490497,1,0,0,8,6699070200000000,can0
4121,1786718026.287638,609697.832354083,485490497,1,0,0,8,66991E0300000000,can0
4122,1786718026.2883613,609697.83307475,485490497,1,0,0,8,66991C0300000000,can0
4123,1786718026.288855,609697.833566875,485490497,1,0,0,8,66998DED7C150000,can0
4124,1786718026.3025763,609697.847295833,485490496,1,0,0,8,66998DED7B150000,can0
4125,1786718026.3072822,609697.851999292,485490497,1,0,0,8,66998FEDAF000000,can0
4126,1786718026.3090754,609697.853793208,485490497,1,0,0,8,6699ECED04740000,can0
4127,1786718026.311264,609697.855982542,485490497,1,0,0,8,6699DAED00000000,can0
4128,1786718026.5120077,609698.056725583,485490497,1,0,0,8,6699B3ED01000000,can0
4129,1786718026.5130453,609698.057757708,485490497,1,0,0,8,6699BCED13820100,can0
4130,1786718026.6036384,609698.148358292,502267713,1,0,0,8,E026669950100003,can0
4131,1786718026.6044917,609698.149204417,502267713,1,0,0,8,E1010000FFFFFFFF,can0
4132,1786718026.605183,609698.149897042,502267713,1,0,0,8,E28515AF14000000,can0
4133,1786718026.6059499,609698.150662833,502267713,1,0,0,8,E30000CC02000000,can0
4134,1786718026.6065238,609698.151236625,502267713,1,0,0,8,E400350900009F01,can0
4135,1786718026.6070023,609698.151714375,502267713,1,0,0,8,E58A9A1300FFFFFF,can0
4136,1786718026.6189988,609698.163718917,485490497,1,0,0,8,66998DED7C150000,can0
4137,1786718026.6205297,609698.165247333,485490497,1,0,0,8,66998FEDAD000000,can0
4138,1786718026.6717503,609698.216469625,485490497,1,0,0,8,6699BCED13820100,can0
4139,1786718026.6725972,609698.217310792,485490497,1,0,0,8,6699B1ED7EE1F305,can0
4140,1786718026.6733289,609698.218043542,485490497,1,0,0,8,6699CCEC8F800000,can0
4141,1786718026.673901,609698.2186145,485490497,1,0,0,8,6699CBEC257E0000,can0
4142,1786718026.6748176,609698.219533417,485490497,1,0,0,8,6699DCECEC800000,can0
4143,1786718026.675777,609698.220492875,485490497,1,0,0,8,6699DBECF9870000,can0
4144,1786718026.6766384,609698.221352958,485490497,1,0,0,8,6699ECEC81820000,can0
4145,1786718026.6775997,609698.222314042,485490497,1,0,0,8,6699EBEC0A830000,can0
4146,1786718026.678587,609698.223302542,485490497,1,0,0,8,6699FBEC82550000,can0
4147,1786718026.7628758,609698.307619958,485490497,1,0,0,8,66994E0301000000,can0
4148,1786718026.764104,609698.308819,485490496,1,0,0,8,66998DED7C150000,can0
4149,1786718026.7664714,609698.311189917,485490496,1,0,0,8,6699DBED98120000,can0
4150,1786718026.8162198,609698.360939458,485490496,1,0,0,8,6699BCED4D280200,can0
4151,1786718026.8171434,609698.361856792,485490496,1,0,0,8,6699B1ED156A7900,can0
4152,1786718026.8177671,609698.362480542,485490496,1,0,0,8,6699CCECDBAC0000,can0
4153,1786718026.818499,609698.363212708,485490496,1,0,0,8,6699CBEC79780000,can0
4154,1786718026.8194542,609698.364168083,485490496,1,0,0,8,6699DCEC62A10000,can0
4155,1786718026.8202243,609698.36494025,485490496,1,0,0,8,6699DBECDE7B0000,can0
4156,1786718026.8215961,609698.366313,485490496,1,0,0,8,6699ECEC136B0000,can0
4157,1786718026.8229089,609698.367624292,485490496,1,0,0,8,6699EBEC67780000,can0
4158,1786718026.8243043,609698.369028542,485490496,1,0,0,8,6699FCEC496F0000,can0
4159,1786718026.8251634,609698.369877,485490496,1,0,0,8,6699FBECB14A0000,can0
4160,1786718026.9593503,609698.504069584,485490657,1,0,0,8,6699FF0FAC260000,can0
4161,1786718026.9602816,609698.504996667,485490657,1,0,0,8,66991C209449FFFF,can0
4162,1786718027.1860836,609698.730800709,773,0,0,0,8,0000000000000000,can0
4163,1786718027.187125,609698.731839167,775,0,0,0,8,1234567856494300,can0
4164,1786718027.3805428,609698.925264,485490657,1,0,0,8,669901207C150000,can0
4165,1786718027.3815167,609698.926232417,485490657,1,0,0,8,66990E200D000000,can0
4166,1786718027.550882,609699.095602042,435295296,1,0,0,8,007C151E01047404,can0
4167,1786718027.552022,609699.096736334,435294784,1,0,0,8,A00B040000FFFFFF,can0
4168,1786718027.552966,609699.097681292,435294784,1,0,0,8,A1FF4A00FFFFFFFF,can0
4169,1786718027.553813,609699.098526167,435357504,1,0,0,8,04010C0C900000FF,can0
4170,1786718027.5550654,609699.09978,435294784,1,0,0,8,A00B040103FFFFFF,can0
4171,1786718027.5562384,609699.100953917,435294784,1,0,0,8,A1FFFFFFFFFFFFFF,can0
4172,1786718027.5573802,609699.102097,435357504,1,0,0,8,0402620C820000FF,can0
4173,1786718027.5583382,609699.103053292,435294784,1,0,0,8,800B040203FFFFFF,can0
4174,1786718027.5590167,609699.10372925,435294784,1,0,0,8,81FFFFFFFFFFFFFF,can0
4175,1786718027.5595028,609699.104215667,435357504,1,0,0,8,04030A0C5A0000FF,can0
4176,1786718027.5599325,609699.104645375,435294784,1,0,0,8,800B040303FFFFFF,can0
4177,1786718027.5609958,609699.105710375,435294784,1,0,0,8,81FFFFFFFFFFFFFF,can0
4178,1786718027.5617669,609699.10648275,435357504,1,0,0,8,04047807950000FF,can0
4179,1786718027.563445,609699.108158875,435294784,1,0,0,8,800B040403FFFFFF,can0
4180,1786718027.5641334,609699.108845292,435294784,1,0,0,8,81FFFFFFFFFFFFFF,can0
4181,1786718027.5646253,609699.109338125,435357248,1,0,0,8,04FFFC00FFFFFFFF,can0
4182,1786718027.6177087,609699.162429625,485490497,1,0,0,8,66998FEDAE000000,can0
4183,1786718027.6705382,609699.215258417,485490497,1,0,0,8,6699BCED70800100,can0
4184,1786718027.6714854,609699.216200584,485490497,1,0,0,8,6699B1ED4E54F505,can0
4185,1786718027.6722348,609699.216949167,485490497,1,0,0,8,6699CCECE57F0000,can0
4186,1786718027.672984,609699.217699251,485490497,1,0,0,8,6699CBEC837E0000,can0
4187,1786718027.6739485,609699.218662001,485490497,1,0,0,8,6699DCEC527D0000,can0
4188,1786718027.6745818,609699.219294459,485490497,1,0,0,8,6699DBEC55880000,can0
4189,1786718027.6754265,609699.220141126,485490497,1,0,0,8,6699ECEC20810000,can0
4190,1786718027.676076,609699.220789667,485490497,1,0,0,8,6699EBEC65830000,can0
4191,1786718027.6772094,609699.221927042,485490497,1,0,0,8,6699FBEC83550000,can0
4192,1786718027.7558906,609699.300610459,435295297,1,0,0,8,007C15AE0004742B,can0
4193,1786718027.7569246,609699.301638834,435294785,1,0,0,8,A00B2B0000FFFFFF,can0
4194,1786718027.7586205,609699.303346292,435294785,1,0,0,8,A1FF4900FFFFFFFF,can0
4195,1786718027.7604492,609699.305165876,435357505,1,0,0,8,2B01AB0C650000FF,can0
4196,1786718027.7622004,609699.306914292,435294785,1,0,0,8,A00B2B0103FFFFFF,can0
4197,1786718027.763294,609699.308008251,435294785,1,0,0,8,A1FFFFFFFFFFFFFF,can0
4198,1786718027.7714524,609699.316168501,435357505,1,0,0,8,2B02A20D5C0000FF,can0
4199,1786718027.7723207,609699.317035834,435294785,1,0,0,8,800B2B0203FFFFFF,can0
4200,1786718027.7730474,609699.317761334,435294785,1,0,0,8,81FFFFFFFFFFFFFF,can0
4201,1786718027.79192,609699.336635584,435357505,1,0,0,8,2B03220D630000FF,can0
4202,1786718027.7991638,609699.343880167,435294785,1,0,0,8,800B2B0303FFFFFF,can0
4203,1786718027.8000002,609699.344715626,435294785,1,0,0,8,81FFFFFFFFFFFFFF,can0
4204,1786718027.8007722,609699.345486792,435357505,1,0,0,8,2B048D08000000FF,can0
4205,1786718027.801497,609699.346211042,435294785,1,0,0,8,800B2B0403FFFFFF,can0
4206,1786718027.802686,609699.347401209,435294785,1,0,0,8,81FFFFFFFFFFFFFF,can0
4207,1786718027.8034613,609699.348175126,435357249,1,0,0,8,2BFFFC00FFFFFFFF,can0
4208,1786718027.8079798,609699.352696292,485490496,1,0,0,8,66998DED7B150000,can0
4209,1786718027.808818,609699.353532751,485442017,1,0,0,8,66990100D0EDFCFF,can0
4210,1786718027.8097403,609699.354455084,485442017,1,0,0,8,66990100DCEDFEFF,can0
4211,1786718027.8107986,609699.355514667,485442017,1,0,0,8,66990100DAEDFFFF,can0
4212,1786718027.8115203,609699.356234751,485442017,1,0,0,8,669901002720FFFF,can0
4213,1786718027.812159,609699.356881751,485490497,1,0,0,8,6699DAED00000000,can0
4214,1786718027.8135893,609699.358304292,485490497,1,0,0,8,66992720DAA50300,can0
4215,1786718027.816408,609699.361127417,485490496,1,0,0,8,6699BCEDCA280200,can0
4216,1786718027.8182497,609699.363184417,485490496,1,0,0,8,6699B1EDC95D7900,can0
4217,1786718027.8196254,609699.364340376,485490496,1,0,0,8,6699CCEC02AD0000,can0
4218,1786718027.820495,609699.365208501,485490496,1,0,0,8,6699CBEC78780000,can0
4219,1786718027.8210125,609699.365725292,485490496,1,0,0,8,6699DCEC44A10000,can0
4220,1786718027.8217657,609699.366478251,485490496,1,0,0,8,6699DBECD67B0000,can0
4221,1786718027.8224895,609699.367203167,485490496,1,0,0,8,6699ECECDD6A0000,can0
4222,1786718027.823163,609699.367875876,485490496,1,0,0,8,6699EBEC64780000,can0
4223,1786718027.8238351,609699.368547459,485490496,1,0,0,8,6699FCEC606F0000,can0
4224,1786718027.8243217,609699.369034167,485490496,1,0,0,8,6699FBECAC4A0000,can0
4225,1786718027.8462102,609699.390932084,485490497,1,0,0,8,6699DCED51110000,can0
4226,1786718027.8473108,609699.392024667,485490497,1,0,0,8,6699DDEDD7280000,can0
4227,1786718027.848302,609699.393017042,485490497,1,0,0,8,6699D0ED38080000,can0
4228,1786718027.8493898,609699.394106792,485490497,1,0,0,8,6699D1ED29010000,can0
4229,1786718027.8524213,609699.397140792,485490497,1,0,0,8,6699D2ED35090000,can0
4230,1786718027.8534257,609699.398140459,485490497,1,0,0,8,6699D3ED03010000,can0
4231,1786718027.9704201,609699.515139417,485441761,1,0,0,8,6699152045030000,can0
4232,1786718027.9714901,609699.516204876,485442017,1,0,0,8,66991520FB020000,can0
4233,1786718027.976408,609699.521122459,485490496,1,0,0,8,6699152045030000,can0
4234,1786718027.9771602,609699.521874501,485490497,1,0,0,8,66991520FB020000,can0
4235,1786718027.9900925,609699.534814626,485490657,1,0,0,8,6699FF0FAC260000,can0
4236,1786718027.9910424,609699.535757209,485490657,1,0,0,8,66991C20CC48FFFF,can0
4237,1786718028.093372,609699.638092292,485490657,1,0,0,8,669902207B150000,can0
4238,1786718028.0943542,609699.639067834,485490657,1,0,0,8,669903204C090000,can0
4239,1786718028.1839774,609699.728699084,773,0,0,0,8,0000000000000000,can0
4240,1786718028.185007,609699.729727584,775,0,0,0,8,1234567856494300,can0
4241,1786718028.4095047,609699.954224126,502267713,1,0,0,8,001D669943100192,can0
4242,1786718028.4104884,609699.955202376,502267713,1,0,0,8,010D0A000C1F0000,can0
4243,1786718028.4113808,609699.956097209,502267713,1,0,0,8,0200000000000000,can0
4244,1786718028.416098,609699.960815084,502267713,1,0,0,8,0300000000000000,can0
4245,1786718028.4186451,609699.963360168,502267713,1,0,0,8,040000FFFFFFFFFF,can0
4246,1786718028.4194396,609699.964154709,502267713,1,0,0,8,201D669942100115,can0
4247,1786718028.4203486,609699.965064668,502267713,1,0,0,8,217E1800F3480000,can0
4248,1786718028.43004,609699.974758834,502267713,1,0,0,8,2200000000000000,can0
4249,1786718028.4312918,609699.976006168,502267713,1,0,0,8,2300010000000000,can0
4250,1786718028.4323692,609699.977084168,502267713,1,0,0,8,240000FFFFFFFFFF,can0
4251,1786718028.4551852,609699.999905959,485490497,1,0,0,8,66998DED7B150000,can0
4252,1786718028.5086477,609700.053367584,485490496,1,0,0,8,66990102FC000000,can0
4253,1786718028.5095956,609700.054310918,485490496,1,0,0,8,66990A02FC000000,can0
4254,1786718028.5571687,609700.101888126,485490496,1,0,0,8,6699000201000000,can0
4255,1786718028.5581057,609700.102820543,485490496,1,0,0,8,6699020200000000,can0
4256,1786718028.5588603,609700.103575543,485490496,1,0,0,8,6699070200000000,can0
4257,1786718028.560249,609700.104965709,485490496,1,0,0,8,66991E0300000000,can0
4258,1786718028.56108,609700.105794751,485490496,1,0,0,8,66991C0300000000,can0
4259,1786718028.561722,609700.106435543,485490496,1,0,0,8,66998DED7C150000,can0
4260,1786718028.6043704,609700.149090959,485490496,1,0,0,8,66998FED1E010000,can0
4261,1786718028.6077113,609700.152431668,485490496,1,0,0,8,6699ECED04740000,can0
4262,1786718028.6086323,609700.153346918,485490496,1,0,0,8,6699DAED00000000,can0
4263,1786718028.618126,609700.162846376,485490497,1,0,0,8,66998FEDAE000000,can0
4264,1786718028.6702964,609700.215016459,485490497,1,0,0,8,6699BCED028A0100,can0
4265,1786718028.6711955,609700.215908209,485490497,1,0,0,8,6699B1ED4DBAF505,can0
4266,1786718028.6718864,609700.216600709,485490497,1,0,0,8,6699CCECCD800000,can0
4267,1786718028.6724534,609700.217166209,485490497,1,0,0,8,6699CBECF27D0000,can0
4268,1786718028.6732569,609700.217970918,485490497,1,0,0,8,6699DCEC8D840000,can0
4269,1786718028.6739953,609700.218709376,485490497,1,0,0,8,6699DBECB0870000,can0
4270,1786718028.6751292,609700.219842793,485490497,1,0,0,8,6699ECEC2F850000,can0
4271,1786718028.6758604,609700.220572918,485490497,1,0,0,8,6699EBEC46820000,can0
4272,1786718028.6770387,609700.221753084,485490497,1,0,0,8,6699FBEC82550000,can0
4273,1786718028.7635505,609700.308270043,485490496,1,0,0,8,66998DED7C150000,can0
4274,1786718028.8085623,609700.353281793,485490496,1,0,0,8,6699B3ED01000000,can0
4275,1786718028.8098407,609700.354556834,485490496,1,0,0,8,6699BCED9D280200,can0
4276,1786718028.8109694,609700.355683376,502267713,1,0,0,8,4026669950100003,can0
4277,1786718028.8124018,609700.357116959,502267713,1,0,0,8,41010000FFFFFFFF,can0
4278,1786718028.813622,609700.358337501,502267713,1,0,0,8,428515AF14000000,can0
4279,1786718028.8151393,609700.359854834,502267713,1,0,0,8,430000CD02000000,can0
4280,1786718028.816781,609700.361495751,502267713,1,0,0,8,4400350900009F01,can0
4281,1786718028.8176053,609700.362321043,502267713,1,0,0,8,458A9A1300FFFFFF,can0
4282,1786718028.8185682,609700.363282334,502267713,1,0,0,8,60286699A0100013,can0
4283,1786718028.8199935,609700.364707418,502267713,1,0,0,8,610032003F003800,can0
4284,1786718028.8217127,609700.366433084,502267713,1,0,0,8,625A002C02BF04E1,can0
4285,1786718028.8230782,609700.367795459,502267713,1,0,0,8,630148055799FB98,can0
4286,1786718028.8240879,609700.368803001,502267713,1,0,0,8,648A9A9E5CFFFFFF,can0
4287,1786718028.825186,609700.369901834,502267713,1,0,0,8,65FFFFFFFFFFFFFF,can0
4288,1786718028.8267171,609700.371432251,485490496,1,0,0,8,6699BCED9D280200,can0
4289,1786718028.8273935,609700.372106584,485490496,1,0,0,8,6699B1EDDB967900,can0
4290,1786718028.828042,609700.372756168,485490496,1,0,0,8,6699CCEC24AD0000,can0
4291,1786718028.828595,609700.373307834,485490496,1,0,0,8,6699CBEC7D780000,can0
4292,1786718028.8291516,609700.373866668,485490496,1,0,0,8,6699DCEC5CA10000,can0
4293,1786718028.829775,609700.374487543,485490496,1,0,0,8,6699DBECDC7B0000,can0
4294,1786718028.831077,609700.376055834,485490496,1,0,0,8,6699ECEC226B0000,can0
4295,1786718028.8325267,609700.377242209,485490496,1,0,0,8,6699EBEC67780000,can0
4296,1786718028.833353,609700.378066876,485490496,1,0,0,8,6699FCEC5E6F0000,can0
4297,1786718028.834242,609700.378956668,485490496,1,0,0,8,6699FBECAE4A0000,can0
4298,1786718028.9012384,609700.445959876,502267712,1,0,0,8,A0266699501000CB,can0
4299,1786718028.9023168,609700.447031084,502267712,1,0,0,8,A1020000FFFFFFFF,can0
4300,1786718028.9029417,609700.447654084,502267712,1,0,0,8,A28515AB14000000,can0
4301,1786718028.9063838,609700.451100334,502267712,1,0,0,8,A30000CD02000000,can0
4302,1786718028.9074445,609700.452160209,502267712,1,0,0,8,A400420E00009602,can0
4303,1786718028.9082139,609700.452928376,502267712,1,0,0,8,A5EE9A4001FFFFFF,can0
4304,1786718028.9596589,609700.504378876,485490657,1,0,0,8,6699FF0FAC260000,can0
4305,1786718028.960517,609700.505230709,485490657,1,0,0,8,66991C20A047FFFF,can0
4306,1786718029.0062692,609700.550987043,485490497,1,0,0,8,66998DED7C150000,can0
4307,1786718029.0503528,609700.595072418,435295296,1,0,0,8,007C151E01047422,can0
4308,1786718029.0513008,609700.596015668,435294784,1,0,0,8,C00B220000FFFFFF,can0
4309,1786718029.052116,609700.596830085,435294784,1,0,0,8,C1FF4A00FFFFFFFF,can0
4310,1786718029.0528774,609700.597592043,435357504,1,0,0,8,22010E0C8F0000FF,can0
4311,1786718029.0536628,609700.598377668,435294784,1,0,0,8,C00B220103FFFFFF,can0
4312,1786718029.054426,609700.599140918,435294784,1,0,0,8,C1FFFFFFFFFFFFFF,can0
4313,1786718029.0551653,609700.599879876,435357504,1,0,0,8,2202620C830000FF,can0
4314,1786718029.061904,609700.606620376,435294784,1,0,0,8,A00B220203FFFFFF,can0
4315,1786718029.0626395,609700.60735221,435294784,1,0,0,8,A1FFFFFFFFFFFFFF,can0
4316,1786718029.063161,609700.607873835,435357504,1,0,0,8,2203090C590000FF,can0
4317,1786718029.0695934,609700.61433471,435294784,1,0,0,8,A00B220303FFFFFF,can0
4318,1786718029.070721,609700.615436626,435294784,1,0,0,8,A1FFFFFFFFFFFFFF,can0
4319,1786718029.071706,609700.616422043,435357504,1,0,0,8,22047907980000FF,can0
4320,1786718029.0729518,609700.61766721,435294784,1,0,0,8,A00B220403FFFFFF,can0
4321,1786718029.07381,609700.618526043,435294784,1,0,0,8,A1FFFFFFFFFFFFFF,can0
4322,1786718029.074602,609700.61931446,435357248,1,0,0,8,22FFFC00FFFFFFFF,can0
4323,1786718029.075477,609700.62019396,485490496,1,0,0,8,66994E0301000000,can0
4324,1786718029.181206,609700.725925376,773,0,0,0,8,0000000000000000,can0
4325,1786718029.1856215,609700.730341543,775,0,0,0,8,1234567856494300,can0
4326,1786718029.255576,609700.800296001,435295297,1,0,0,8,007C15B200047449,can0
4327,1786718029.2565331,609700.801248585,435294785,1,0,0,8,C00B490000FFFFFF,can0
4328,1786718029.2590032,609700.803718585,435294785,1,0,0,8,C1FF4900FFFFFFFF,can0
4329,1786718029.2600296,609700.804743793,435357505,1,0,0,8,4901850C680000FF,can0
4330,1786718029.2608478,609700.80557146,435294785,1,0,0,8,C00B490103FFFFFF,can0
4331,1786718029.261795,609700.806508418,435294785,1,0,0,8,C1FFFFFFFFFFFFFF,can0
4332,1786718029.2623706,609700.807083418,435357505,1,0,0,8,49026F0D6C0000FF,can0
4333,1786718029.2629375,609700.807654085,435294785,1,0,0,8,A00B490203FFFFFF,can0
4334,1786718029.276162,609700.820876168,435294785,1,0,0,8,A1FFFFFFFFFFFFFF,can0
4335,1786718029.2770333,609700.82174821,435357505,1,0,0,8,4903E50C680000FF,can0
4336,1786718029.2778015,609700.822516543,435294785,1,0,0,8,A00B490303FFFFFF,can0
4337,1786718029.280079,609700.824795043,435294785,1,0,0,8,A1FFFFFFFFFFFFFF,can0
4338,1786718029.2836294,609700.828348043,435357505,1,0,0,8,49048D08000000FF,can0
4339,1786718029.2861006,609700.830820501,435294785,1,0,0,8,A00B490403FFFFFF,can0
4340,1786718029.287189,609700.831904085,435294785,1,0,0,8,A1FFFFFFFFFFFFFF,can0
4341,1786718029.2881496,609700.83286621,435357249,1,0,0,8,49FFFC00FFFFFFFF,can0
4342,1786718029.3554983,609700.900218585,502267712,1,0,0,8,C01D6699431001D8,can0
4343,1786718029.356442,609700.901156501,502267712,1,0,0,8,C10E0A0002400000,can0
4344,1786718029.3571737,609700.901887668,502267712,1,0,0,8,C200000000000000,can0
4345,1786718029.357909,609700.902624626,502267712,1,0,0,8,C300000000000000,can0
4346,1786718029.3586736,609700.90338846,502267712,1,0,0,8,C40000FFFFFFFFFF,can0
4347,1786718029.6172335,609701.161954751,485490497,1,0,0,8,66998FEDB4000000,can0
4348,1786718029.670554,609701.215274626,485490497,1,0,0,8,6699BCEDC1910100,can0
4349,1786718029.6716151,609701.21633071,485490497,1,0,0,8,6699B1EDE6E7EB05,can0
4350,1786718029.6738257,609701.218540085,485490497,1,0,0,8,6699CCEC20810000,can0
4351,1786718029.674617,609701.219330585,485490497,1,0,0,8,6699CBEC897D0000,can0
4352,1786718029.6751397,609701.219851376,485490497,1,0,0,8,6699DCECE1870000,can0
4353,1786718029.6759079,609701.220620876,485490497,1,0,0,8,6699DBEC5A870000,can0
4354,1786718029.6765625,609701.221275751,485490497,1,0,0,8,6699ECEC53870000,can0
4355,1786718029.677251,609701.221964876,485490497,1,0,0,8,6699EBEC83810000,can0
4356,1786718029.677976,609701.222689543,485490497,1,0,0,8,6699FBEC84550000,can0
4357,1786718029.7056582,609701.250378168,485490497,1,0,0,8,6699DBED70120000,can0
4358,1786718029.8162382,609701.360957293,485490496,1,0,0,8,6699BCEDBB290200,can0
4359,1786718029.8172867,609701.36200271,485490496,1,0,0,8,6699B1EDBEBF7900,can0
4360,1786718029.8190303,609701.363745543,485490496,1,0,0,8,6699CCEC67AD0000,can0
4361,1786718029.8201008,609701.36481871,485490496,1,0,0,8,6699CBEC82780000,can0
4362,1786718029.821348,609701.366063543,485490496,1,0,0,8,6699DCECA3A10000,can0
4363,1786718029.8222911,609701.36700521,485490496,1,0,0,8,6699DBECD17B0000,can0
4364,1786718029.822983,609701.36769746,485490496,1,0,0,8,6699ECEC356B0000,can0
4365,1786718029.82448,609701.369195502,485490496,1,0,0,8,6699EBEC60780000,can0
4366,1786718029.8254814,609701.370198543,485490496,1,0,0,8,6699FCEC656F0000,can0
4367,1786718029.8262954,609701.371009335,485490496,1,0,0,8,6699FBECB14A0000,can0
4368,1786718029.9646678,609701.509388002,485490657,1,0,0,8,6699FF0FAC260000,can0
4369,1786718029.9659536,609701.51066821,485490657,1,0,0,8,66991C20A047FFFF,can0
4370,1786718030.007647,609701.552367543,502267712,1,0,0,8,E0266699501000CB,can0
4371,1786718030.0133252,609701.558040668,502267712,1,0,0,8,E1020000FFFFFFFF,can0
4372,1786718030.014147,609701.558861293,502267712,1,0,0,8,E28515AB14000000,can0
4373,1786718030.0149238,609701.55963871,502267712,1,0,0,8,E30000CE02000000,can0
4374,1786718030.025252,609701.569967085,502267712,1,0,0,8,E400420E00009602,can0
4375,1786718030.02624,609701.570953043,502267712,1,0,0,8,E5EE9A4001FFFFFF,can0
4376,1786718030.026803,609701.571515627,502267712,1,0,0,8,00286699A0100040,can0
4377,1786718030.0283637,609701.573079377,502267712,1,0,0,8,0101410090002701,can0
4378,1786718030.0294955,609701.574213793,502267712,1,0,0,8,02D300BE024A044E,can0
4379,1786718030.0303404,609701.575055168,502267712,1,0,0,8,030D750AB5980E9A,can0
4380,1786718030.0310762,609701.575791002,502267712,1,0,0,8,04EE9A9C5FFFFFFF,can0
4381,1786718030.0318205,609701.576535335,502267712,1,0,0,8,05FFFFFFFFFFFFFF,can0
4382,1786718030.1883054,609701.733029043,773,0,0,0,8,0000000000000000,can0
4383,1786718030.189375,609701.734090793,775,0,0,0,8,1234567856494300,can0
4384,1786718030.5022607,609702.046980502,485490496,1,0,0,8,66998DED7D150000,can0
4385,1786718030.5502057,609702.094925794,435295296,1,0,0,8,007D151E01047440,can0
4386,1786718030.5656626,609702.11038821,435294784,1,0,0,8,E00B400000FFFFFF,can0
4387,1786718030.5666761,609702.11139096,435294784,1,0,0,8,E1FF4A00FFFFFFFF,can0
4388,1786718030.5679784,609702.112700044,435357504,1,0,0,8,40010D0C900000FF,can0
4389,1786718030.5707417,609702.115459335,435294784,1,0,0,8,E00B400103FFFFFF,can0
4390,1786718030.5716872,609702.116401335,435294784,1,0,0,8,E1FFFFFFFFFFFFFF,can0
4391,1786718030.5726168,609702.117332085,435357504,1,0,0,8,4002630C810000FF,can0
4392,1786718030.5734215,609702.118213919,435294784,1,0,0,8,C00B400203FFFFFF,can0
4393,1786718030.5744765,609702.119191544,435294784,1,0,0,8,C1FFFFFFFFFFFFFF,can0
4394,1786718030.5751724,609702.119887752,435357504,1,0,0,8,40030B0C5A0000FF,can0
4395,1786718030.5769463,609702.121661335,435294784,1,0,0,8,C00B400303FFFFFF,can0
4396,1786718030.578225,609702.122945252,435294784,1,0,0,8,C1FFFFFFFFFFFFFF,can0
4397,1786718030.5793252,609702.124038919,435357504,1,0,0,8,40047807930000FF,can0
4398,1786718030.5804193,609702.125135627,435294784,1,0,0,8,C00B400403FFFFFF,can0
4399,1786718030.5819254,609702.126642085,435294784,1,0,0,8,C1FFFFFFFFFFFFFF,can0
4400,1786718030.5831578,609702.127873002,435357248,1,0,0,8,40FFFC00FFFFFFFF,can0
4401,1786718030.6419358,609702.186651835,233966912,1,0,0,8,0001FDFFFFFFFFFF,can0
4402,1786718030.6471066,609702.19182096,485490497,1,0,0,8,66998BED48000000,can0
4403,1786718030.6480105,609702.19272521,485490497,1,0,0,8,66998FEDB9000000,can0
4404,1786718030.6487393,609702.193453002,485490497,1,0,0,8,6699DBED66120000,can0
4405,1786718030.6705146,609702.215235169,485490497,1,0,0,8,6699BCED57A30100,can0
4406,1786718030.6716459,609702.216361085,485490497,1,0,0,8,6699B1EDBF22F305,can0
4407,1786718030.6724298,609702.217143835,485490497,1,0,0,8,6699CCEC26830000,can0
4408,1786718030.673309,609702.218023585,485490497,1,0,0,8,6699CBEC8B7B0000,can0
4409,1786718030.6740263,609702.218741544,485490497,1,0,0,8,6699DCECA9940000,can0
4410,1786718030.674976,609702.219690044,485490497,1,0,0,8,6699DBECEC850000,can0
4411,1786718030.683416,609702.228130877,485490497,1,0,0,8,6699ECEC3D8B0000,can0
4412,1786718030.6841733,609702.228887502,485490497,1,0,0,8,6699EBECB87F0000,can0
4413,1786718030.6848557,609702.229569752,485490497,1,0,0,8,6699FBEC82550000,can0
4414,1786718030.7058318,609702.250551669,485490497,1,0,0,8,66998BED49000000,can0
4415,1786718030.7531474,609702.297867877,435295297,1,0,0,8,007C15B900047467,can0
4416,1786718030.7545345,609702.299251252,435294785,1,0,0,8,E00B670000FFFFFF,can0
4417,1786718030.7569442,609702.301659544,435294785,1,0,0,8,E1FF4900FFFFFFFF,can0
4418,1786718030.7579486,609702.302671085,435357505,1,0,0,8,67015B0C6A0000FF,can0
4419,1786718030.7594035,609702.304118502,435294785,1,0,0,8,E00B670103FFFFFF,can0
4420,1786718030.7604082,609702.305123252,435294785,1,0,0,8,E1FFFFFFFFFFFFFF,can0
4421,1786718030.761498,609702.30621421,435357505,1,0,0,8,6702640D720000FF,can0
4422,1786718030.7623146,609702.307028794,435294785,1,0,0,8,C00B670203FFFFFF,can0
4423,1786718030.7630544,609702.307769585,435294785,1,0,0,8,C1FFFFFFFFFFFFFF,can0
4424,1786718030.767328,609702.31204371,435357505,1,0,0,8,6703BD0C6D0000FF,can0
4425,1786718030.7680402,609702.312754877,435294785,1,0,0,8,C00B670303FFFFFF,can0
4426,1786718030.7687616,609702.313475544,435294785,1,0,0,8,C1FFFFFFFFFFFFFF,can0
4427,1786718030.7695014,609702.314215335,435357505,1,0,0,8,67048D08000000FF,can0
4428,1786718030.7858298,609702.330545794,435294785,1,0,0,8,C00B670403FFFFFF,can0
4429,1786718030.7957013,609702.34042096,435294785,1,0,0,8,C1FFFFFFFFFFFFFF,can0
4430,1786718030.7965744,609702.34128996,435357249,1,0,0,8,67FFFC00FFFFFFFF,can0
4431,1786718030.7973123,609702.342025669,485490496,1,0,0,8,66998DED7D150000,can0
4432,1786718030.821144,609702.365864252,485490496,1,0,0,8,6699BCED96290200,can0
4433,1786718030.8222136,609702.366927627,485490496,1,0,0,8,6699B1EDF0EA7900,can0
4434,1786718030.823052,609702.367766835,485490496,1,0,0,8,6699CCEC53AD0000,can0
4435,1786718030.8239765,609702.36869171,485490496,1,0,0,8,6699CBEC82780000,can0
4436,1786718030.8265908,609702.371315544,485490496,1,0,0,8,6699DCEC87A10000,can0
4437,1786718030.8280993,609702.372816419,485490496,1,0,0,8,6699DBECD77B0000,can0
4438,1786718030.8289762,609702.373690752,485490496,1,0,0,8,6699ECECF76A0000,can0
4439,1786718030.8298135,609702.374526169,485490496,1,0,0,8,6699EBEC64780000,can0
4440,1786718030.8304822,609702.375195335,485490496,1,0,0,8,6699FCEC366F0000,can0
4441,1786718030.8315353,609702.376251544,485490496,1,0,0,8,6699FBECB74A0000,can0
4442,1786718030.9623013,609702.507021419,485441761,1,0,0,8,6699152045030000,can0
4443,1786718030.9634552,609702.508169794,485442017,1,0,0,8,66991520FB020000,can0
4444,1786718030.9642434,609702.508957919,485490496,1,0,0,8,6699152045030000,can0
4445,1786718030.96503,609702.509743585,485490497,1,0,0,8,66991520FB020000,can0
4446,1786718030.9854498,609702.53017046,485490657,1,0,0,8,6699FF0FAC260000,can0
4447,1786718030.986527,609702.531242252,485490657,1,0,0,8,66991C203049FFFF,can0
4448,1786718031.0716848,609702.616404377,485490657,1,0,0,8,669902207B150000,can0
4449,1786718031.1785512,609702.723271544,485441761,1,0,0,8,66990100D0EDFCFF,can0
4450,1786718031.1858408,609702.730559461,485441761,1,0,0,8,66990100DCEDFEFF,can0
4451,1786718031.1873562,609702.732073627,485441761,1,0,0,8,66990100DAEDFFFF,can0
4452,1786718031.1882122,609702.732927544,485441761,1,0,0,8,669901002720FFFF,can0
4453,1786718031.1891274,609702.733841294,485490496,1,0,0,8,6699DAED00000000,can0
4454,1786718031.1897602,609702.734472919,485490496,1,0,0,8,6699272068CC0300,can0
4455,1786718031.1904287,609702.735143627,773,0,0,0,8,0000000000000000,can0
4456,1786718031.1911073,609702.735822461,775,0,0,0,8,1234567856494300,can0
4457,1786718031.207906,609702.752626294,485490496,1,0,0,8,6699DCED97200000,can0
4458,1786718031.2090936,609702.753809127,485490496,1,0,0,8,6699DDEDE8830200,can0
4459,1786718031.2100558,609702.754770794,485490496,1,0,0,8,6699D0ED730E0000,can0
4460,1786718031.2107375,609702.755451252,485490496,1,0,0,8,6699D1EDF9030000,can0
4461,1786718031.211618,609702.756332544,485490496,1,0,0,8,6699D2ED420E0000,can0
4462,1786718031.2125611,609702.757274002,485490496,1,0,0,8,6699D3EDCB020000,can0
4463,1786718031.2218654,609702.766582711,485490497,1,0,0,8,66990102FC000000,can0
4464,1786718031.222671,609702.767384169,485490497,1,0,0,8,66990A02FC000000,can0
4465,1786718031.2600372,609702.804756461,485490497,1,0,0,8,6699000201000000,can0
4466,1786718031.2610402,609702.805753877,485490497,1,0,0,8,6699020200000000,can0
4467,1786718031.261664,609702.806377961,485490497,1,0,0,8,6699070200000000,can0
4468,1786718031.265741,609702.810463419,485490497,1,0,0,8,66991E0300000000,can0
4469,1786718031.2714517,609702.816166377,485490497,1,0,0,8,66991C0300000000,can0
4470,1786718031.27232,609702.817034961,485490497,1,0,0,8,66998DED7C150000,can0
4471,1786718031.3105507,609702.855271461,485490497,1,0,0,8,66998FEDBB000000,can0
4472,1786718031.3116267,609702.856341294,485490497,1,0,0,8,6699ECED04740000,can0
4473,1786718031.3169522,609702.861670252,485490497,1,0,0,8,6699DAED00000000,can0
4474,1786718031.5155056,609703.060237044,485490497,1,0,0,8,6699B3ED01000000,can0
4475,1786718031.5166528,609703.061368877,485490497,1,0,0,8,6699BCEDC6A60100,can0
4476,1786718031.6039133,609703.148633127,502267713,1,0,0,8,8026669950100003,can0
4477,1786718031.6048162,609703.149530669,502267713,1,0,0,8,81010000FFFFFFFF,can0
4478,1786718031.6081457,609703.152863794,502267713,1,0,0,8,828515AF14000000,can0
4479,1786718031.6091797,609703.153900544,502267713,1,0,0,8,830000CD02000000,can0
4480,1786718031.6099133,609703.154629044,502267713,1,0,0,8,8400350900009F01,can0
4481,1786718031.610728,609703.155442502,502267713,1,0,0,8,858A9A1300FFFFFF,can0
4482,1786718031.6195636,609703.164283086,485490497,1,0,0,8,66998BED48000000,can0
4483,1786718031.6221285,609703.166844711,485490497,1,0,0,8,66998FEDBB000000,can0
4484,1786718031.6229286,609703.167643002,485490497,1,0,0,8,6699DBED66120000,can0
4485,1786718031.672472,609703.217195586,485490497,1,0,0,8,6699BCEDC6A60100,can0
4486,1786718031.6739068,609703.218622877,485490497,1,0,0,8,6699B1EDD71FF505,can0
4487,1786718031.6752355,609703.219953294,485490497,1,0,0,8,6699CCEC44830000,can0
4488,1786718031.683048,609703.227761836,485490497,1,0,0,8,6699CBEC9E7B0000,can0
4489,1786718031.6838317,609703.228546002,485490497,1,0,0,8,6699DCEC5A960000,can0
4490,1786718031.6844573,609703.229170961,485490497,1,0,0,8,6699DBEC9A850000,can0
4491,1786718031.6852512,609703.229965752,485490497,1,0,0,8,6699ECEC738C0000,can0
4492,1786718031.6884532,609703.233167627,485490497,1,0,0,8,6699EBECDE7E0000,can0
4493,1786718031.6892736,609703.233988252,485490497,1,0,0,8,6699FBEC83550000,can0
4494,1786718031.760574,609703.305294377,485490497,1,0,0,8,66994E0301000000,can0
4495,1786718031.7656176,609703.310337294,485490496,1,0,0,8,66998DED7D150000,can0
4496,1786718031.8158066,609703.360525044,485490496,1,0,0,8,6699BCEDEB290200,can0
4497,1786718031.8166556,609703.361369461,485490496,1,0,0,8,6699B1EDE4847900,can0
4498,1786718031.817379,609703.362093794,485490496,1,0,0,8,6699CCEC8BAD0000,can0
4499,1786718031.8181455,609703.362860086,485490496,1,0,0,8,6699CBEC8E780000,can0
4500,1786718031.8313127,609703.376032711,485490496,1,0,0,8,6699DCEC09A20000,can0
4501,1786718031.8496053,609703.394322128,485490496,1,0,0,8,6699DBECD97B0000,can0
4502,1786718031.8508532,609703.395569003,485490496,1,0,0,8,6699ECEC2A6B0000,can0
4503,1786718031.8540235,609703.398743711,485490496,1,0,0,8,6699EBEC64780000,can0
4504,1786718031.8549433,609703.399657336,485490496,1,0,0,8,6699FCECA86F0000,can0
4505,1786718031.8561928,609703.400908169,485490496,1,0,0,8,6699FBECBC4A0000,can0
4506,1786718031.9610686,609703.505800336,485490657,1,0,0,8,6699FF0FAC260000,can0
4507,1786718031.9660432,609703.510763503,485490657,1,0,0,8,66991C207446FFFF,can0
4508,1786718032.050344,609703.595063461,435295296,1,0,0,8,007C151E0104745E,can0
4509,1786718032.051568,609703.596281503,435294784,1,0,0,8,000B5E0000FFFFFF,can0
4510,1786718032.0525615,609703.597275461,435294784,1,0,0,8,01FF4A00FFFFFFFF,can0
4511,1786718032.0535953,609703.598309086,435357504,1,0,0,8,5E010D0C900000FF,can0
4512,1786718032.054375,609703.599088128,435294784,1,0,0,8,000B5E0103FFFFFF,can0
4513,1786718032.0580602,609703.602776794,435294784,1,0,0,8,01FFFFFFFFFFFFFF,can0
4514,1786718032.059041,609703.603753711,435357504,1,0,0,8,5E02630C820000FF,can0
4515,1786718032.059699,609703.604411544,435294784,1,0,0,8,E00B5E0203FFFFFF,can0
4516,1786718032.0601516,609703.604863544,435294784,1,0,0,8,E1FFFFFFFFFFFFFF,can0
4517,1786718032.0606978,609703.605411461,435357504,1,0,0,8,5E030A0C5A0000FF,can0
4518,1786718032.061149,609703.605861378,435294784,1,0,0,8,E00B5E0303FFFFFF,can0
4519,1786718032.0616891,609703.606403961,435294784,1,0,0,8,E1FFFFFFFFFFFFFF,can0
4520,1786718032.0631986,609703.607914503,435357504,1,0,0,8,5E047907970000FF,can0
4521,1786718032.0639927,609703.608708294,435294784,1,0,0,8,E00B5E0403FFFFFF,can0
4522,1786718032.064729,609703.609443586,435294784,1,0,0,8,E1FFFFFFFFFFFFFF,can0
4523,1786718032.0661187,609703.610834211,435357248,1,0,0,8,5EFFFC00FFFFFFFF,can0
4524,1786718032.1863601,609703.731080711,773,0,0,0,8,0000000000000000,can0
4525,1786718032.1873305,609703.732046128,775,0,0,0,8,1234567856494300,can0
4526,1786718032.2527246,609703.797445294,435295297,1,0,0,8,007C15BB00047485,can0
4527,1786718032.253838,609703.798551961,435294785,1,0,0,8,000B850000FFFFFF,can0
4528,1786718032.2547832,609703.799498878,435294785,1,0,0,8,01FF4900FFFFFFFF,can0
4529,1786718032.2649465,609703.809661586,435357505,1,0,0,8,85016B0C690000FF,can0
4530,1786718032.2665195,609703.811235128,435294785,1,0,0,8,000B850103FFFFFF,can0
4531,1786718032.2673583,609703.812072919,435294785,1,0,0,8,01FFFFFFFFFFFFFF,can0
4532,1786718032.2681613,609703.812876669,435357505,1,0,0,8,8502600D6E0000FF,can0
4533,1786718032.2689133,609703.813627419,435294785,1,0,0,8,E00B850203FFFFFF,can0
4534,1786718032.2696373,609703.814350586,435294785,1,0,0,8,E1FFFFFFFFFFFFFF,can0
4535,1786718032.27033,609703.815044378,435357505,1,0,0,8,8503AE0C6E0000FF,can0
4536,1786718032.2710211,609703.815735753,435294785,1,0,0,8,E00B850303FFFFFF,can0
4537,1786718032.2718287,609703.816544128,435294785,1,0,0,8,E1FFFFFFFFFFFFFF,can0
4538,1786718032.2726078,609703.817322419,435357505,1,0,0,8,85048D08000000FF,can0
4539,1786718032.2733836,609703.818097503,435294785,1,0,0,8,E00B850403FFFFFF,can0
4540,1786718032.2743108,609703.819025419,435294785,1,0,0,8,E1FFFFFFFFFFFFFF,can0
4541,1786718032.2774503,609703.822169586,435357249,1,0,0,8,85FFFC00FFFFFFFF,can0
4542,1786718032.279105,609703.823819878,233966913,1,0,0,8,0001FDFFFFFFFFFF,can0
4543,1786718032.3055296,609703.850249544,502267712,1,0,0,8,201D6699431001DA,can0
4544,1786718032.3067098,609703.851425961,502267712,1,0,0,8,210E0A0003400000,can0
4545,1786718032.309482,609703.854199253,502267712,1,0,0,8,2200000000000000,can0
4546,1786718032.3107076,609703.855423586,502267712,1,0,0,8,2300000000000000,can0
4547,1786718032.312423,609703.857140169,502267712,1,0,0,8,240000FFFFFFFFFF,can0
4548,1786718032.315208,609703.859924461,502267712,1,0,0,8,401D669942100149,can0
4549,1786718032.316253,609703.860966544,502267712,1,0,0,8,419DA20166A00400,can0
4550,1786718032.3175774,609703.862293586,502267712,1,0,0,8,4200000000000000,can0
4551,1786718032.3183944,609703.863110461,502267712,1,0,0,8,4300110000000000,can0
4552,1786718032.319223,609703.863937294,502267712,1,0,0,8,440000FFFFFFFFFF,can0
4553,1786718032.3779438,609703.922664003,485490657,1,0,0,8,669901207C150000,can0
4554,1786718032.3793964,609703.924110211,485490657,1,0,0,8,66990E200D000000,can0
4555,1786718032.6174998,609704.162219753,485490497,1,0,0,8,66998BED49000000,can0
4556,1786718032.6183639,609704.163078461,485490497,1,0,0,8,6699DBED70120000,can0
4557,1786718032.6701891,609704.21490867,485490497,1,0,0,8,6699BCED17A30100,can0
4558,1786718032.671146,609704.215859503,485490497,1,0,0,8,6699B1EDDFABF505,can0
4559,1786718032.671756,609704.216469336,485490497,1,0,0,8,6699CCECF1820000,can0
4560,1786718032.6724036,609704.21711792,485490497,1,0,0,8,6699CBEC457C0000,can0
4561,1786718032.6740727,609704.218791878,485490497,1,0,0,8,6699DCEC68930000,can0
4562,1786718032.6750863,609704.21980317,485490497,1,0,0,8,6699DBEC26860000,can0
4563,1786718032.6784713,609704.223186961,485490497,1,0,0,8,6699ECEC4D8C0000,can0
4564,1786718032.67976,609704.224475086,485490497,1,0,0,8,6699EBEC0B7F0000,can0
4565,1786718032.680416,609704.225129045,485490497,1,0,0,8,6699FBEC82550000,can0
4566,1786718032.7659457,609704.310665378,485490496,1,0,0,8,66998DED7D150000,can0
4567,1786718032.791181,609704.335900045,485442017,1,0,0,8,66990100D0EDFCFF,can0
4568,1786718032.7920833,609704.336798461,485442017,1,0,0,8,66990100DCEDFEFF,can0
4569,1786718032.7927518,609704.337466586,485442017,1,0,0,8,66990100DAEDFFFF,can0
4570,1786718032.793456,609704.33817042,485442017,1,0,0,8,669901002720FFFF,can0
4571,1786718032.7940998,609704.338814211,485490497,1,0,0,8,6699DAED00000000,can0
4572,1786718032.794728,609704.339441503,485490497,1,0,0,8,6699272042CB0300,can0
4573,1786718032.8165925,609704.361312211,485490496,1,0,0,8,6699BCED5B2A0200,can0
4574,1786718032.8175979,609704.362312753,485490496,1,0,0,8,6699B1ED95707900,can0
4575,1786718032.818399,609704.36311167,485490496,1,0,0,8,6699CCEC88AD0000,can0
4576,1786718032.8189998,609704.363713378,485490496,1,0,0,8,6699CBEC8B780000,can0
4577,1786718032.819543,609704.364254586,485490496,1,0,0,8,6699DCECDDA10000,can0
4578,1786718032.8233697,609704.368086378,485490496,1,0,0,8,6699DBECD77B0000,can0
4579,1786718032.8243616,609704.369075836,485490496,1,0,0,8,6699ECEC2E6B0000,can0
4580,1786718032.8250918,609704.36980592,485490496,1,0,0,8,6699EBEC62780000,can0
4581,1786718032.8265607,609704.371275128,485490496,1,0,0,8,6699FCEC846F0000,can0
4582,1786718032.827553,609704.372268586,485490496,1,0,0,8,6699FBECBB4A0000,can0
4583,1786718032.8525455,609704.397265378,485490497,1,0,0,8,6699DCED51110000,can0
4584,1786718032.8534715,609704.39824942,485490497,1,0,0,8,6699DDEDD7280000,can0
4585,1786718032.8548458,609704.399563795,485490497,1,0,0,8,6699D0ED38080000,can0
4586,1786718032.8580718,609704.402791211,485490497,1,0,0,8,6699D1ED29010000,can0
4587,1786718032.859193,609704.40390917,485490497,1,0,0,8,6699D2ED35090000,can0
4588,1786718032.8600178,609704.404731836,485490497,1,0,0,8,6699D3ED03010000,can0
4589,1786718032.965674,609704.510394378,485490657,1,0,0,8,6699FF0FAC260000,can0
4590,1786718032.9668076,609704.511522253,485490657,1,0,0,8,66991C203C47FFFF,can0
4591,1786718033.0556006,609704.600320836,485490497,1,0,0,8,66998FEDBA000000,can0
4592,1786718033.1787717,609704.723492003,773,0,0,0,8,0000000000000000,can0
4593,1786718033.1798964,609704.724611378,775,0,0,0,8,1234567856494300,can0
4594,1786718033.5072472,609705.051966087,485490496,1,0,0,8,66990102FC000000,can0
4595,1786718033.508243,609705.052957253,485490496,1,0,0,8,66990A02FC000000,can0
4596,1786718033.5500016,609705.09472117,435295296,1,0,0,8,007D151E0104747C,can0
4597,1786718033.5508664,609705.095581003,435294784,1,0,0,8,200B7C0000FFFFFF,can0
4598,1786718033.551474,609705.096187212,435294784,1,0,0,8,21FF4A00FFFFFFFF,can0
4599,1786718033.552005,609705.096718503,435357504,1,0,0,8,7C010D0C8F0000FF,can0
4600,1786718033.5525045,609705.097217628,435294784,1,0,0,8,200B7C0103FFFFFF,can0
4601,1786718033.5548396,609705.099555295,435294784,1,0,0,8,21FFFFFFFFFFFFFF,can0
4602,1786718033.5559084,609705.100622878,435357504,1,0,0,8,7C02630C830000FF,can0
4603,1786718033.556522,609705.101234753,435294784,1,0,0,8,000B7C0203FFFFFF,can0
4604,1786718033.5570555,609705.101767837,435294784,1,0,0,8,01FFFFFFFFFFFFFF,can0
4605,1786718033.5575922,609705.102304753,435357504,1,0,0,8,7C030A0C5A0000FF,can0
4606,1786718033.5581064,609705.102818337,435294784,1,0,0,8,000B7C0303FFFFFF,can0
4607,1786718033.5605972,609705.10531492,435294784,1,0,0,8,01FFFFFFFFFFFFFF,can0
4608,1786718033.561721,609705.106435753,435357504,1,0,0,8,7C047907960000FF,can0
4609,1786718033.56275,609705.107464295,435294784,1,0,0,8,000B7C0403FFFFFF,can0
4610,1786718033.5637522,609705.108467087,435294784,1,0,0,8,01FFFFFFFFFFFFFF,can0
4611,1786718033.564798,609705.109513462,435357248,1,0,0,8,7CFFFC00FFFFFFFF,can0
4612,1786718033.5667446,609705.111461712,485490496,1,0,0,8,6699000201000000,can0
4613,1786718033.5676892,609705.112404878,485490496,1,0,0,8,6699020200000000,can0
4614,1786718033.568545,609705.113259587,485490496,1,0,0,8,6699070200000000,can0
4615,1786718033.5692897,609705.114003962,485490496,1,0,0,8,66991E0300000000,can0
4616,1786718033.5699933,609705.114708087,485490496,1,0,0,8,66991C0300000000,can0
4617,1786718033.5706997,609705.115413753,485490496,1,0,0,8,66998DED7D150000,can0
4618,1786718033.604013,609705.148733003,485490496,1,0,0,8,66998FED1E010000,can0
4619,1786718033.6056685,609705.150386712,485490496,1,0,0,8,6699ECED04740000,can0
4620,1786718033.607923,609705.152637212,485490496,1,0,0,8,6699DAED00000000,can0
4621,1786718033.6173785,609705.162098128,485490497,1,0,0,8,66998FEDBB000000,can0
4622,1786718033.6183467,609705.163061045,485490497,1,0,0,8,6699DBED70120000,can0
4623,1786718033.6703222,609705.215042753,485490497,1,0,0,8,6699BCEDF6A40100,can0
4624,1786718033.6713707,609705.216085087,485490497,1,0,0,8,6699B1ED63D2F505,can0
4625,1786718033.672387,609705.217102295,485490497,1,0,0,8,6699CCECCA820000,can0
4626,1786718033.6734827,609705.21819692,485490497,1,0,0,8,6699CBEC5A7C0000,can0
4627,1786718033.674214,609705.218927045,485490497,1,0,0,8,6699DCEC0C950000,can0
4628,1786718033.6747272,609705.219439878,485490497,1,0,0,8,6699DBECE7850000,can0
4629,1786718033.675797,609705.220513003,485490497,1,0,0,8,6699ECEC988C0000,can0
4630,1786718033.6777487,609705.222463878,485490497,1,0,0,8,6699EBECD17E0000,can0
4631,1786718033.6786094,609705.223324795,485490497,1,0,0,8,6699FBEC83550000,can0
4632,1786718033.7559438,609705.300662462,435295297,1,0,0,8,007C15BB000474A3,can0
4633,1786718033.757039,609705.301755295,435294785,1,0,0,8,200BA30000FFFFFF,can0
4634,1786718033.7578793,609705.302592837,435294785,1,0,0,8,21FF4900FFFFFFFF,can0
4635,1786718033.7622757,609705.306994378,435357505,1,0,0,8,A301760C690000FF,can0
4636,1786718033.7631478,609705.307861753,435294785,1,0,0,8,200BA30103FFFFFF,can0
4637,1786718033.764522,609705.30923742,435294785,1,0,0,8,21FFFFFFFFFFFFFF,can0
4638,1786718033.7654426,609705.310159753,435357505,1,0,0,8,A302640D760000FF,can0
4639,1786718033.7670991,609705.311823212,435294785,1,0,0,8,000BA30203FFFFFF,can0
4640,1786718033.771193,609705.315907628,435294785,1,0,0,8,01FFFFFFFFFFFFFF,can0
4641,1786718033.7721038,609705.316817503,435357505,1,0,0,8,A303C20C6D0000FF,can0
4642,1786718033.773703,609705.31841767,435294785,1,0,0,8,000BA30303FFFFFF,can0
4643,1786718033.774405,609705.319118712,435294785,1,0,0,8,01FFFFFFFFFFFFFF,can0
4644,1786718033.7748942,609705.319607045,435357505,1,0,0,8,A3048D08000000FF,can0
4645,1786718033.7756326,609705.320348545,435294785,1,0,0,8,000BA30403FFFFFF,can0
4646,1786718033.7772756,609705.322012878,435294785,1,0,0,8,01FFFFFFFFFFFFFF,can0
4647,1786718033.7799401,609705.324655253,435357249,1,0,0,8,A3FFFC00FFFFFFFF,can0
4648,1786718033.805653,609705.350372337,502267712,1,0,0,8,60266699501000CC,can0
4649,1786718033.806646,609705.351360545,502267712,1,0,0,8,61020000FFFFFFFF,can0
4650,1786718033.8073144,609705.352026962,502267712,1,0,0,8,628515AB14000000,can0
4651,1786718033.8079238,609705.352636253,502267712,1,0,0,8,630000CE02000000,can0
4652,1786718033.808507,609705.353219962,502267712,1,0,0,8,6400420E00009602,can0
4653,1786718033.809556,609705.354271378,502267712,1,0,0,8,65EE9A4001FFFFFF,can0
4654,1786718033.8108587,609705.355588295,502267712,1,0,0,8,80286699A0100040,can0
4655,1786718033.8147035,609705.359419045,502267712,1,0,0,8,8101420090002701,can0
4656,1786718033.8164186,609705.361135795,502267712,1,0,0,8,82D300BE024A044E,can0
4657,1786718033.8174894,609705.362205295,502267712,1,0,0,8,830D750AB5980E9A,can0
4658,1786718033.8183966,609705.363111337,502267712,1,0,0,8,84EE9A9C5FFFFFFF,can0
4659,1786718033.8191147,609705.363828587,502267712,1,0,0,8,85FFFFFFFFFFFFFF,can0
4660,1786718033.8198044,609705.364517503,502267712,1,0,0,8,A02666994F100100,can0
4661,1786718033.8205054,609705.365218545,502267712,1,0,0,8,A143000000982000,can0
4662,1786718033.8210237,609705.36573617,502267712,1,0,0,8,A200E9830200EE9A,can0
4663,1786718033.8214586,609705.36617117,502267712,1,0,0,8,A3EE1508DE11FFFF,can0
4664,1786718033.8218696,609705.366581045,502267712,1,0,0,8,A4FFFFFFFFFFFFFF,can0
4665,1786718033.8222666,609705.366978337,502267712,1,0,0,8,A5FFFFFFFFFFFFFF,can0
4666,1786718033.8226447,609705.36735692,485490496,1,0,0,8,6699DCED98200000,can0
4667,1786718033.8230305,609705.367742545,485490496,1,0,0,8,6699DDEDE9830200,can0
4668,1786718033.8236294,609705.368344378,485490496,1,0,0,8,6699D3EDCC020000,can0
4669,1786718033.8244784,609705.369193712,485490496,1,0,0,8,6699B3ED01000000,can0
4670,1786718033.8594058,609705.404120378,485490496,1,0,0,8,6699BCEDE9290200,can0
4671,1786718033.860249,609705.404964503,485490496,1,0,0,8,6699BCEDE9290200,can0
4672,1786718033.8636727,609705.408388337,485490496,1,0,0,8,6699B1ED85837900,can0
4673,1786718033.8644578,609705.409171212,485490496,1,0,0,8,6699CCEC7DAD0000,can0
4674,1786718033.8651717,609705.409886628,485490496,1,0,0,8,6699CBEC87780000,can0
4675,1786718033.86709,609705.411807795,485490496,1,0,0,8,6699DCECD5A10000,can0
4676,1786718033.8709693,609705.415683587,485490496,1,0,0,8,6699DBECDC7B0000,can0
4677,1786718033.871785,609705.416500253,485490496,1,0,0,8,6699ECEC476B0000,can0
4678,1786718033.8725288,609705.41724242,485490496,1,0,0,8,6699EBEC68780000,can0
4679,1786718033.8730283,609705.417741628,485490496,1,0,0,8,6699FCEC826F0000,can0
4680,1786718033.8734787,609705.418190587,485490496,1,0,0,8,6699FBECBA4A0000,can0
4681,1786718033.9011807,609705.445900003,502267712,1,0,0,8,C0266699501000CC,can0
4682,1786718033.9021783,609705.446892628,502267712,1,0,0,8,C1020000FFFFFFFF,can0
4683,1786718033.9028788,609705.447593295,502267712,1,0,0,8,C28515AB14000000,can0
4684,1786718033.903486,609705.448198503,502267712,1,0,0,8,C30000CE02000000,can0
4685,1786718033.9040675,609705.448780253,502267712,1,0,0,8,C400420E00009602,can0
4686,1786718033.9046335,609705.449345628,502267712,1,0,0,8,C5EE9A4001FFFFFF,can0
4687,1786718033.9051006,609705.449813503,485490496,1,0,0,8,66998FED1F010000,can0
4688,1786718033.9522982,609705.497017879,485490496,1,0,0,8,66998DED7C150000,can0
4689,1786718033.9621716,609705.50689117,485441761,1,0,0,8,6699152043030000,can0
4690,1786718033.9630916,609705.507807295,485442017,1,0,0,8,66991520FD020000,can0
4691,1786718033.9639168,609705.508631087,485490496,1,0,0,8,6699152043030000,can0
4692,1786718033.9687414,609705.513460879,485490497,1,0,0,8,66991520FD020000,can0
4693,1786718033.9811423,609705.525862712,485490657,1,0,0,8,6699FF0FAC260000,can0
4694,1786718033.9834533,609705.528169837,485490657,1,0,0,8,66991C20A047FFFF,can0
4695,1786718034.057836,609705.602555462,485490496,1,0,0,8,66994E0301000000,can0
4696,1786718034.073094,609705.617813795,485490657,1,0,0,8,669902207C150000,can0
4697,1786718034.1865468,609705.73127867,773,0,0,0,8,0000000000000000,can0
4698,1786718034.1879652,609705.732680962,775,0,0,0,8,1234567856494300,can0
4699,1786718034.6168427,609706.16156192,485490497,1,0,0,8,66998FEDB7000000,can0
4700,1786718034.6701758,609706.214896629,485490497,1,0,0,8,6699BCED669D0100,can0
4701,1786718034.6736178,609706.218332462,485490497,1,0,0,8,6699B1EDFBDCF505,can0
4702,1786718034.6747065,609706.219420754,485490497,1,0,0,8,6699CCEC3F820000,can0
4703,1786718034.6756382,609706.220354046,485490497,1,0,0,8,6699CBEC147D0000,can0
4704,1786718034.6763086,609706.221021337,485490497,1,0,0,8,6699DCEC1E8F0000,can0
4705,1786718034.6769414,609706.221655254,485490497,1,0,0,8,6699DBECA9860000,can0
4706,1786718034.6776025,609706.222617462,485490497,1,0,0,8,6699ECECE78B0000,can0
4707,1786718034.6787467,609706.223459337,485490497,1,0,0,8,6699EBEC587F0000,can0
4708,1786718034.6795266,609706.224241879,485490497,1,0,0,8,6699FBEC81550000,can0
4709,1786718034.816395,609706.361112379,485490496,1,0,0,8,6699BCED652A0200,can0
4710,1786718034.8175173,609706.362231046,485490496,1,0,0,8,6699B1ED8D7C7900,can0
4711,1786718034.8183193,609706.363033171,485490496,1,0,0,8,6699CCECB7AD0000,can0
4712,1786718034.8226123,609706.367329212,485490496,1,0,0,8,6699CBEC88780000,can0
4713,1786718034.8235846,609706.368300671,485490496,1,0,0,8,6699DCEC37A20000,can0
4714,1786718034.8243382,609706.369051879,485490496,1,0,0,8,6699DBECD67B0000,can0
4715,1786718034.8250232,609706.369736421,485490496,1,0,0,8,6699ECEC6B6B0000,can0
4716,1786718034.82688,609706.371594504,485490496,1,0,0,8,6699EBEC68780000,can0
4717,1786718034.8284063,609706.373123712,485490496,1,0,0,8,6699FCEC886F0000,can0
4718,1786718034.83009,609706.374804421,485490496,1,0,0,8,6699FBECB84A0000,can0
4719,1786718034.8562386,609706.400955671,502267712,1,0,0,8,E0266699501000CD,can0
4720,1786718034.8570943,609706.401808796,502267712,1,0,0,8,E1020000FFFFFFFF,can0
4721,1786718034.8578584,609706.402573879,502267712,1,0,0,8,E28515AB14000000,can0
4722,1786718034.858583,609706.403297629,502267712,1,0,0,8,E30000CE02000000,can0
4723,1786718034.8595443,609706.404259171,502267712,1,0,0,8,E400420E00009602,can0
4724,1786718034.8602343,609706.404947754,502267712,1,0,0,8,E5EE9A4001FFFFFF,can0
4725,1786718034.8607872,609706.405499712,502267712,1,0,0,8,00286699A0100040,can0
4726,1786718034.8613005,609706.406012962,502267712,1,0,0,8,0101420090002701,can0
4727,1786718034.8622432,609706.406956337,502267712,1,0,0,8,02D400BE024A044E,can0
4728,1786718034.8635218,609706.408241379,502267712,1,0,0,8,030D750AB5980E9A,can0
4729,1786718034.8643959,609706.409110796,502267712,1,0,0,8,04EE9A9C5FFFFFFF,can0
4730,1786718034.865216,609706.409930462,502267712,1,0,0,8,05FFFFFFFFFFFFFF,can0
4731,1786718034.8677092,609706.412423337,502267712,1,0,0,8,202666994F100100,can0
4732,1786718034.8685417,609706.413255796,502267712,1,0,0,8,2143000000992000,can0
4733,1786718034.8696573,609706.414379254,502267712,1,0,0,8,2200EA830200EE9A,can0
4734,1786718034.87076,609706.415473129,502267712,1,0,0,8,23EE1508DE11FFFF,can0
4735,1786718034.8784,609706.423117337,502267712,1,0,0,8,24FFFFFFFFFFFFFF,can0
4736,1786718034.8811293,609706.425843254,502267712,1,0,0,8,25FFFFFFFFFFFFFF,can0
4737,1786718034.8818338,609706.426547421,485490496,1,0,0,8,6699DCED99200000,can0
4738,1786718034.882345,609706.427057171,485490496,1,0,0,8,6699DDEDEA830200,can0
4739,1786718034.8832784,609706.427992587,485490496,1,0,0,8,6699D3EDCD020000,can0
4740,1786718034.9660068,609706.510727171,485490657,1,0,0,8,6699FF0FAC260000,can0
4741,1786718034.9673133,609706.512029171,485490657,1,0,0,8,66991C207446FFFF,can0
4742,1786718035.0497909,609706.594514379,435295296,1,0,0,8,007C151F0104749A,can0
4743,1786718035.0508547,609706.595568546,435294784,1,0,0,8,400B9A0000FFFFFF,can0
4744,1786718035.0514834,609706.596197087,435294784,1,0,0,8,41FF4A00FFFFFFFF,can0
4745,1786718035.0521197,609706.596835212,435357504,1,0,0,8,9A010D0C8F0000FF,can0
4746,1786718035.0533335,609706.598047921,435294784,1,0,0,8,400B9A0103FFFFFF,can0
4747,1786718035.0541322,609706.598847546,435294784,1,0,0,8,41FFFFFFFFFFFFFF,can0
4748,1786718035.0549178,609706.599632504,435357504,1,0,0,8,9A02640C830000FF,can0
4749,1786718035.0563262,609706.601040879,435294784,1,0,0,8,200B9A0203FFFFFF,can0
4750,1786718035.057145,609706.601859837,435294784,1,0,0,8,21FFFFFFFFFFFFFF,can0
4751,1786718035.0579336,609706.602647712,435357504,1,0,0,8,9A030C0C620000FF,can0
4752,1786718035.058873,609706.603586796,435294784,1,0,0,8,200B9A0303FFFFFF,can0
4753,1786718035.0596359,609706.604349546,435294784,1,0,0,8,21FFFFFFFFFFFFFF,can0
4754,1786718035.0603611,609706.605074754,435357504,1,0,0,8,9A047807960000FF,can0
4755,1786718035.0610445,609706.605757921,435294784,1,0,0,8,200B9A0403FFFFFF,can0
4756,1786718035.0619934,609706.606707004,435294784,1,0,0,8,21FFFFFFFFFFFFFF,can0
4757,1786718035.0638285,609706.608544962,435357248,1,0,0,8,9AFFFC00FFFFFFFF,can0
4758,1786718035.0666804,609706.611397129,485490496,1,0,0,8,66998DED7D150000,can0
4759,1786718035.1857061,609706.730428337,773,0,0,0,8,0000000000000000,can0
4760,1786718035.1867044,609706.731419379,775,0,0,0,8,1234567856494300,can0
4761,1786718035.2528992,609706.797618337,435295297,1,0,0,8,007C15B8000474C1,can0
4762,1786718035.2537997,609706.798513087,435294785,1,0,0,8,400BC10000FFFFFF,can0
4763,1786718035.254559,609706.799274129,435294785,1,0,0,8,41FF4900FFFFFFFF,can0
4764,1786718035.2629933,609706.807713671,435357505,1,0,0,8,C101900C670000FF,can0
4765,1786718035.2638972,609706.808611462,435294785,1,0,0,8,400BC10103FFFFFF,can0
4766,1786718035.264586,609706.809300712,435294785,1,0,0,8,41FFFFFFFFFFFFFF,can0
4767,1786718035.2652369,609706.809950879,435357505,1,0,0,8,C1026E0D6C0000FF,can0
4768,1786718035.2691004,609706.813834004,435294785,1,0,0,8,200BC10203FFFFFF,can0
4769,1786718035.270186,609706.814901921,435294785,1,0,0,8,21FFFFFFFFFFFFFF,can0
4770,1786718035.271136,609706.815849712,435357505,1,0,0,8,C103D60C6B0000FF,can0
4771,1786718035.2718763,609706.816590754,435294785,1,0,0,8,200BC10303FFFFFF,can0
4772,1786718035.2728252,609706.817539212,435294785,1,0,0,8,21FFFFFFFFFFFFFF,can0
4773,1786718035.2737374,609706.818451421,435357505,1,0,0,8,C1048D08000000FF,can0
4774,1786718035.2745216,609706.819237546,435294785,1,0,0,8,200BC10403FFFFFF,can0
4775,1786718035.2757142,609706.820429462,435294785,1,0,0,8,21FFFFFFFFFFFFFF,can0
4776,1786718035.2764974,609706.821210462,435357249,1,0,0,8,C1FFFC00FFFFFFFF,can0
4777,1786718035.6175108,609707.162232213,485490497,1,0,0,8,66998FEDB6000000,can0
4778,1786718035.67191,609707.216631379,485490497,1,0,0,8,6699BCEDC68D0100,can0
4779,1786718035.6728995,609707.217614421,485490497,1,0,0,8,6699B1EDE5DFF505,can0
4780,1786718035.6737578,609707.218471629,485490497,1,0,0,8,6699CCEC1C810000,can0
4781,1786718035.674569,609707.219284338,485490497,1,0,0,8,6699CBEC1C7E0000,can0
4782,1786718035.6831996,609707.227917754,485490497,1,0,0,8,6699DCECF6840000,can0
4783,1786718035.6840835,609707.228797796,485490497,1,0,0,8,6699DBECC7870000,can0
4784,1786718035.684871,609707.229585004,485490497,1,0,0,8,6699ECECCC890000,can0
4785,1786718035.6858838,609707.230598713,485490497,1,0,0,8,6699EBEC91800000,can0
4786,1786718035.6868725,609707.231588546,485490497,1,0,0,8,6699FBEC83550000,can0
4787,1786718035.70315,609707.247878838,485490496,1,0,0,8,66998BED4B000000,can0
4788,1786718035.7632945,609707.308014588,485490496,1,0,0,8,66998DED7C150000,can0
4789,1786718035.815817,609707.360537963,485490496,1,0,0,8,6699BCEDE62A0200,can0
4790,1786718035.8169405,609707.361656129,485490496,1,0,0,8,6699B1ED4F697900,can0
4791,1786718035.8181326,609707.362847796,485490496,1,0,0,8,6699CCECA5AD0000,can0
4792,1786718035.8192418,609707.363955129,485490496,1,0,0,8,6699CBEC7C780000,can0
4793,1786718035.8199773,609707.364691921,485490496,1,0,0,8,6699DCEC0BA20000,can0
4794,1786718035.8212843,609707.366002713,485490496,1,0,0,8,6699DBECD77B0000,can0
4795,1786718035.822257,609707.366974296,485490496,1,0,0,8,6699ECEC696B0000,can0
4796,1786718035.8231733,609707.367887421,485490496,1,0,0,8,6699EBEC64780000,can0
4797,1786718035.8248806,609707.369595463,485490496,1,0,0,8,6699FCECB16F0000,can0
4798,1786718035.8262386,609707.370953629,485490496,1,0,0,8,6699FBECB94A0000,can0
4799,1786718035.9640372,609707.508756213,485490657,1,0,0,8,6699FF0FAC260000,can0
4800,1786718035.9651105,609707.509825546,485490657,1,0,0,8,66991C20AC45FFFF,can0
4801,1786718036.181714,609707.72643438,485441761,1,0,0,8,66990100D0EDFCFF,can0
4802,1786718036.1829424,609707.727657796,485441761,1,0,0,8,66990100DCEDFEFF,can0
4803,1786718036.183728,609707.728441963,485441761,1,0,0,8,66990100DAEDFFFF,can0
4804,1786718036.1844847,609707.72919863,485441761,1,0,0,8,669901002720FFFF,can0
4805,1786718036.1883674,609707.733106005,773,0,0,0,8,0000000000000000,can0
4806,1786718036.1895483,609707.734264921,775,0,0,0,8,1234567856494300,can0
4807,1786718036.190518,609707.735233546,485490496,1,0,0,8,6699DAED00000000,can0
4808,1786718036.191312,609707.736027338,485490496,1,0,0,8,66992720DDB80300,can0
4809,1786718036.2136393,609707.75835963,485490497,1,0,0,8,66990102FC000000,can0
4810,1786718036.2146943,609707.759410213,485490497,1,0,0,8,66990A02FC000000,can0
4811,1786718036.2250178,609707.769739171,485490496,1,0,0,8,6699DCED99200000,can0
4812,1786718036.2266958,609707.771421713,485490496,1,0,0,8,6699DDEDEA830200,can0
4813,1786718036.2278624,609707.772577005,485490496,1,0,0,8,6699D0ED730E0000,can0
4814,1786718036.232714,609707.777429088,485490496,1,0,0,8,6699D1EDF9030000,can0
4815,1786718036.2336173,609707.77833188,485490496,1,0,0,8,6699D2ED420E0000,can0
4816,1786718036.2343392,609707.779053046,485490496,1,0,0,8,6699D3EDCD020000,can0
4817,1786718036.2601173,609707.804838046,485490497,1,0,0,8,6699000201000000,can0
4818,1786718036.2612813,609707.805994838,485490497,1,0,0,8,6699020200000000,can0
4819,1786718036.2618835,609707.806595546,485490497,1,0,0,8,6699070200000000,can0
4820,1786718036.2629867,609707.80770138,485490497,1,0,0,8,66991E0300000000,can0
4821,1786718036.263598,609707.808310046,485490497,1,0,0,8,66991C0300000000,can0
4822,1786718036.2640967,609707.808809713,485490497,1,0,0,8,66998DED7C150000,can0
4823,1786718036.3070946,609707.851816213,485490497,1,0,0,8,66998FEDB8000000,can0
4824,1786718036.3086998,609707.853418338,485490497,1,0,0,8,6699ECED04740000,can0
4825,1786718036.310779,609707.855496171,485490497,1,0,0,8,6699DAED00000000,can0
4826,1786718036.5115027,609708.056222796,485490497,1,0,0,8,6699B3ED01000000,can0
4827,1786718036.512356,609708.057069838,485490497,1,0,0,8,6699BCEDC4A20100,can0
4828,1786718036.54957,609708.094289671,435295296,1,0,0,8,007C151F010474B8,can0
4829,1786718036.5505173,609708.095232838,435294784,1,0,0,8,600BB80000FFFFFF,can0
4830,1786718036.5515974,609708.096312171,435294784,1,0,0,8,61FF4B00FFFFFFFF,can0
4831,1786718036.552409,609708.097124963,435357504,1,0,0,8,B8010E0C910000FF,can0
4832,1786718036.5537317,609708.09845238,435294784,1,0,0,8,600BB80103FFFFFF,can0
4833,1786718036.5545864,609708.099300546,435294784,1,0,0,8,61FFFFFFFFFFFFFF,can0
4834,1786718036.5557094,609708.100425463,435357504,1,0,0,8,B802620C800000FF,can0
4835,1786718036.5565588,609708.101272421,435294784,1,0,0,8,400BB80203FFFFFF,can0
4836,1786718036.5574923,609708.102207421,435294784,1,0,0,8,41FFFFFFFFFFFFFF,can0
4837,1786718036.558235,609708.102948921,435357504,1,0,0,8,B8030A0C5A0000FF,can0
4838,1786718036.5590568,609708.103769463,435294784,1,0,0,8,400BB80303FFFFFF,can0
4839,1786718036.559749,609708.104462755,435294784,1,0,0,8,41FFFFFFFFFFFFFF,can0
4840,1786718036.5604844,609708.10519813,435357504,1,0,0,8,B8047907980000FF,can0
4841,1786718036.5612109,609708.10592663,435294784,1,0,0,8,400BB80403FFFFFF,can0
4842,1786718036.5619924,609708.106706255,435294784,1,0,0,8,41FFFFFFFFFFFFFF,can0
4843,1786718036.5628378,609708.10755188,435357248,1,0,0,8,B8FFFC00FFFFFFFF,can0
4844,1786718036.5636125,609708.108326671,233966912,1,0,0,8,0001FDFFFFFFFFFF,can0
4845,1786718036.6037447,609708.148464713,502267713,1,0,0,8,A026669950100003,can0
4846,1786718036.6048112,609708.149523713,502267713,1,0,0,8,A1010000FFFFFFFF,can0
4847,1786718036.6057074,609708.150423088,502267713,1,0,0,8,A28515AF14000000,can0
4848,1786718036.6064417,609708.151159213,502267713,1,0,0,8,A30000CD02000000,can0
4849,1786718036.6071594,609708.151872713,502267713,1,0,0,8,A400350900009F01,can0
4850,1786718036.6078548,609708.15256938,502267713,1,0,0,8,A58A9A1300FFFFFF,can0
4851,1786718036.6203127,609708.165033296,485490497,1,0,0,8,66998FEDB9000000,can0
4852,1786718036.655932,609708.200652005,485490497,1,0,0,8,66998BED48000000,can0
4853,1786718036.671912,609708.216632005,485490497,1,0,0,8,6699BCEDC4A20100,can0
4854,1786718036.6730742,609708.217786796,485490497,1,0,0,8,6699B1EDB2E0F505,can0
4855,1786718036.675239,609708.219956088,485490497,1,0,0,8,6699CCECA4820000,can0
4856,1786718036.677018,609708.221734588,485490497,1,0,0,8,6699CBECA77C0000,can0
4857,1786718036.6781156,609708.222831755,485490497,1,0,0,8,6699DCECB7930000,can0
4858,1786718036.6793764,609708.224092755,485490497,1,0,0,8,6699DBEC24860000,can0
4859,1786718036.6801584,609708.224872921,485490497,1,0,0,8,6699ECEC1F8D0000,can0
4860,1786718036.680844,609708.225557005,485490497,1,0,0,8,6699EBEC507E0000,can0
4861,1786718036.681391,609708.22610363,485490497,1,0,0,8,6699FBEC84550000,can0
4862,1786718036.752892,609708.297631213,435295297,1,0,0,8,007C15BA000474DF,can0
4863,1786718036.7541156,609708.298835505,435294785,1,0,0,8,600BDF0000FFFFFF,can0
4864,1786718036.7550642,609708.29977813,435294785,1,0,0,8,61FF4800FFFFFFFF,can0
4865,1786718036.7558987,609708.300611463,435357505,1,0,0,8,DF01820C680000FF,can0
4866,1786718036.757171,609708.301885922,435294785,1,0,0,8,600BDF0103FFFFFF,can0
4867,1786718036.758269,609708.302985297,435294785,1,0,0,8,61FFFFFFFFFFFFFF,can0
4868,1786718036.75917,609708.303883588,435357505,1,0,0,8,DF026A0D6A0000FF,can0
4869,1786718036.7600992,609708.304813963,435294785,1,0,0,8,400BDF0203FFFFFF,can0
4870,1786718036.7609406,609708.305654005,435294785,1,0,0,8,41FFFFFFFFFFFFFF,can0
4871,1786718036.761752,609708.306531172,435357505,1,0,0,8,DF03B30C6E0000FF,can0
4872,1786718036.7625692,609708.307283255,435294785,1,0,0,8,400BDF0303FFFFFF,can0
4873,1786718036.7636535,609708.308369088,435294785,1,0,0,8,41FFFFFFFFFFFFFF,can0
4874,1786718036.764306,609708.309018713,435357505,1,0,0,8,DF048D08000000FF,can0
4875,1786718036.7647913,609708.309503922,435294785,1,0,0,8,400BDF0403FFFFFF,can0
4876,1786718036.7652204,609708.309933213,435294785,1,0,0,8,41FFFFFFFFFFFFFF,can0
4877,1786718036.7670352,609708.311760588,435357249,1,0,0,8,DFFFFC00FFFFFFFF,can0
4878,1786718036.769064,609708.313778922,485490497,1,0,0,8,66994E0301000000,can0
4879,1786718036.7700212,609708.314733838,485490496,1,0,0,8,66998DED7C150000,can0
4880,1786718036.815941,609708.360660713,485490496,1,0,0,8,6699BCED342B0200,can0
4881,1786718036.816954,609708.361667255,485490496,1,0,0,8,6699B1EDF8D57900,can0
4882,1786718036.817643,609708.362355838,485490496,1,0,0,8,6699CCECECAD0000,can0
4883,1786718036.818341,609708.363054838,485490496,1,0,0,8,6699CBEC86780000,can0
4884,1786718036.819187,609708.363903505,485490496,1,0,0,8,6699DCEC2FA20000,can0
4885,1786718036.8200293,609708.364743672,485490496,1,0,0,8,6699DBECDB7B0000,can0
4886,1786718036.821544,609708.366259838,485490496,1,0,0,8,6699ECECB86B0000,can0
4887,1786718036.8232722,609708.367988797,485490496,1,0,0,8,6699EBEC67780000,can0
4888,1786718036.8240333,609708.368747047,485490496,1,0,0,8,6699FCEC926F0000,can0
4889,1786718036.8246605,609708.369372838,485490496,1,0,0,8,6699FBECB04A0000,can0
4890,1786718036.9648397,609708.509559005,485441761,1,0,0,8,6699152043030000,can0
4891,1786718036.965912,609708.510626547,485442017,1,0,0,8,66991520FD020000,can0
4892,1786718036.967866,609708.51258113,485490496,1,0,0,8,6699152043030000,can0
4893,1786718036.9686875,609708.513402547,485490497,1,0,0,8,66991520FD020000,can0
4894,1786718036.9906816,609708.535401005,485490657,1,0,0,8,6699FF0FAC260000,can0
4895,1786718036.9917762,609708.53648913,485490657,1,0,0,8,66991C20E444FFFF,can0
4896,1786718037.0768437,609708.621564255,485490657,1,0,0,8,669902207C150000,can0
4897,1786718037.0803103,609708.625030463,485490657,1,0,0,8,669903204C090000,can0
4898,1786718037.1780403,609708.72276088,773,0,0,0,8,0000000000000000,can0
4899,1786718037.1808333,609708.725549047,775,0,0,0,8,1234567856494300,can0
4900,1786718037.3550978,609708.899816672,485490497,1,0,0,8,66998DED7D150000,can0
4901,1786718037.3807578,609708.925478422,485490657,1,0,0,8,669901207C150000,can0
4902,1786718037.3818958,609708.926611338,485490657,1,0,0,8,66990E200D000000,can0
4903,1786718037.6181805,609709.16290063,485490497,1,0,0,8,66998BED49000000,can0
4904,1786718037.623271,609709.167991505,485490497,1,0,0,8,66998FEDB6000000,can0
4905,1786718037.6702528,609709.21497363,485490497,1,0,0,8,6699BCED0C940100,can0
4906,1786718037.671193,609709.215908089,485490497,1,0,0,8,6699B1EDEBE0F505,can0
4907,1786718037.672109,609709.216822464,485490497,1,0,0,8,6699CCEC48810000,can0
4908,1786718037.6727915,609709.21750488,485490497,1,0,0,8,6699CBECE77D0000,can0
4909,1786718037.6734772,609709.218190964,485490497,1,0,0,8,6699DCECDD860000,can0
4910,1786718037.6745887,609709.219303547,485490497,1,0,0,8,6699DBEC94870000,can0
4911,1786718037.6760755,609709.220800589,485490497,1,0,0,8,6699ECEC258C0000,can0
4912,1786718037.6770716,609709.221786547,485490497,1,0,0,8,6699EBEC4A7F0000,can0
4913,1786718037.6780393,609709.222754464,485490497,1,0,0,8,6699FBEC88550000,can0
4914,1786718037.7052088,609709.249929005,485490497,1,0,0,8,66998DED7C150000,can0
4915,1786718037.763773,609709.308492714,485490496,1,0,0,8,66998DED7C150000,can0
4916,1786718037.7777593,609709.322479339,485442017,1,0,0,8,66990100D0EDFCFF,can0
4917,1786718037.7791631,609709.323879464,485442017,1,0,0,8,66990100DCEDFEFF,can0
4918,1786718037.7803428,609709.325058005,485442017,1,0,0,8,66990100DAEDFFFF,can0
4919,1786718037.7814388,609709.326157005,485442017,1,0,0,8,669901002720FFFF,can0
4920,1786718037.782794,609709.327509755,485490497,1,0,0,8,6699DAED00000000,can0
4921,1786718037.7835476,609709.32842013,485490497,1,0,0,8,669927200CBB0300,can0
4922,1786718037.7911441,609709.335865547,485490497,1,0,0,8,6699DCED51110000,can0
4923,1786718037.7930958,609709.337812797,485490497,1,0,0,8,6699DDEDD7280000,can0
4924,1786718037.7941463,609709.338865589,485490497,1,0,0,8,6699D0ED38080000,can0
4925,1786718037.8026028,609709.347318005,485490497,1,0,0,8,6699D1ED29010000,can0
4926,1786718037.8033807,609709.348095922,485490497,1,0,0,8,6699D2ED35090000,can0
4927,1786718037.804086,609709.348800589,485490497,1,0,0,8,6699D3ED03010000,can0
4928,1786718037.8158677,609709.360587922,485490496,1,0,0,8,6699BCEDAE2B0200,can0
4929,1786718037.8225298,609709.367247297,485490496,1,0,0,8,6699B1EDE25D7900,can0
4930,1786718037.8234022,609709.368116297,485490496,1,0,0,8,6699CCEC21AE0000,can0
4931,1786718037.8241036,609709.368818047,485490496,1,0,0,8,6699CBEC76780000,can0
4932,1786718037.824819,609709.369532922,485490496,1,0,0,8,6699DCEC7AA20000,can0
4933,1786718037.8264582,609709.371174922,485490496,1,0,0,8,6699DBECDA7B0000,can0
4934,1786718037.8272653,609709.371980214,485490496,1,0,0,8,6699ECEC676B0000,can0
4935,1786718037.8279464,609709.372660422,485490496,1,0,0,8,6699EBEC69780000,can0
4936,1786718037.8288624,609709.37357763,485490496,1,0,0,8,6699FCECB26F0000,can0
4937,1786718037.8295827,609709.374297589,485490496,1,0,0,8,6699FBECB74A0000,can0
4938,1786718037.9752574,609709.51997738,485490657,1,0,0,8,6699FF0FAC260000,can0
4939,1786718037.9762702,609709.52098488,485490657,1,0,0,8,66991C20A047FFFF,can0
4940,1786718038.056032,609709.60075163,435295296,1,0,0,8,007C151F010474D6,can0
4941,1786718038.0569408,609709.601656464,435294784,1,0,0,8,800BD60000FFFFFF,can0
4942,1786718038.0577092,609709.602424672,435294784,1,0,0,8,81FF4B00FFFFFFFF,can0
4943,1786718038.0584562,609709.603169964,435357504,1,0,0,8,D6010D0C910000FF,can0
4944,1786718038.0591433,609709.603857255,435294784,1,0,0,8,800BD60103FFFFFF,can0
4945,1786718038.0598648,609709.604579005,435294784,1,0,0,8,81FFFFFFFFFFFFFF,can0
4946,1786718038.0606375,609709.605352589,435357504,1,0,0,8,D602630C840000FF,can0
4947,1786718038.0614064,609709.60612163,435294784,1,0,0,8,600BD60203FFFFFF,can0
4948,1786718038.0621657,609709.606881464,435294784,1,0,0,8,61FFFFFFFFFFFFFF,can0
4949,1786718038.0630667,609709.607780297,435357504,1,0,0,8,D6030A0C5B0000FF,can0
4950,1786718038.0640404,609709.608756047,435294784,1,0,0,8,600BD60303FFFFFF,can0
4951,1786718038.0648413,609709.609556089,435294784,1,0,0,8,61FFFFFFFFFFFFFF,can0
4952,1786718038.1025705,609709.647285505,435357504,1,0,0,8,D6047807950000FF,can0
4953,1786718038.1033933,609709.648108172,435294784,1,0,0,8,600BD60403FFFFFF,can0
4954,1786718038.1041183,609709.648831464,435294784,1,0,0,8,61FFFFFFFFFFFFFF,can0
4955,1786718038.1048048,609709.649518964,435357248,1,0,0,8,D6FFFC00FFFFFFFF,can0
4956,1786718038.1811385,609709.725858839,773,0,0,0,8,0000000000000000,can0
4957,1786718038.1821785,609709.726893006,775,0,0,0,8,1234567856494300,can0
4958,1786718038.252655,609709.797375631,435295297,1,0,0,8,007C15B300047401,can0
4959,1786718038.255554,609709.800270297,435294785,1,0,0,8,800B010000FFFFFF,can0
4960,1786718038.2582402,609709.802957672,435294785,1,0,0,8,81FF4900FFFFFFFF,can0
4961,1786718038.2600167,609709.804733714,435357505,1,0,0,8,0101AB0C650000FF,can0
4962,1786718038.2631142,609709.807831922,435294785,1,0,0,8,800B010103FFFFFF,can0
4963,1786718038.264651,609709.809364797,435294785,1,0,0,8,81FFFFFFFFFFFFFF,can0
4964,1786718038.265786,609709.810501881,435357505,1,0,0,8,01029E0D610000FF,can0
4965,1786718038.2671888,609709.811904631,435294785,1,0,0,8,600B010203FFFFFF,can0
4966,1786718038.2688875,609709.813602797,435294785,1,0,0,8,61FFFFFFFFFFFFFF,can0
4967,1786718038.2695565,609709.814269547,435357505,1,0,0,8,0103D00C6D0000FF,can0
4968,1786718038.2706618,609709.815375797,435294785,1,0,0,8,600B010303FFFFFF,can0
4969,1786718038.2713664,609709.816080464,435294785,1,0,0,8,61FFFFFFFFFFFFFF,can0
4970,1786718038.272101,609709.816815422,435357505,1,0,0,8,01048D08000000FF,can0
4971,1786718038.2727652,609709.817477297,435294785,1,0,0,8,600B010403FFFFFF,can0
4972,1786718038.2733552,609709.818068047,435294785,1,0,0,8,61FFFFFFFFFFFFFF,can0
4973,1786718038.2739975,609709.818712797,435357249,1,0,0,8,01FFFC00FFFFFFFF,can0
4974,1786718038.2746785,609709.819391672,233966913,1,0,0,8,0001FDFFFFFFFFFF,can0
4975,1786718038.5090697,609710.053790131,485490496,1,0,0,8,66990102FC000000,can0
4976,1786718038.5100474,609710.054763172,485490496,1,0,0,8,66990A02FC000000,can0
4977,1786718038.5582092,609710.102930214,485490496,1,0,0,8,6699000201000000,can0
4978,1786718038.559338,609710.104051881,485490496,1,0,0,8,6699020200000000,can0
4979,1786718038.5600467,609710.104759506,485490496,1,0,0,8,6699070200000000,can0
4980,1786718038.5611365,609710.105850881,485490496,1,0,0,8,66991E0300000000,can0
4981,1786718038.5619116,609710.106626256,485490496,1,0,0,8,66991C0300000000,can0
4982,1786718038.5627606,609710.107474672,485490496,1,0,0,8,66998DED7C150000,can0
4983,1786718038.6034114,609710.148130922,485490496,1,0,0,8,66998FED1F010000,can0
4984,1786718038.6049082,609710.149624881,485490496,1,0,0,8,6699ECED04740000,can0
4985,1786718038.607387,609710.152108297,485490496,1,0,0,8,6699DAED00000000,can0
4986,1786718038.6176097,609710.162326839,485490497,1,0,0,8,66998FEDB1000000,can0
4987,1786718038.670121,609710.214840089,485490497,1,0,0,8,6699BCED13880100,can0
4988,1786718038.671132,609710.215846631,485490497,1,0,0,8,6699B1EDFAE0F505,can0
4989,1786718038.6723123,609710.217026714,485490497,1,0,0,8,6699CCECA27F0000,can0
4990,1786718038.6733024,609710.218025131,485490497,1,0,0,8,6699CBECE67E0000,can0
4991,1786718038.6752458,609710.219960672,485490497,1,0,0,8,6699DCECF37D0000,can0
4992,1786718038.677601,609710.222315672,485490497,1,0,0,8,6699DBEC6F880000,can0
4993,1786718038.678446,609710.223160089,485490497,1,0,0,8,6699ECEC9B8A0000,can0
4994,1786718038.679144,609710.223856964,485490497,1,0,0,8,6699EBEC3E800000,can0
4995,1786718038.6804721,609710.225187089,485490497,1,0,0,8,6699FBEC85550000,can0
4996,1786718038.8074443,609710.352163839,485490496,1,0,0,8,6699B3ED01000000,can0
4997,1786718038.8085732,609710.353286464,485490496,1,0,0,8,6699BCEDF62B0200,can0
4998,1786718038.81756,609710.362279381,485490496,1,0,0,8,6699BCEDF62B0200,can0
4999,1786718038.818469,609710.363182422,485490496,1,0,0,8,6699B1EDD36F7900,can0
5000,1786718038.8192303,609710.363943506,485490496,1,0,0,8,6699CCEC40AE0000,can0
5001,1786718038.8236856,609710.368402006,485490496,1,0,0,8,6699CBEC7A780000,can0
5002,1786718038.825233,609710.369948298,485490496,1,0,0,8,6699DCEC3DA20000,can0
5003,1786718038.827019,609710.371734131,485490496,1,0,0,8,6699DBECDA7B0000,can0
5004,1786718038.827757,609710.372470673,485490496,1,0,0,8,6699ECEC796B0000,can0
5005,1786718038.8284864,609710.373200339,485490496,1,0,0,8,6699EBEC67780000,can0
5006,1786718038.8297985,609710.374513381,485490496,1,0,0,8,6699FCECBB6F0000,can0
5007,1786718038.8305945,609710.375310506,485490496,1,0,0,8,6699FBECAE4A0000,can0
5008,1786718038.900577,609710.445296589,502267712,1,0,0,8,40266699501000CD,can0
5009,1786718038.902482,609710.447196881,502267712,1,0,0,8,41020000FFFFFFFF,can0
5010,1786718038.9096723,609710.454396631,502267712,1,0,0,8,428515AB14000000,can0
5011,1786718038.9116125,609710.456329923,502267712,1,0,0,8,430000CE02000000,can0
5012,1786718038.9123266,609710.457040923,502267712,1,0,0,8,4400420E00009602,can0
5013,1786718038.9130538,609710.457767923,502267712,1,0,0,8,45EE9A4001FFFFFF,can0
5014,1786718038.9708009,609710.515521048,485490657,1,0,0,8,6699FF0FAC260000,can0
5015,1786718038.971905,609710.516619839,485490657,1,0,0,8,66991C201046FFFF,can0
5016,1786718039.0572777,609710.601998131,485490496,1,0,0,8,66994E0301000000,can0
5017,1786718039.1804206,609710.725141214,773,0,0,0,8,0000000000000000,can0
5018,1786718039.182489,609710.727207506,775,0,0,0,8,1234567856494300,can0
5019,1786718039.2072377,609710.751958756,485490496,1,0,0,8,6699DBEDA2120000,can0
5020,1786718039.551135,609711.095855548,435295296,1,0,0,8,007C151F010474F4,can0
5021,1786718039.5522444,609711.096960506,435294784,1,0,0,8,A00BF40000FFFFFF,can0
5022,1786718039.5532827,609711.097997923,435294784,1,0,0,8,A1FF4B00FFFFFFFF,can0
5023,1786718039.5541325,609711.09884734,435357504,1,0,0,8,F4010D0C910000FF,can0
5024,1786718039.5552409,609711.099955756,435294784,1,0,0,8,A00BF40103FFFFFF,can0
5025,1786718039.5619261,609711.106641465,435294784,1,0,0,8,A1FFFFFFFFFFFFFF,can0
5026,1786718039.562781,609711.107495715,435357504,1,0,0,8,F402630C830000FF,can0
5027,1786718039.5638106,609711.108524715,435294784,1,0,0,8,800BF40203FFFFFF,can0
5028,1786718039.564526,609711.109239965,435294784,1,0,0,8,81FFFFFFFFFFFFFF,can0
5029,1786718039.5770159,609711.121751631,435357504,1,0,0,8,F4030B0C5B0000FF,can0
5030,1786718039.5780418,609711.122756298,435294784,1,0,0,8,800BF40303FFFFFF,can0
5031,1786718039.5791657,609711.12388109,435294784,1,0,0,8,81FFFFFFFFFFFFFF,can0
5032,1786718039.5833294,609711.128045548,435357504,1,0,0,8,F4047907970000FF,can0
5033,1786718039.5854073,609711.130124048,435294784,1,0,0,8,800BF40403FFFFFF,can0
5034,1786718039.5866466,609711.131363465,435294784,1,0,0,8,81FFFFFFFFFFFFFF,can0
5035,1786718039.58745,609711.13216384,435357248,1,0,0,8,F4FFFC00FFFFFFFF,can0
5036,1786718039.624097,609711.168822465,485490497,1,0,0,8,66998FEDAF000000,can0
5037,1786718039.6703022,609711.215022798,485490497,1,0,0,8,6699BCEDC3890100,can0
5038,1786718039.6712124,609711.215926673,485490497,1,0,0,8,6699B1EDFFE0F505,can0
5039,1786718039.6719458,609711.21672509,485490497,1,0,0,8,6699CCECE37F0000,can0
5040,1786718039.6729047,609711.217620465,485490497,1,0,0,8,6699CBECD47E0000,can0
5041,1786718039.6762006,609711.220917756,485490497,1,0,0,8,6699DCECED7D0000,can0
5042,1786718039.6770182,609711.221731881,485490497,1,0,0,8,6699DBEC6D880000,can0
5043,1786718039.6820462,609711.226767215,485490497,1,0,0,8,6699ECECE08B0000,can0
5044,1786718039.6843884,609711.22910284,485490497,1,0,0,8,6699EBECA67F0000,can0
5045,1786718039.687866,609711.232580923,485490497,1,0,0,8,6699FBEC85550000,can0
5046,1786718039.7527928,609711.297512506,435295297,1,0,0,8,007C15AF0004741F,can0
5047,1786718039.753941,609711.298655881,435294785,1,0,0,8,A00B1F0000FFFFFF,can0
5048,1786718039.7550802,609711.299795131,435294785,1,0,0,8,A1FF4900FFFFFFFF,can0
5049,1786718039.7607772,609711.305492798,435357505,1,0,0,8,1F01B60C630000FF,can0
5050,1786718039.761749,609711.306463256,435294785,1,0,0,8,A00B1F0103FFFFFF,can0
5051,1786718039.7624407,609711.307154215,435294785,1,0,0,8,A1FFFFFFFFFFFFFF,can0
5052,1786718039.7629366,609711.307649465,435357505,1,0,0,8,1F02A40D5B0000FF,can0
5053,1786718039.7633746,609711.30808709,435294785,1,0,0,8,800B1F0203FFFFFF,can0
5054,1786718039.7637832,609711.308495923,435294785,1,0,0,8,81FFFFFFFFFFFFFF,can0
5055,1786718039.7641733,609711.308885256,435357505,1,0,0,8,1F03C40C6D0000FF,can0
5056,1786718039.7646873,609711.309402215,435294785,1,0,0,8,800B1F0303FFFFFF,can0
5057,1786718039.7675629,609711.312278465,435294785,1,0,0,8,81FFFFFFFFFFFFFF,can0
5058,1786718039.7682319,609711.31294534,435357505,1,0,0,8,1F048D08000000FF,can0
5059,1786718039.7689223,609711.313636965,435294785,1,0,0,8,800B1F0403FFFFFF,can0
5060,1786718039.7696233,609711.314337465,435294785,1,0,0,8,81FFFFFFFFFFFFFF,can0
5061,1786718039.771134,609711.315851173,435357249,1,0,0,8,1FFFFC00FFFFFFFF,can0
5062,1786718039.7718832,609711.316597715,485490496,1,0,0,8,6699DBED98120000,can0
5063,1786718039.81615,609711.360870465,485490496,1,0,0,8,6699BCED8B2C0200,can0
5064,1786718039.8172157,609711.36193009,485490496,1,0,0,8,6699B1EDE8977900,can0
5065,1786718039.8183703,609711.363086715,485490496,1,0,0,8,6699CCEC46AE0000,can0
5066,1786718039.8192668,609711.363980256,485490496,1,0,0,8,6699CBEC7F780000,can0
5067,1786718039.8200774,609711.36479234,485490496,1,0,0,8,6699DCEC8EA20000,can0
5068,1786718039.8209698,609711.36568384,485490496,1,0,0,8,6699DBECDA7B0000,can0
5069,1786718039.8218138,609711.366530131,485490496,1,0,0,8,6699ECECB56B0000,can0
5070,1786718039.823005,609711.367719506,485490496,1,0,0,8,6699EBEC6B780000,can0
5071,1786718039.8236039,609711.368317506,485490496,1,0,0,8,6699FCECD46F0000,can0
5072,1786718039.8247209,609711.369438298,485490496,1,0,0,8,6699FBECAE4A0000,can0
5073,1786718039.9677339,609711.512453131,485441761,1,0,0,8,6699152044030000,can0
5074,1786718039.9686334,609711.513348173,485442017,1,0,0,8,66991520FC020000,can0
5075,1786718039.9693668,609711.514082131,485490496,1,0,0,8,6699152044030000,can0
5076,1786718039.9703622,609711.515077965,485490497,1,0,0,8,66991520FC020000,can0
5077,1786718039.9919188,609711.536643465,485490657,1,0,0,8,6699FF0FAC260000,can0
5078,1786718039.9944756,609711.539196215,485490657,1,0,0,8,66991C203C47FFFF,can0
5079,1786718040.0756745,609711.620394423,485490657,1,0,0,8,669902207B150000,can0
5080,1786718040.1771057,609711.721826173,773,0,0,0,8,0000000000000000,can0
5081,1786718040.1806202,609711.725335631,775,0,0,0,8,1234567856494300,can0
5082,1786718040.669934,609712.214654215,485490497,1,0,0,8,6699BCED388A0100,can0
5083,1786718040.670789,609712.215502882,485490497,1,0,0,8,6699B1ED00E1F505,can0
5084,1786718040.6714954,609712.216210923,485490497,1,0,0,8,6699CCECAA7F0000,can0
5085,1786718040.6720588,609712.216772132,485490497,1,0,0,8,6699CBEC037F0000,can0
5086,1786718040.67289,609712.217603507,485490497,1,0,0,8,6699DCECAF7D0000,can0
5087,1786718040.6736004,609712.218313882,485490497,1,0,0,8,6699DBEC78880000,can0
5088,1786718040.6747594,609712.21947259,485490497,1,0,0,8,6699ECEC818C0000,can0
5089,1786718040.6779437,609712.222663423,485490497,1,0,0,8,6699EBEC4D7F0000,can0
5090,1786718040.6809664,609712.225686465,485490497,1,0,0,8,6699FBEC89550000,can0
5091,1786718040.7637062,609712.308426173,485490496,1,0,0,8,6699DBEDA2120000,can0
5092,1786718040.815729,609712.36045184,485490496,1,0,0,8,6699BCEDDE2C0200,can0
5093,1786718040.816776,609712.361489007,485490496,1,0,0,8,6699B1ED96947900,can0
5094,1786718040.8182235,609712.362937882,485490496,1,0,0,8,6699CCEC2FAE0000,can0
5095,1786718040.818942,609712.363660215,485490496,1,0,0,8,6699CBEC7C780000,can0
5096,1786718040.8196874,609712.364400007,485490496,1,0,0,8,6699DCEC6FA20000,can0
5097,1786718040.8201835,609712.36489634,485490496,1,0,0,8,6699DBECE27B0000,can0
5098,1786718040.8210022,609712.365777173,485490496,1,0,0,8,6699ECECBB6B0000,can0
5099,1786718040.8220186,609712.366801715,485490496,1,0,0,8,6699EBEC6B780000,can0
5100,1786718040.822695,609712.367407173,485490496,1,0,0,8,6699FCECD66F0000,can0
5101,1786718040.8252017,609712.369916465,485490496,1,0,0,8,6699FBECB14A0000,can0
5102,1786718040.9741395,609712.518859215,485490657,1,0,0,8,6699FF0FAC260000,can0
5103,1786718040.9750037,609712.519718757,485490657,1,0,0,8,66991C203049FFFF,can0
5104,1786718041.0496771,609712.594397924,435295296,1,0,0,8,007C151F01047416,can0
5105,1786718041.0508797,609712.595606965,435294784,1,0,0,8,C00B160000FFFFFF,can0
5106,1786718041.0562117,609712.60092734,435294784,1,0,0,8,C1FF4B00FFFFFFFF,can0
5107,1786718041.0570323,609712.601747007,435357504,1,0,0,8,16010E0C920000FF,can0
5108,1786718041.0577877,609712.602501965,435294784,1,0,0,8,C00B160103FFFFFF,can0
5109,1786718041.058486,609712.603200174,435294784,1,0,0,8,C1FFFFFFFFFFFFFF,can0
5110,1786718041.0592444,609712.603959174,435357504,1,0,0,8,1602620C830000FF,can0
5111,1786718041.0599883,609712.604702382,435294784,1,0,0,8,A00B160203FFFFFF,can0
5112,1786718041.0607364,609712.605451965,435294784,1,0,0,8,A1FFFFFFFFFFFFFF,can0
5113,1786718041.061501,609712.60621559,435357504,1,0,0,8,16030A0C5A0000FF,can0
5114,1786718041.0622826,609712.606997507,435294784,1,0,0,8,A00B160303FFFFFF,can0
5115,1786718041.063924,609712.608640757,435294784,1,0,0,8,A1FFFFFFFFFFFFFF,can0
5116,1786718041.06484,609712.60955434,435357504,1,0,0,8,16047807970000FF,can0
5117,1786718041.066519,609712.61123659,435294784,1,0,0,8,A00B160403FFFFFF,can0
5118,1786718041.0674086,609712.612122882,435294784,1,0,0,8,A1FFFFFFFFFFFFFF,can0
5119,1786718041.0682187,609712.612933174,435357248,1,0,0,8,16FFFC00FFFFFFFF,can0
5120,1786718041.068931,609712.613645299,485490497,1,0,0,8,66998FEDAE000000,can0
5121,1786718041.1048172,609712.649539299,485490497,1,0,0,8,66998DED7B150000,can0
5122,1786718041.1769652,609712.721684299,485441761,1,0,0,8,66990100D0EDFCFF,can0
5123,1786718041.1779053,609712.722619799,485441761,1,0,0,8,66990100DCEDFEFF,can0
5124,1786718041.1786723,609712.723386965,485441761,1,0,0,8,66990100DAEDFFFF,can0
5125,1786718041.1795008,609712.724214507,485441761,1,0,0,8,669901002720FFFF,can0
5126,1786718041.180478,609712.72519309,773,0,0,0,8,0000000000000000,can0
5127,1786718041.1812582,609712.725973674,775,0,0,0,8,1234567856494300,can0
5128,1786718041.1849375,609712.72965309,485490496,1,0,0,8,6699DAED00000000,can0
5129,1786718041.1894672,609712.734181465,485490496,1,0,0,8,66992720A9B60300,can0
5130,1786718041.2122245,609712.756947174,485490497,1,0,0,8,66990102FC000000,can0
5131,1786718041.2133214,609712.758034757,485490497,1,0,0,8,66990A02FC000000,can0
5132,1786718041.2307115,609712.77543234,485490496,1,0,0,8,6699DCED99200000,can0
5133,1786718041.2317483,609712.776463174,485490496,1,0,0,8,6699DDEDEA830200,can0
5134,1786718041.23254,609712.777253049,485490496,1,0,0,8,6699D0ED730E0000,can0
5135,1786718041.233382,609712.778095757,485490496,1,0,0,8,6699D1EDF9030000,can0
5136,1786718041.2341306,609712.778845007,485490496,1,0,0,8,6699D2ED420E0000,can0
5137,1786718041.2348113,609712.779524757,485490496,1,0,0,8,6699D3EDCD020000,can0
5138,1786718041.2531812,609712.797910299,435295297,1,0,0,8,007B15AE0004743D,can0
5139,1786718041.2545862,609712.79930184,435294785,1,0,0,8,C00B3D0000FFFFFF,can0
5140,1786718041.2557087,609712.800424299,435294785,1,0,0,8,C1FF4900FFFFFFFF,can0
5141,1786718041.2565556,609712.801269674,435357505,1,0,0,8,3D01BD0C630000FF,can0
5142,1786718041.2573094,609712.802023757,435294785,1,0,0,8,C00B3D0103FFFFFF,can0
5143,1786718041.2582123,609712.802928299,435294785,1,0,0,8,C1FFFFFFFFFFFFFF,can0
5144,1786718041.2590013,609712.803716799,435357505,1,0,0,8,3D02A90D5B0000FF,can0
5145,1786718041.259793,609712.804508632,435294785,1,0,0,8,A00B3D0203FFFFFF,can0
5146,1786718041.260554,609712.805267715,435294785,1,0,0,8,A1FFFFFFFFFFFFFF,can0
5147,1786718041.2613325,609712.806047674,435357505,1,0,0,8,3D03BE0C6D0000FF,can0
5148,1786718041.2622976,609712.807012507,435294785,1,0,0,8,A00B3D0303FFFFFF,can0
5149,1786718041.263095,609712.80781109,435294785,1,0,0,8,A1FFFFFFFFFFFFFF,can0
5150,1786718041.2638817,609712.808596174,435357505,1,0,0,8,3D048D08000000FF,can0
5151,1786718041.2670832,609712.811797924,435294785,1,0,0,8,A00B3D0403FFFFFF,can0
5152,1786718041.2683802,609712.813095007,435294785,1,0,0,8,A1FFFFFFFFFFFFFF,can0
5153,1786718041.2691014,609712.813815132,435357249,1,0,0,8,3DFFFC00FFFFFFFF,can0
5154,1786718041.2697995,609712.814514549,485490497,1,0,0,8,6699000201000000,can0
5155,1786718041.2717714,609712.816489424,485490497,1,0,0,8,6699020200000000,can0
5156,1786718041.2726657,609712.817380632,485490497,1,0,0,8,6699070200000000,can0
5157,1786718041.273783,609712.818497965,485490497,1,0,0,8,66991E0300000000,can0
5158,1786718041.274714,609712.819434674,485490497,1,0,0,8,66991C0300000000,can0
5159,1786718041.2775555,609712.822272215,485490497,1,0,0,8,66998DED7B150000,can0
5160,1786718041.3068295,609712.85154934,485490497,1,0,0,8,66998FEDAE000000,can0
5161,1786718041.3082972,609712.853012299,485490497,1,0,0,8,6699ECED04740000,can0
5162,1786718041.310495,609712.855208882,485490497,1,0,0,8,6699DAED00000000,can0
5163,1786718041.511542,609713.056262007,485490497,1,0,0,8,6699B3ED01000000,can0
5164,1786718041.515512,609713.060241507,485490497,1,0,0,8,6699BCED0F860100,can0
5165,1786718041.603161,609713.147881549,502267713,1,0,0,8,C026669950100003,can0
5166,1786718041.6040523,609713.148765799,502267713,1,0,0,8,C1010000FFFFFFFF,can0
5167,1786718041.6046636,609713.149377424,502267713,1,0,0,8,C28515AF14000000,can0
5168,1786718041.6051953,609713.149907257,502267713,1,0,0,8,C30000CD02000000,can0
5169,1786718041.606001,609713.150714924,502267713,1,0,0,8,C400350900009F01,can0
5170,1786718041.6065533,609713.151264882,502267713,1,0,0,8,C58A9A1300FFFFFF,can0
5171,1786718041.6715803,609713.216300007,485490497,1,0,0,8,6699BCED0F860100,can0
5172,1786718041.6746395,609713.219354882,485490497,1,0,0,8,6699CCEC717D0000,can0
5173,1786718041.6753895,609713.220103674,485490497,1,0,0,8,6699CBECAC7F0000,can0
5174,1786718041.676305,609713.221019507,485490497,1,0,0,8,6699DCEC167D0000,can0
5175,1786718041.676974,609713.221688507,485490497,1,0,0,8,6699DBEC8C880000,can0
5176,1786718041.6776092,609713.222322549,485490497,1,0,0,8,6699ECEC518C0000,can0
5177,1786718041.6782923,609713.223006841,485490497,1,0,0,8,6699EBEC5E7F0000,can0
5178,1786718041.681457,609713.226175007,485490497,1,0,0,8,6699FBEC84550000,can0
5179,1786718041.7582757,609713.302995424,485490497,1,0,0,8,6699B1ED6E65DF05,can0
5180,1786718041.7610137,609713.305727924,485490497,1,0,0,8,66994E0301000000,can0
5181,1786718041.815786,609713.360507049,485490496,1,0,0,8,6699BCED682C0200,can0
5182,1786718041.817129,609713.361843341,485490496,1,0,0,8,6699B1ED59927900,can0
5183,1786718041.8181393,609713.362854549,485490496,1,0,0,8,6699CCEC3BAE0000,can0
5184,1786718041.820871,609713.365585507,485490496,1,0,0,8,6699CBEC84780000,can0
5185,1786718041.8217342,609713.366448591,485490496,1,0,0,8,6699DCECA8A20000,can0
5186,1786718041.8228965,609713.367609882,485490496,1,0,0,8,6699DBECDE7B0000,can0
5187,1786718041.8235328,609713.368244882,485490496,1,0,0,8,6699ECEC946B0000,can0
5188,1786718041.8240073,609713.368719757,485490496,1,0,0,8,6699EBEC6E780000,can0
5189,1786718041.824426,609713.369138257,485490496,1,0,0,8,6699FCECEA6F0000,can0
5190,1786718041.8248274,609713.369540257,485490496,1,0,0,8,6699FBECAE4A0000,can0
5191,1786718041.8549428,609713.399661632,485490497,1,0,0,8,66998DED7C150000,can0
5192,1786718041.8573265,609713.402043257,485490497,1,0,0,8,66998FEDAF000000,can0
5193,1786718041.9819143,609713.526909007,485490657,1,0,0,8,6699FF0FAC260000,can0
5194,1786718041.9831975,609713.527913882,485490657,1,0,0,8,66991C206848FFFF,can0
5195,1786718042.1791449,609713.723864924,773,0,0,0,8,0000000000000000,can0
5196,1786718042.1815622,609713.726277507,775,0,0,0,8,1234567856494300,can0
5197,1786718042.3858025,609713.930523091,485490657,1,0,0,8,669901207C150000,can0
5198,1786718042.386818,609713.931532383,485490657,1,0,0,8,66990E200D000000,can0
5199,1786718042.5495913,609714.094312091,435295296,1,0,0,8,007C151F01047434,can0
5200,1786718042.5507505,609714.095465549,435294784,1,0,0,8,E00B340000FFFFFF,can0
5201,1786718042.5552738,609714.099989299,435294784,1,0,0,8,E1FF4B00FFFFFFFF,can0
5202,1786718042.5564482,609714.101162674,435357504,1,0,0,8,34010D0C910000FF,can0
5203,1786718042.5572565,609714.101971049,435294784,1,0,0,8,E00B340103FFFFFF,can0
5204,1786718042.5579865,609714.102700758,435294784,1,0,0,8,E1FFFFFFFFFFFFFF,can0
5205,1786718042.5587142,609714.103428216,435357504,1,0,0,8,3402640C830000FF,can0
5206,1786718042.5594435,609714.104158174,435294784,1,0,0,8,C00B340203FFFFFF,can0
5207,1786718042.5601482,609714.104861341,435294784,1,0,0,8,C1FFFFFFFFFFFFFF,can0
5208,1786718042.5611315,609714.105844383,435357504,1,0,0,8,34030B0C590000FF,can0
5209,1786718042.561655,609714.106367633,435294784,1,0,0,8,C00B340303FFFFFF,can0
5210,1786718042.5620968,609714.106809133,435294784,1,0,0,8,C1FFFFFFFFFFFFFF,can0
5211,1786718042.5625157,609714.107228966,435357504,1,0,0,8,34047807950000FF,can0
5212,1786718042.5635412,609714.108258216,435294784,1,0,0,8,C00B340403FFFFFF,can0
5213,1786718042.5645885,609714.109302633,435294784,1,0,0,8,C1FFFFFFFFFFFFFF,can0
5214,1786718042.5655038,609714.110220299,435357248,1,0,0,8,34FFFC00FFFFFFFF,can0
5215,1786718042.5687025,609714.113417591,233966912,1,0,0,8,0001FDFFFFFFFFFF,can0
5216,1786718042.6174812,609714.162225549,485490497,1,0,0,8,66998FEDB7000000,can0
5217,1786718042.669979,609714.214699466,485490497,1,0,0,8,6699BCEDECA30100,can0
5218,1786718042.6712306,609714.215946466,485490497,1,0,0,8,6699B1ED346BD205,can0
5219,1786718042.6781933,609714.222909466,485490497,1,0,0,8,6699CCEC10810000,can0
5220,1786718042.6789973,609714.223712966,485490497,1,0,0,8,6699CBEC257E0000,can0
5221,1786718042.6848443,609714.229559966,485490497,1,0,0,8,6699DCECD0940000,can0
5222,1786718042.6857908,609714.230504966,485490497,1,0,0,8,6699DBEC0A860000,can0
5223,1786718042.6865034,609714.231217341,485490497,1,0,0,8,6699ECEC6C8E0000,can0
5224,1786718042.6871643,609714.231877383,485490497,1,0,0,8,6699EBECD07B0000,can0
5225,1786718042.6877933,609714.232507049,485490497,1,0,0,8,6699FBEC85550000,can0
5226,1786718042.7528124,609714.297532424,435295297,1,0,0,8,007C15B80004745B,can0
5227,1786718042.7548153,609714.299533008,435294785,1,0,0,8,E00B5B0000FFFFFF,can0
5228,1786718042.7596917,609714.304414216,435294785,1,0,0,8,E1FF4900FFFFFFFF,can0
5229,1786718042.7615774,609714.306292174,435357505,1,0,0,8,5B01A20C660000FF,can0
5230,1786718042.762519,609714.307233883,435294785,1,0,0,8,E00B5B0103FFFFFF,can0
5231,1786718042.7632582,609714.307972674,435294785,1,0,0,8,E1FFFFFFFFFFFFFF,can0
5232,1786718042.763915,609714.308628966,435357505,1,0,0,8,5B02670D700000FF,can0
5233,1786718042.7703154,609714.315029716,435294785,1,0,0,8,C00B5B0203FFFFFF,can0
5234,1786718042.771162,609714.315875758,435294785,1,0,0,8,C1FFFFFFFFFFFFFF,can0
5235,1786718042.771839,609714.316552299,435357505,1,0,0,8,5B03760C730000FF,can0
5236,1786718042.772471,609714.317184716,435294785,1,0,0,8,C00B5B0303FFFFFF,can0
5237,1786718042.773085,609714.317800091,435294785,1,0,0,8,C1FFFFFFFFFFFFFF,can0
5238,1786718042.7739758,609714.318690424,435357505,1,0,0,8,5B048D08000000FF,can0
5239,1786718042.7746835,609714.319398008,435294785,1,0,0,8,C00B5B0403FFFFFF,can0
5240,1786718042.7848454,609714.329566299,435294785,1,0,0,8,C1FFFFFFFFFFFFFF,can0
5241,1786718042.7859268,609714.330642549,435357249,1,0,0,8,5BFFFC00FFFFFFFF,can0
5242,1786718042.786663,609714.331378258,485442017,1,0,0,8,66990100D0EDFCFF,can0
5243,1786718042.7873518,609714.332066299,485442017,1,0,0,8,66990100DCEDFEFF,can0
5244,1786718042.7880058,609714.332721383,485442017,1,0,0,8,66990100DAEDFFFF,can0
5245,1786718042.7886722,609714.333385549,485442017,1,0,0,8,669901002720FFFF,can0
5246,1786718042.789308,609714.334022549,485490497,1,0,0,8,6699DAED00000000,can0
5247,1786718042.7900817,609714.334796174,485490497,1,0,0,8,66992720A4CC0300,can0
5248,1786718042.8108926,609714.355613341,485490497,1,0,0,8,6699DCED51110000,can0
5249,1786718042.8118844,609714.356598466,485490497,1,0,0,8,6699DDEDD7280000,can0
5250,1786718042.8128738,609714.357588341,485490497,1,0,0,8,6699D0ED38080000,can0
5251,1786718042.8138487,609714.358563508,485490497,1,0,0,8,6699D1ED29010000,can0
5252,1786718042.8146086,609714.359322716,485490497,1,0,0,8,6699D2ED35090000,can0
5253,1786718042.8194883,609714.364204341,485490497,1,0,0,8,6699D3ED03010000,can0
5254,1786718042.8202772,609714.364990924,485490496,1,0,0,8,6699BCEDEE2C0200,can0
5255,1786718042.8208456,609714.365559091,485490496,1,0,0,8,6699B1ED86237A00,can0
5256,1786718042.8213668,609714.366080133,485490496,1,0,0,8,6699CCEC91AE0000,can0
5257,1786718042.8218875,609714.366599424,485490496,1,0,0,8,6699CBEC81780000,can0
5258,1786718042.82234,609714.367052799,485490496,1,0,0,8,6699DCEC88A20000,can0
5259,1786718042.8229299,609714.367643299,485490496,1,0,0,8,6699DBECD97B0000,can0
5260,1786718042.8236177,609714.368331758,485490496,1,0,0,8,6699ECECD66B0000,can0
5261,1786718042.8242774,609714.368992424,485490496,1,0,0,8,6699EBEC66780000,can0
5262,1786718042.8249073,609714.369621133,485490496,1,0,0,8,6699FCEC04700000,can0
5263,1786718042.82571,609714.370423216,485490496,1,0,0,8,6699FBECB74A0000,can0
5264,1786718042.902764,609714.447484591,418316096,1,0,0,8,D81EC82C00A046C0,can0
5265,1786718042.9521928,609714.496915091,485490496,1,0,0,8,66998FED20010000,can0
5266,1786718042.9650424,609714.509761716,485490497,1,0,0,8,66998DED7B150000,can0
5267,1786718042.97554,609714.520261091,485441761,1,0,0,8,6699152045030000,can0
5268,1786718042.976618,609714.521333883,485490496,1,0,0,8,6699152045030000,can0
5269,1786718042.9904425,609714.535163258,485442017,1,0,0,8,66991520FB020000,can0
5270,1786718042.9913735,609714.536088549,485490497,1,0,0,8,66991520FB020000,can0
5271,1786718043.011727,609714.556465008,485490657,1,0,0,8,6699FF0FAC260000,can0
5272,1786718043.0332408,609714.577961175,485490657,1,0,0,8,66991C204845FFFF,can0
5273,1786718043.0898447,609714.634565091,485490657,1,0,0,8,669902207B150000,can0
5274,1786718043.1802974,609714.725018341,773,0,0,0,8,0000000000000000,can0
5275,1786718043.1813436,609714.726059008,775,0,0,0,8,1234567856494300,can0
5276,1786718043.506667,609715.051387258,485490496,1,0,0,8,66990102FC000000,can0
5277,1786718043.5077817,609715.052496925,485490496,1,0,0,8,66990A02FC000000,can0
5278,1786718043.5561364,609715.100856216,485490496,1,0,0,8,6699000201000000,can0
5279,1786718043.5573041,609715.10201705,485490496,1,0,0,8,6699020200000000,can0
5280,1786718043.5580752,609715.102788425,485490496,1,0,0,8,6699070200000000,can0
5281,1786718043.5593526,609715.104071175,485490496,1,0,0,8,66991E0300000000,can0
5282,1786718043.560302,609715.105015466,485490496,1,0,0,8,66991C0300000000,can0
5283,1786718043.5612059,609715.105920091,485490496,1,0,0,8,66998DED7C150000,can0
5284,1786718043.603514,609715.14823305,485490496,1,0,0,8,66998FED20010000,can0
5285,1786718043.60504,609715.149755341,485490496,1,0,0,8,6699ECED04740000,can0
5286,1786718043.6126132,609715.15733355,485490496,1,0,0,8,6699DAED00000000,can0
5287,1786718043.6159058,609715.160623716,485490497,1,0,0,8,66998DED7D150000,can0
5288,1786718043.617731,609715.162448383,485490497,1,0,0,8,66998FEDB7000000,can0
5289,1786718043.6727183,609715.217438008,485490497,1,0,0,8,6699BCED349D0100,can0
5290,1786718043.674491,609715.219205341,485490497,1,0,0,8,6699B1ED1320EC05,can0
5291,1786718043.675595,609715.220311175,485490497,1,0,0,8,6699CCEC25800000,can0
5292,1786718043.676634,609715.221349341,485490497,1,0,0,8,6699CBECAE7E0000,can0
5293,1786718043.6774452,609715.222159133,485490497,1,0,0,8,6699DCECD78B0000,can0
5294,1786718043.678322,609715.223036883,485490497,1,0,0,8,6699DBEC17870000,can0
5295,1786718043.6794426,609715.2241583,485490497,1,0,0,8,6699ECEC748E0000,can0
5296,1786718043.6802619,609715.22497705,485490497,1,0,0,8,6699EBEC567C0000,can0
5297,1786718043.6809998,609715.225713508,485490497,1,0,0,8,6699FBEC84550000,can0
5298,1786718043.8076482,609715.352367675,485490496,1,0,0,8,6699B3ED01000000,can0
5299,1786718043.8087192,609715.353434258,485490496,1,0,0,8,6699BCED5E2D0200,can0
5300,1786718043.8177273,609715.362447467,485490496,1,0,0,8,6699BCED5E2D0200,can0
5301,1786718043.821691,609715.366415758,485490496,1,0,0,8,6699B1ED6FC17900,can0
5302,1786718043.822759,609715.367473342,485490496,1,0,0,8,6699CCECA0AE0000,can0
5303,1786718043.8242517,609715.368966217,485490496,1,0,0,8,6699CBEC84780000,can0
5304,1786718043.8250196,609715.369734925,485490496,1,0,0,8,6699DCECB7A20000,can0
5305,1786718043.8266613,609715.371378467,485490496,1,0,0,8,6699DBECDA7B0000,can0
5306,1786718043.8275223,609715.3722353,485490496,1,0,0,8,6699ECECF06B0000,can0
5307,1786718043.8283033,609715.373018508,485490496,1,0,0,8,6699EBEC67780000,can0
5308,1786718043.829048,609715.373762217,485490496,1,0,0,8,6699FCECFD6F0000,can0
5309,1786718043.829799,609715.374512675,485490496,1,0,0,8,6699FBECB44A0000,can0
5310,1786718043.9002652,609715.444981883,502267712,1,0,0,8,60266699501000CD,can0
5311,1786718043.901148,609715.445861342,502267712,1,0,0,8,61020000FFFFFFFF,can0
5312,1786718043.9017844,609715.44649805,502267712,1,0,0,8,628515AB14000000,can0
5313,1786718043.9023302,609715.447042592,502267712,1,0,0,8,630000CE02000000,can0
5314,1786718043.902842,609715.447554425,502267712,1,0,0,8,6400420E00009602,can0
5315,1786718043.9034946,609715.448207342,502267712,1,0,0,8,65EE9A4001FFFFFF,can0
5316,1786718043.9726467,609715.517367842,485490657,1,0,0,8,6699FF0FAC260000,can0
5317,1786718043.9737244,609715.518439217,485490657,1,0,0,8,66991C20E444FFFF,can0
5318,1786718044.0496237,609715.594343717,435295296,1,0,0,8,007C152001047452,can0
5319,1786718044.051258,609715.595974717,435294784,1,0,0,8,000B520000FFFFFF,can0
5320,1786718044.0541806,609715.598897425,435294784,1,0,0,8,01FF4B00FFFFFFFF,can0
5321,1786718044.056533,609715.601248842,435357504,1,0,0,8,52010E0C920000FF,can0
5322,1786718044.0595732,609715.604289425,435294784,1,0,0,8,000B520103FFFFFF,can0
5323,1786718044.0607374,609715.605453633,435294784,1,0,0,8,01FFFFFFFFFFFFFF,can0
5324,1786718044.0679395,609715.612655467,435357504,1,0,0,8,5202620C830000FF,can0
5325,1786718044.0687654,609715.613480508,435294784,1,0,0,8,E00B520203FFFFFF,can0
5326,1786718044.069484,609715.614197467,435294784,1,0,0,8,E1FFFFFFFFFFFFFF,can0
5327,1786718044.0701568,609715.614869967,435357504,1,0,0,8,52030A0C5A0000FF,can0
5328,1786718044.070839,609715.615552508,435294784,1,0,0,8,E00B520303FFFFFF,can0
5329,1786718044.0715504,609715.616264883,435294784,1,0,0,8,E1FFFFFFFFFFFFFF,can0
5330,1786718044.0819767,609715.626692842,435357504,1,0,0,8,52047907980000FF,can0
5331,1786718044.0893383,609715.634075925,435294784,1,0,0,8,E00B520403FFFFFF,can0
5332,1786718044.0906227,609715.635338008,435294784,1,0,0,8,E1FFFFFFFFFFFFFF,can0
5333,1786718044.0923958,609715.637108883,435357248,1,0,0,8,52FFFC00FFFFFFFF,can0
5334,1786718044.0934725,609715.638186342,485490496,1,0,0,8,66994E0301000000,can0
5335,1786718044.1802726,609715.724993425,773,0,0,0,8,0000000000000000,can0
5336,1786718044.18114,609715.725853675,775,0,0,0,8,1234567856494300,can0
5337,1786718044.2524874,609715.797208925,435295297,1,0,0,8,007D15B300047479,can0
5338,1786718044.254191,609715.798905675,435294785,1,0,0,8,000B790000FFFFFF,can0
5339,1786718044.255189,609715.799917133,435294785,1,0,0,8,01FF4900FFFFFFFF,can0
5340,1786718044.257158,609715.801874758,435357505,1,0,0,8,7901DA0C5F0000FF,can0
5341,1786718044.258038,609715.802752842,435294785,1,0,0,8,000B790103FFFFFF,can0
5342,1786718044.2648425,609715.809559633,435294785,1,0,0,8,01FFFFFFFFFFFFFF,can0
5343,1786718044.266561,609715.811275883,435357505,1,0,0,8,7902AA0D5A0000FF,can0
5344,1786718044.278143,609715.822861967,435294785,1,0,0,8,E00B790203FFFFFF,can0
5345,1786718044.2789834,609715.823697383,435294785,1,0,0,8,E1FFFFFFFFFFFFFF,can0
5346,1786718044.2798395,609715.824553592,435357505,1,0,0,8,7903AD0C6F0000FF,can0
5347,1786718044.280504,609715.825218675,435294785,1,0,0,8,E00B790303FFFFFF,can0
5348,1786718044.2811666,609715.825879383,435294785,1,0,0,8,E1FFFFFFFFFFFFFF,can0
5349,1786718044.2861822,609715.830898925,435357505,1,0,0,8,79048D08000000FF,can0
5350,1786718044.287464,609715.832180008,435294785,1,0,0,8,E00B790403FFFFFF,can0
5351,1786718044.2913327,609715.836049383,435294785,1,0,0,8,E1FFFFFFFFFFFFFF,can0
5352,1786718044.293685,609715.838410133,435357249,1,0,0,8,79FFFC00FFFFFFFF,can0
5353,1786718044.302285,609715.846999883,233966913,1,0,0,8,0001FDFFFFFFFFFF,can0
5354,1786718044.6167493,609716.161468134,485490497,1,0,0,8,66998DED7C150000,can0
5355,1786718044.6184313,609716.1631468,485490497,1,0,0,8,66998FEDB0000000,can0
5356,1786718044.67302,609716.217740425,485490497,1,0,0,8,6699BCEDD3860100,can0
5357,1786718044.6740584,609716.218772675,485490497,1,0,0,8,6699B1ED3332F305,can0
5358,1786718044.6748374,609716.219550092,485490497,1,0,0,8,6699CCECE07A0000,can0
5359,1786718044.675885,609716.220609009,485490497,1,0,0,8,6699CBECC1800000,can0
5360,1786718044.676995,609716.221711009,485490497,1,0,0,8,6699DCECFB7E0000,can0
5361,1786718044.6778948,609716.2226093,485490497,1,0,0,8,6699DBEC5B880000,can0
5362,1786718044.6788485,609716.223564509,485490497,1,0,0,8,6699ECEC958D0000,can0
5363,1786718044.679793,609716.224507342,485490497,1,0,0,8,6699EBEC347E0000,can0
5364,1786718044.6805618,609716.2252758,485490497,1,0,0,8,6699FBEC84550000,can0
5365,1786718044.815462,609716.360181842,485490496,1,0,0,8,6699BCED6E2D0200,can0
5366,1786718044.816396,609716.361109092,485490496,1,0,0,8,6699B1ED72857900,can0
5367,1786718044.8170576,609716.361770509,485490496,1,0,0,8,6699CCEC9CAE0000,can0
5368,1786718044.8176455,609716.362357675,485490496,1,0,0,8,6699CBEC8C780000,can0
5369,1786718044.8185346,609716.3632493,485490496,1,0,0,8,6699DCECECA20000,can0
5370,1786718044.8192155,609716.363929884,485490496,1,0,0,8,6699DBECD47B0000,can0
5371,1786718044.8206787,609716.365399592,485490496,1,0,0,8,6699ECECDB6B0000,can0
5372,1786718044.8225539,609716.367268259,485490496,1,0,0,8,6699EBEC61780000,can0
5373,1786718044.8241825,609716.368897509,485490496,1,0,0,8,6699FCEC09700000,can0
5374,1786718044.8251643,609716.369879884,485490496,1,0,0,8,6699FBECB44A0000,can0
5375,1786718044.8546438,609716.399364967,502267712,1,0,0,8,801D6699431001E7,can0
5376,1786718044.8560648,609716.400782717,502267712,1,0,0,8,810E0A0004400000,can0
5377,1786718044.8572574,609716.402043592,502267712,1,0,0,8,8200000000000000,can0
5378,1786718044.858178,609716.402890259,502267712,1,0,0,8,8300000000000000,can0
5379,1786718044.8588686,609716.403581634,502267712,1,0,0,8,840000FFFFFFFFFF,can0
5380,1786718044.8595967,609716.404309425,502267712,1,0,0,8,A01D669942100156,can0
5381,1786718044.86068,609716.405394425,502267712,1,0,0,8,A19DA20167A00400,can0
5382,1786718044.8614738,609716.406188384,502267712,1,0,0,8,A200000000000000,can0
5383,1786718044.8622208,609716.406934884,502267712,1,0,0,8,A300110000000000,can0
5384,1786718044.862928,609716.407642925,502267712,1,0,0,8,A40000FFFFFFFFFF,can0
5385,1786718044.9715848,609716.516311967,485490657,1,0,0,8,6699FF0FAC260000,can0
5386,1786718044.9784315,609716.523152759,485490657,1,0,0,8,66991C20D846FFFF,can0
5387,1786718045.1846185,609716.729338759,773,0,0,0,8,0000000000000000,can0
5388,1786718045.1876767,609716.732394717,775,0,0,0,8,1234567856494300,can0
5389,1786718045.5493863,609717.094106551,435295296,1,0,0,8,007C152001047470,can0
5390,1786718045.55053,609717.095245467,435294784,1,0,0,8,200B700000FFFFFF,can0
5391,1786718045.5515137,609717.096228509,435294784,1,0,0,8,21FF4B00FFFFFFFF,can0
5392,1786718045.5523622,609717.097076384,435357504,1,0,0,8,70010D0C910000FF,can0
5393,1786718045.5591412,609717.103859051,435294784,1,0,0,8,200B700103FFFFFF,can0
5394,1786718045.5600207,609717.104734884,435294784,1,0,0,8,21FFFFFFFFFFFFFF,can0
5395,1786718045.5606985,609717.105412051,435357504,1,0,0,8,7002630C830000FF,can0
5396,1786718045.5614238,609717.106138384,435294784,1,0,0,8,000B700203FFFFFF,can0
5397,1786718045.5620983,609717.106812092,435294784,1,0,0,8,01FFFFFFFFFFFFFF,can0
5398,1786718045.5627341,609717.107447676,435357504,1,0,0,8,70030A0C5A0000FF,can0
5399,1786718045.5633538,609717.108068551,435294784,1,0,0,8,000B700303FFFFFF,can0
5400,1786718045.5640407,609717.108755342,435294784,1,0,0,8,01FFFFFFFFFFFFFF,can0
5401,1786718045.5766382,609717.121354259,435357504,1,0,0,8,70047807950000FF,can0
5402,1786718045.5778854,609717.122600509,435294784,1,0,0,8,000B700403FFFFFF,can0
5403,1786718045.578747,609717.123460092,435294784,1,0,0,8,01FFFFFFFFFFFFFF,can0
5404,1786718045.5795147,609717.124228884,435357248,1,0,0,8,70FFFC00FFFFFFFF,can0
5405,1786718045.6014395,609717.146159426,485490496,1,0,0,8,66998DED7B150000,can0
5406,1786718045.6164086,609717.161129967,485490497,1,0,0,8,66998DED7C150000,can0
5407,1786718045.617936,609717.162652759,485490497,1,0,0,8,66998FEDAF000000,can0
5408,1786718045.67454,609717.219275926,485490497,1,0,0,8,6699BCED2A840100,can0
5409,1786718045.6798544,609717.224578759,485490497,1,0,0,8,6699B1ED1724F505,can0
5410,1786718045.6837163,609717.228431509,485490497,1,0,0,8,6699CCEC527F0000,can0
5411,1786718045.684565,609717.229279717,485490497,1,0,0,8,6699CBEC0E7F0000,can0
5412,1786718045.688593,609717.233313259,485490497,1,0,0,8,6699DCECB7790000,can0
5413,1786718045.6906319,609717.235347259,485490497,1,0,0,8,6699DBECCE880000,can0
5414,1786718045.6956692,609717.240395342,485490497,1,0,0,8,6699ECECB08A0000,can0
5415,1786718045.6966894,609717.241405176,485490497,1,0,0,8,6699EBEC6E800000,can0
5416,1786718045.6975574,609717.242273009,485490497,1,0,0,8,6699FBEC81550000,can0
5417,1786718045.7523878,609717.297108217,435295297,1,0,0,8,007C15AF00047497,can0
5418,1786718045.7534547,609717.298169717,435294785,1,0,0,8,200B970000FFFFFF,can0
5419,1786718045.7541716,609717.298883842,435294785,1,0,0,8,21FF4900FFFFFFFF,can0
5420,1786718045.754783,609717.299496217,435357505,1,0,0,8,9701BA0C630000FF,can0
5421,1786718045.7561526,609717.300870176,435294785,1,0,0,8,200B970103FFFFFF,can0
5422,1786718045.7570982,609717.301813342,435294785,1,0,0,8,21FFFFFFFFFFFFFF,can0
5423,1786718045.7592824,609717.303998967,435357505,1,0,0,8,9702AE0D590000FF,can0
5424,1786718045.7602282,609717.304948717,435294785,1,0,0,8,000B970203FFFFFF,can0
5425,1786718045.761143,609717.305856134,435294785,1,0,0,8,01FFFFFFFFFFFFFF,can0
5426,1786718045.7616787,609717.306391092,435357505,1,0,0,8,9703D60C6B0000FF,can0
5427,1786718045.7621374,609717.306850134,435294785,1,0,0,8,000B970303FFFFFF,can0
5428,1786718045.7626631,609717.307375467,435294785,1,0,0,8,01FFFFFFFFFFFFFF,can0
5429,1786718045.7630744,609717.307785759,435357505,1,0,0,8,97048D08000000FF,can0
5430,1786718045.7634745,609717.308187551,435294785,1,0,0,8,000B970403FFFFFF,can0
5431,1786718045.763982,609717.308694592,435294785,1,0,0,8,01FFFFFFFFFFFFFF,can0
5432,1786718045.7647638,609717.309477092,435357249,1,0,0,8,97FFFC00FFFFFFFF,can0
5433,1786718045.8152902,609717.360111968,485490496,1,0,0,8,6699BCED5D2D0200,can0
5434,1786718045.8173645,609717.362081801,485490496,1,0,0,8,6699B1ED4F777900,can0
5435,1786718045.8181212,609717.362833926,485490496,1,0,0,8,6699CCECCAAE0000,can0
5436,1786718045.818796,609717.363508968,485490496,1,0,0,8,6699CBEC89780000,can0
5437,1786718045.8194964,609717.364209343,485490496,1,0,0,8,6699DCECFFA20000,can0
5438,1786718045.8202627,609717.364976884,485490496,1,0,0,8,6699DBECCF7B0000,can0
5439,1786718045.8209262,609717.365639759,485490496,1,0,0,8,6699ECEC8A6B0000,can0
5440,1786718045.8214393,609717.366151093,485490496,1,0,0,8,6699EBEC5D780000,can0
5441,1786718045.8231158,609717.367832384,485490496,1,0,0,8,6699FCEC1E700000,can0
5442,1786718045.8239956,609717.368711801,485490496,1,0,0,8,6699FBECB54A0000,can0
5443,1786718045.9940126,609717.538732634,485441761,1,0,0,8,6699152045030000,can0
5444,1786718045.9950867,609717.539800343,485490496,1,0,0,8,6699152045030000,can0
5445,1786718045.9985337,609717.543249093,485442017,1,0,0,8,66991520FB020000,can0
5446,1786718045.9992611,609717.543975093,485490497,1,0,0,8,66991520FB020000,can0
5447,1786718046.011323,609717.556043468,485490657,1,0,0,8,6699FF0FAC260000,can0
5448,1786718046.0143857,609717.559106051,485490657,1,0,0,8,66991C20A047FFFF,can0
5449,1786718046.0897524,609717.634472884,485490657,1,0,0,8,669902207C150000,can0
5450,1786718046.0956256,609717.640345843,485490657,1,0,0,8,669903204C090000,can0
5451,1786718046.1823542,609717.727074801,485441761,1,0,0,8,66990100D0EDFCFF,can0
5452,1786718046.1835158,609717.728231426,485441761,1,0,0,8,66990100DCEDFEFF,can0
5453,1786718046.1848834,609717.729598884,485441761,1,0,0,8,66990100DAEDFFFF,can0
5454,1786718046.1861298,609717.730844093,485441761,1,0,0,8,669901002720FFFF,can0
5455,1786718046.1869087,609717.731623134,773,0,0,0,8,0000000000000000,can0
5456,1786718046.1902585,609717.734973343,775,0,0,0,8,1234567856494300,can0
5457,1786718046.1910212,609717.735735759,485490496,1,0,0,8,6699DAED00000000,can0
5458,1786718046.1917534,609717.736467926,485490496,1,0,0,8,669927209DB10300,can0
5459,1786718046.2103171,609717.755037051,485490497,1,0,0,8,66990102FC000000,can0
5460,1786718046.211265,609717.755978676,485490497,1,0,0,8,66990A02FC000000,can0
5461,1786718046.2370968,609717.781815676,485490496,1,0,0,8,6699DCED99200000,can0
5462,1786718046.2380123,609717.782726009,485490496,1,0,0,8,6699DDEDEA830200,can0
5463,1786718046.2387898,609717.783504468,485490496,1,0,0,8,6699D0ED730E0000,can0
5464,1786718046.2395473,609717.784261718,485490496,1,0,0,8,6699D1EDF9030000,can0
5465,1786718046.2402127,609717.784926134,485490496,1,0,0,8,6699D2ED420E0000,can0
5466,1786718046.2408044,609717.785518051,485490496,1,0,0,8,6699D3EDCD020000,can0
5467,1786718046.2603943,609717.805115093,485490497,1,0,0,8,6699000201000000,can0
5468,1786718046.2655106,609717.810236093,485490497,1,0,0,8,6699020200000000,can0
5469,1786718046.2666368,609717.811351301,485490497,1,0,0,8,6699070200000000,can0
5470,1786718046.2691672,609717.813882176,485490497,1,0,0,8,66991E0300000000,can0
5471,1786718046.2700021,609717.814717134,485490497,1,0,0,8,66991C0300000000,can0
5472,1786718046.2707574,609717.815471509,485490497,1,0,0,8,66998DED7C150000,can0
5473,1786718046.30129,609717.846009468,485490496,1,0,0,8,66998DED7C150000,can0
5474,1786718046.3065872,609717.851303676,485490497,1,0,0,8,66998FEDAE000000,can0
5475,1786718046.3082154,609717.852932759,485490497,1,0,0,8,6699ECED04740000,can0
5476,1786718046.3106368,609717.855357134,485490497,1,0,0,8,6699DAED00000000,can0
5477,1786718046.5112438,609718.055964426,485490497,1,0,0,8,6699B3ED01000000,can0
5478,1786718046.5123456,609718.057058759,485490497,1,0,0,8,6699BCED89880100,can0
5479,1786718046.6033182,609718.148037551,502267713,1,0,0,8,E026669950100003,can0
5480,1786718046.604307,609718.149021718,502267713,1,0,0,8,E1010000FFFFFFFF,can0
5481,1786718046.6049693,609718.149683051,502267713,1,0,0,8,E28515AF14000000,can0
5482,1786718046.6058056,609718.150518551,502267713,1,0,0,8,E30000CD02000000,can0
5483,1786718046.60654,609718.151253676,502267713,1,0,0,8,E400350900009F01,can0
5484,1786718046.6070294,609718.151741926,502267713,1,0,0,8,E58A9A1300FFFFFF,can0
5485,1786718046.619621,609718.164340135,485490497,1,0,0,8,66998FEDAE000000,can0
5486,1786718046.6740608,609718.21877776,485490497,1,0,0,8,6699BCED89880100,can0
5487,1786718046.6749823,609718.219695051,485490497,1,0,0,8,6699B1ED0AADF505,can0
5488,1786718046.6758695,609718.220583426,485490497,1,0,0,8,6699CCEC89800000,can0
5489,1786718046.6769829,609718.221697385,485490497,1,0,0,8,6699CBECA97E0000,can0
5490,1786718046.6779952,609718.222710426,485490497,1,0,0,8,6699DCECEB7B0000,can0
5491,1786718046.6801226,609718.224837551,485490497,1,0,0,8,6699DBECA9880000,can0
5492,1786718046.681927,609718.226642218,485490497,1,0,0,8,6699ECEC828C0000,can0
5493,1786718046.6829853,609718.227700218,485490497,1,0,0,8,6699EBEC377F0000,can0
5494,1786718046.683774,609718.228487635,485490497,1,0,0,8,6699FBEC84550000,can0
5495,1786718046.7604089,609718.305129718,485490497,1,0,0,8,66994E0301000000,can0
5496,1786718046.8152058,609718.359924843,485490496,1,0,0,8,6699BCED742E0200,can0
5497,1786718046.8163068,609718.361020593,485490496,1,0,0,8,6699B1EDF7C27900,can0
5498,1786718046.8170052,609718.361718135,485490496,1,0,0,8,6699CCECFBAE0000,can0
5499,1786718046.8177536,609718.362467176,485490496,1,0,0,8,6699CBEC8E780000,can0
5500,1786718046.8184838,609718.363197801,485490496,1,0,0,8,6699DCEC1DA30000,can0
5501,1786718046.8210154,609718.365730718,485490496,1,0,0,8,6699DBECDA7B0000,can0
5502,1786718046.8220904,609718.366804968,485490496,1,0,0,8,6699ECECE76B0000,can0
5503,1786718046.8227577,609718.36747076,485490496,1,0,0,8,6699EBEC63780000,can0
5504,1786718046.8233485,609718.368060843,485490496,1,0,0,8,6699FCEC42700000,can0
5505,1786718046.8238118,609718.368524093,485490496,1,0,0,8,6699FBECB84A0000,can0
5506,1786718046.9799445,609718.524665051,485490657,1,0,0,8,6699FF0FAC260000,can0
5507,1786718046.9808154,609718.52553051,485490657,1,0,0,8,66991C200448FFFF,can0
5508,1786718047.0590055,609718.603725885,435295296,1,0,0,8,007C15200104748E,can0
5509,1786718047.0599673,609718.604682551,435294784,1,0,0,8,400B8E0000FFFFFF,can0
5510,1786718047.0607615,609718.605476968,435294784,1,0,0,8,41FF4B00FFFFFFFF,can0
5511,1786718047.0615194,609718.606233051,435357504,1,0,0,8,8E010E0C910000FF,can0
5512,1786718047.0622537,609718.606969343,435294784,1,0,0,8,400B8E0103FFFFFF,can0
5513,1786718047.0705986,609718.615315926,435294784,1,0,0,8,41FFFFFFFFFFFFFF,can0
5514,1786718047.0715003,609718.616215093,435357504,1,0,0,8,8E02630C830000FF,can0
5515,1786718047.0723264,609718.617041551,435294784,1,0,0,8,200B8E0203FFFFFF,can0
5516,1786718047.0730777,609718.617791135,435294784,1,0,0,8,21FFFFFFFFFFFFFF,can0
5517,1786718047.0737424,609718.618456051,435357504,1,0,0,8,8E030B0C5A0000FF,can0
5518,1786718047.0770364,609718.62175176,435294784,1,0,0,8,200B8E0303FFFFFF,can0
5519,1786718047.0779068,609718.622621635,435294784,1,0,0,8,21FFFFFFFFFFFFFF,can0
5520,1786718047.0787005,609718.62341576,435357504,1,0,0,8,8E047807960000FF,can0
5521,1786718047.0806446,609718.625359093,435294784,1,0,0,8,200B8E0403FFFFFF,can0
5522,1786718047.0823526,609718.627069635,435294784,1,0,0,8,21FFFFFFFFFFFFFF,can0
5523,1786718047.0833116,609718.628026218,435357248,1,0,0,8,8EFFFC00FFFFFFFF,can0
5524,1786718047.1816437,609718.726364926,773,0,0,0,8,0000000000000000,can0
5525,1786718047.1832774,609718.727993718,775,0,0,0,8,1234567856494300,can0
5526,1786718047.254221,609718.798942427,435295297,1,0,0,8,007C15AF000474B5,can0
5527,1786718047.255427,609718.800142343,435294785,1,0,0,8,400BB50000FFFFFF,can0
5528,1786718047.256282,609718.80099676,435294785,1,0,0,8,41FF4900FFFFFFFF,can0
5529,1786718047.2573097,609718.80202426,435357505,1,0,0,8,B501A10C660000FF,can0
5530,1786718047.2580566,609718.802772343,435294785,1,0,0,8,400BB50103FFFFFF,can0
5531,1786718047.2588751,609718.803589302,435294785,1,0,0,8,41FFFFFFFFFFFFFF,can0
5532,1786718047.2596147,609718.804329802,435357505,1,0,0,8,B502A70D5C0000FF,can0
5533,1786718047.2603395,609718.805054593,435294785,1,0,0,8,200BB50203FFFFFF,can0
5534,1786718047.2611718,609718.805885843,435294785,1,0,0,8,21FFFFFFFFFFFFFF,can0
5535,1786718047.2618697,609718.806582968,435357505,1,0,0,8,B503B40C6F0000FF,can0
5536,1786718047.2624924,609718.807206593,435294785,1,0,0,8,200BB50303FFFFFF,can0
5537,1786718047.2631884,609718.807901885,435294785,1,0,0,8,21FFFFFFFFFFFFFF,can0
5538,1786718047.2638745,609718.80858751,435357505,1,0,0,8,B5048D08000000FF,can0
5539,1786718047.2644837,609718.809198218,435294785,1,0,0,8,200BB50403FFFFFF,can0
5540,1786718047.2805989,609718.825318468,435294785,1,0,0,8,21FFFFFFFFFFFFFF,can0
5541,1786718047.2816963,609718.826411885,435357249,1,0,0,8,B5FFFC00FFFFFFFF,can0
5542,1786718047.382735,609718.927461968,485490657,1,0,0,8,669901207C150000,can0
5543,1786718047.3838432,609718.928557718,485490657,1,0,0,8,66990E200D000000,can0
5544,1786718047.6020513,609719.146771427,418316097,1,0,0,8,4FE5C92C00A046C0,can0
5545,1786718047.6212413,609719.165961843,485490497,1,0,0,8,66998FEDB0000000,can0
5546,1786718047.6727972,609719.217518427,485490497,1,0,0,8,6699BCEDD38B0100,can0
5547,1786718047.6738412,609719.218556552,485490497,1,0,0,8,6699B1EDB5D2F505,can0
5548,1786718047.6747046,609719.219418593,485490497,1,0,0,8,6699CCECF9800000,can0
5549,1786718047.6927404,609719.237460302,485490497,1,0,0,8,6699CBEC507E0000,can0
5550,1786718047.6941874,609719.23890251,485490497,1,0,0,8,6699DCEC717E0000,can0
5551,1786718047.7008076,609719.245527218,485490497,1,0,0,8,6699DBEC72880000,can0
5552,1786718047.7018785,609719.246593885,485490497,1,0,0,8,6699ECEC058D0000,can0
5553,1786718047.7127068,609719.257424927,485490497,1,0,0,8,6699EBEC097F0000,can0
5554,1786718047.713501,609719.258214677,485490497,1,0,0,8,6699FBEC84550000,can0
5555,1786718047.7551594,609719.29987926,485490497,1,0,0,8,66998DED7D150000,can0
5556,1786718047.7774882,609719.322227177,485442017,1,0,0,8,66990100D0EDFCFF,can0
5557,1786718047.7785835,609719.323297718,485442017,1,0,0,8,66990100DCEDFEFF,can0
5558,1786718047.7794814,609719.324197802,485442017,1,0,0,8,66990100DAEDFFFF,can0
5559,1786718047.789473,609719.334186968,485442017,1,0,0,8,669901002720FFFF,can0
5560,1786718047.7944632,609719.339176843,485490497,1,0,0,8,6699DAED00000000,can0
5561,1786718047.7951038,609719.339818343,485490497,1,0,0,8,66992720F0BA0300,can0
5562,1786718047.8150544,609719.35977376,485490496,1,0,0,8,6699BCED2B2E0200,can0
5563,1786718047.8166487,609719.361364677,485490496,1,0,0,8,6699B1ED239F7900,can0
5564,1786718047.817657,609719.36237151,485490496,1,0,0,8,6699CCECEBAE0000,can0
5565,1786718047.8195374,609719.364251802,485490496,1,0,0,8,6699CBEC8E780000,can0
5566,1786718047.824469,609719.369211677,485490496,1,0,0,8,6699DCECFAA20000,can0
5567,1786718047.8272104,609719.371930468,485490496,1,0,0,8,6699DBECD37B0000,can0
5568,1786718047.8324041,609719.377122385,485490496,1,0,0,8,6699ECEC086C0000,can0
5569,1786718047.8351746,609719.37989101,485490496,1,0,0,8,6699EBEC5F780000,can0
5570,1786718047.8405242,609719.385247468,485490496,1,0,0,8,6699FCEC1F700000,can0
5571,1786718047.8428721,609719.387590927,485490496,1,0,0,8,6699FBECBA4A0000,can0
5572,1786718047.8458307,609719.390546677,485490497,1,0,0,8,6699DCED51110000,can0
5573,1786718047.8485525,609719.393267468,485490497,1,0,0,8,6699DDEDD7280000,can0
5574,1786718047.8492708,609719.393985343,485490497,1,0,0,8,6699D0ED38080000,can0
5575,1786718047.8499026,609719.39461601,485490497,1,0,0,8,6699D1ED29010000,can0
5576,1786718047.8508031,609719.395517635,485490497,1,0,0,8,6699D2ED35090000,can0
5577,1786718047.8514805,609719.396194218,485490497,1,0,0,8,6699D3ED03010000,can0
5578,1786718047.9951813,609719.539901969,485490657,1,0,0,8,6699FF0FAC260000,can0
5579,1786718047.9962356,609719.540949885,485490657,1,0,0,8,66991C200448FFFF,can0
5580,1786718048.1901505,609719.734870594,773,0,0,0,8,0000000000000000,can0
5581,1786718048.1913497,609719.736066885,775,0,0,0,8,1234567856494300,can0
5582,1786718048.4088316,609719.953552219,502267713,1,0,0,8,001D6699431001A6,can0
5583,1786718048.4099433,609719.954658969,502267713,1,0,0,8,010D0A000D1F0000,can0
5584,1786718048.4108694,609719.955583927,502267713,1,0,0,8,0200000000000000,can0
5585,1786718048.4128413,609719.957559177,502267713,1,0,0,8,0300000000000000,can0
5586,1786718048.4142535,609719.958969219,502267713,1,0,0,8,040000FFFFFFFFFF,can0
5587,1786718048.4150224,609719.959735969,502267713,1,0,0,8,201D669942100129,can0
5588,1786718048.4164765,609719.961190844,502267713,1,0,0,8,217E1800F4480000,can0
5589,1786718048.4175074,609719.962230969,502267713,1,0,0,8,2200000000000000,can0
5590,1786718048.4192524,609719.963968844,502267713,1,0,0,8,2300010000000000,can0
5591,1786718048.4201238,609719.964838802,502267713,1,0,0,8,240000FFFFFFFFFF,can0
5592,1786718048.5061123,609720.050832302,485490496,1,0,0,8,66990102FC000000,can0
5593,1786718048.50883,609720.053545094,485490496,1,0,0,8,66990A02FC000000,can0
5594,1786718048.5492465,609720.09396476,435295296,1,0,0,8,007C1520010474AC,can0
5595,1786718048.5504978,609720.095254552,435294784,1,0,0,8,600BAC0000FFFFFF,can0
5596,1786718048.5515301,609720.096243094,435294784,1,0,0,8,61FF4B00FFFFFFFF,can0
5597,1786718048.5525615,609720.097276469,435357504,1,0,0,8,AC010D0C910000FF,can0
5598,1786718048.553505,609720.098220469,435294784,1,0,0,8,600BAC0103FFFFFF,can0
5599,1786718048.554498,609720.099213344,435294784,1,0,0,8,61FFFFFFFFFFFFFF,can0
5600,1786718048.5556965,609720.100413552,435357504,1,0,0,8,AC02620C830000FF,can0
5601,1786718048.5595,609720.10421601,435294784,1,0,0,8,400BAC0203FFFFFF,can0
5602,1786718048.5607803,609720.105495302,435294784,1,0,0,8,41FFFFFFFFFFFFFF,can0
5603,1786718048.5618503,609720.106565677,435357504,1,0,0,8,AC03090C5A0000FF,can0
5604,1786718048.5629148,609720.107629344,435294784,1,0,0,8,400BAC0303FFFFFF,can0
5605,1786718048.5636926,609720.108406677,435294784,1,0,0,8,41FFFFFFFFFFFFFF,can0
5606,1786718048.564623,609720.109337969,435357504,1,0,0,8,AC047807970000FF,can0
5607,1786718048.5659642,609720.11067976,435294784,1,0,0,8,400BAC0403FFFFFF,can0
5608,1786718048.5668175,609720.111532052,435294784,1,0,0,8,41FFFFFFFFFFFFFF,can0
5609,1786718048.5678031,609720.112516302,435357248,1,0,0,8,ACFFFC00FFFFFFFF,can0
5610,1786718048.568762,609720.113476552,233966912,1,0,0,8,0001FDFFFFFFFFFF,can0
5611,1786718048.5693495,609720.114062469,485490496,1,0,0,8,6699000201000000,can0
5612,1786718048.5698218,609720.114534219,485490496,1,0,0,8,6699020200000000,can0
5613,1786718048.5702994,609720.115013635,485490496,1,0,0,8,6699070200000000,can0
5614,1786718048.5709198,609720.115635177,485490496,1,0,0,8,66991E0300000000,can0
5615,1786718048.571625,609720.11633926,485490496,1,0,0,8,66991C0300000000,can0
5616,1786718048.5723364,609720.117051052,485490496,1,0,0,8,66998DED7C150000,can0
5617,1786718048.6032572,609720.147977844,485490496,1,0,0,8,66998FED20010000,can0
5618,1786718048.60508,609720.149799385,485490496,1,0,0,8,6699ECED04740000,can0
5619,1786718048.6077366,609720.152455927,485490496,1,0,0,8,6699DAED00000000,can0
5620,1786718048.6163738,609720.161093636,485490497,1,0,0,8,66998DED7C150000,can0
5621,1786718048.6725984,609720.217318719,485490497,1,0,0,8,6699BCED64890100,can0
5622,1786718048.6735952,609720.218309469,485490497,1,0,0,8,6699B1ED12DDF505,can0
5623,1786718048.674413,609720.219127469,485490497,1,0,0,8,6699CCEC27800000,can0
5624,1786718048.6752174,609720.219931136,485490497,1,0,0,8,6699CBECCA7E0000,can0
5625,1786718048.6768246,609720.221538886,485490497,1,0,0,8,6699DCEC167D0000,can0
5626,1786718048.6778073,609720.222520719,485490497,1,0,0,8,6699DBEC97880000,can0
5627,1786718048.6785097,609720.223223761,485490497,1,0,0,8,6699ECECF28C0000,can0
5628,1786718048.6791415,609720.223941969,485490497,1,0,0,8,6699EBEC227F0000,can0
5629,1786718048.6800075,609720.224721219,485490497,1,0,0,8,6699FBEC85550000,can0
5630,1786718048.7525775,609720.297307177,435295297,1,0,0,8,007C15B0000474D3,can0
5631,1786718048.7537727,609720.298488719,435294785,1,0,0,8,600BD30000FFFFFF,can0
5632,1786718048.7547975,609720.299512469,435294785,1,0,0,8,61FF4900FFFFFFFF,can0
5633,1786718048.7564025,609720.301119177,435357505,1,0,0,8,D301AD0C650000FF,can0
5634,1786718048.7575617,609720.302275802,435294785,1,0,0,8,600BD30103FFFFFF,can0
5635,1786718048.7585964,609720.303310719,435294785,1,0,0,8,61FFFFFFFFFFFFFF,can0
5636,1786718048.7596152,609720.304330802,435357505,1,0,0,8,D302A90D5B0000FF,can0
5637,1786718048.7605383,609720.305252552,435294785,1,0,0,8,400BD30203FFFFFF,can0
5638,1786718048.761457,609720.306171886,435294785,1,0,0,8,41FFFFFFFFFFFFFF,can0
5639,1786718048.7620652,609720.306778261,435357505,1,0,0,8,D303B60C6D0000FF,can0
5640,1786718048.7627437,609720.307458927,435294785,1,0,0,8,400BD30303FFFFFF,can0
5641,1786718048.7656167,609720.310333927,435294785,1,0,0,8,41FFFFFFFFFFFFFF,can0
5642,1786718048.7688107,609720.313527677,435357505,1,0,0,8,D3048D08000000FF,can0
5643,1786718048.7756808,609720.320397177,435294785,1,0,0,8,400BD30403FFFFFF,can0
5644,1786718048.7765467,609720.321261094,435294785,1,0,0,8,41FFFFFFFFFFFFFF,can0
5645,1786718048.7793913,609720.324110136,435357249,1,0,0,8,D3FFFC00FFFFFFFF,can0
5646,1786718048.8072665,609720.351987511,485490496,1,0,0,8,6699B3ED01000000,can0
5647,1786718048.808271,609720.352984344,485490496,1,0,0,8,6699BCED5B2D0200,can0
5648,1786718048.8174539,609720.362175219,485490496,1,0,0,8,6699BCED5B2D0200,can0
5649,1786718048.8188033,609720.363517927,485490496,1,0,0,8,6699B1ED838E7900,can0
5650,1786718048.8195455,609720.364258761,485490496,1,0,0,8,6699CCECBAAE0000,can0
5651,1786718048.8201065,609720.364819761,485490496,1,0,0,8,6699CBEC7A780000,can0
5652,1786718048.8214786,609720.366193636,485490496,1,0,0,8,6699DCECC5A20000,can0
5653,1786718048.822434,609720.367148469,485490496,1,0,0,8,6699DBECD97B0000,can0
5654,1786718048.823884,609720.368599427,485490496,1,0,0,8,6699ECECCE6B0000,can0
5655,1786718048.8249319,609720.369647094,485490496,1,0,0,8,6699EBEC64780000,can0
5656,1786718048.8262582,609720.370973552,485490496,1,0,0,8,6699FCECDC6F0000,can0
5657,1786718048.8270028,609720.371716344,485490496,1,0,0,8,6699FBECB74A0000,can0
5658,1786718048.900475,609720.445191094,502267712,1,0,0,8,C0266699501000CD,can0
5659,1786718048.901486,609720.446199511,502267712,1,0,0,8,C1020000FFFFFFFF,can0
5660,1786718048.9020495,609720.446762677,502267712,1,0,0,8,C28515AB14000000,can0
5661,1786718048.9025438,609720.447257177,502267712,1,0,0,8,C30000CE02000000,can0
5662,1786718048.9031081,609720.447820844,502267712,1,0,0,8,C400420E00009602,can0
5663,1786718048.904824,609720.449537927,502267712,1,0,0,8,C5EE9A4001FFFFFF,can0
5664,1786718048.9927387,609720.537459052,485441761,1,0,0,8,6699152046030000,can0
5665,1786718049.0013225,609720.546038469,485490496,1,0,0,8,6699152046030000,can0
5666,1786718049.0020285,609720.546742511,485442017,1,0,0,8,66991520FA020000,can0
5667,1786718049.002748,609720.547461219,485490497,1,0,0,8,66991520FA020000,can0
5668,1786718049.0084102,609720.553131094,485490657,1,0,0,8,6699FF0FAC260000,can0
5669,1786718049.0092893,609720.554004011,485490657,1,0,0,8,66991C206848FFFF,can0
5670,1786718049.0567245,609720.601445969,485490496,1,0,0,8,66994E0301000000,can0
5671,1786718049.084323,609720.629042886,485490657,1,0,0,8,669902207B150000,can0
5672,1786718049.159261,609720.703981136,485490497,1,0,0,8,66998BED48000000,can0
5673,1786718049.1858714,609720.730591302,773,0,0,0,8,0000000000000000,can0
5674,1786718049.1916935,609720.736413677,775,0,0,0,8,1234567856494300,can0
5675,1786718049.6723151,609721.217036136,485490497,1,0,0,8,6699BCED718A0100,can0
5676,1786718049.673191,609721.217905428,485490497,1,0,0,8,6699B1EDEBDFF505,can0
5677,1786718049.673946,609721.218659469,485490497,1,0,0,8,6699CCECE77F0000,can0
5678,1786718049.6745415,609721.219254594,485490497,1,0,0,8,6699CBECD87E0000,can0
5679,1786718049.6754053,609721.220120844,485490497,1,0,0,8,6699DCECE07C0000,can0
5680,1786718049.6760614,609721.220774678,485490497,1,0,0,8,6699DBEC99880000,can0
5681,1786718049.6771667,609721.221881094,485490497,1,0,0,8,6699ECEC5B8D0000,can0
5682,1786718049.677875,609721.222588969,485490497,1,0,0,8,6699EBECB47E0000,can0
5683,1786718049.679009,609721.223723094,485490497,1,0,0,8,6699FBEC86550000,can0
5684,1786718049.8149717,609721.359691386,485490496,1,0,0,8,6699BCED9B2D0200,can0
5685,1786718049.8162067,609721.360921678,485490496,1,0,0,8,6699B1ED26937900,can0
5686,1786718049.8170059,609721.361720511,485490496,1,0,0,8,6699CCECDAAE0000,can0
5687,1786718049.8178463,609721.362565678,485490496,1,0,0,8,6699CBEC82780000,can0
5688,1786718049.8188612,609721.363575886,485490496,1,0,0,8,6699DCEC4BA30000,can0
5689,1786718049.8196473,609721.364362886,485490496,1,0,0,8,6699DBECDF7B0000,can0
5690,1786718049.8206198,609721.365334261,485490496,1,0,0,8,6699ECECC06B0000,can0
5691,1786718049.8212762,609721.365988886,485490496,1,0,0,8,6699EBEC6B780000,can0
5692,1786718049.8219266,609721.366641719,485490496,1,0,0,8,6699FCECF76F0000,can0
5693,1786718049.8225982,609721.367312761,485490496,1,0,0,8,6699FBECB24A0000,can0
5694,1786718049.95496,609721.499681261,485490497,1,0,0,8,66998DED7B150000,can0
5695,1786718049.9804883,609721.525208053,485490657,1,0,0,8,6699FF0FAC260000,can0
5696,1786718049.985627,609721.530350761,485490657,1,0,0,8,66991C20A047FFFF,can0
5697,1786718050.0488882,609721.593651678,435295296,1,0,0,8,007C1520010474CA,can0
5698,1786718050.050419,609721.595135803,435294784,1,0,0,8,800BCA0000FFFFFF,can0
5699,1786718050.0516627,609721.596379345,435294784,1,0,0,8,81FF4B00FFFFFFFF,can0
5700,1786718050.0623405,609721.607060595,435357504,1,0,0,8,CA010C0C910000FF,can0
5701,1786718050.0657737,609721.610494595,435294784,1,0,0,8,800BCA0103FFFFFF,can0
5702,1786718050.0668614,609721.611575845,435294784,1,0,0,8,81FFFFFFFFFFFFFF,can0
5703,1786718050.0681386,609721.612856428,435357504,1,0,0,8,CA02630C830000FF,can0
5704,1786718050.069542,609721.614255136,435294784,1,0,0,8,600BCA0203FFFFFF,can0
5705,1786718050.070135,609721.614847345,435294784,1,0,0,8,61FFFFFFFFFFFFFF,can0
5706,1786718050.0706098,609721.61532247,435357504,1,0,0,8,CA030B0C5A0000FF,can0
5707,1786718050.071164,609721.615875511,435294784,1,0,0,8,600BCA0303FFFFFF,can0
5708,1786718050.07158,609721.61629197,435294784,1,0,0,8,61FFFFFFFFFFFFFF,can0
5709,1786718050.0719814,609721.616693136,435357504,1,0,0,8,CA047707960000FF,can0
5710,1786718050.0724695,609721.617182345,435294784,1,0,0,8,600BCA0403FFFFFF,can0
5711,1786718050.0728552,609721.617567386,435294784,1,0,0,8,61FFFFFFFFFFFFFF,can0
5712,1786718050.0738642,609721.618577011,435357248,1,0,0,8,CAFFFC00FFFFFFFF,can0
5713,1786718050.1045852,609721.649306511,485490497,1,0,0,8,66998FEDAF000000,can0
5714,1786718050.1792917,609721.724011595,773,0,0,0,8,0000000000000000,can0
5715,1786718050.1826591,609721.727378511,775,0,0,0,8,1234567856494300,can0
5716,1786718050.252242,609721.796962303,435295297,1,0,0,8,007B15AF000474F1,can0
5717,1786718050.2531524,609721.797867928,435294785,1,0,0,8,800BF10000FFFFFF,can0
5718,1786718050.253882,609721.798596011,435294785,1,0,0,8,81FF4800FFFFFFFF,can0
5719,1786718050.2545757,609721.799289345,435357505,1,0,0,8,F101B90C650000FF,can0
5720,1786718050.2552695,609721.799982761,435294785,1,0,0,8,800BF10103FFFFFF,can0
5721,1786718050.2610211,609721.805735095,435294785,1,0,0,8,81FFFFFFFFFFFFFF,can0
5722,1786718050.262534,609721.807250761,435357505,1,0,0,8,F102AC0D5A0000FF,can0
5723,1786718050.263445,609721.808158428,435294785,1,0,0,8,600BF10203FFFFFF,can0
5724,1786718050.2670622,609721.81177722,435294785,1,0,0,8,61FFFFFFFFFFFFFF,can0
5725,1786718050.267809,609721.812522803,435357505,1,0,0,8,F103B30C6F0000FF,can0
5726,1786718050.268472,609721.813186178,435294785,1,0,0,8,600BF10303FFFFFF,can0
5727,1786718050.2691078,609721.813821928,435294785,1,0,0,8,61FFFFFFFFFFFFFF,can0
5728,1786718050.269748,609721.814462886,435357505,1,0,0,8,F1048D08000000FF,can0
5729,1786718050.2703674,609721.81508097,435294785,1,0,0,8,600BF10403FFFFFF,can0
5730,1786718050.2709653,609721.81567872,435294785,1,0,0,8,61FFFFFFFFFFFFFF,can0
5731,1786718050.2715328,609721.816245595,435357249,1,0,0,8,F1FFFC00FFFFFFFF,can0
5732,1786718050.2722034,609721.816917511,233966913,1,0,0,8,0001FDFFFFFFFFFF,can0
5733,1786718050.4067392,609721.95145922,485490496,1,0,0,8,6699DBEDAC120000,can0
5734,1786718050.6162565,609722.16097747,485490497,1,0,0,8,66998DED7C150000,can0
5735,1786718050.6178832,609722.162602011,485490497,1,0,0,8,66998FEDB0000000,can0
5736,1786718050.6725008,609722.21722047,485490497,1,0,0,8,6699BCEDB28E0100,can0
5737,1786718050.6734614,609722.218180636,485490497,1,0,0,8,6699B1EDB4E0F505,can0
5738,1786718050.6749568,609722.219673178,485490497,1,0,0,8,6699CCECE4800000,can0
5739,1786718050.676011,609722.22072597,485490497,1,0,0,8,6699CBEC927E0000,can0
5740,1786718050.676968,609722.221682011,485490497,1,0,0,8,6699DCEC21820000,can0
5741,1786718050.6780403,609722.222756053,485490497,1,0,0,8,6699DBEC28880000,can0
5742,1786718050.6790524,609722.223766803,485490497,1,0,0,8,6699ECEC888E0000,can0
5743,1786718050.680005,609722.22471922,485490497,1,0,0,8,6699EBEC587D0000,can0
5744,1786718050.680762,609722.225477303,485490497,1,0,0,8,6699FBEC83550000,can0
5745,1786718050.7045941,609722.249315178,485490497,1,0,0,8,66998BED49000000,can0
5746,1786718050.8149042,609722.35962397,485490496,1,0,0,8,6699BCED062E0200,can0
5747,1786718050.8160348,609722.360748137,485490496,1,0,0,8,6699B1ED58BF7900,can0
5748,1786718050.816728,609722.361440637,485490496,1,0,0,8,6699CCECFBAE0000,can0
5749,1786718050.818038,609722.36275622,485490496,1,0,0,8,6699CBEC7D780000,can0
5750,1786718050.8189929,609722.363707095,485490496,1,0,0,8,6699DCEC34A30000,can0
5751,1786718050.8209553,609722.365691095,485490496,1,0,0,8,6699DBECDC7B0000,can0
5752,1786718050.8220403,609722.366754595,485490496,1,0,0,8,6699ECECE16B0000,can0
5753,1786718050.8230503,609722.367764095,485490496,1,0,0,8,6699EBEC66780000,can0
5754,1786718050.8237286,609722.368442178,485490496,1,0,0,8,6699FCECF46F0000,can0
5755,1786718050.8244047,609722.36911997,485490496,1,0,0,8,6699FBECB34A0000,can0
5756,1786718050.902304,609722.447023637,485490496,1,0,0,8,6699DBEDA2120000,can0
5757,1786718050.9857879,609722.530508512,485490657,1,0,0,8,6699FF0FAC260000,can0
5758,1786718050.9882224,609722.532937178,485490657,1,0,0,8,66991C20D846FFFF,can0
5759,1786718051.17969,609722.724408303,485441761,1,0,0,8,66990100D0EDFCFF,can0
5760,1786718051.1809008,609722.725616928,485441761,1,0,0,8,66990100DCEDFEFF,can0
5761,1786718051.1819947,609722.72670972,485441761,1,0,0,8,66990100DAEDFFFF,can0
5762,1786718051.183053,609722.727768053,485441761,1,0,0,8,669901002720FFFF,can0
5763,1786718051.183987,609722.728701428,773,0,0,0,8,0000000000000000,can0
5764,1786718051.1848621,609722.729578303,775,0,0,0,8,1234567856494300,can0
5765,1786718051.191119,609722.73583472,485490496,1,0,0,8,6699DAED00000000,can0
5766,1786718051.1922522,609722.73696822,485490496,1,0,0,8,6699272009BD0300,can0
5767,1786718051.2128599,609722.757579553,485490497,1,0,0,8,66990102FC000000,can0
5768,1786718051.2137487,609722.758462678,485490497,1,0,0,8,66990A02FC000000,can0
5769,1786718051.246412,609722.791132387,485490496,1,0,0,8,6699DCED99200000,can0
5770,1786718051.2475414,609722.792257262,485490496,1,0,0,8,6699DDEDEA830200,can0
5771,1786718051.2482126,609722.792925762,485490496,1,0,0,8,6699D0ED730E0000,can0
5772,1786718051.248759,609722.793472553,485490496,1,0,0,8,6699D1EDF9030000,can0
5773,1786718051.2493424,609722.794057512,485490496,1,0,0,8,6699D2ED420E0000,can0
5774,1786718051.2500286,609722.79474247,485490496,1,0,0,8,6699D3EDCD020000,can0
5775,1786718051.2667892,609722.811506345,485490497,1,0,0,8,6699000201000000,can0
5776,1786718051.2717688,609722.816485803,485490497,1,0,0,8,6699020200000000,can0
5777,1786718051.272544,609722.817257137,485490497,1,0,0,8,6699070200000000,can0
5778,1786718051.2731767,609722.817889387,485490497,1,0,0,8,66991E0300000000,can0
5779,1786718051.273629,609722.818341178,485490497,1,0,0,8,66991C0300000000,can0
5780,1786718051.2740393,609722.818751387,485490497,1,0,0,8,66998DED7C150000,can0
5781,1786718051.306336,609722.851055512,485490497,1,0,0,8,66998FEDB4000000,can0
5782,1786718051.30778,609722.852496178,485490497,1,0,0,8,6699ECED04740000,can0
5783,1786718051.3105204,609722.855239762,485490497,1,0,0,8,6699DAED00000000,can0
5784,1786718051.5119407,609723.05666047,485490497,1,0,0,8,6699B3ED01000000,can0
5785,1786718051.5128562,609723.057571637,485490497,1,0,0,8,6699BCEDFC8D0100,can0
5786,1786718051.5488124,609723.093531762,435295296,1,0,0,8,007C1520010474E8,can0
5787,1786718051.5497906,609723.094504595,435294784,1,0,0,8,A00BE80000FFFFFF,can0
5788,1786718051.5504658,609723.095179304,435294784,1,0,0,8,A1FF4B00FFFFFFFF,can0
5789,1786718051.5510674,609723.095780554,435357504,1,0,0,8,E8010D0C910000FF,can0
5790,1786718051.5517347,609723.09644772,435294784,1,0,0,8,A00BE80103FFFFFF,can0
5791,1786718051.5523236,609723.097036679,435294784,1,0,0,8,A1FFFFFFFFFFFFFF,can0
5792,1786718051.5540357,609723.09875322,435357504,1,0,0,8,E802620C830000FF,can0
5793,1786718051.5549154,609723.09963022,435294784,1,0,0,8,800BE80203FFFFFF,can0
5794,1786718051.5593154,609723.104031637,435294784,1,0,0,8,81FFFFFFFFFFFFFF,can0
5795,1786718051.560335,609723.105048595,435357504,1,0,0,8,E803090C590000FF,can0
5796,1786718051.5614464,609723.106171262,435294784,1,0,0,8,800BE80303FFFFFF,can0
5797,1786718051.5623286,609723.107042387,435294784,1,0,0,8,81FFFFFFFFFFFFFF,can0
5798,1786718051.563087,609723.107799762,435357504,1,0,0,8,E8047907970000FF,can0
5799,1786718051.5636346,609723.10834672,435294784,1,0,0,8,800BE80403FFFFFF,can0
5800,1786718051.564094,609723.108806345,435294784,1,0,0,8,81FFFFFFFFFFFFFF,can0
5801,1786718051.5670922,609723.11180697,435357248,1,0,0,8,E8FFFC00FFFFFFFF,can0
5802,1786718051.6031036,609723.147823845,502267713,1,0,0,8,4026669950100003,can0
5803,1786718051.604059,609723.148773095,502267713,1,0,0,8,41010000FFFFFFFF,can0
5804,1786718051.6049397,609723.14965547,502267713,1,0,0,8,428515AF14000000,can0
5805,1786718051.606529,609723.151243804,502267713,1,0,0,8,430000CD02000000,can0
5806,1786718051.6073518,609723.15206622,502267713,1,0,0,8,4400350900009F01,can0
5807,1786718051.6082625,609723.15297697,502267713,1,0,0,8,458A9A1300FFFFFF,can0
5808,1786718051.6195006,609723.16422072,485490497,1,0,0,8,66998FEDB3000000,can0
5809,1786718051.6272826,609723.172002012,418316257,1,0,0,8,F401C02C0082F0C0,can0
5810,1786718051.6736329,609723.218352262,485490497,1,0,0,8,6699BCEDFC8D0100,can0
5811,1786718051.6747465,609723.219460845,485490497,1,0,0,8,6699B1ED76BBE405,can0
5812,1786718051.675509,609723.22022422,485490497,1,0,0,8,6699CCEC4C800000,can0
5813,1786718051.6763296,609723.221043095,485490497,1,0,0,8,6699CBECC57E0000,can0
5814,1786718051.6774101,609723.222124262,485490497,1,0,0,8,6699DCEC94800000,can0
5815,1786718051.6784527,609723.22316897,485490497,1,0,0,8,6699DBEC51880000,can0
5816,1786718051.679496,609723.224211762,485490497,1,0,0,8,6699ECECBC8E0000,can0
5817,1786718051.6803045,609723.225018179,485490497,1,0,0,8,6699EBEC237D0000,can0
5818,1786718051.6813023,609723.226016387,485490497,1,0,0,8,6699FBEC8A550000,can0
5819,1786718051.7522304,609723.296950095,435295297,1,0,0,8,007C15B300047413,can0
5820,1786718051.7530951,609723.297808762,435294785,1,0,0,8,A00B130000FFFFFF,can0
5821,1786718051.7561162,609723.300832637,435294785,1,0,0,8,A1FF4900FFFFFFFF,can0
5822,1786718051.7569053,609723.301618387,435357505,1,0,0,8,13019F0C670000FF,can0
5823,1786718051.757842,609723.302559262,435294785,1,0,0,8,A00B130103FFFFFF,can0
5824,1786718051.7620592,609723.306775595,435294785,1,0,0,8,A1FFFFFFFFFFFFFF,can0
5825,1786718051.7629013,609723.307615679,435357505,1,0,0,8,1302A20D5C0000FF,can0
5826,1786718051.7636876,609723.30840172,435294785,1,0,0,8,800B130203FFFFFF,can0
5827,1786718051.7644413,609723.309154804,435294785,1,0,0,8,81FFFFFFFFFFFFFF,can0
5828,1786718051.7651565,609723.309870095,435357505,1,0,0,8,1303700C730000FF,can0
5829,1786718051.7752202,609723.319938554,435294785,1,0,0,8,800B130303FFFFFF,can0
5830,1786718051.7792795,609723.323997637,435294785,1,0,0,8,81FFFFFFFFFFFFFF,can0
5831,1786718051.7802022,609723.324917179,435357505,1,0,0,8,13048E08000000FF,can0
5832,1786718051.7883518,609723.33307197,435294785,1,0,0,8,800B130403FFFFFF,can0
5833,1786718051.7893212,609723.334034387,435294785,1,0,0,8,81FFFFFFFFFFFFFF,can0
5834,1786718051.7900681,609723.334783095,435357249,1,0,0,8,13FFFC00FFFFFFFF,can0
5835,1786718051.7907157,609723.335430637,485490497,1,0,0,8,66994E0301000000,can0
5836,1786718051.7914424,609723.336156054,485490496,1,0,0,8,6699DBEDAC120000,can0
5837,1786718051.815064,609723.359784887,485490496,1,0,0,8,6699BCED032E0200,can0
5838,1786718051.8185482,609723.363264595,485490496,1,0,0,8,6699B1EDA09E7900,can0
5839,1786718051.8196385,609723.364352679,485490496,1,0,0,8,6699CCECF0AE0000,can0
5840,1786718051.8205957,609723.36531272,485490496,1,0,0,8,6699CBEC80780000,can0
5841,1786718051.823177,609723.367892054,485490496,1,0,0,8,6699DCEC39A30000,can0
5842,1786718051.824172,609723.368886345,485490496,1,0,0,8,6699DBECE17B0000,can0
5843,1786718051.8250773,609723.369794345,485490496,1,0,0,8,6699ECEC066C0000,can0
5844,1786718051.8261676,609723.370883429,485490496,1,0,0,8,6699EBEC6F780000,can0
5845,1786718051.8271046,609723.371819095,485490496,1,0,0,8,6699FCECE56F0000,can0
5846,1786718051.8278797,609723.372593887,485490496,1,0,0,8,6699FBECAE4A0000,can0
5847,1786718051.9785933,609723.523313012,485441761,1,0,0,8,6699152046030000,can0
5848,1786718051.979512,609723.52422697,485490496,1,0,0,8,6699152046030000,can0
5849,1786718051.9864748,609723.531192387,485442017,1,0,0,8,66991520FA020000,can0
5850,1786718051.987461,609723.532175637,485490497,1,0,0,8,66991520FA020000,can0
5851,1786718052.0040598,609723.548789595,485490657,1,0,0,8,6699FF0FAC260000,can0
5852,1786718052.007323,609723.552041137,485490657,1,0,0,8,66991C207446FFFF,can0
5853,1786718052.0842075,609723.62892522,485490657,1,0,0,8,669902207B150000,can0
5854,1786718052.1857345,609723.730455554,773,0,0,0,8,0000000000000000,can0
5855,1786718052.1866503,609723.731364429,775,0,0,0,8,1234567856494300,can0
5856,1786718052.3856456,609723.930362971,485490657,1,0,0,8,669901207C150000,can0
5857,1786718052.386517,609723.931230596,485490657,1,0,0,8,66990E200D000000,can0
5858,1786718052.6177115,609724.162432887,485490497,1,0,0,8,66998FEDB5000000,can0
5859,1786718052.6748908,609724.219611096,485490497,1,0,0,8,6699BCED9B910100,can0
5860,1786718052.677225,609724.221940762,485490497,1,0,0,8,6699B1EDA89EE805,can0
5861,1786718052.6782155,609724.222930012,485490497,1,0,0,8,6699CCECE2800000,can0
5862,1786718052.679013,609724.223728471,485490497,1,0,0,8,6699CBEC7C7E0000,can0
5863,1786718052.6798892,609724.224604637,485490497,1,0,0,8,6699DCEC7A810000,can0
5864,1786718052.6805751,609724.225289262,485490497,1,0,0,8,6699DBEC3E880000,can0
5865,1786718052.6891892,609724.233908887,485490497,1,0,0,8,6699ECECD88E0000,can0
5866,1786718052.6900864,609724.234800596,485490497,1,0,0,8,6699EBECDE7C0000,can0
5867,1786718052.6909692,609724.235684721,485490497,1,0,0,8,6699FBEC84550000,can0
5868,1786718052.7835832,609724.328303137,485442017,1,0,0,8,66990100D0EDFCFF,can0
5869,1786718052.786284,609724.330998262,485442017,1,0,0,8,66990100DCEDFEFF,can0
5870,1786718052.7973013,609724.342015096,485442017,1,0,0,8,66990100DAEDFFFF,can0
5871,1786718052.7979248,609724.342638512,485442017,1,0,0,8,669901002720FFFF,can0
5872,1786718052.7984166,609724.343129346,485490497,1,0,0,8,6699DAED00000000,can0
5873,1786718052.7988915,609724.343605096,485490497,1,0,0,8,66992720C2C00300,can0
5874,1786718052.8164546,609724.361174138,485490496,1,0,0,8,6699BCED012F0200,can0
5875,1786718052.8174598,609724.362174554,485490496,1,0,0,8,6699B1ED74917900,can0
5876,1786718052.8182678,609724.362982346,485490496,1,0,0,8,6699CCEC6AAF0000,can0
5877,1786718052.8191903,609724.363904513,485490496,1,0,0,8,6699CBEC80780000,can0
5878,1786718052.8200474,609724.364761513,485490496,1,0,0,8,6699DCEC4BA30000,can0
5879,1786718052.821085,609724.365799929,485490496,1,0,0,8,6699DBECE37B0000,can0
5880,1786718052.8289587,609724.373678096,485490496,1,0,0,8,6699ECECDC6B0000,can0
5881,1786718052.83147,609724.376185138,485490496,1,0,0,8,6699EBEC6E780000,can0
5882,1786718052.834133,609724.378847888,485490496,1,0,0,8,6699FCEC0B700000,can0
5883,1786718052.8396242,609724.384341304,485490496,1,0,0,8,6699FBECAE4A0000,can0
5884,1786718052.8488762,609724.393596346,485490497,1,0,0,8,6699DCED51110000,can0
5885,1786718052.8520803,609724.396798179,485490497,1,0,0,8,6699DDEDD7280000,can0
5886,1786718052.8529088,609724.397623263,485490497,1,0,0,8,6699D0ED38080000,can0
5887,1786718052.859465,609724.404184513,485490497,1,0,0,8,6699D1ED29010000,can0
5888,1786718052.860466,609724.405180596,485490497,1,0,0,8,6699D2ED35090000,can0
5889,1786718052.8611603,609724.405874096,485490497,1,0,0,8,6699D3ED03010000,can0
5890,1786718052.9873047,609724.532025138,485490657,1,0,0,8,6699FF0FAC260000,can0
5891,1786718052.9881785,609724.532892221,485490657,1,0,0,8,66991C20CC48FFFF,can0
5892,1786718053.0496376,609724.594356721,435295296,1,0,0,8,007C15200104740A,can0
5893,1786718053.0505545,609724.595267971,435294784,1,0,0,8,C00B0A0000FFFFFF,can0
5894,1786718053.0557911,609724.600507513,435294784,1,0,0,8,C1FF4B00FFFFFFFF,can0
5895,1786718053.056819,609724.601534554,435357504,1,0,0,8,0A010E0C900000FF,can0
5896,1786718053.0577962,609724.602511471,435294784,1,0,0,8,C00B0A0103FFFFFF,can0
5897,1786718053.0587804,609724.603495596,435294784,1,0,0,8,C1FFFFFFFFFFFFFF,can0
5898,1786718053.0599198,609724.604635388,435357504,1,0,0,8,0A02630C840000FF,can0
5899,1786718053.060717,609724.605431179,435294784,1,0,0,8,A00B0A0203FFFFFF,can0
5900,1786718053.0614877,609724.606202513,435294784,1,0,0,8,A1FFFFFFFFFFFFFF,can0
5901,1786718053.0951304,609724.639848096,435357504,1,0,0,8,0A030A0C5B0000FF,can0
5902,1786718053.1014276,609724.646149971,435294784,1,0,0,8,A00B0A0303FFFFFF,can0
5903,1786718053.1161962,609724.660912346,435294784,1,0,0,8,A1FFFFFFFFFFFFFF,can0
5904,1786718053.1170022,609724.661717179,435357504,1,0,0,8,0A047807970000FF,can0
5905,1786718053.1180527,609724.662766888,435294784,1,0,0,8,A00B0A0403FFFFFF,can0
5906,1786718053.118867,609724.663580846,435294784,1,0,0,8,A1FFFFFFFFFFFFFF,can0
5907,1786718053.119583,609724.664296804,435357248,1,0,0,8,0AFFFC00FFFFFFFF,can0
5908,1786718053.1806443,609724.725365013,773,0,0,0,8,0000000000000000,can0
5909,1786718053.1834075,609724.728121929,775,0,0,0,8,1234567856494300,can0
5910,1786718053.2521708,609724.796891929,435295297,1,0,0,8,007C15B500047431,can0
5911,1786718053.2533176,609724.798032388,435294785,1,0,0,8,C00B310000FFFFFF,can0
5912,1786718053.2540758,609724.798791096,435294785,1,0,0,8,C1FF4900FFFFFFFF,can0
5913,1786718053.2558005,609724.800517596,435357505,1,0,0,8,3101870C680000FF,can0
5914,1786718053.2566545,609724.801368804,435294785,1,0,0,8,C00B310103FFFFFF,can0
5915,1786718053.2625773,609724.807292054,435294785,1,0,0,8,C1FFFFFFFFFFFFFF,can0
5916,1786718053.2632768,609724.807990179,435357505,1,0,0,8,3102860D670000FF,can0
5917,1786718053.2638521,609724.808564804,435294785,1,0,0,8,A00B310203FFFFFF,can0
5918,1786718053.2647982,609724.809516471,435294785,1,0,0,8,A1FFFFFFFFFFFFFF,can0
5919,1786718053.2660382,609724.810753763,435357505,1,0,0,8,3103600C730000FF,can0
5920,1786718053.2667212,609724.811434804,435294785,1,0,0,8,A00B310303FFFFFF,can0
5921,1786718053.2672722,609724.811984804,435294785,1,0,0,8,A1FFFFFFFFFFFFFF,can0
5922,1786718053.2677898,609724.812502971,435357505,1,0,0,8,31048D08000000FF,can0
5923,1786718053.268286,609724.813000221,435294785,1,0,0,8,A00B310403FFFFFF,can0
5924,1786718053.2687838,609724.813496304,435294785,1,0,0,8,A1FFFFFFFFFFFFFF,can0
5925,1786718053.2694802,609724.814194304,435357249,1,0,0,8,31FFFC00FFFFFFFF,can0
5926,1786718053.3511283,609724.895849054,485490496,1,0,0,8,66998DED7D150000,can0
5927,1786718053.505849,609725.050568138,485490496,1,0,0,8,66990102FC000000,can0
5928,1786718053.5067635,609725.051477388,485490496,1,0,0,8,66990A02FC000000,can0
5929,1786718053.5555346,609725.10025418,485490496,1,0,0,8,6699000201000000,can0
5930,1786718053.5564675,609725.101181263,485490496,1,0,0,8,6699020200000000,can0
5931,1786718053.5571449,609725.101858138,485490496,1,0,0,8,6699070200000000,can0
5932,1786718053.5588112,609725.103531138,485490496,1,0,0,8,66991E0300000000,can0
5933,1786718053.5605087,609725.105223513,485490496,1,0,0,8,66991C0300000000,can0
5934,1786718053.5614183,609725.106136138,485490496,1,0,0,8,66998DED7C150000,can0
5935,1786718053.6028614,609725.147582471,485490496,1,0,0,8,66998FED20010000,can0
5936,1786718053.6045668,609725.14928368,485490496,1,0,0,8,6699ECED04740000,can0
5937,1786718053.6071684,609725.15188718,485490496,1,0,0,8,6699DAED00000000,can0
5938,1786718053.6175385,609725.162258805,485490497,1,0,0,8,66998FEDB7000000,can0
5939,1786718053.6509535,609725.19567393,485490496,1,0,0,8,66998FED21010000,can0
5940,1786718053.672519,609725.217237971,485490497,1,0,0,8,6699BCED4C920100,can0
5941,1786718053.6734421,609725.218155138,485490497,1,0,0,8,6699B1EDDC3CF305,can0
5942,1786718053.6741924,609725.218906013,485490497,1,0,0,8,6699CCECFC800000,can0
5943,1786718053.6765678,609725.221284596,485490497,1,0,0,8,6699CBEC817E0000,can0
5944,1786718053.6775057,609725.22222118,485490497,1,0,0,8,6699DCECEE860000,can0
5945,1786718053.6796603,609725.224391971,485490497,1,0,0,8,6699DBECC2870000,can0
5946,1786718053.6806273,609725.225342596,485490497,1,0,0,8,6699ECECC28E0000,can0
5947,1786718053.681467,609725.226191846,485490497,1,0,0,8,6699EBECE17C0000,can0
5948,1786718053.682954,609725.227669346,485490497,1,0,0,8,6699FBEC85550000,can0
5949,1786718053.7619998,609725.306719305,485490496,1,0,0,8,66998DED7C150000,can0
5950,1786718053.806667,609725.35138618,485490496,1,0,0,8,6699B3ED01000000,can0
5951,1786718053.807585,609725.352299013,485490496,1,0,0,8,6699BCED802E0200,can0
5952,1786718053.816846,609725.361566138,485490496,1,0,0,8,6699BCED802E0200,can0
5953,1786718053.8177948,609725.362507721,485490496,1,0,0,8,6699B1ED39907900,can0
5954,1786718053.8185577,609725.36327243,485490496,1,0,0,8,6699CCEC37AF0000,can0
5955,1786718053.8192894,609725.36400368,485490496,1,0,0,8,6699CBEC83780000,can0
5956,1786718053.8200097,609725.364724263,485490496,1,0,0,8,6699DCEC3CA30000,can0
5957,1786718053.8207076,609725.36542268,485490496,1,0,0,8,6699DBECDB7B0000,can0
5958,1786718053.82169,609725.366404805,485490496,1,0,0,8,6699ECEC116C0000,can0
5959,1786718053.8225713,609725.36728568,485490496,1,0,0,8,6699EBEC6F780000,can0
5960,1786718053.82343,609725.36814618,485490496,1,0,0,8,6699FCEC0A700000,can0
5961,1786718053.8241348,609725.368848221,485490496,1,0,0,8,6699FBECB04A0000,can0
5962,1786718053.9001691,609725.44488768,502267712,1,0,0,8,E0266699501000CD,can0
5963,1786718053.9024239,609725.447137471,502267712,1,0,0,8,E1020000FFFFFFFF,can0
5964,1786718053.9030888,609725.44780343,502267712,1,0,0,8,E28515AB14000000,can0
5965,1786718053.903576,609725.44828843,502267712,1,0,0,8,E30000CE02000000,can0
5966,1786718053.9040065,609725.448718388,502267712,1,0,0,8,E400420E00009602,can0
5967,1786718053.9044187,609725.449131346,502267712,1,0,0,8,E5EE9A4001FFFFFF,can0
5968,1786718053.9048264,609725.449539055,485490497,1,0,0,8,6699DBED7A120000,can0
5969,1786718053.9843147,609725.529034596,485490657,1,0,0,8,6699FF0FAC260000,can0
5970,1786718053.9887278,609725.533447805,485490657,1,0,0,8,66991C203049FFFF,can0
5971,1786718054.05655,609725.601269805,485490496,1,0,0,8,66994E0301000000,can0
5972,1786718054.1094964,609725.654218013,502267713,1,0,0,8,601D6699431001AC,can0
5973,1786718054.1107442,609725.655458971,502267713,1,0,0,8,610D0A000D1F0000,can0
5974,1786718054.1117764,609725.656492846,502267713,1,0,0,8,6200000000000000,can0
5975,1786718054.1266575,609725.671374138,502267713,1,0,0,8,6300000000000000,can0
5976,1786718054.1338573,609725.67857218,502267713,1,0,0,8,640000FFFFFFFFFF,can0
5977,1786718054.1855297,609725.730251013,773,0,0,0,8,0000000000000000,can0
5978,1786718054.1865103,609725.73122593,775,0,0,0,8,1234567856494300,can0
5979,1786718054.5486305,609726.093350138,435295296,1,0,0,8,007C152101047428,can0
5980,1786718054.549663,609726.09438418,435294784,1,0,0,8,E00B280000FFFFFF,can0
5981,1786718054.5508997,609726.095615263,435294784,1,0,0,8,E1FF4B00FFFFFFFF,can0
5982,1786718054.5519035,609726.096620097,435357504,1,0,0,8,28010D0C910000FF,can0
5983,1786718054.5527906,609726.097505972,435294784,1,0,0,8,E00B280103FFFFFF,can0
5984,1786718054.5537333,609726.098448222,435294784,1,0,0,8,E1FFFFFFFFFFFFFF,can0
5985,1786718054.5549781,609726.09969318,435357504,1,0,0,8,2802640C840000FF,can0
5986,1786718054.5560985,609726.100814305,435294784,1,0,0,8,C00B280203FFFFFF,can0
5987,1786718054.5571635,609726.101878305,435294784,1,0,0,8,C1FFFFFFFFFFFFFF,can0
5988,1786718054.5580854,609726.102799305,435357504,1,0,0,8,28030B0C590000FF,can0
5989,1786718054.5587947,609726.103506638,435294784,1,0,0,8,C00B280303FFFFFF,can0
5990,1786718054.5592706,609726.103983555,435294784,1,0,0,8,C1FFFFFFFFFFFFFF,can0
5991,1786718054.5597034,609726.104416138,435357504,1,0,0,8,28047807980000FF,can0
5992,1786718054.5605588,609726.105273263,435294784,1,0,0,8,C00B280403FFFFFF,can0
5993,1786718054.5613341,609726.10604943,435294784,1,0,0,8,C1FFFFFFFFFFFFFF,can0
5994,1786718054.5622387,609726.10695418,435357248,1,0,0,8,28FFFC00FFFFFFFF,can0
5995,1786718054.5634189,609726.108132847,233966912,1,0,0,8,0001FDFFFFFFFFFF,can0
5996,1786718054.6172478,609726.161967222,485490497,1,0,0,8,66998FEDB5000000,can0
5997,1786718054.618215,609726.162929013,485490497,1,0,0,8,6699DBED70120000,can0
5998,1786718054.672447,609726.217166263,485490497,1,0,0,8,6699BCED799A0100,can0
5999,1786718054.6733773,609726.218090972,485490497,1,0,0,8,6699B1ED0527F505,can0
6000,1786718054.6741343,609726.218850222,485490497,1,0,0,8,6699CCECA8810000,can0
6001,1786718054.6775239,609726.222241347,485490497,1,0,0,8,6699CBEC177E0000,can0
6002,1786718054.678706,609726.223420513,485490497,1,0,0,8,6699DCEC0F8D0000,can0
6003,1786718054.6804404,609726.225155722,485490497,1,0,0,8,6699DBEC28870000,can0
6004,1786718054.681287,609726.226003722,485490497,1,0,0,8,6699ECEC168F0000,can0
6005,1786718054.6822538,609726.226969138,485490497,1,0,0,8,6699EBECC67B0000,can0
6006,1786718054.683155,609726.227881097,485490497,1,0,0,8,6699FBEC85550000,can0
6007,1786718054.752129,609726.296848722,435295297,1,0,0,8,007C15B60004744F,can0
6008,1786718054.7531185,609726.297832722,435294785,1,0,0,8,E00B4F0000FFFFFF,can0
6009,1786718054.7538402,609726.298554472,435294785,1,0,0,8,E1FF4900FFFFFFFF,can0
6010,1786718054.754792,609726.299507013,435357505,1,0,0,8,4F019C0C670000FF,can0
6011,1786718054.7559192,609726.300634513,435294785,1,0,0,8,E00B4F0103FFFFFF,can0
6012,1786718054.7577612,609726.302478597,435294785,1,0,0,8,E1FFFFFFFFFFFFFF,can0
6013,1786718054.758962,609726.303690597,435357505,1,0,0,8,4F02840D6B0000FF,can0
6014,1786718054.7606874,609726.305403097,435294785,1,0,0,8,C00B4F0203FFFFFF,can0
6015,1786718054.7616596,609726.30637593,435294785,1,0,0,8,C1FFFFFFFFFFFFFF,can0
6016,1786718054.7634122,609726.308127347,435357505,1,0,0,8,4F03740C720000FF,can0
6017,1786718054.7642148,609726.308929263,435294785,1,0,0,8,C00B4F0303FFFFFF,can0
6018,1786718054.765287,609726.310139847,435294785,1,0,0,8,C1FFFFFFFFFFFFFF,can0
6019,1786718054.7663765,609726.311092722,435357505,1,0,0,8,4F048D08000000FF,can0
6020,1786718054.767155,609726.311868472,435294785,1,0,0,8,C00B4F0403FFFFFF,can0
6021,1786718054.768071,609726.312786138,435294785,1,0,0,8,C1FFFFFFFFFFFFFF,can0
6022,1786718054.7688494,609726.31356243,435357249,1,0,0,8,4FFFFC00FFFFFFFF,can0
6023,1786718054.7695491,609726.314262097,485490496,1,0,0,8,66998DED7D150000,can0
6024,1786718054.8147645,609726.359483597,485490496,1,0,0,8,6699BCEDF62E0200,can0
6025,1786718054.8160667,609726.360780555,485490496,1,0,0,8,6699B1ED11AF7900,can0
6026,1786718054.8168082,609726.36158268,485490496,1,0,0,8,6699CCEC98AF0000,can0
6027,1786718054.8175733,609726.362286638,485490496,1,0,0,8,6699CBEC8B780000,can0
6028,1786718054.818202,609726.362915722,485490496,1,0,0,8,6699DCEC76A30000,can0
6029,1786718054.81908,609726.363794722,485490496,1,0,0,8,6699DBECE57B0000,can0
6030,1786718054.8209388,609726.365654805,485490496,1,0,0,8,6699ECECFE6B0000,can0
6031,1786718054.8225563,609726.367271472,485490496,1,0,0,8,6699EBEC71780000,can0
6032,1786718054.8234007,609726.368114138,485490496,1,0,0,8,6699FCEC0D700000,can0
6033,1786718054.8243487,609726.36907068,485490496,1,0,0,8,6699FBECB34A0000,can0
6034,1786718054.9792457,609726.523965764,485441761,1,0,0,8,6699152045030000,can0
6035,1786718054.980216,609726.524929514,485490496,1,0,0,8,6699152045030000,can0
6036,1786718054.9864957,609726.531216972,485442017,1,0,0,8,66991520FB020000,can0
6037,1786718054.987684,609726.53239793,485490497,1,0,0,8,66991520FB020000,can0
6038,1786718055.0029552,609726.547675305,485490657,1,0,0,8,6699FF0FAC260000,can0
6039,1786718055.003791,609726.548504014,485490657,1,0,0,8,66991C206848FFFF,can0
6040,1786718055.0949535,609726.639674305,485490657,1,0,0,8,669902207C150000,can0
6041,1786718055.0998366,609726.644557639,485490657,1,0,0,8,669903204C090000,can0
6042,1786718055.1828206,609726.727540972,773,0,0,0,8,0000000000000000,can0
6043,1786718055.1838448,609726.728560139,775,0,0,0,8,1234567856494300,can0
6044,1786718055.6174533,609727.162172722,485490497,1,0,0,8,66998FEDB2000000,can0
6045,1786718055.621633,609727.166345514,485490497,1,0,0,8,6699DBED7A120000,can0
6046,1786718055.6727934,609727.217511764,485490497,1,0,0,8,6699BCED6F870100,can0
6047,1786718055.6752794,609727.219994431,485490497,1,0,0,8,6699B1EDD8ADF505,can0
6048,1786718055.67871,609727.223423722,485490497,1,0,0,8,6699CCEC5F7E0000,can0
6049,1786718055.6814792,609727.226195722,485490497,1,0,0,8,6699CBECAA7F0000,can0
6050,1786718055.6824107,609727.227127097,485490497,1,0,0,8,6699DCEC787B0000,can0
6051,1786718055.6833956,609727.228110722,485490497,1,0,0,8,6699DBECC9880000,can0
6052,1786718055.6842585,609727.228972639,485490497,1,0,0,8,6699ECECF58D0000,can0
6053,1786718055.6850734,609727.229786472,485490497,1,0,0,8,6699EBEC5C7E0000,can0
6054,1786718055.685916,609727.230630431,485490497,1,0,0,8,6699FBEC86550000,can0
6055,1786718055.761072,609727.305790847,485490496,1,0,0,8,66998DED7C150000,can0
6056,1786718055.817457,609727.362176972,485490496,1,0,0,8,6699BCED442F0200,can0
6057,1786718055.8256812,609727.370399222,485490496,1,0,0,8,6699B1ED46377900,can0
6058,1786718055.8270836,609727.371798472,485490496,1,0,0,8,6699CCEC7EAF0000,can0
6059,1786718055.8283088,609727.373025097,485490496,1,0,0,8,6699CBEC82780000,can0
6060,1786718055.8292973,609727.374013014,485490496,1,0,0,8,6699DCEC33A30000,can0
6061,1786718055.832127,609727.376840972,485490496,1,0,0,8,6699DBECD97B0000,can0
6062,1786718055.8364563,609727.381170389,485490496,1,0,0,8,6699ECEC116C0000,can0
6063,1786718055.839512,609727.384231181,485490496,1,0,0,8,6699EBEC63780000,can0
6064,1786718055.8410192,609727.385734097,485490496,1,0,0,8,6699FCECFD6F0000,can0
6065,1786718055.844323,609727.389037431,485490496,1,0,0,8,6699FBECB14A0000,can0
6066,1786718055.9920514,609727.536772097,485490657,1,0,0,8,6699FF0FAC260000,can0
6067,1786718055.9966629,609727.541382472,485490657,1,0,0,8,66991C200448FFFF,can0
6068,1786718056.0507667,609727.595487264,435295296,1,0,0,8,007C152101047446,can0
6069,1786718056.0518856,609727.596600472,435294784,1,0,0,8,000B460000FFFFFF,can0
6070,1786718056.0527987,609727.597514097,435294784,1,0,0,8,01FF4B00FFFFFFFF,can0
6071,1786718056.0537994,609727.598514889,435357504,1,0,0,8,46010E0C910000FF,can0
6072,1786718056.0547366,609727.599451889,435294784,1,0,0,8,000B460103FFFFFF,can0
6073,1786718056.074242,609727.618957847,435294784,1,0,0,8,01FFFFFFFFFFFFFF,can0
6074,1786718056.074924,609727.619637306,435357504,1,0,0,8,4602620C840000FF,can0
6075,1786718056.0782316,609727.622962639,435294784,1,0,0,8,E00B460203FFFFFF,can0
6076,1786718056.0791836,609727.623898972,435294784,1,0,0,8,E1FFFFFFFFFFFFFF,can0
6077,1786718056.0803103,609727.625025431,435357504,1,0,0,8,4603090C5C0000FF,can0
6078,1786718056.0814013,609727.626117556,435294784,1,0,0,8,E00B460303FFFFFF,can0
6079,1786718056.0822368,609727.626951972,435294784,1,0,0,8,E1FFFFFFFFFFFFFF,can0
6080,1786718056.0832036,609727.627925556,435357504,1,0,0,8,46047907970000FF,can0
6081,1786718056.0862818,609727.630998306,435294784,1,0,0,8,E00B460403FFFFFF,can0
6082,1786718056.087129,609727.631845389,435294784,1,0,0,8,E1FFFFFFFFFFFFFF,can0
6083,1786718056.0879118,609727.632627222,435357248,1,0,0,8,46FFFC00FFFFFFFF,can0
6084,1786718056.1783352,609727.723055347,773,0,0,0,8,0000000000000000,can0
6085,1786718056.179283,609727.723997389,775,0,0,0,8,1234567856494300,can0
6086,1786718056.1844785,609727.729198597,485441761,1,0,0,8,66990100D0EDFCFF,can0
6087,1786718056.185505,609727.730221681,485441761,1,0,0,8,66990100DCEDFEFF,can0
6088,1786718056.1862648,609727.730978264,485441761,1,0,0,8,66990100DAEDFFFF,can0
6089,1786718056.1869054,609727.731619472,485441761,1,0,0,8,669901002720FFFF,can0
6090,1786718056.1875415,609727.732255306,485490496,1,0,0,8,6699DAED00000000,can0
6091,1786718056.188171,609727.732884347,485490496,1,0,0,8,6699272097B60300,can0
6092,1786718056.212551,609727.757271514,485490497,1,0,0,8,66990102FC000000,can0
6093,1786718056.2134283,609727.758141722,485490497,1,0,0,8,66990A02FC000000,can0
6094,1786718056.2524793,609727.797199014,435295297,1,0,0,8,007C15AF0004746D,can0
6095,1786718056.2534916,609727.798206722,435294785,1,0,0,8,000B6D0000FFFFFF,can0
6096,1786718056.254431,609727.799145597,435294785,1,0,0,8,01FF4900FFFFFFFF,can0
6097,1786718056.2590659,609727.803783472,435357505,1,0,0,8,6D01C30C620000FF,can0
6098,1786718056.2634263,609727.808146139,435294785,1,0,0,8,000B6D0103FFFFFF,can0
6099,1786718056.268307,609727.813022847,435294785,1,0,0,8,01FFFFFFFFFFFFFF,can0
6100,1786718056.2692184,609727.813934306,435357505,1,0,0,8,6D02AF0D590000FF,can0
6101,1786718056.272362,609727.817077764,435294785,1,0,0,8,E00B6D0203FFFFFF,can0
6102,1786718056.2734337,609727.818148597,435294785,1,0,0,8,E1FFFFFFFFFFFFFF,can0
6103,1786718056.284241,609727.828955681,435357505,1,0,0,8,6D03A50C700000FF,can0
6104,1786718056.2851865,609727.829900931,435294785,1,0,0,8,E00B6D0303FFFFFF,can0
6105,1786718056.286068,609727.830781847,435294785,1,0,0,8,E1FFFFFFFFFFFFFF,can0
6106,1786718056.287009,609727.831724806,435357505,1,0,0,8,6D048E08000000FF,can0
6107,1786718056.2878933,609727.832609306,435294785,1,0,0,8,E00B6D0403FFFFFF,can0
6108,1786718056.2892385,609727.833952514,435294785,1,0,0,8,E1FFFFFFFFFFFFFF,can0
6109,1786718056.2901702,609727.834884056,435357249,1,0,0,8,6DFFFC00FFFFFFFF,can0
6110,1786718056.2909412,609727.835654264,233966913,1,0,0,8,0001FDFFFFFFFFFF,can0
6111,1786718056.2916455,609727.836360764,485490496,1,0,0,8,6699DCED99200000,can0
6112,1786718056.2923548,609727.837069889,485490496,1,0,0,8,6699DDEDEA830200,can0
6113,1786718056.2930763,609727.837790347,485490496,1,0,0,8,6699D0ED730E0000,can0
6114,1786718056.293811,609727.838525556,485490496,1,0,0,8,6699D1EDF9030000,can0
6115,1786718056.29454,609727.839254597,485490496,1,0,0,8,6699D2ED420E0000,can0
6116,1786718056.3044906,609727.849214931,485490496,1,0,0,8,6699D3EDCD020000,can0
6117,1786718056.3058593,609727.850574306,485490497,1,0,0,8,6699000201000000,can0
6118,1786718056.3070982,609727.851814056,485490497,1,0,0,8,6699020200000000,can0
6119,1786718056.3079035,609727.852616848,485490497,1,0,0,8,6699070200000000,can0
6120,1786718056.3091602,609727.853874139,485490497,1,0,0,8,66991E0300000000,can0
6121,1786718056.3097954,609727.854508598,485490497,1,0,0,8,66991C0300000000,can0
6122,1786718056.3103855,609727.855097848,485490497,1,0,0,8,66998DED7C150000,can0
6123,1786718056.3108687,609727.855581223,485490497,1,0,0,8,66998FEDAF000000,can0
6124,1786718056.3112934,609727.856006181,485490497,1,0,0,8,6699ECED04740000,can0
6125,1786718056.3116832,609727.856395556,485490497,1,0,0,8,6699DAED00000000,can0
6126,1786718056.511783,609728.056502348,485490497,1,0,0,8,6699B3ED01000000,can0
6127,1786718056.512636,609728.057350181,485490497,1,0,0,8,6699BCEDA0860100,can0
6128,1786718056.6030807,609728.147818181,502267713,1,0,0,8,8026669950100003,can0
6129,1786718056.6041462,609728.148859973,502267713,1,0,0,8,81010000FFFFFFFF,can0
6130,1786718056.6048024,609728.149515681,502267713,1,0,0,8,828515AF14000000,can0
6131,1786718056.6057196,609728.150434723,502267713,1,0,0,8,830000CD02000000,can0
6132,1786718056.6064649,609728.151178848,502267713,1,0,0,8,8400350900009F01,can0
6133,1786718056.6072376,609728.151952348,502267713,1,0,0,8,858A9A1300FFFFFF,can0
6134,1786718056.6202307,609728.164952889,485490497,1,0,0,8,66998FEDAF000000,can0
6135,1786718056.621193,609728.165908139,485490497,1,0,0,8,6699DBED7A120000,can0
6136,1786718056.6732666,609728.217985973,485490497,1,0,0,8,6699BCED7E860100,can0
6137,1786718056.6741972,609728.218910723,485490497,1,0,0,8,6699B1EDEED2F505,can0
6138,1786718056.6749763,609728.219690264,485490497,1,0,0,8,6699CCEC397E0000,can0
6139,1786718056.6757338,609728.220448264,485490497,1,0,0,8,6699CBECCE7F0000,can0
6140,1786718056.676313,609728.221026098,485490497,1,0,0,8,6699DCEC587A0000,can0
6141,1786718056.6769865,609728.221700223,485490497,1,0,0,8,6699DBECE8880000,can0
6142,1786718056.6781569,609728.222871264,485490497,1,0,0,8,6699ECECA78D0000,can0
6143,1786718056.6788878,609728.223601514,485490497,1,0,0,8,6699EBECA37E0000,can0
6144,1786718056.6800265,609728.224740598,485490497,1,0,0,8,6699FBEC85550000,can0
6145,1786718056.7607856,609728.305506056,485490497,1,0,0,8,66994E0301000000,can0
6146,1786718056.8146515,609728.359370264,485490496,1,0,0,8,6699BCED452F0200,can0
6147,1786718056.8157175,609728.360431848,485490496,1,0,0,8,6699B1ED6F697900,can0
6148,1786718056.816436,609728.361149639,485490496,1,0,0,8,6699CCEC96AF0000,can0
6149,1786718056.817023,609728.361737098,485490496,1,0,0,8,6699CBEC89780000,can0
6150,1786718056.8184655,609728.363192056,485490496,1,0,0,8,6699DCEC5EA30000,can0
6151,1786718056.8195474,609728.364262848,485490496,1,0,0,8,6699DBECD77B0000,can0
6152,1786718056.821634,609728.366349181,485490496,1,0,0,8,6699ECEC156C0000,can0
6153,1786718056.8318412,609728.376558473,485490496,1,0,0,8,6699EBEC62780000,can0
6154,1786718056.8328238,609728.377538514,485490496,1,0,0,8,6699FCEC2A700000,can0
6155,1786718056.8371894,609728.381908181,485490496,1,0,0,8,6699FBECB94A0000,can0
6156,1786718056.986235,609728.530953973,485490657,1,0,0,8,6699FF0FAC260000,can0
6157,1786718056.98958,609728.534300681,485490657,1,0,0,8,66991C20CC48FFFF,can0
6158,1786718057.1825445,609728.727264723,773,0,0,0,8,0000000000000000,can0
6159,1786718057.1836777,609728.728392348,775,0,0,0,8,1234567856494300,can0
6160,1786718057.3049338,609728.849654306,502267712,1,0,0,8,001D6699431001F3,can0
6161,1786718057.3062348,609728.85094989,502267712,1,0,0,8,010E0A0005400000,can0
6162,1786718057.3073115,609728.852026015,502267712,1,0,0,8,0200000000000000,can0
6163,1786718057.3158603,609728.860576931,502267712,1,0,0,8,0300000000000000,can0
6164,1786718057.3166378,609728.861350848,502267712,1,0,0,8,040000FFFFFFFFFF,can0
6165,1786718057.3171906,609728.861904015,502267712,1,0,0,8,201D669942100162,can0
6166,1786718057.317634,609728.86234689,502267712,1,0,0,8,219DA20168A00400,can0
6167,1786718057.3180337,609728.862745515,502267712,1,0,0,8,2200000000000000,can0
6168,1786718057.3185449,609728.863257223,502267712,1,0,0,8,2300110000000000,can0
6169,1786718057.3189797,609728.863691515,502267712,1,0,0,8,240000FFFFFFFFFF,can0
6170,1786718057.381552,609728.926271431,485490657,1,0,0,8,669901207C150000,can0
6171,1786718057.3825767,609728.927291723,485490657,1,0,0,8,66990E200D000000,can0
6172,1786718057.548518,609729.09323714,435295296,1,0,0,8,007C152101047464,can0
6173,1786718057.5494976,609729.09421189,435294784,1,0,0,8,200B640000FFFFFF,can0
6174,1786718057.5501847,609729.094898431,435294784,1,0,0,8,21FF4B00FFFFFFFF,can0
6175,1786718057.5510974,609729.095896806,435357504,1,0,0,8,64010D0C920000FF,can0
6176,1786718057.5525064,609729.097223348,435294784,1,0,0,8,200B640103FFFFFF,can0
6177,1786718057.5535138,609729.098228681,435294784,1,0,0,8,21FFFFFFFFFFFFFF,can0
6178,1786718057.5556104,609729.10032714,435357504,1,0,0,8,6402630C840000FF,can0
6179,1786718057.5570703,609729.101786556,435294784,1,0,0,8,000B640203FFFFFF,can0
6180,1786718057.558103,609729.102818015,435294784,1,0,0,8,01FFFFFFFFFFFFFF,can0
6181,1786718057.5588982,609729.103613515,435357504,1,0,0,8,64030A0C5A0000FF,can0
6182,1786718057.559857,609729.10457614,435294784,1,0,0,8,000B640303FFFFFF,can0
6183,1786718057.5611873,609729.105901681,435294784,1,0,0,8,01FFFFFFFFFFFFFF,can0
6184,1786718057.5629041,609729.107619473,435357504,1,0,0,8,64047807960000FF,can0
6185,1786718057.5641863,609729.108900265,435294784,1,0,0,8,000B640403FFFFFF,can0
6186,1786718057.5648043,609729.109516473,435294784,1,0,0,8,01FFFFFFFFFFFFFF,can0
6187,1786718057.5658047,609729.110520431,435357248,1,0,0,8,64FFFC00FFFFFFFF,can0
6188,1786718057.61696,609729.161682306,485490497,1,0,0,8,66998FEDAF000000,can0
6189,1786718057.6182456,609729.162961306,485490497,1,0,0,8,6699DBED7A120000,can0
6190,1786718057.672391,609729.217111473,485490497,1,0,0,8,6699BCEDF5870100,can0
6191,1786718057.6736455,609729.218360015,485490497,1,0,0,8,6699B1ED21DDF505,can0
6192,1786718057.674674,609729.219398556,485490497,1,0,0,8,6699CCECB27E0000,can0
6193,1786718057.6768804,609729.221595765,485490497,1,0,0,8,6699CBEC9A7F0000,can0
6194,1786718057.6797218,609729.224437306,485490497,1,0,0,8,6699DCECDA7A0000,can0
6195,1786718057.682019,609729.226733931,485490497,1,0,0,8,6699DBECDE880000,can0
6196,1786718057.684258,609729.228973348,485490497,1,0,0,8,6699ECEC688E0000,can0
6197,1786718057.689235,609729.23395014,485490497,1,0,0,8,6699EBECFE7D0000,can0
6198,1786718057.6900282,609729.234742556,485490497,1,0,0,8,6699FBEC84550000,can0
6199,1786718057.7545006,609729.299221057,435295297,1,0,0,8,007C15AF0004748B,can0
6200,1786718057.755686,609729.300400723,435294785,1,0,0,8,200B8B0000FFFFFF,can0
6201,1786718057.7589664,609729.303682807,435294785,1,0,0,8,21FF4900FFFFFFFF,can0
6202,1786718057.76019,609729.304905223,435357505,1,0,0,8,8B01C30C630000FF,can0
6203,1786718057.7609537,609729.305667973,435294785,1,0,0,8,200B8B0103FFFFFF,can0
6204,1786718057.761544,609729.306256723,435294785,1,0,0,8,21FFFFFFFFFFFFFF,can0
6205,1786718057.7672987,609729.312016682,435357505,1,0,0,8,8B02B10D590000FF,can0
6206,1786718057.773759,609729.31847689,435294785,1,0,0,8,000B8B0203FFFFFF,can0
6207,1786718057.7748065,609729.319520223,435294785,1,0,0,8,01FFFFFFFFFFFFFF,can0
6208,1786718057.7805095,609729.325225473,435357505,1,0,0,8,8B039F0C710000FF,can0
6209,1786718057.781354,609729.32606939,435294785,1,0,0,8,000B8B0303FFFFFF,can0
6210,1786718057.7929585,609729.33767489,435294785,1,0,0,8,01FFFFFFFFFFFFFF,can0
6211,1786718057.7937586,609729.338472932,435357505,1,0,0,8,8B048D08000000FF,can0
6212,1786718057.7977836,609729.34250214,435294785,1,0,0,8,000B8B0403FFFFFF,can0
6213,1786718057.7987115,609729.34342614,435294785,1,0,0,8,01FFFFFFFFFFFFFF,can0
6214,1786718057.7994137,609729.344128098,435357249,1,0,0,8,8BFFFC00FFFFFFFF,can0
6215,1786718057.800255,609729.344969682,485442017,1,0,0,8,66990100D0EDFCFF,can0
6216,1786718057.801261,609729.345975348,485442017,1,0,0,8,66990100DCEDFEFF,can0
6217,1786718057.8020117,609729.346727223,485442017,1,0,0,8,66990100DAEDFFFF,can0
6218,1786718057.8029182,609729.347632973,485442017,1,0,0,8,669901002720FFFF,can0
6219,1786718057.8118312,609729.356954807,485490497,1,0,0,8,6699DAED00000000,can0
6220,1786718057.8130896,609729.357803973,485490497,1,0,0,8,66992720F1B60300,can0
6221,1786718057.8137639,609729.35847864,485490497,1,0,0,8,6699DCED51110000,can0
6222,1786718057.8144057,609729.359118932,485490497,1,0,0,8,6699DDEDD7280000,can0
6223,1786718057.8158,609729.360515973,485490497,1,0,0,8,6699D0ED38080000,can0
6224,1786718057.8173094,609729.362025723,485490497,1,0,0,8,6699D1ED29010000,can0
6225,1786718057.8227758,609729.36749389,485490497,1,0,0,8,6699D2ED35090000,can0
6226,1786718057.8239646,609729.368679265,485490497,1,0,0,8,6699D3ED03010000,can0
6227,1786718057.8282309,609729.372946015,485490496,1,0,0,8,6699BCED852F0200,can0
6228,1786718057.8305242,609729.375240223,485490496,1,0,0,8,6699B1ED65837900,can0
6229,1786718057.8351696,609729.37989039,485490496,1,0,0,8,6699CCEC9BAF0000,can0
6230,1786718057.836369,609729.381083723,485490496,1,0,0,8,6699CBEC8D780000,can0
6231,1786718057.8370574,609729.381771932,485490496,1,0,0,8,6699DCEC92A30000,can0
6232,1786718057.8379762,609729.382691557,485490496,1,0,0,8,6699DBECD37B0000,can0
6233,1786718057.8386996,609729.383414015,485490496,1,0,0,8,6699ECEC4C6C0000,can0
6234,1786718057.8394568,609729.38417139,485490496,1,0,0,8,6699EBEC60780000,can0
6235,1786718057.8549669,609729.399685932,485490496,1,0,0,8,6699FCEC3F700000,can0
6236,1786718057.856055,609729.400770015,485490496,1,0,0,8,6699FBECB34A0000,can0
6237,1786718057.988609,609729.533330307,485441761,1,0,0,8,6699152046030000,can0
6238,1786718057.9911168,609729.535832182,485442017,1,0,0,8,66991520FA020000,can0
6239,1786718057.9937167,609729.538435557,485490496,1,0,0,8,6699152046030000,can0
6240,1786718057.9963574,609729.541072848,485490497,1,0,0,8,66991520FA020000,can0
6241,1786718058.0121446,609729.55686489,485490657,1,0,0,8,6699FF0FAC260000,can0
6242,1786718058.0211134,609729.565837723,485490657,1,0,0,8,66991C200448FFFF,can0
6243,1786718058.085566,609729.630285557,485490657,1,0,0,8,669902207B150000,can0
6244,1786718058.1882246,609729.73294464,773,0,0,0,8,0000000000000000,can0
6245,1786718058.1927032,609729.737418265,775,0,0,0,8,1234567856494300,can0
6246,1786718058.353794,609729.898514598,502267712,1,0,0,8,401D669942100164,can0
6247,1786718058.3547575,609729.899473307,502267712,1,0,0,8,419DA20168A00400,can0
6248,1786718058.3562884,609729.901005348,502267712,1,0,0,8,4200000000000000,can0
6249,1786718058.3571677,609729.901882973,502267712,1,0,0,8,4300110000000000,can0
6250,1786718058.3581715,609729.902885098,502267712,1,0,0,8,440000FFFFFFFFFF,can0
6251,1786718058.505928,609730.050648224,485490496,1,0,0,8,66990102FC000000,can0
6252,1786718058.5070662,609730.051780182,485490496,1,0,0,8,66990A02FC000000,can0
6253,1786718058.555231,609730.099952307,485490496,1,0,0,8,6699000201000000,can0
6254,1786718058.556536,609730.101251682,485490496,1,0,0,8,6699020200000000,can0
6255,1786718058.5574548,609730.10216739,485490496,1,0,0,8,6699070200000000,can0
6256,1786718058.5581965,609730.102909515,485490496,1,0,0,8,66991E0300000000,can0
6257,1786718058.558741,609730.103453515,485490496,1,0,0,8,66991C0300000000,can0
6258,1786718058.559581,609730.104295932,485490496,1,0,0,8,66998DED7C150000,can0
6259,1786718058.60245,609730.147169599,485490496,1,0,0,8,66998FED21010000,can0
6260,1786718058.6040957,609730.148813224,485490496,1,0,0,8,6699ECED04740000,can0
6261,1786718058.607008,609730.15172764,485490496,1,0,0,8,6699DAED00000000,can0
6262,1786718058.616471,609730.16118989,485490497,1,0,0,8,6699DBED7A120000,can0
6263,1786718058.6755853,609730.220304724,485490497,1,0,0,8,6699BCEDD0880100,can0
6264,1786718058.6765249,609730.221239515,485490497,1,0,0,8,6699B1EDF0DFF505,can0
6265,1786718058.6774004,609730.222113974,485490497,1,0,0,8,6699CCEC257F0000,can0
6266,1786718058.678132,609730.222846599,485490497,1,0,0,8,6699CBEC8E7F0000,can0
6267,1786718058.6789951,609730.223709057,485490497,1,0,0,8,6699DCEC387B0000,can0
6268,1786718058.6797647,609730.224479182,485490497,1,0,0,8,6699DBECDE880000,can0
6269,1786718058.68059,609730.225304807,485490497,1,0,0,8,6699ECEC8A8E0000,can0
6270,1786718058.6813722,609730.22608614,485490497,1,0,0,8,6699EBECB87D0000,can0
6271,1786718058.6820571,609730.226770724,485490497,1,0,0,8,6699FBEC86550000,can0
6272,1786718058.8067815,609730.35150139,485490496,1,0,0,8,6699B3ED01000000,can0
6273,1786718058.8078308,609730.352544265,485490496,1,0,0,8,6699BCED3B300200,can0
6274,1786718058.816463,609730.361182307,485490496,1,0,0,8,6699BCED3B300200,can0
6275,1786718058.817373,609730.362086974,485490496,1,0,0,8,6699B1ED399E7900,can0
6276,1786718058.8182344,609730.362948765,485490496,1,0,0,8,6699CCECAEAF0000,can0
6277,1786718058.8189573,609730.363671307,485490496,1,0,0,8,6699CBEC8B780000,can0
6278,1786718058.8196666,609730.364380849,485490496,1,0,0,8,6699DCEC84A30000,can0
6279,1786718058.8203886,609730.365102724,485490496,1,0,0,8,6699DBECD47B0000,can0
6280,1786718058.8214517,609730.366168265,485490496,1,0,0,8,6699ECEC186C0000,can0
6281,1786718058.8224437,609730.367159765,485490496,1,0,0,8,6699EBEC61780000,can0
6282,1786718058.8242826,609730.369000432,485490496,1,0,0,8,6699FCEC16700000,can0
6283,1786718058.8251405,609730.369855015,485490496,1,0,0,8,6699FBECB74A0000,can0
6284,1786718058.8994544,609730.444175057,502267712,1,0,0,8,60266699501000CD,can0
6285,1786718058.900681,609730.44539664,502267712,1,0,0,8,61020000FFFFFFFF,can0
6286,1786718058.9017518,609730.446467682,502267712,1,0,0,8,628515AB14000000,can0
6287,1786718058.9026759,609730.447390474,502267712,1,0,0,8,630000CE02000000,can0
6288,1786718058.9034498,609730.448163432,502267712,1,0,0,8,6400420E00009602,can0
6289,1786718058.9045374,609730.449254807,502267712,1,0,0,8,65EE9A4001FFFFFF,can0
6290,1786718058.9863365,609730.53105664,485490657,1,0,0,8,6699FF0FAC260000,can0
6291,1786718058.987805,609730.532520557,485490657,1,0,0,8,66991C206848FFFF,can0
6292,1786718059.048656,609730.593375307,435295296,1,0,0,8,007C152101047482,can0
6293,1786718059.049902,609730.59461439,435294784,1,0,0,8,400B820000FFFFFF,can0
6294,1786718059.0507073,609730.595422265,435294784,1,0,0,8,41FF4B00FFFFFFFF,can0
6295,1786718059.0525932,609730.597309224,435357504,1,0,0,8,82010D0C920000FF,can0
6296,1786718059.053617,609730.598332932,435294784,1,0,0,8,400B820103FFFFFF,can0
6297,1786718059.055066,609730.599781974,435294784,1,0,0,8,41FFFFFFFFFFFFFF,can0
6298,1786718059.0564888,609730.601205349,435357504,1,0,0,8,8202630C830000FF,can0
6299,1786718059.0574431,609730.602157474,435294784,1,0,0,8,200B820203FFFFFF,can0
6300,1786718059.0583515,609730.603065557,435294784,1,0,0,8,21FFFFFFFFFFFFFF,can0
6301,1786718059.0617383,609730.606454932,435357504,1,0,0,8,82030A0C5A0000FF,can0
6302,1786718059.0628335,609730.607547765,435294784,1,0,0,8,200B820303FFFFFF,can0
6303,1786718059.0651867,609730.609905765,435294784,1,0,0,8,21FFFFFFFFFFFFFF,can0
6304,1786718059.0663805,609730.61109464,435357504,1,0,0,8,82047907970000FF,can0
6305,1786718059.0670521,609730.611770974,435294784,1,0,0,8,200B820403FFFFFF,can0
6306,1786718059.0676541,609730.612366224,435294784,1,0,0,8,21FFFFFFFFFFFFFF,can0
6307,1786718059.0681286,609730.612841099,435357248,1,0,0,8,82FFFC00FFFFFFFF,can0
6308,1786718059.068569,609730.613280807,485490496,1,0,0,8,66994E0301000000,can0
6309,1786718059.104456,609730.649175266,485490497,1,0,0,8,66998FEDB0000000,can0
6310,1786718059.1774392,609730.722160849,773,0,0,0,8,0000000000000000,can0
6311,1786718059.1789136,609730.723628682,775,0,0,0,8,1234567856494300,can0
6312,1786718059.2594411,609730.804160599,435295297,1,0,0,8,007C15B0000474A9,can0
6313,1786718059.260458,609730.805173516,435294785,1,0,0,8,400BA90000FFFFFF,can0
6314,1786718059.261247,609730.805960932,435294785,1,0,0,8,41FF4900FFFFFFFF,can0
6315,1786718059.2620513,609730.806764557,435357505,1,0,0,8,A9019D0C670000FF,can0
6316,1786718059.262763,609730.807477474,435294785,1,0,0,8,400BA90103FFFFFF,can0
6317,1786718059.2634363,609730.808150099,435294785,1,0,0,8,41FFFFFFFFFFFFFF,can0
6318,1786718059.2640193,609730.808732641,435357505,1,0,0,8,A902940D650000FF,can0
6319,1786718059.264538,609730.809252891,435294785,1,0,0,8,200BA90203FFFFFF,can0
6320,1786718059.2760983,609730.820816307,435294785,1,0,0,8,21FFFFFFFFFFFFFF,can0
6321,1786718059.2770467,609730.821761766,435357505,1,0,0,8,A903600C740000FF,can0
6322,1786718059.2810893,609730.825812807,435294785,1,0,0,8,200BA90303FFFFFF,can0
6323,1786718059.2836123,609730.828329849,435294785,1,0,0,8,21FFFFFFFFFFFFFF,can0
6324,1786718059.2854233,609730.830140266,435357505,1,0,0,8,A9048D08000000FF,can0
6325,1786718059.2862866,609730.831001474,435294785,1,0,0,8,200BA90403FFFFFF,can0
6326,1786718059.2897034,609730.834421057,435294785,1,0,0,8,21FFFFFFFFFFFFFF,can0
6327,1786718059.2920654,609730.836783932,435357249,1,0,0,8,A9FFFC00FFFFFFFF,can0
6328,1786718059.6167257,609731.161447266,485490497,1,0,0,8,66998FEDB4000000,can0
6329,1786718059.6706505,609731.215370307,485490497,1,0,0,8,6699BCED7E920100,can0
6330,1786718059.6716053,609731.216318682,485490497,1,0,0,8,6699B1EDDE40F105,can0
6331,1786718059.6721704,609731.216883891,485490497,1,0,0,8,6699CCECF5800000,can0
6332,1786718059.673047,609731.217762474,485490497,1,0,0,8,6699CBEC8F7E0000,can0
6333,1786718059.6737056,609731.218419391,485490497,1,0,0,8,6699DCEC368A0000,can0
6334,1786718059.674365,609731.219078724,485490497,1,0,0,8,6699DBEC81870000,can0
6335,1786718059.6781683,609731.222888391,485490497,1,0,0,8,6699ECEC2E8F0000,can0
6336,1786718059.6795354,609731.224258141,485490497,1,0,0,8,6699EBEC0E7C0000,can0
6337,1786718059.6804266,609731.225140182,485490497,1,0,0,8,6699FBEC87550000,can0
6338,1786718059.7037652,609731.248484599,485490497,1,0,0,8,66998BED48000000,can0
6339,1786718059.8143764,609731.359097516,485490496,1,0,0,8,6699BCEDA92F0200,can0
6340,1786718059.8154652,609731.360181141,485490496,1,0,0,8,6699B1ED54DC7900,can0
6341,1786718059.8162947,609731.361009474,485490496,1,0,0,8,6699CCECB7AF0000,can0
6342,1786718059.8170505,609731.361764891,485490496,1,0,0,8,6699CBEC8B780000,can0
6343,1786718059.817781,609731.362494433,485490496,1,0,0,8,6699DCECD5A30000,can0
6344,1786718059.8185298,609731.363243599,485490496,1,0,0,8,6699DBECD87B0000,can0
6345,1786718059.8194666,609731.364181933,485490496,1,0,0,8,6699ECEC3C6C0000,can0
6346,1786718059.8205647,609731.365279558,485490496,1,0,0,8,6699EBEC60780000,can0
6347,1786718059.8213072,609731.366021641,485490496,1,0,0,8,6699FCEC4C700000,can0
6348,1786718059.8227267,609731.367444224,485490496,1,0,0,8,6699FBECB74A0000,can0
6349,1786718059.9970298,609731.541751974,485490657,1,0,0,8,6699FF0FAC260000,can0
6350,1786718059.9983554,609731.543070599,485490657,1,0,0,8,66991C203C47FFFF,can0
6351,1786718060.0979335,609731.642653474,485490496,1,0,0,8,6699042003000000,can0
6352,1786718060.1792827,609731.724003933,773,0,0,0,8,0000000000000000,can0
6353,1786718060.1817024,609731.726421183,775,0,0,0,8,1234567856494300,can0
6354,1786718060.30479,609731.849511058,485490497,1,0,0,8,66998DED7B150000,can0
6355,1786718060.5489175,609732.093637641,435295296,1,0,0,8,007C1521010474A0,can0
6356,1786718060.5499275,609732.094700933,435294784,1,0,0,8,600BA00000FFFFFF,can0
6357,1786718060.5507014,609732.0954151,435294784,1,0,0,8,61FF4B00FFFFFFFF,can0
6358,1786718060.5514395,609732.09615185,435357504,1,0,0,8,A0010E0C920000FF,can0
6359,1786718060.5521624,609732.0968776,435294784,1,0,0,8,600BA00103FFFFFF,can0
6360,1786718060.553164,609732.097879766,435294784,1,0,0,8,61FFFFFFFFFFFFFF,can0
6361,1786718060.5541246,609732.098840391,435357504,1,0,0,8,A002630C840000FF,can0
6362,1786718060.5549805,609732.099694766,435294784,1,0,0,8,400BA00203FFFFFF,can0
6363,1786718060.5564334,609732.101149183,435294784,1,0,0,8,41FFFFFFFFFFFFFF,can0
6364,1786718060.5573812,609732.102095225,435357504,1,0,0,8,A0030A0C5B0000FF,can0
6365,1786718060.5588005,609732.10351635,435294784,1,0,0,8,400BA00303FFFFFF,can0
6366,1786718060.5608392,609732.1055556,435294784,1,0,0,8,41FFFFFFFFFFFFFF,can0
6367,1786718060.5617306,609732.106446266,435357504,1,0,0,8,A0047807960000FF,can0
6368,1786718060.5645986,609732.109314725,435294784,1,0,0,8,400BA00403FFFFFF,can0
6369,1786718060.56728,609732.111995725,435294784,1,0,0,8,41FFFFFFFFFFFFFF,can0
6370,1786718060.5732148,609732.117932183,435357248,1,0,0,8,A0FFFC00FFFFFFFF,can0
6371,1786718060.5741181,609732.118834391,233966912,1,0,0,8,0001FDFFFFFFFFFF,can0
6372,1786718060.6157808,609732.160501891,485490497,1,0,0,8,66998DED7C150000,can0
6373,1786718060.6176953,609732.162414183,485490497,1,0,0,8,66998BED49000000,can0
6374,1786718060.6187963,609732.16351085,485490497,1,0,0,8,66998FEDB3000000,can0
6375,1786718060.6698837,609732.214603016,485490497,1,0,0,8,6699BCED3F9E0100,can0
6376,1786718060.670824,609732.215538766,485490497,1,0,0,8,6699B1EDB79BE805,can0
6377,1786718060.6715899,609732.216304683,485490497,1,0,0,8,6699CCEC76820000,can0
6378,1786718060.6723423,609732.2170561,485490497,1,0,0,8,6699CBEC857D0000,can0
6379,1786718060.673067,609732.217780266,485490497,1,0,0,8,6699DCEC05890000,can0
6380,1786718060.673991,609732.218703933,485490497,1,0,0,8,6699DBECA3870000,can0
6381,1786718060.67472,609732.219435183,485490497,1,0,0,8,6699ECEC3F8F0000,can0
6382,1786718060.6756663,609732.220382766,485490497,1,0,0,8,6699EBECC27B0000,can0
6383,1786718060.6766498,609732.221365308,485490497,1,0,0,8,6699FBEC84550000,can0
6384,1786718060.751776,609732.296495266,435295297,1,0,0,8,007C15B4000474C7,can0
6385,1786718060.7526424,609732.297355308,435294785,1,0,0,8,600BC70000FFFFFF,can0
6386,1786718060.7532492,609732.297961808,435294785,1,0,0,8,61FF4900FFFFFFFF,can0
6387,1786718060.7537897,609732.2985026,435357505,1,0,0,8,C7018D0C680000FF,can0
6388,1786718060.754302,609732.299014891,435294785,1,0,0,8,600BC70103FFFFFF,can0
6389,1786718060.7547948,609732.299507641,435294785,1,0,0,8,61FFFFFFFFFFFFFF,can0
6390,1786718060.7552779,609732.299990141,435357505,1,0,0,8,C702800D660000FF,can0
6391,1786718060.7559981,609732.30071185,435294785,1,0,0,8,400BC70203FFFFFF,can0
6392,1786718060.7565343,609732.301245683,435294785,1,0,0,8,41FFFFFFFFFFFFFF,can0
6393,1786718060.7570274,609732.301740683,435357505,1,0,0,8,C703600C740000FF,can0
6394,1786718060.7575233,609732.30223485,435294785,1,0,0,8,400BC70303FFFFFF,can0
6395,1786718060.7580168,609732.302729891,435294785,1,0,0,8,41FFFFFFFFFFFFFF,can0
6396,1786718060.7585666,609732.303280308,435357505,1,0,0,8,C7048D08000000FF,can0
6397,1786718060.7592442,609732.303958475,435294785,1,0,0,8,400BC70403FFFFFF,can0
6398,1786718060.7598805,609732.304592933,435294785,1,0,0,8,41FFFFFFFFFFFFFF,can0
6399,1786718060.7604272,609732.305139141,435357249,1,0,0,8,C7FFFC00FFFFFFFF,can0
6400,1786718060.8144858,609732.359206225,485490496,1,0,0,8,6699BCEDD62F0200,can0
6401,1786718060.8185582,609732.363273558,485490496,1,0,0,8,6699B1ED8DC87900,can0
6402,1786718060.8196764,609732.364392016,485490496,1,0,0,8,6699CCECC6AF0000,can0
6403,1786718060.820535,609732.36525035,485490496,1,0,0,8,6699CBEC91780000,can0
6404,1786718060.822274,609732.366989016,485490496,1,0,0,8,6699DCECD8A30000,can0
6405,1786718060.8230088,609732.367721975,485490496,1,0,0,8,6699DBECD77B0000,can0
6406,1786718060.8235748,609732.368286808,485490496,1,0,0,8,6699ECEC466C0000,can0
6407,1786718060.8240325,609732.368744516,485490496,1,0,0,8,6699EBEC66780000,can0
6408,1786718060.8244452,609732.369157808,485490496,1,0,0,8,6699FCEC2E700000,can0
6409,1786718060.8248363,609732.369548808,485490496,1,0,0,8,6699FBECC04A0000,can0
6410,1786718060.9895751,609732.534294766,485441761,1,0,0,8,6699152046030000,can0
6411,1786718060.990512,609732.535226183,485442017,1,0,0,8,66991520FA020000,can0
6412,1786718060.9912608,609732.53597635,485490496,1,0,0,8,6699152046030000,can0
6413,1786718060.991985,609732.536698933,485490497,1,0,0,8,66991520FA020000,can0
6414,1786718061.0006099,609732.5453296,485490496,1,0,0,8,66998DED7D150000,can0
6415,1786718061.0170345,609732.561754683,485490657,1,0,0,8,6699FF0FAC260000,can0
6416,1786718061.018311,609732.563025933,485490657,1,0,0,8,66991C203C47FFFF,can0
6417,1786718061.0857928,609732.630512433,485490657,1,0,0,8,669902207C150000,can0
6418,1786718061.1785889,609732.723309475,773,0,0,0,8,0000000000000000,can0
6419,1786718061.1795294,609732.724243808,775,0,0,0,8,1234567856494300,can0
6420,1786718061.1871574,609732.731878766,485441761,1,0,0,8,66990100D0EDFCFF,can0
6421,1786718061.1882195,609732.732934808,485441761,1,0,0,8,66990100DCEDFEFF,can0
6422,1786718061.188999,609732.733712725,485441761,1,0,0,8,66990100DAEDFFFF,can0
6423,1786718061.1950822,609732.7397981,485441761,1,0,0,8,669901002720FFFF,can0
6424,1786718061.196027,609732.740741725,485490496,1,0,0,8,6699DAED00000000,can0
6425,1786718061.1967416,609732.741456058,485490496,1,0,0,8,66992720C1CD0300,can0
6426,1786718061.1974657,609732.74217935,485490496,1,0,0,8,6699DCED99200000,can0
6427,1786718061.1981676,609732.74288185,485490496,1,0,0,8,6699DDEDEA830200,can0
6428,1786718061.1988597,609732.743573475,485490496,1,0,0,8,6699D0ED730E0000,can0
6429,1786718061.199555,609732.744269017,485490496,1,0,0,8,6699D1EDF9030000,can0
6430,1786718061.2001548,609732.744867392,485490496,1,0,0,8,6699D2ED420E0000,can0
6431,1786718061.210474,609732.7551891,485490496,1,0,0,8,6699D3EDCD020000,can0
6432,1786718061.211282,609732.755995017,485490497,1,0,0,8,66990102FC000000,can0
6433,1786718061.2125268,609732.757241017,485490497,1,0,0,8,66990A02FC000000,can0
6434,1786718061.258209,609732.802930058,485490497,1,0,0,8,6699000201000000,can0
6435,1786718061.2591271,609732.803842558,485490497,1,0,0,8,6699020200000000,can0
6436,1786718061.259911,609732.804625475,485490497,1,0,0,8,6699070200000000,can0
6437,1786718061.2636943,609732.808409558,485490497,1,0,0,8,66991E0300000000,can0
6438,1786718061.270588,609732.815309142,485490497,1,0,0,8,66991C0300000000,can0
6439,1786718061.2715886,609732.816304725,485490497,1,0,0,8,66998DED7C150000,can0
6440,1786718061.3061686,609732.850888142,485490497,1,0,0,8,66998FEDB7000000,can0
6441,1786718061.3071043,609732.851819433,485490497,1,0,0,8,6699ECED04740000,can0
6442,1786718061.3100834,609732.854803058,485490497,1,0,0,8,6699DAED00000000,can0
6443,1786718061.404758,609732.949477475,485490496,1,0,0,8,6699DBEDB6120000,can0
6444,1786718061.5108874,609733.055606642,485490497,1,0,0,8,6699B3ED01000000,can0
6445,1786718061.5118196,609733.056533475,485490497,1,0,0,8,6699BCED3D920100,can0
6446,1786718061.6027215,609733.147441433,502267713,1,0,0,8,A026669950100003,can0
6447,1786718061.6036694,609733.148384517,502267713,1,0,0,8,A1010000FFFFFFFF,can0
6448,1786718061.6044378,609733.149152225,502267713,1,0,0,8,A28515AF14000000,can0
6449,1786718061.605214,609733.149927808,502267713,1,0,0,8,A30000CD02000000,can0
6450,1786718061.6061513,609733.150865308,502267713,1,0,0,8,A400350900009F01,can0
6451,1786718061.606898,609733.1516121,502267713,1,0,0,8,A58A9A1300FFFFFF,can0
6452,1786718061.6176674,609733.162396308,485490497,1,0,0,8,66998DED7D150000,can0
6453,1786718061.6190705,609733.163786058,485490497,1,0,0,8,66998BED49000000,can0
6454,1786718061.6198714,609733.164586517,485490497,1,0,0,8,66998FEDB6000000,can0
6455,1786718061.670673,609733.215394017,485490497,1,0,0,8,6699BCED478A0100,can0
6456,1786718061.6717227,609733.216437558,485490497,1,0,0,8,6699B1ED8C3AF205,can0
6457,1786718061.6727648,609733.2174796,485490497,1,0,0,8,6699CCEC07800000,can0
6458,1786718061.6741524,609733.218869433,485490497,1,0,0,8,6699CBEC267F0000,can0
6459,1786718061.6750095,609733.219723225,485490497,1,0,0,8,6699DCEC9A800000,can0
6460,1786718061.6758175,609733.220531183,485490497,1,0,0,8,6699DBEC6F880000,can0
6461,1786718061.6765985,609733.221312225,485490497,1,0,0,8,6699ECECFA8E0000,can0
6462,1786718061.6773446,609733.222058642,485490497,1,0,0,8,6699EBEC707D0000,can0
6463,1786718061.6784816,609733.223197142,485490497,1,0,0,8,6699FBEC84550000,can0
6464,1786718061.7595937,609733.3043131,485490497,1,0,0,8,66994E0301000000,can0
6465,1786718061.760515,609733.3052286,485490496,1,0,0,8,66998DED7C150000,can0
6466,1786718061.762536,609733.307254725,485490496,1,0,0,8,6699DBEDAC120000,can0
6467,1786718061.81434,609733.359059517,485490496,1,0,0,8,6699BCED37300200,can0
6468,1786718061.8156297,609733.360345267,485490496,1,0,0,8,6699B1ED52747900,can0
6469,1786718061.8165781,609733.361293017,485490496,1,0,0,8,6699CCECD9AF0000,can0
6470,1786718061.817129,609733.36184235,485490496,1,0,0,8,6699CBEC82780000,can0
6471,1786718061.8177314,609733.362443892,485490496,1,0,0,8,6699DCECF9A30000,can0
6472,1786718061.820773,609733.3654881,485490496,1,0,0,8,6699DBECE07B0000,can0
6473,1786718061.822199,609733.3669141,485490496,1,0,0,8,6699ECECDB6C0000,can0
6474,1786718061.8229818,609733.367696767,485490496,1,0,0,8,6699EBEC6C780000,can0
6475,1786718061.8236983,609733.368411475,485490496,1,0,0,8,6699FCEC3B700000,can0
6476,1786718061.824756,609733.369471308,485490496,1,0,0,8,6699FBECB74A0000,can0
6477,1786718061.9936142,609733.538334684,485490657,1,0,0,8,6699FF0FAC260000,can0
6478,1786718061.9945912,609733.539306225,485490657,1,0,0,8,66991C20D846FFFF,can0
6479,1786718062.0625062,609733.607225975,435295296,1,0,0,8,007C1521010474BE,can0
6480,1786718062.063439,609733.608152267,435294784,1,0,0,8,800BBE0000FFFFFF,can0
6481,1786718062.0640311,609733.6087441,435294784,1,0,0,8,81FF4B00FFFFFFFF,can0
6482,1786718062.0651953,609733.609914642,435357504,1,0,0,8,BE010D0C910000FF,can0
6483,1786718062.0662441,609733.610959725,435294784,1,0,0,8,800BBE0103FFFFFF,can0
6484,1786718062.0671606,609733.611875517,435294784,1,0,0,8,81FFFFFFFFFFFFFF,can0
6485,1786718062.0679395,609733.612655475,435357504,1,0,0,8,BE02640C840000FF,can0
6486,1786718062.0687213,609733.6134361,435294784,1,0,0,8,600BBE0203FFFFFF,can0
6487,1786718062.069481,609733.614195642,435294784,1,0,0,8,61FFFFFFFFFFFFFF,can0
6488,1786718062.0702505,609733.614965892,435357504,1,0,0,8,BE030B0C5A0000FF,can0
6489,1786718062.0710075,609733.615721934,435294784,1,0,0,8,600BBE0303FFFFFF,can0
6490,1786718062.0717363,609733.616450059,435294784,1,0,0,8,61FFFFFFFFFFFFFF,can0
6491,1786718062.0732725,609733.617990309,435357504,1,0,0,8,BE047807960000FF,can0
6492,1786718062.074182,609733.618897392,435294784,1,0,0,8,600BBE0403FFFFFF,can0
6493,1786718062.0749547,609733.619669975,435294784,1,0,0,8,61FFFFFFFFFFFFFF,can0
6494,1786718062.075871,609733.620586225,435357248,1,0,0,8,BEFFFC00FFFFFFFF,can0
6495,1786718062.179181,609733.723900392,773,0,0,0,8,0000000000000000,can0
6496,1786718062.180114,609733.724829767,775,0,0,0,8,1234567856494300,can0
6497,1786718062.2535017,609733.798223725,435295297,1,0,0,8,007C15AF000474E5,can0
6498,1786718062.257305,609733.802022517,435294785,1,0,0,8,800BE50000FFFFFF,can0
6499,1786718062.258454,609733.803169225,435294785,1,0,0,8,81FF4900FFFFFFFF,can0
6500,1786718062.2594333,609733.804149559,435357505,1,0,0,8,E501C60C620000FF,can0
6501,1786718062.26416,609733.808877684,435294785,1,0,0,8,800BE50103FFFFFF,can0
6502,1786718062.2672822,609733.8119991,435294785,1,0,0,8,81FFFFFFFFFFFFFF,can0
6503,1786718062.268163,609733.812878017,435357505,1,0,0,8,E502C60D520000FF,can0
6504,1786718062.2692664,609733.81398185,435294785,1,0,0,8,600BE50203FFFFFF,can0
6505,1786718062.270111,609733.814825809,435294785,1,0,0,8,61FFFFFFFFFFFFFF,can0
6506,1786718062.2720535,609733.816768559,435357505,1,0,0,8,E503EE0C6C0000FF,can0
6507,1786718062.2729092,609733.81762335,435294785,1,0,0,8,600BE50303FFFFFF,can0
6508,1786718062.2738295,609733.818542142,435294785,1,0,0,8,61FFFFFFFFFFFFFF,can0
6509,1786718062.2743592,609733.819072225,435357505,1,0,0,8,E5048D08000000FF,can0
6510,1786718062.2749336,609733.819646475,435294785,1,0,0,8,600BE50403FFFFFF,can0
6511,1786718062.27624,609733.820956059,435294785,1,0,0,8,61FFFFFFFFFFFFFF,can0
6512,1786718062.2779105,609733.8226256,435357249,1,0,0,8,E5FFFC00FFFFFFFF,can0
6513,1786718062.2804093,609733.825126267,233966913,1,0,0,8,0001FDFFFFFFFFFF,can0
6514,1786718062.3846488,609733.929368767,485490657,1,0,0,8,669901207C150000,can0
6515,1786718062.3912494,609733.935970059,485490657,1,0,0,8,66990E200D000000,can0
6516,1786718062.6155212,609734.160242601,485490497,1,0,0,8,66998DED7C150000,can0
6517,1786718062.6207113,609734.165431809,485490497,1,0,0,8,66998FEDAC000000,can0
6518,1786718062.6694708,609734.214191476,485490497,1,0,0,8,6699BCEDEA870100,can0
6519,1786718062.6705012,609734.215215267,485490497,1,0,0,8,6699B1EDF8DFF405,can0
6520,1786718062.6744993,609734.219217892,485490497,1,0,0,8,6699CCEC6E7F0000,can0
6521,1786718062.6775818,609734.222300309,485490497,1,0,0,8,6699CBEC5E7F0000,can0
6522,1786718062.6798122,609734.224530892,485490497,1,0,0,8,6699DCECCE7D0000,can0
6523,1786718062.6859348,609734.230651101,485490497,1,0,0,8,6699DBECAC880000,can0
6524,1786718062.6887238,609734.233443892,485490497,1,0,0,8,6699ECEC0B8B0000,can0
6525,1786718062.6897495,609734.234464684,485490497,1,0,0,8,6699EBEC97800000,can0
6526,1786718062.6904771,609734.235190809,485490497,1,0,0,8,6699FBEC87550000,can0
6527,1786718062.7618518,609734.306570851,485490496,1,0,0,8,6699DBEDB6120000,can0
6528,1786718062.777046,609734.321766434,485442017,1,0,0,8,66990100D0EDFCFF,can0
6529,1786718062.7782245,609734.322940351,485442017,1,0,0,8,66990100DCEDFEFF,can0
6530,1786718062.779004,609734.323717476,485442017,1,0,0,8,66990100DAEDFFFF,can0
6531,1786718062.7795866,609734.324299684,485442017,1,0,0,8,669901002720FFFF,can0
6532,1786718062.780189,609734.324902476,485490497,1,0,0,8,6699DAED00000000,can0
6533,1786718062.7962332,609734.340948017,485490497,1,0,0,8,6699272012B80300,can0
6534,1786718062.813001,609734.357722101,485490497,1,0,0,8,6699DCED51110000,can0
6535,1786718062.8139431,609734.358657851,485490497,1,0,0,8,6699DDEDD7280000,can0
6536,1786718062.815273,609734.359991309,485490497,1,0,0,8,6699D0ED38080000,can0
6537,1786718062.817111,609734.361826892,485490497,1,0,0,8,6699D1ED29010000,can0
6538,1786718062.8182013,609734.362916226,485490497,1,0,0,8,6699D2ED35090000,can0
6539,1786718062.8192363,609734.363950226,485490497,1,0,0,8,6699D3ED03010000,can0
6540,1786718062.8202353,609734.364949934,485490496,1,0,0,8,6699BCED83300200,can0
6541,1786718062.8212337,609734.365946934,485490496,1,0,0,8,6699B1ED31427900,can0
6542,1786718062.8224006,609734.367115601,485490496,1,0,0,8,6699CCEC19B00000,can0
6543,1786718062.8234794,609734.368194892,485490496,1,0,0,8,6699CBEC85780000,can0
6544,1786718062.8242543,609734.368968684,485490496,1,0,0,8,6699DCECF4A30000,can0
6545,1786718062.8251562,609734.369870059,485490496,1,0,0,8,6699DBECE07B0000,can0
6546,1786718062.826215,609734.370929476,485490496,1,0,0,8,6699ECEC426C0000,can0
6547,1786718062.8271506,609734.371865976,485490496,1,0,0,8,6699EBEC6D780000,can0
6548,1786718062.8278654,609734.372579851,485490496,1,0,0,8,6699FCEC1C700000,can0
6549,1786718062.8287635,609734.373477184,485490496,1,0,0,8,6699FBECB14A0000,can0
6550,1786718062.9978266,609734.542546059,485490657,1,0,0,8,6699FF0FAC260000,can0
6551,1786718063.000948,609734.545665309,485490657,1,0,0,8,66991C200448FFFF,can0
6552,1786718063.1807783,609734.725498809,773,0,0,0,8,0000000000000000,can0
6553,1786718063.1817229,609734.726438767,775,0,0,0,8,1234567856494300,can0
6554,1786718063.5057554,609735.050481851,485490496,1,0,0,8,66990102FC000000,can0
6555,1786718063.5069053,609735.051620643,485490496,1,0,0,8,66990A02FC000000,can0
6556,1786718063.5483758,609735.093095726,435295296,1,0,0,8,007C1521010474DC,can0
6557,1786718063.5494182,609735.094133226,435294784,1,0,0,8,A00BDC0000FFFFFF,can0
6558,1786718063.5501778,609735.094891934,435294784,1,0,0,8,A1FF4B00FFFFFFFF,can0
6559,1786718063.5510364,609735.095751476,435357504,1,0,0,8,DC010E0C920000FF,can0
6560,1786718063.5517676,609735.096482351,435294784,1,0,0,8,A00BDC0103FFFFFF,can0
6561,1786718063.5524619,609735.097176726,435294784,1,0,0,8,A1FFFFFFFFFFFFFF,can0
6562,1786718063.5563366,609735.101057768,435357504,1,0,0,8,DC02630C840000FF,can0
6563,1786718063.5573773,609735.102092601,435294784,1,0,0,8,800BDC0203FFFFFF,can0
6564,1786718063.5584342,609735.103149226,435294784,1,0,0,8,81FFFFFFFFFFFFFF,can0
6565,1786718063.5592725,609735.103986809,435357504,1,0,0,8,DC030A0C5A0000FF,can0
6566,1786718063.5604074,609735.105121726,435294784,1,0,0,8,800BDC0303FFFFFF,can0
6567,1786718063.565934,609735.110650018,435294784,1,0,0,8,81FFFFFFFFFFFFFF,can0
6568,1786718063.5667443,609735.111458851,435357504,1,0,0,8,DC047807960000FF,can0
6569,1786718063.567394,609735.112107393,435294784,1,0,0,8,800BDC0403FFFFFF,can0
6570,1786718063.5679934,609735.112707518,435294784,1,0,0,8,81FFFFFFFFFFFFFF,can0
6571,1786718063.5685892,609735.113303476,435357248,1,0,0,8,DCFFFC00FFFFFFFF,can0
6572,1786718063.5691705,609735.113884143,485490496,1,0,0,8,6699000201000000,can0
6573,1786718063.5697687,609735.114483351,485490496,1,0,0,8,6699020200000000,can0
6574,1786718063.5703526,609735.115066893,485490496,1,0,0,8,6699070200000000,can0
6575,1786718063.5709343,609735.115647934,485490496,1,0,0,8,66991E0300000000,can0
6576,1786718063.5715063,609735.116219934,485490496,1,0,0,8,66991C0300000000,can0
6577,1786718063.5720794,609735.116794851,485490496,1,0,0,8,66998DED7C150000,can0
6578,1786718063.605738,609735.150462184,485490496,1,0,0,8,66998FED21010000,can0
6579,1786718063.6067097,609735.151425768,485490496,1,0,0,8,6699ECED04740000,can0
6580,1786718063.6075032,609735.152217851,485490496,1,0,0,8,6699DAED00000000,can0
6581,1786718063.6156137,609735.160333476,485490497,1,0,0,8,66998DED7C150000,can0
6582,1786718063.6184342,609735.163150393,485490497,1,0,0,8,66998FEDAB000000,can0
6583,1786718063.6694453,609735.214167143,485490497,1,0,0,8,6699BCEDC3800100,can0
6584,1786718063.6705804,609735.215295684,485490497,1,0,0,8,6699B1ED4D9AF505,can0
6585,1786718063.6723735,609735.217092309,485490497,1,0,0,8,6699CCEC13810000,can0
6586,1786718063.6758103,609735.220528976,485490497,1,0,0,8,6699CBECC07E0000,can0
6587,1786718063.6767309,609735.221446434,485490497,1,0,0,8,6699DCEC2C760000,can0
6588,1786718063.6775029,609735.222216268,485490497,1,0,0,8,6699DBEC49890000,can0
6589,1786718063.6782331,609735.222946018,485490497,1,0,0,8,6699ECECBB840000,can0
6590,1786718063.678978,609735.223692518,485490497,1,0,0,8,6699EBECFA820000,can0
6591,1786718063.6796958,609735.224409226,485490497,1,0,0,8,6699FBEC85550000,can0
6592,1786718063.7523472,609735.297067143,435295297,1,0,0,8,007C15AB00047407,can0
6593,1786718063.757385,609735.302101393,435294785,1,0,0,8,A00B070000FFFFFF,can0
6594,1786718063.7582529,609735.302966143,435294785,1,0,0,8,A1FF4900FFFFFFFF,can0
6595,1786718063.75923,609735.303945476,435357505,1,0,0,8,0701AD0C650000FF,can0
6596,1786718063.7600229,609735.304738143,435294785,1,0,0,8,A00B070103FFFFFF,can0
6597,1786718063.760838,609735.305551851,435294785,1,0,0,8,A1FFFFFFFFFFFFFF,can0
6598,1786718063.7617197,609735.306434643,435357505,1,0,0,8,0702B10D5A0000FF,can0
6599,1786718063.762347,609735.307059226,435294785,1,0,0,8,800B070203FFFFFF,can0
6600,1786718063.763005,609735.307718851,435294785,1,0,0,8,81FFFFFFFFFFFFFF,can0
6601,1786718063.7730708,609735.317790809,435357505,1,0,0,8,0703140D660000FF,can0
6602,1786718063.7740426,609735.318756601,435294785,1,0,0,8,800B070303FFFFFF,can0
6603,1786718063.7747033,609735.319416851,435294785,1,0,0,8,81FFFFFFFFFFFFFF,can0
6604,1786718063.77518,609735.319892476,435357505,1,0,0,8,07048D08000000FF,can0
6605,1786718063.7762413,609735.320954184,435294785,1,0,0,8,800B070403FFFFFF,can0
6606,1786718063.776795,609735.321507018,435294785,1,0,0,8,81FFFFFFFFFFFFFF,can0
6607,1786718063.7774198,609735.322132684,435357249,1,0,0,8,07FFFC00FFFFFFFF,can0
6608,1786718063.7779336,609735.322645893,485490496,1,0,0,8,6699DBEDAC120000,can0
6609,1786718063.8065386,609735.351258726,485490496,1,0,0,8,6699B3ED01000000,can0
6610,1786718063.8074205,609735.352134851,485490496,1,0,0,8,6699BCED2F310200,can0
6611,1786718063.8165662,609735.361285726,485490496,1,0,0,8,6699BCED2F310200,can0
6612,1786718063.8176174,609735.362333018,485490496,1,0,0,8,6699B1EDBE3D7900,can0
6613,1786718063.819029,609735.363747059,485490496,1,0,0,8,6699CCEC2EB00000,can0
6614,1786718063.8204064,609735.365122351,485490496,1,0,0,8,6699CBEC7B780000,can0
6615,1786718063.82158,609735.366294684,485490496,1,0,0,8,6699DCEC07A40000,can0
6616,1786718063.8239746,609735.368701809,485490496,1,0,0,8,6699DBECE37B0000,can0
6617,1786718063.8252268,609735.369941018,485490496,1,0,0,8,6699ECEC736C0000,can0
6618,1786718063.8274171,609735.372131643,485490496,1,0,0,8,6699EBEC6F780000,can0
6619,1786718063.828189,609735.372902351,485490496,1,0,0,8,6699FCEC48700000,can0
6620,1786718063.8291311,609735.373845851,485490496,1,0,0,8,6699FBECB54A0000,can0
6621,1786718063.8992991,609735.444017059,502267712,1,0,0,8,80266699501000CD,can0
6622,1786718063.9007127,609735.445427226,502267712,1,0,0,8,81020000FFFFFFFF,can0
6623,1786718063.9038017,609735.448515934,502267712,1,0,0,8,828515AB14000000,can0
6624,1786718063.9046075,609735.449320393,502267712,1,0,0,8,830000CE02000000,can0
6625,1786718063.9050946,609735.449806934,502267712,1,0,0,8,8400420E00009602,can0
6626,1786718063.9059775,609735.450690768,502267712,1,0,0,8,85EE9A4001FFFFFF,can0
6627,1786718063.9947343,609735.539454226,485441761,1,0,0,8,6699152046030000,can0
6628,1786718063.9959514,609735.54066631,485442017,1,0,0,8,66991520FA020000,can0
6629,1786718063.99681,609735.541524351,485490496,1,0,0,8,6699152046030000,can0
6630,1786718063.997504,609735.542218351,485490497,1,0,0,8,66991520FA020000,can0
6631,1786718064.0180779,609735.562798101,485490657,1,0,0,8,6699FF0FAC260000,can0
6632,1786718064.0214229,609735.56614906,485490657,1,0,0,8,66991C207446FFFF,can0
6633,1786718064.062198,609735.60691731,485490496,1,0,0,8,66994E0301000000,can0
6634,1786718064.0929317,609735.637651435,485490657,1,0,0,8,669902207C150000,can0
6635,1786718064.0963216,609735.641041518,485490657,1,0,0,8,669903204C090000,can0
6636,1786718064.176905,609735.721625685,773,0,0,0,8,0000000000000000,can0
6637,1786718064.1780527,609735.722866935,775,0,0,0,8,1234567856494300,can0
6638,1786718064.6180267,609736.162746393,485490497,1,0,0,8,66998FEDAD000000,can0
6639,1786718064.6694927,609736.214213518,485490497,1,0,0,8,6699BCEDB57B0100,can0
6640,1786718064.6704717,609736.215186018,485490497,1,0,0,8,6699B1ED8ECDF505,can0
6641,1786718064.671295,609736.216009518,485490497,1,0,0,8,6699CCEC537F0000,can0
6642,1786718064.6720738,609736.216788685,485490497,1,0,0,8,6699CBEC887F0000,can0
6643,1786718064.672796,609736.217509768,485490497,1,0,0,8,6699DCECAE7B0000,can0
6644,1786718064.6734805,609736.21819381,485490497,1,0,0,8,6699DBECE0880000,can0
6645,1786718064.6745818,609736.21930456,485490497,1,0,0,8,6699ECEC68870000,can0
6646,1786718064.675713,609736.220428393,485490497,1,0,0,8,6699EBEC20820000,can0
6647,1786718064.6764855,609736.22119931,485490497,1,0,0,8,6699FBEC87550000,can0
6648,1786718064.7002175,609736.244937143,485490496,1,0,0,8,66998FED22010000,can0
6649,1786718064.7616549,609736.306374143,485490496,1,0,0,8,6699DBEDAC120000,can0
6650,1786718064.8140996,609736.358819977,485490496,1,0,0,8,6699BCED85300200,can0
6651,1786718064.814958,609736.359671143,485490496,1,0,0,8,6699B1EDF77D7900,can0
6652,1786718064.8156815,609736.360395935,485490496,1,0,0,8,6699CCECFDAF0000,can0
6653,1786718064.8162732,609736.36098506,485490496,1,0,0,8,6699CBEC7C780000,can0
6654,1786718064.8172853,609736.361998977,485490496,1,0,0,8,6699DCEC2CA40000,can0
6655,1786718064.8180056,609736.362718643,485490496,1,0,0,8,6699DBECE07B0000,can0
6656,1786718064.81916,609736.363876268,485490496,1,0,0,8,6699ECEC9A6C0000,can0
6657,1786718064.8199599,609736.364673393,485490496,1,0,0,8,6699EBEC6E780000,can0
6658,1786718064.8226385,609736.367355935,485490496,1,0,0,8,6699FCEC3F700000,can0
6659,1786718064.8235083,609736.368223102,485490496,1,0,0,8,6699FBECAF4A0000,can0
6660,1786718065.0075028,609736.55222231,485490657,1,0,0,8,6699FF0FAC260000,can0
6661,1786718065.008435,609736.55315006,485490657,1,0,0,8,66991C200448FFFF,can0
6662,1786718065.0547135,609736.599433352,435295296,1,0,0,8,007C1522010474FA,can0
6663,1786718065.0557652,609736.600480102,435294784,1,0,0,8,C00BFA0000FFFFFF,can0
6664,1786718065.0565586,609736.601273143,435294784,1,0,0,8,C1FF4B00FFFFFFFF,can0
6665,1786718065.0573065,609736.60202131,435357504,1,0,0,8,FA010D0C920000FF,can0
6666,1786718065.0580418,609736.602756518,435294784,1,0,0,8,C00BFA0103FFFFFF,can0
6667,1786718065.058754,609736.603468518,435294784,1,0,0,8,C1FFFFFFFFFFFFFF,can0
6668,1786718065.0594213,609736.604136143,435357504,1,0,0,8,FA02620C860000FF,can0
6669,1786718065.0600646,609736.60477906,435294784,1,0,0,8,A00BFA0203FFFFFF,can0
6670,1786718065.0606863,609736.605400185,435294784,1,0,0,8,A1FFFFFFFFFFFFFF,can0
6671,1786718065.0613015,609736.606015393,435357504,1,0,0,8,FA030A0C5A0000FF,can0
6672,1786718065.061923,609736.606636727,435294784,1,0,0,8,A00BFA0303FFFFFF,can0
6673,1786718065.0625446,609736.607259018,435294784,1,0,0,8,A1FFFFFFFFFFFFFF,can0
6674,1786718065.0631564,609736.60787006,435357504,1,0,0,8,FA047807960000FF,can0
6675,1786718065.0637875,609736.608501643,435294784,1,0,0,8,A00BFA0403FFFFFF,can0
6676,1786718065.0644114,609736.609125227,435294784,1,0,0,8,A1FFFFFFFFFFFFFF,can0
6677,1786718065.065048,609736.609763143,435357248,1,0,0,8,FAFFFC00FFFFFFFF,can0
6678,1786718065.187207,609736.73192806,773,0,0,0,8,0000000000000000,can0
6679,1786718065.1882153,609736.732929477,775,0,0,0,8,1234567856494300,can0
6680,1786718065.2517648,609736.796485102,435295297,1,0,0,8,007C15AC00047425,can0
6681,1786718065.252778,609736.797492102,435294785,1,0,0,8,C00B250000FFFFFF,can0
6682,1786718065.253438,609736.798151518,435294785,1,0,0,8,C1FF4900FFFFFFFF,can0
6683,1786718065.2539907,609736.798704435,435357505,1,0,0,8,2501B00C660000FF,can0
6684,1786718065.2545197,609736.799232227,435294785,1,0,0,8,C00B250103FFFFFF,can0
6685,1786718065.2551055,609736.799819768,435294785,1,0,0,8,C1FFFFFFFFFFFFFF,can0
6686,1786718065.2560606,609736.80077481,435357505,1,0,0,8,2502B30D580000FF,can0
6687,1786718065.25684,609736.801554185,435294785,1,0,0,8,A00B250203FFFFFF,can0
6688,1786718065.2575915,609736.802305852,435294785,1,0,0,8,A1FFFFFFFFFFFFFF,can0
6689,1786718065.258313,609736.803027643,435357505,1,0,0,8,2503150D630000FF,can0
6690,1786718065.2590241,609736.803738393,435294785,1,0,0,8,A00B250303FFFFFF,can0
6691,1786718065.259827,609736.804541477,435294785,1,0,0,8,A1FFFFFFFFFFFFFF,can0
6692,1786718065.2605538,609736.805267935,435357505,1,0,0,8,25048D08000000FF,can0
6693,1786718065.2612405,609736.805954393,435294785,1,0,0,8,A00B250403FFFFFF,can0
6694,1786718065.2619505,609736.806663852,435294785,1,0,0,8,A1FFFFFFFFFFFFFF,can0
6695,1786718065.2626657,609736.807379768,435357249,1,0,0,8,25FFFC00FFFFFFFF,can0
6696,1786718065.5003188,609737.045039019,485490496,1,0,0,8,66998DED7B150000,can0
6697,1786718065.61646,609737.161180102,485490497,1,0,0,8,66998FEDAA000000,can0
6698,1786718065.6693127,609737.214032935,485490497,1,0,0,8,6699BCEDBD740100,can0
6699,1786718065.670174,609737.214887394,485490497,1,0,0,8,6699B1EDA7DBF505,can0
6700,1786718065.6709983,609737.21571406,485490497,1,0,0,8,6699CCECC57E0000,can0
6701,1786718065.6771395,609737.221855852,485490497,1,0,0,8,6699CBECE27F0000,can0
6702,1786718065.6792471,609737.22396256,485490497,1,0,0,8,6699DCEC8F770000,can0
6703,1786718065.6808524,609737.225567435,485490497,1,0,0,8,6699DBEC35890000,can0
6704,1786718065.6816392,609737.226352185,485490497,1,0,0,8,6699ECECCB800000,can0
6705,1786718065.6821728,609737.226885102,485490497,1,0,0,8,6699EBECEF830000,can0
6706,1786718065.6827023,609737.22741456,485490497,1,0,0,8,6699FBEC87550000,can0
6707,1786718065.7636182,609737.308337644,485490496,1,0,0,8,6699DBEDB6120000,can0
6708,1786718065.813807,609737.35852756,485490496,1,0,0,8,6699BCED84310200,can0
6709,1786718065.8147616,609737.359475435,485490496,1,0,0,8,6699B1EDF1667900,can0
6710,1786718065.8155465,609737.360260852,485490496,1,0,0,8,6699CCEC56B00000,can0
6711,1786718065.816245,609737.36095756,485490496,1,0,0,8,6699CBEC7A780000,can0
6712,1786718065.817015,609737.36172856,485490496,1,0,0,8,6699DCEC44A40000,can0
6713,1786718065.817727,609737.362439977,485490496,1,0,0,8,6699DBECD87B0000,can0
6714,1786718065.8188398,609737.363553102,485490496,1,0,0,8,6699ECECA06C0000,can0
6715,1786718065.8195255,609737.364239935,485490496,1,0,0,8,6699EBEC67780000,can0
6716,1786718065.8205426,609737.365256435,485490496,1,0,0,8,6699FCEC49700000,can0
6717,1786718065.821401,609737.36611581,485490496,1,0,0,8,6699FBECAB4A0000,can0
6718,1786718065.9959416,609737.540662602,485490657,1,0,0,8,6699FF0FAC260000,can0
6719,1786718065.99877,609737.54348981,485490657,1,0,0,8,66991C206848FFFF,can0
6720,1786718066.184266,609737.728985477,485441761,1,0,0,8,66990100D0EDFCFF,can0
6721,1786718066.1855881,609737.730304602,485441761,1,0,0,8,66990100DCEDFEFF,can0
6722,1786718066.186416,609737.731129436,485441761,1,0,0,8,66990100DAEDFFFF,can0
6723,1786718066.1870034,609737.731717269,485441761,1,0,0,8,669901002720FFFF,can0
6724,1786718066.1877363,609737.732450352,485490496,1,0,0,8,6699DAED00000000,can0
6725,1786718066.1884372,609737.733150977,485490496,1,0,0,8,6699272004A60300,can0
6726,1786718066.1991274,609737.743841894,773,0,0,0,8,0000000000000000,can0
6727,1786718066.2000623,609737.744775936,775,0,0,0,8,1234567856494300,can0
6728,1786718066.2007966,609737.745511477,485490496,1,0,0,8,6699DCED99200000,can0
6729,1786718066.201535,609737.746251186,485490496,1,0,0,8,6699DDEDEA830200,can0
6730,1786718066.20476,609737.749474686,485490496,1,0,0,8,6699D0ED730E0000,can0
6731,1786718066.2112627,609737.755981436,485490496,1,0,0,8,6699D1EDF9030000,can0
6732,1786718066.2125683,609737.757283977,485490496,1,0,0,8,6699D2ED420E0000,can0
6733,1786718066.2216916,609737.766408561,485490496,1,0,0,8,6699D3EDCD020000,can0
6734,1786718066.222982,609737.767697519,485490497,1,0,0,8,66990102FC000000,can0
6735,1786718066.2238266,609737.768540602,485490497,1,0,0,8,66990A02FC000000,can0
6736,1786718066.2613134,609737.806034311,485490497,1,0,0,8,6699000201000000,can0
6737,1786718066.2656784,609737.810395561,485490497,1,0,0,8,6699020200000000,can0
6738,1786718066.2684207,609737.813140394,485490497,1,0,0,8,6699070200000000,can0
6739,1786718066.2694588,609737.814175227,485490497,1,0,0,8,66991E0300000000,can0
6740,1786718066.272782,609737.817501394,485490497,1,0,0,8,66991C0300000000,can0
6741,1786718066.2736156,609737.818328936,485490497,1,0,0,8,66998DED7C150000,can0
6742,1786718066.3076735,609737.852401269,485490497,1,0,0,8,66998FEDA8000000,can0
6743,1786718066.3087568,609737.853471352,485490497,1,0,0,8,6699ECED04740000,can0
6744,1786718066.3105984,609737.855313269,485490497,1,0,0,8,6699DAED00000000,can0
6745,1786718066.5105538,609738.055275477,485490497,1,0,0,8,6699B3ED01000000,can0
6746,1786718066.5117555,609738.056469602,485490497,1,0,0,8,6699BCED0E730100,can0
6747,1786718066.5482051,609738.092926269,435295296,1,0,0,8,007B15220104741C,can0
6748,1786718066.5491474,609738.093862352,435294784,1,0,0,8,E00B1C0000FFFFFF,can0
6749,1786718066.5504727,609738.095188644,435294784,1,0,0,8,E1FF4B00FFFFFFFF,can0
6750,1786718066.551637,609738.096353102,435357504,1,0,0,8,1C010C0C930000FF,can0
6751,1786718066.5527782,609738.097493102,435294784,1,0,0,8,E00B1C0103FFFFFF,can0
6752,1786718066.5539021,609738.098615686,435294784,1,0,0,8,E1FFFFFFFFFFFFFF,can0
6753,1786718066.5546014,609738.099314061,435357504,1,0,0,8,1C02620C850000FF,can0
6754,1786718066.5552766,609738.099989727,435294784,1,0,0,8,C00B1C0203FFFFFF,can0
6755,1786718066.5560489,609738.100763561,435294784,1,0,0,8,C1FFFFFFFFFFFFFF,can0
6756,1786718066.556621,609738.101333977,435357504,1,0,0,8,1C030A0C5A0000FF,can0
6757,1786718066.557341,609738.102055936,435294784,1,0,0,8,C00B1C0303FFFFFF,can0
6758,1786718066.558085,609738.102800061,435294784,1,0,0,8,C1FFFFFFFFFFFFFF,can0
6759,1786718066.5594242,609738.104139644,435357504,1,0,0,8,1C047807950000FF,can0
6760,1786718066.5603445,609738.105059102,435294784,1,0,0,8,C00B1C0403FFFFFF,can0
6761,1786718066.5613644,609738.106077561,435294784,1,0,0,8,C1FFFFFFFFFFFFFF,can0
6762,1786718066.5620232,609738.106738936,435357248,1,0,0,8,1CFFFC00FFFFFFFF,can0
6763,1786718066.5626986,609738.107412311,233966912,1,0,0,8,0001FDFFFFFFFFFF,can0
6764,1786718066.6023977,609738.147118144,502267713,1,0,0,8,C026669950100003,can0
6765,1786718066.6032548,609738.147967811,502267713,1,0,0,8,C1010000FFFFFFFF,can0
6766,1786718066.6038492,609738.148562061,502267713,1,0,0,8,C28515AF14000000,can0
6767,1786718066.6043866,609738.149099394,502267713,1,0,0,8,C30000CD02000000,can0
6768,1786718066.6048975,609738.149611311,502267713,1,0,0,8,C400350900009F01,can0
6769,1786718066.6055415,609738.150255311,502267713,1,0,0,8,C58A9A1300FFFFFF,can0
6770,1786718066.618739,609738.163456519,485490497,1,0,0,8,66998FEDA7000000,can0
6771,1786718066.6699727,609738.214692269,485490497,1,0,0,8,6699BCED90770100,can0
6772,1786718066.6708276,609738.215541061,485490497,1,0,0,8,6699B1EDCD2CE905,can0
6773,1786718066.671568,609738.216283227,485490497,1,0,0,8,6699CCEC167B0000,can0
6774,1786718066.6721475,609738.216860477,485490497,1,0,0,8,6699CBEC05810000,can0
6775,1786718066.6729708,609738.217685061,485490497,1,0,0,8,6699DCEC1D7C0000,can0
6776,1786718066.673773,609738.218490144,485490497,1,0,0,8,6699DBECE0880000,can0
6777,1786718066.6748102,609738.219526727,485490497,1,0,0,8,6699ECEC467A0000,can0
6778,1786718066.675833,609738.220553269,485490497,1,0,0,8,6699EBEC3D850000,can0
6779,1786718066.6791391,609738.223855519,485490497,1,0,0,8,6699FBEC87550000,can0
6780,1786718066.7514493,609738.296168352,435295297,1,0,0,8,007C15A700047443,can0
6781,1786718066.7523303,609738.297044602,435294785,1,0,0,8,E00B430000FFFFFF,can0
6782,1786718066.7530859,609738.297798852,435294785,1,0,0,8,E1FF4900FFFFFFFF,can0
6783,1786718066.753665,609738.298376811,435357505,1,0,0,8,4301E70C600000FF,can0
6784,1786718066.7541885,609738.298901019,435294785,1,0,0,8,E00B430103FFFFFF,can0
6785,1786718066.7546875,609738.299400227,435294785,1,0,0,8,E1FFFFFFFFFFFFFF,can0
6786,1786718066.7552738,609738.299987561,435357505,1,0,0,8,4302A60D610000FF,can0
6787,1786718066.7559774,609738.300690769,435294785,1,0,0,8,C00B430203FFFFFF,can0
6788,1786718066.7565281,609738.301240644,435294785,1,0,0,8,C1FFFFFFFFFFFFFF,can0
6789,1786718066.758272,609738.302991936,435357505,1,0,0,8,4303430D5F0000FF,can0
6790,1786718066.759382,609738.304098227,435294785,1,0,0,8,C00B430303FFFFFF,can0
6791,1786718066.760308,609738.305022644,435294785,1,0,0,8,C1FFFFFFFFFFFFFF,can0
6792,1786718066.761299,609738.306013686,435357505,1,0,0,8,43048D08000000FF,can0
6793,1786718066.762045,609738.306760061,435294785,1,0,0,8,C00B430403FFFFFF,can0
6794,1786718066.7628472,609738.307561894,435294785,1,0,0,8,C1FFFFFFFFFFFFFF,can0
6795,1786718066.7650125,609738.309735686,435357249,1,0,0,8,43FFFC00FFFFFFFF,can0
6796,1786718066.76636,609738.311074644,485490497,1,0,0,8,66994E0301000000,can0
6797,1786718066.8139858,609738.358706228,485490496,1,0,0,8,6699BCED93310200,can0
6798,1786718066.814954,609738.359666644,485490496,1,0,0,8,6699B1EDD0467900,can0
6799,1786718066.8161123,609738.360826436,485490496,1,0,0,8,6699CCEC34B00000,can0
6800,1786718066.8167052,609738.361418519,485490496,1,0,0,8,6699CBEC77780000,can0
6801,1786718066.8195367,609738.364252353,485490496,1,0,0,8,6699DCEC03A40000,can0
6802,1786718066.8205132,609738.365228061,485490496,1,0,0,8,6699DBECE07B0000,can0
6803,1786718066.8211815,609738.365894436,485490496,1,0,0,8,6699ECECA86C0000,can0
6804,1786718066.82172,609738.366432728,485490496,1,0,0,8,6699EBEC6C780000,can0
6805,1786718066.8221695,609738.366881644,485490496,1,0,0,8,6699FCEC47700000,can0
6806,1786718066.8225765,609738.367288561,485490496,1,0,0,8,6699FBECB34A0000,can0
6807,1786718067.0079873,609738.552706561,485441761,1,0,0,8,6699152047030000,can0
6808,1786718067.008876,609738.553591061,485442017,1,0,0,8,66991520F9020000,can0
6809,1786718067.0096188,609738.554332811,485490497,1,0,0,8,66991520F9020000,can0
6810,1786718067.0102737,609738.554988144,485490496,1,0,0,8,6699152047030000,can0
6811,1786718067.0151334,609738.559852311,485490657,1,0,0,8,6699FF0FAC260000,can0
6812,1786718067.016249,609738.560963186,485490657,1,0,0,8,66991C20D846FFFF,can0
6813,1786718067.1101623,609738.654881353,502267713,1,0,0,8,E01D66994210013C,can0
6814,1786718067.1110568,609738.655771311,502267713,1,0,0,8,E17E1800F4480000,can0
6815,1786718067.1117907,609738.656504436,502267713,1,0,0,8,E200000000000000,can0
6816,1786718067.1193805,609738.664096894,502267713,1,0,0,8,E300010000000000,can0
6817,1786718067.1202476,609738.664962019,502267713,1,0,0,8,E40000FFFFFFFFFF,can0
6818,1786718067.128242,609738.672962353,485490657,1,0,0,8,669902207B150000,can0
6819,1786718067.1520627,609738.696782894,485490496,1,0,0,8,66998DED7C150000,can0
6820,1786718067.1845324,609738.729253061,773,0,0,0,8,0000000000000000,can0
6821,1786718067.185921,609738.730635978,775,0,0,0,8,1234567856494300,can0
6822,1786718067.3555722,609738.900292228,485490497,1,0,0,8,66998DED7B150000,can0
6823,1786718067.383016,609738.927736394,485490657,1,0,0,8,669901207C150000,can0
6824,1786718067.383938,609738.928652311,485490657,1,0,0,8,66990E200D000000,can0
6825,1786718067.625615,609739.170332103,485490497,1,0,0,8,66998FEDAA000000,can0
6826,1786718067.6693954,609739.214114103,485490497,1,0,0,8,6699BCED94820100,can0
6827,1786718067.670261,609739.214975353,485490497,1,0,0,8,6699B1EDC683F105,can0
6828,1786718067.6709676,609739.215681853,485490497,1,0,0,8,6699CCEC557F0000,can0
6829,1786718067.6717534,609739.21646677,485490497,1,0,0,8,6699CBEC8F7F0000,can0
6830,1786718067.6724133,609739.217127353,485490497,1,0,0,8,6699DCEC6B7F0000,can0
6831,1786718067.6730957,609739.21780952,485490497,1,0,0,8,6699DBEC98880000,can0
6832,1786718067.6818302,609739.226549895,485490497,1,0,0,8,6699ECEC3B7D0000,can0
6833,1786718067.6826742,609739.227387936,485490497,1,0,0,8,6699EBECB0840000,can0
6834,1786718067.6833422,609739.228056186,485490497,1,0,0,8,6699FBEC82550000,can0
6835,1786718067.7606416,609739.305366978,485490496,1,0,0,8,66998DED7C150000,can0
6836,1786718067.7815561,609739.32627752,485442017,1,0,0,8,66990100D0EDFCFF,can0
6837,1786718067.7829673,609739.32768202,485442017,1,0,0,8,66990100DCEDFEFF,can0
6838,1786718067.7870967,609739.331813311,485442017,1,0,0,8,66990100DAEDFFFF,can0
6839,1786718067.7879286,609739.332641145,485442017,1,0,0,8,669901002720FFFF,can0
6840,1786718067.788525,609739.333238686,485490497,1,0,0,8,6699DAED00000000,can0
6841,1786718067.7957447,609739.340460686,485490497,1,0,0,8,66992720E8B30300,can0
6842,1786718067.8142035,609739.358923353,485490496,1,0,0,8,6699BCEDD5310200,can0
6843,1786718067.8151517,609739.359865895,485490496,1,0,0,8,6699B1ED1D9E7900,can0
6844,1786718067.8161132,609739.36082827,485490496,1,0,0,8,6699CCEC7FB00000,can0
6845,1786718067.8168864,609739.36160052,485490496,1,0,0,8,6699CBEC85780000,can0
6846,1786718067.817633,609739.362347478,485490496,1,0,0,8,6699DCEC49A40000,can0
6847,1786718067.8183634,609739.36307777,485490496,1,0,0,8,6699DBECDB7B0000,can0
6848,1786718067.832868,609739.377587103,485490496,1,0,0,8,6699ECECAD6C0000,can0
6849,1786718067.833716,609739.378428978,485490496,1,0,0,8,6699EBEC6B780000,can0
6850,1786718067.8343723,609739.379084645,485490496,1,0,0,8,6699FCEC45700000,can0
6851,1786718067.8349102,609739.379622311,485490496,1,0,0,8,6699FBECAC4A0000,can0
6852,1786718067.8355997,609739.380314228,485490497,1,0,0,8,6699DCED51110000,can0
6853,1786718067.8362956,609739.381009686,485490497,1,0,0,8,6699DDEDD7280000,can0
6854,1786718067.836944,609739.381656936,485490497,1,0,0,8,6699D0ED38080000,can0
6855,1786718067.8378367,609739.382548853,485490497,1,0,0,8,6699D1ED29010000,can0
6856,1786718067.838932,609739.38364602,485490497,1,0,0,8,6699D2ED35090000,can0
6857,1786718067.83985,609739.384564145,485490497,1,0,0,8,6699D3ED03010000,can0
6858,1786718068.0133848,609739.558104228,485490657,1,0,0,8,6699FF0FAC260000,can0
6859,1786718068.014296,609739.559010811,485490657,1,0,0,8,66991C20E444FFFF,can0
6860,1786718068.0506468,609739.595367895,435295296,1,0,0,8,007C15220104743A,can0
6861,1786718068.0518558,609739.59657202,435294784,1,0,0,8,000B3A0000FFFFFF,can0
6862,1786718068.0590487,609739.603765478,435294784,1,0,0,8,01FF4B00FFFFFFFF,can0
6863,1786718068.0600069,609739.604721478,435357504,1,0,0,8,3A010E0C920000FF,can0
6864,1786718068.0625105,609739.607225603,435294784,1,0,0,8,000B3A0103FFFFFF,can0
6865,1786718068.0632396,609739.607954145,435294784,1,0,0,8,01FFFFFFFFFFFFFF,can0
6866,1786718068.0697696,609739.614484561,435357504,1,0,0,8,3A02620C840000FF,can0
6867,1786718068.070582,609739.615298061,435294784,1,0,0,8,E00B3A0203FFFFFF,can0
6868,1786718068.0713713,609739.616086645,435294784,1,0,0,8,E1FFFFFFFFFFFFFF,can0
6869,1786718068.0720966,609739.616812145,435357504,1,0,0,8,3A030A0C5B0000FF,can0
6870,1786718068.0728629,609739.617577811,435294784,1,0,0,8,E00B3A0303FFFFFF,can0
6871,1786718068.073608,609739.618323228,435294784,1,0,0,8,E1FFFFFFFFFFFFFF,can0
6872,1786718068.0743186,609739.61903327,435357504,1,0,0,8,3A047907980000FF,can0
6873,1786718068.0749998,609739.619713478,435294784,1,0,0,8,E00B3A0403FFFFFF,can0
6874,1786718068.0961306,609739.640845478,435294784,1,0,0,8,E1FFFFFFFFFFFFFF,can0
6875,1786718068.1004224,609739.645142978,435357248,1,0,0,8,3AFFFC00FFFFFFFF,can0
6876,1786718068.1846619,609739.729382145,773,0,0,0,8,0000000000000000,can0
6877,1786718068.1876404,609739.732356062,775,0,0,0,8,1234567856494300,can0
6878,1786718068.251586,609739.796306853,435295297,1,0,0,8,007B15AD00047461,can0
6879,1786718068.2528288,609739.797542895,435294785,1,0,0,8,000B610000FFFFFF,can0
6880,1786718068.2542846,609739.799001603,435294785,1,0,0,8,01FF4900FFFFFFFF,can0
6881,1786718068.2585294,609739.80324627,435357505,1,0,0,8,6101B20C660000FF,can0
6882,1786718068.2602177,609739.804932978,435294785,1,0,0,8,000B610103FFFFFF,can0
6883,1786718068.2617328,609739.80644777,435294785,1,0,0,8,01FFFFFFFFFFFFFF,can0
6884,1786718068.2624898,609739.80720302,435357505,1,0,0,8,61027D0D690000FF,can0
6885,1786718068.2632017,609739.80791552,435294785,1,0,0,8,E00B610203FFFFFF,can0
6886,1786718068.263885,609739.808598812,435294785,1,0,0,8,E1FFFFFFFFFFFFFF,can0
6887,1786718068.264565,609739.80927902,435357505,1,0,0,8,6103130D650000FF,can0
6888,1786718068.2717109,609739.816435895,435294785,1,0,0,8,E00B610303FFFFFF,can0
6889,1786718068.2726629,609739.817377145,435294785,1,0,0,8,E1FFFFFFFFFFFFFF,can0
6890,1786718068.2734084,609739.818122437,435357505,1,0,0,8,61048D08000000FF,can0
6891,1786718068.2742527,609739.818967187,435294785,1,0,0,8,E00B610403FFFFFF,can0
6892,1786718068.2751486,609739.81986477,435294785,1,0,0,8,E1FFFFFFFFFFFFFF,can0
6893,1786718068.2764838,609739.821199187,435357249,1,0,0,8,61FFFC00FFFFFFFF,can0
6894,1786718068.2832327,609739.827948937,233966913,1,0,0,8,0001FDFFFFFFFFFF,can0
6895,1786718068.5050545,609740.049774145,485490496,1,0,0,8,66990102FC000000,can0
6896,1786718068.5060375,609740.050750937,485490496,1,0,0,8,66990A02FC000000,can0
6897,1786718068.5547292,609740.09944852,485490496,1,0,0,8,6699000201000000,can0
6898,1786718068.5557258,609740.100440437,485490496,1,0,0,8,6699020200000000,can0
6899,1786718068.5563564,609740.10106852,485490496,1,0,0,8,6699070200000000,can0
6900,1786718068.5577788,609740.102494603,485490496,1,0,0,8,66991E0300000000,can0
6901,1786718068.560444,609740.105159228,485490496,1,0,0,8,66991C0300000000,can0
6902,1786718068.5613093,609740.106023437,485490496,1,0,0,8,66998DED7C150000,can0
6903,1786718068.6023266,609740.147046895,485490496,1,0,0,8,66998FED22010000,can0
6904,1786718068.6036544,609740.148370353,485490496,1,0,0,8,6699ECED04740000,can0
6905,1786718068.6060247,609740.150739687,485490496,1,0,0,8,6699DAED00000000,can0
6906,1786718068.6171455,609740.161865062,485490497,1,0,0,8,66998FEDB0000000,can0
6907,1786718068.6694822,609740.21420352,485490497,1,0,0,8,6699BCED41900100,can0
6908,1786718068.6705132,609740.215228312,485490497,1,0,0,8,6699B1ED215CF205,can0
6909,1786718068.6714485,609740.216163603,485490497,1,0,0,8,6699CCEC2D800000,can0
6910,1786718068.6722674,609740.216983062,485490497,1,0,0,8,6699CBEC317F0000,can0
6911,1786718068.6730883,609740.217802187,485490497,1,0,0,8,6699DCEC118C0000,can0
6912,1786718068.6741412,609740.218857103,485490497,1,0,0,8,6699DBEC6F870000,can0
6913,1786718068.674939,609740.219652812,485490497,1,0,0,8,6699ECECC4840000,can0
6914,1786718068.675652,609740.220365478,485490497,1,0,0,8,6699EBEC02830000,can0
6915,1786718068.676575,609740.221288978,485490497,1,0,0,8,6699FBEC84550000,can0
6916,1786718068.8057632,609740.350483978,485490496,1,0,0,8,6699B3ED01000000,can0
6917,1786718068.8068736,609740.351587145,485490496,1,0,0,8,6699BCED33320200,can0
6918,1786718068.8159132,609740.360633728,485490496,1,0,0,8,6699BCED33320200,can0
6919,1786718068.8170273,609740.361740978,485490496,1,0,0,8,6699B1EDEDD57900,can0
6920,1786718068.8177044,609740.362418437,485490496,1,0,0,8,6699CCEC81B00000,can0
6921,1786718068.818365,609740.363082645,485490496,1,0,0,8,6699CBEC82780000,can0
6922,1786718068.8195987,609740.364313228,485490496,1,0,0,8,6699DCEC65A40000,can0
6923,1786718068.8205278,609740.36524227,485490496,1,0,0,8,6699DBECD67B0000,can0
6924,1786718068.8223085,609740.367023978,485490496,1,0,0,8,6699ECECAE6C0000,can0
6925,1786718068.823293,609740.36800727,485490496,1,0,0,8,6699EBEC66780000,can0
6926,1786718068.824144,609740.368858228,485490496,1,0,0,8,6699FCEC5C700000,can0
6927,1786718068.824931,609740.369645437,485490496,1,0,0,8,6699FBECB04A0000,can0
6928,1786718068.8575869,609740.402306312,502267713,1,0,0,8,001D6699431001BA,can0
6929,1786718068.8586044,609740.403318812,502267713,1,0,0,8,010D0A000E1F0000,can0
6930,1786718068.8594475,609740.404161145,502267713,1,0,0,8,0200000000000000,can0
6931,1786718068.86006,609740.40477277,502267713,1,0,0,8,0300000000000000,can0
6932,1786718068.8606408,609740.40535352,502267713,1,0,0,8,040000FFFFFFFFFF,can0
6933,1786718068.861221,609740.405934437,502267713,1,0,0,8,201D66994210013D,can0
6934,1786718068.862201,609740.406917687,502267713,1,0,0,8,217E1800F5480000,can0
6935,1786718068.8640156,609740.408729603,502267713,1,0,0,8,2200000000000000,can0
6936,1786718068.8662672,609740.410984478,502267713,1,0,0,8,2300010000000000,can0
6937,1786718068.8671634,609740.411879228,502267713,1,0,0,8,240000FFFFFFFFFF,can0
6938,1786718068.8997595,609740.44448002,502267712,1,0,0,8,A0266699501000CD,can0
6939,1786718068.9014084,609740.44612527,502267712,1,0,0,8,A1020000FFFFFFFF,can0
6940,1786718068.9032397,609740.447955104,502267712,1,0,0,8,A28515AB14000000,can0
6941,1786718068.904736,609740.44945077,502267712,1,0,0,8,A30000CE02000000,can0
6942,1786718068.905637,609740.450349895,502267712,1,0,0,8,A400420E00009602,can0
6943,1786718068.906215,609740.450928229,502267712,1,0,0,8,A5EE9A4001FFFFFF,can0
6944,1786718069.0011587,609740.545879604,485490657,1,0,0,8,6699FF0FAC260000,can0
6945,1786718069.0023456,609740.547061604,485490657,1,0,0,8,66991C200448FFFF,can0
6946,1786718069.0557,609740.600420812,485490496,1,0,0,8,66994E0301000000,can0
6947,1786718069.1039064,609740.64862652,485490497,1,0,0,8,66998DED7C150000,can0
6948,1786718069.18561,609740.730330229,773,0,0,0,8,0000000000000000,can0
6949,1786718069.191901,609740.736615937,775,0,0,0,8,1234567856494300,can0
6950,1786718069.5480251,609741.092746312,435295296,1,0,0,8,007C152201047458,can0
6951,1786718069.5498652,609741.09457952,435294784,1,0,0,8,200B580000FFFFFF,can0
6952,1786718069.550814,609741.095533395,435294784,1,0,0,8,21FF4B00FFFFFFFF,can0
6953,1786718069.551694,609741.09640777,435357504,1,0,0,8,58010D0C920000FF,can0
6954,1786718069.5525973,609741.097311354,435294784,1,0,0,8,200B580103FFFFFF,can0
6955,1786718069.553613,609741.098328354,435294784,1,0,0,8,21FFFFFFFFFFFFFF,can0
6956,1786718069.554657,609741.099372562,435357504,1,0,0,8,5802630C850000FF,can0
6957,1786718069.5555613,609741.100278145,435294784,1,0,0,8,000B580203FFFFFF,can0
6958,1786718069.5564,609741.101113604,435294784,1,0,0,8,01FFFFFFFFFFFFFF,can0
6959,1786718069.5577586,609741.10247477,435357504,1,0,0,8,58030B0C5A0000FF,can0
6960,1786718069.5585365,609741.103249145,435294784,1,0,0,8,000B580303FFFFFF,can0
6961,1786718069.5592568,609741.103971187,435294784,1,0,0,8,01FFFFFFFFFFFFFF,can0
6962,1786718069.559947,609741.104660895,435357504,1,0,0,8,58047807970000FF,can0
6963,1786718069.5609887,609741.105703979,435294784,1,0,0,8,000B580403FFFFFF,can0
6964,1786718069.5617027,609741.106416437,435294784,1,0,0,8,01FFFFFFFFFFFFFF,can0
6965,1786718069.562369,609741.107082145,435357248,1,0,0,8,58FFFC00FFFFFFFF,can0
6966,1786718069.61558,609741.160315521,485490497,1,0,0,8,66998DED7C150000,can0
6967,1786718069.6170163,609741.161734646,485490497,1,0,0,8,66998FEDB4000000,can0
6968,1786718069.669261,609741.213981896,485490497,1,0,0,8,6699BCED26960100,can0
6969,1786718069.6701622,609741.214876146,485490497,1,0,0,8,6699B1ED35E9F405,can0
6970,1786718069.6709566,609741.215670937,485490497,1,0,0,8,6699CCECDD800000,can0
6971,1786718069.6717699,609741.216486604,485490497,1,0,0,8,6699CBECF87E0000,can0
6972,1786718069.6725624,609741.217277812,485490497,1,0,0,8,6699DCEC66900000,can0
6973,1786718069.6733463,609741.218059771,485490497,1,0,0,8,6699DBECFB860000,can0
6974,1786718069.6740825,609741.218796687,485490497,1,0,0,8,6699ECECC7880000,can0
6975,1786718069.6748009,609741.219513771,485490497,1,0,0,8,6699EBECBC810000,can0
6976,1786718069.6760516,609741.220768437,485490497,1,0,0,8,6699FBEC86550000,can0
6977,1786718069.703352,609741.248071604,502267712,1,0,0,8,C0266699501000CE,can0
6978,1786718069.7044792,609741.249193396,502267712,1,0,0,8,C1020000FFFFFFFF,can0
6979,1786718069.706291,609741.251010854,502267712,1,0,0,8,C28515AB14000000,can0
6980,1786718069.7076895,609741.252406604,502267712,1,0,0,8,C30000CE02000000,can0
6981,1786718069.7085996,609741.253314396,502267712,1,0,0,8,C400420E00009602,can0
6982,1786718069.7095904,609741.254306812,502267712,1,0,0,8,C5EE9A4001FFFFFF,can0
6983,1786718069.7105083,609741.255223062,502267712,1,0,0,8,E0286699A0100040,can0
6984,1786718069.7113554,609741.256069979,502267712,1,0,0,8,E101420091002701,can0
6985,1786718069.7125344,609741.257248604,502267712,1,0,0,8,E2D400BE024A044E,can0
6986,1786718069.713214,609741.257926312,502267712,1,0,0,8,E30D750AB5980E9A,can0
6987,1786718069.713884,609741.258598896,502267712,1,0,0,8,E4EE9A9C5FFFFFFF,can0
6988,1786718069.7150958,609741.259810396,502267712,1,0,0,8,E5FFFFFFFFFFFFFF,can0
6989,1786718069.7176301,609741.262374104,502267712,1,0,0,8,002666994F100100,can0
6990,1786718069.718673,609741.263385229,502267712,1,0,0,8,01430000009A2000,can0
6991,1786718069.719223,609741.263935979,502267712,1,0,0,8,0200EB830200EE9A,can0
6992,1786718069.7197983,609741.264510979,502267712,1,0,0,8,03EE1508DE11FFFF,can0
6993,1786718069.7202275,609741.264939687,502267712,1,0,0,8,04FFFFFFFFFFFFFF,can0
6994,1786718069.7206316,609741.265343771,502267712,1,0,0,8,05FFFFFFFFFFFFFF,can0
6995,1786718069.7211094,609741.265821771,485490496,1,0,0,8,6699DCED9A200000,can0
6996,1786718069.7214963,609741.266281396,485490496,1,0,0,8,6699DDEDEB830200,can0
6997,1786718069.7227838,609741.267501187,485490496,1,0,0,8,6699D3EDCE020000,can0
6998,1786718069.7517896,609741.296509521,435295297,1,0,0,8,007C15B40004747F,can0
6999,1786718069.753058,609741.297773354,435294785,1,0,0,8,200B7F0000FFFFFF,can0
7000,1786718069.7540648,609741.298778604,435294785,1,0,0,8,21FF4900FFFFFFFF,can0
7001,1786718069.7582235,609741.302938479,435357505,1,0,0,8,7F01B20C660000FF,can0
7002,1786718069.7597923,609741.304507437,435294785,1,0,0,8,200B7F0103FFFFFF,can0
7003,1786718069.760538,609741.305251729,435294785,1,0,0,8,21FFFFFFFFFFFFFF,can0
7004,1786718069.7619312,609741.306647729,435357505,1,0,0,8,7F02880D6C0000FF,can0
7005,1786718069.762775,609741.307488729,435294785,1,0,0,8,000B7F0203FFFFFF,can0
7006,1786718069.7639596,609741.308674146,435294785,1,0,0,8,01FFFFFFFFFFFFFF,can0
7007,1786718069.7660801,609741.310797687,435357505,1,0,0,8,7F03020D690000FF,can0
7008,1786718069.7669775,609741.311692562,435294785,1,0,0,8,000B7F0303FFFFFF,can0
7009,1786718069.7677896,609741.312504437,435294785,1,0,0,8,01FFFFFFFFFFFFFF,can0
7010,1786718069.7685788,609741.313293187,435357505,1,0,0,8,7F048D08000000FF,can0
7011,1786718069.7693105,609741.314023187,435294785,1,0,0,8,000B7F0403FFFFFF,can0
7012,1786718069.7700152,609741.314730479,435294785,1,0,0,8,01FFFFFFFFFFFFFF,can0
7013,1786718069.7707484,609741.315462062,435357249,1,0,0,8,7FFFFC00FFFFFFFF,can0
7014,1786718069.7723072,609741.317036979,502267712,1,0,0,8,201D669943100100,can0
7015,1786718069.7734294,609741.318144396,502267712,1,0,0,8,210F0A0006400000,can0
7016,1786718069.7742877,609741.319002979,502267712,1,0,0,8,2200000000000000,can0
7017,1786718069.774849,609741.319561479,502267712,1,0,0,8,2300000000000000,can0
7018,1786718069.775572,609741.320294521,502267712,1,0,0,8,240000FFFFFFFFFF,can0
7019,1786718069.776896,609741.321609437,502267712,1,0,0,8,401D66994210016F,can0
7020,1786718069.777572,609741.322288021,502267712,1,0,0,8,419DA20169A00400,can0
7021,1786718069.7785707,609741.323284021,502267712,1,0,0,8,4200000000000000,can0
7022,1786718069.7797835,609741.324500687,502267712,1,0,0,8,4300110000000000,can0
7023,1786718069.7807138,609741.325428354,502267712,1,0,0,8,440000FFFFFFFFFF,can0
7024,1786718069.81283,609741.357549437,485490496,1,0,0,8,6699BCED2A320200,can0
7025,1786718069.81391,609741.358625354,485490496,1,0,0,8,6699B1ED18BD7900,can0
7026,1786718069.8151143,609741.359829937,485490496,1,0,0,8,6699CCECA2B00000,can0
7027,1786718069.8167734,609741.361490021,485490496,1,0,0,8,6699CBEC8C780000,can0
7028,1786718069.8184924,609741.363209104,485490496,1,0,0,8,6699DCECA3A40000,can0
7029,1786718069.8201783,609741.364894896,485490496,1,0,0,8,6699DBECDE7B0000,can0
7030,1786718069.8217583,609741.366472687,485490496,1,0,0,8,6699ECEC836C0000,can0
7031,1786718069.8227394,609741.367460646,485490496,1,0,0,8,6699EBEC6A780000,can0
7032,1786718069.8237622,609741.368476771,485490496,1,0,0,8,6699FCEC6F700000,can0
7033,1786718069.8254762,609741.370192729,485490496,1,0,0,8,6699FBECB44A0000,can0
7034,1786718070.0018566,609741.546577437,485441761,1,0,0,8,6699152048030000,can0
7035,1786718070.007236,609741.551955812,485490496,1,0,0,8,6699152048030000,can0
7036,1786718070.015825,609741.560539687,485442017,1,0,0,8,66991520F8020000,can0
7037,1786718070.0165865,609741.561300437,485490497,1,0,0,8,66991520F8020000,can0
7038,1786718070.0405562,609741.585275854,485490657,1,0,0,8,6699FF0FAC260000,can0
7039,1786718070.0441275,609741.588841854,485490657,1,0,0,8,66991C206848FFFF,can0
7040,1786718070.1359334,609741.680653562,485490657,1,0,0,8,669902207B150000,can0
7041,1786718070.18914,609741.733860479,773,0,0,0,8,0000000000000000,can0
7042,1786718070.1900482,609741.734761521,775,0,0,0,8,1234567856494300,can0
7043,1786718070.5999212,609742.144640688,485490496,1,0,0,8,66998DED7B150000,can0
7044,1786718070.6163752,609742.161095479,485490497,1,0,0,8,66998FEDB4000000,can0
7045,1786718070.6692924,609742.214012521,485490497,1,0,0,8,6699BCED499B0100,can0
7046,1786718070.6704822,609742.215195813,485490497,1,0,0,8,6699B1EDD89CF505,can0
7047,1786718070.671135,609742.215852021,485490497,1,0,0,8,6699CCEC39810000,can0
7048,1786718070.671819,609742.216531854,485490497,1,0,0,8,6699CBECB87E0000,can0
7049,1786718070.6724384,609742.217150188,485490497,1,0,0,8,6699DCEC2E8D0000,can0
7050,1786718070.673033,609742.217750438,485490497,1,0,0,8,6699DBEC56870000,can0
7051,1786718070.6757238,609742.220440729,485490497,1,0,0,8,6699ECEC30890000,can0
7052,1786718070.6768186,609742.221533438,485490497,1,0,0,8,6699EBEC8F810000,can0
7053,1786718070.677744,609742.222458021,485490497,1,0,0,8,6699FBEC87550000,can0
7054,1786718070.8136153,609742.358334729,485490496,1,0,0,8,6699BCED03330200,can0
7055,1786718070.814537,609742.359250229,485490496,1,0,0,8,6699B1ED2DA87900,can0
7056,1786718070.8151937,609742.359906104,485490496,1,0,0,8,6699CCECE3B00000,can0
7057,1786718070.815989,609742.360702688,485490496,1,0,0,8,6699CBEC8E780000,can0
7058,1786718070.8169265,609742.361641021,485490496,1,0,0,8,6699DCEC84A40000,can0
7059,1786718070.8175924,609742.362305854,485490496,1,0,0,8,6699DBECD27B0000,can0
7060,1786718070.818796,609742.363512438,485490496,1,0,0,8,6699ECEC8D6C0000,can0
7061,1786718070.819761,609742.364476771,485490496,1,0,0,8,6699EBEC5F780000,can0
7062,1786718070.8206487,609742.365364646,485490496,1,0,0,8,6699FCEC78700000,can0
7063,1786718070.8216221,609742.366337229,485490496,1,0,0,8,6699FBECBC4A0000,can0
7064,1786718071.0029411,609742.547659855,485490657,1,0,0,8,6699FF0FAC260000,can0
7065,1786718071.0040116,609742.548726688,485490657,1,0,0,8,66991C20CC48FFFF,can0
7066,1786718071.0479264,609742.592646771,435295296,1,0,0,8,007B152201047476,can0
7067,1786718071.0496416,609742.59435748,435294784,1,0,0,8,400B760000FFFFFF,can0
7068,1786718071.0516636,609742.596390313,435294784,1,0,0,8,41FF4B00FFFFFFFF,can0
7069,1786718071.053313,609742.598029938,435357504,1,0,0,8,76010D0C940000FF,can0
7070,1786718071.0542753,609742.598991355,435294784,1,0,0,8,400B760103FFFFFF,can0
7071,1786718071.0552716,609742.599987771,435294784,1,0,0,8,41FFFFFFFFFFFFFF,can0
7072,1786718071.056817,609742.601531688,435357504,1,0,0,8,7602630C830000FF,can0
7073,1786718071.0577016,609742.602416521,435294784,1,0,0,8,200B760203FFFFFF,can0
7074,1786718071.0584857,609742.603201021,435294784,1,0,0,8,21FFFFFFFFFFFFFF,can0
7075,1786718071.059273,609742.603987521,435357504,1,0,0,8,76030A0C5A0000FF,can0
7076,1786718071.0600631,609742.604777146,435294784,1,0,0,8,200B760303FFFFFF,can0
7077,1786718071.0619395,609742.606655313,435294784,1,0,0,8,21FFFFFFFFFFFFFF,can0
7078,1786718071.0627353,609742.607449313,435357504,1,0,0,8,76047907980000FF,can0
7079,1786718071.0635076,609742.60822248,435294784,1,0,0,8,200B760403FFFFFF,can0
7080,1786718071.0642593,609742.60897473,435294784,1,0,0,8,21FFFFFFFFFFFFFF,can0
7081,1786718071.0659647,609742.610680313,435357248,1,0,0,8,76FFFC00FFFFFFFF,can0
7082,1786718071.183342,609742.72807023,773,0,0,0,8,0000000000000000,can0
7083,1786718071.1921504,609742.736870396,775,0,0,0,8,1234567856494300,can0
7084,1786718071.1930456,609742.737759105,485441761,1,0,0,8,66990100D0EDFCFF,can0
7085,1786718071.1937132,609742.73842723,485441761,1,0,0,8,66990100DCEDFEFF,can0
7086,1786718071.2004414,609742.745156271,485441761,1,0,0,8,66990100DAEDFFFF,can0
7087,1786718071.2013476,609742.746066021,485441761,1,0,0,8,669901002720FFFF,can0
7088,1786718071.202121,609742.746835813,485490496,1,0,0,8,6699DAED00000000,can0
7089,1786718071.2027614,609742.747475063,485490496,1,0,0,8,669927204DCD0300,can0
7090,1786718071.2034905,609742.748204855,485490496,1,0,0,8,6699DCED9A200000,can0
7091,1786718071.204122,609742.74883598,485490496,1,0,0,8,6699DDEDEB830200,can0
7092,1786718071.2047186,609742.749432105,485490496,1,0,0,8,6699D0ED730E0000,can0
7093,1786718071.2151034,609742.75982823,485490496,1,0,0,8,6699D1EDF9030000,can0
7094,1786718071.2166226,609742.761338146,485490496,1,0,0,8,6699D2ED420E0000,can0
7095,1786718071.2173762,609742.762090813,485490496,1,0,0,8,6699D3EDCE020000,can0
7096,1786718071.2180538,609742.762767313,485490497,1,0,0,8,66990102FC000000,can0
7097,1786718071.218665,609742.763378688,485490497,1,0,0,8,66990A02FC000000,can0
7098,1786718071.259255,609742.803971313,435295297,1,0,0,8,007C15B40004749D,can0
7099,1786718071.2601671,609742.804882938,435294785,1,0,0,8,400B9D0000FFFFFF,can0
7100,1786718071.2609682,609742.805683521,435294785,1,0,0,8,41FF4900FFFFFFFF,can0
7101,1786718071.2639058,609742.808621896,435357505,1,0,0,8,9D01C20C630000FF,can0
7102,1786718071.2649357,609742.809649813,435294785,1,0,0,8,400B9D0103FFFFFF,can0
7103,1786718071.2662272,609742.810942688,435294785,1,0,0,8,41FFFFFFFFFFFFFF,can0
7104,1786718071.2675796,609742.81229423,435357505,1,0,0,8,9D02A40D600000FF,can0
7105,1786718071.268338,609742.81305248,435294785,1,0,0,8,200B9D0203FFFFFF,can0
7106,1786718071.2693977,609742.814111646,435294785,1,0,0,8,21FFFFFFFFFFFFFF,can0
7107,1786718071.2700138,609742.814726105,435357505,1,0,0,8,9D03140D680000FF,can0
7108,1786718071.2705662,609742.815278813,435294785,1,0,0,8,200B9D0303FFFFFF,can0
7109,1786718071.271094,609742.81580698,435294785,1,0,0,8,21FFFFFFFFFFFFFF,can0
7110,1786718071.2716131,609742.81632623,435357505,1,0,0,8,9D048D08000000FF,can0
7111,1786718071.2721295,609742.81684273,435294785,1,0,0,8,200B9D0403FFFFFF,can0
7112,1786718071.2727156,609742.81742848,435294785,1,0,0,8,21FFFFFFFFFFFFFF,can0
7113,1786718071.2734153,609742.81813073,435357249,1,0,0,8,9DFFFC00FFFFFFFF,can0
7114,1786718071.2741947,609742.818909105,485490497,1,0,0,8,6699000201000000,can0
7115,1786718071.2749867,609742.819701938,485490497,1,0,0,8,6699020200000000,can0
7116,1786718071.2761283,609742.820842813,485490497,1,0,0,8,6699070200000000,can0
7117,1786718071.2769523,609742.821667771,485490497,1,0,0,8,66991E0300000000,can0
7118,1786718071.2782764,609742.822991396,485490497,1,0,0,8,66991C0300000000,can0
7119,1786718071.279397,609742.824112271,485490497,1,0,0,8,66998DED7C150000,can0
7120,1786718071.3149817,609742.859697771,485490497,1,0,0,8,66998FEDB3000000,can0
7121,1786718071.3159623,609742.86067673,485490497,1,0,0,8,6699ECED04740000,can0
7122,1786718071.3167145,609742.861428771,485490497,1,0,0,8,6699DAED00000000,can0
7123,1786718071.5108223,609743.055541855,485490497,1,0,0,8,6699B3ED01000000,can0
7124,1786718071.5128262,609743.057541521,485490497,1,0,0,8,6699BCED648F0100,can0
7125,1786718071.602497,609743.147216396,502267713,1,0,0,8,4026669950100003,can0
7126,1786718071.606495,609743.151210188,502267713,1,0,0,8,41010000FFFFFFFF,can0
7127,1786718071.607355,609743.152070063,502267713,1,0,0,8,428515AF14000000,can0
7128,1786718071.6084275,609743.153143188,502267713,1,0,0,8,430000CD02000000,can0
7129,1786718071.6092153,609743.153929105,502267713,1,0,0,8,4400350900009F01,can0
7130,1786718071.609744,609743.154456855,502267713,1,0,0,8,458A9A1300FFFFFF,can0
7131,1786718071.619031,609743.16375123,485490497,1,0,0,8,66998FEDB2000000,can0
7132,1786718071.6710057,609743.215728438,485490497,1,0,0,8,6699BCED819A0100,can0
7133,1786718071.6722388,609743.216955063,485490497,1,0,0,8,6699B1ED41CEF505,can0
7134,1786718071.6735535,609743.21826698,485490497,1,0,0,8,6699CCEC2F810000,can0
7135,1786718071.674688,609743.219402105,485490497,1,0,0,8,6699CBECC87E0000,can0
7136,1786718071.6765037,609743.221226313,485490497,1,0,0,8,6699DCECAF890000,can0
7137,1786718071.677683,609743.222400396,485490497,1,0,0,8,6699DBECB8870000,can0
7138,1786718071.6784985,609743.223212938,485490497,1,0,0,8,6699ECEC6B880000,can0
7139,1786718071.6802876,609743.225003147,485490497,1,0,0,8,6699EBECDD810000,can0
7140,1786718071.6813183,609743.226033813,485490497,1,0,0,8,6699FBEC85550000,can0
7141,1786718071.7599714,609743.304691355,485490497,1,0,0,8,66994E0301000000,can0
7142,1786718071.8137448,609743.358465147,485490496,1,0,0,8,6699BCEDB3320200,can0
7143,1786718071.8148065,609743.359520897,485490496,1,0,0,8,6699B1EDC2977900,can0
7144,1786718071.815671,609743.360384147,485490496,1,0,0,8,6699CCECD1B00000,can0
7145,1786718071.8165603,609743.361272688,485490496,1,0,0,8,6699CBEC8F780000,can0
7146,1786718071.8172112,609743.36192498,485490496,1,0,0,8,6699DCECDEA40000,can0
7147,1786718071.8178062,609743.362518855,485490496,1,0,0,8,6699DBECD97B0000,can0
7148,1786718071.8186994,609743.363412522,485490496,1,0,0,8,6699ECECE36C0000,can0
7149,1786718071.819464,609743.364178188,485490496,1,0,0,8,6699EBEC68780000,can0
7150,1786718071.822379,609743.367098272,485490496,1,0,0,8,6699FCEC9C700000,can0
7151,1786718071.8233948,609743.368106897,485490496,1,0,0,8,6699FBECB74A0000,can0
7152,1786718071.949992,609743.494712438,485490496,1,0,0,8,66998DED7C150000,can0
7153,1786718072.0049703,609743.549691188,485490657,1,0,0,8,6699FF0FAC260000,can0
7154,1786718072.0100324,609743.55475298,485490657,1,0,0,8,66991C200448FFFF,can0
7155,1786718072.185466,609743.730187397,773,0,0,0,8,0000000000000000,can0
7156,1786718072.1864996,609743.731213813,775,0,0,0,8,1234567856494300,can0
7157,1786718072.3782985,609743.923055147,485490657,1,0,0,8,669901207C150000,can0
7158,1786718072.3793623,609743.92407698,485490657,1,0,0,8,66990E200D000000,can0
7159,1786718072.5478692,609744.093422939,435295296,1,0,0,8,007B152201047494,can0
7160,1786718072.5521703,609744.09688623,435294784,1,0,0,8,600B940000FFFFFF,can0
7161,1786718072.553261,609744.097975897,435294784,1,0,0,8,61FF4B00FFFFFFFF,can0
7162,1786718072.5550027,609744.099720397,435357504,1,0,0,8,94010D0C910000FF,can0
7163,1786718072.557468,609744.102182772,435294784,1,0,0,8,600B940103FFFFFF,can0
7164,1786718072.558542,609744.103256939,435294784,1,0,0,8,61FFFFFFFFFFFFFF,can0
7165,1786718072.559279,609744.103992939,435357504,1,0,0,8,9402630C840000FF,can0
7166,1786718072.5601182,609744.10483373,435294784,1,0,0,8,400B940203FFFFFF,can0
7167,1786718072.5607708,609744.105484855,435294784,1,0,0,8,41FFFFFFFFFFFFFF,can0
7168,1786718072.5629299,609744.107648064,435357504,1,0,0,8,94030A0C5A0000FF,can0
7169,1786718072.5639372,609744.10865398,435294784,1,0,0,8,400B940303FFFFFF,can0
7170,1786718072.564727,609744.109440689,435294784,1,0,0,8,41FFFFFFFFFFFFFF,can0
7171,1786718072.5661442,609744.110863314,435357504,1,0,0,8,94047907980000FF,can0
7172,1786718072.567028,609744.11174448,435294784,1,0,0,8,400B940403FFFFFF,can0
7173,1786718072.567829,609744.112544522,435294784,1,0,0,8,41FFFFFFFFFFFFFF,can0
7174,1786718072.5686905,609744.11340498,435357248,1,0,0,8,94FFFC00FFFFFFFF,can0
7175,1786718072.5694306,609744.114144272,233966912,1,0,0,8,0001FDFFFFFFFFFF,can0
7176,1786718072.6169777,609744.161697272,485490497,1,0,0,8,66998FEDB6000000,can0
7177,1786718072.6693635,609744.214082897,485490497,1,0,0,8,6699BCED65A30100,can0
7178,1786718072.6724076,609744.217123189,485490497,1,0,0,8,6699B1EDD8DBF505,can0
7179,1786718072.6733305,609744.218044314,485490497,1,0,0,8,6699CCEC9B810000,can0
7180,1786718072.6742353,609744.21895098,485490497,1,0,0,8,6699CBEC937E0000,can0
7181,1786718072.6750226,609744.219736105,485490497,1,0,0,8,6699DCEC19950000,can0
7182,1786718072.676903,609744.221618064,485490497,1,0,0,8,6699DBEC83860000,can0
7183,1786718072.677715,609744.222429314,485490497,1,0,0,8,6699ECEC808C0000,can0
7184,1786718072.6785645,609744.223279439,485490497,1,0,0,8,6699EBEC09800000,can0
7185,1786718072.6792872,609744.224001689,485490497,1,0,0,8,6699FBEC86550000,can0
7186,1786718072.751516,609744.296235689,435295297,1,0,0,8,007C15B7000474BB,can0
7187,1786718072.7526877,609744.297403397,435294785,1,0,0,8,600BBB0000FFFFFF,can0
7188,1786718072.7536738,609744.298388564,435294785,1,0,0,8,61FF4900FFFFFFFF,can0
7189,1786718072.7545345,609744.299248397,435357505,1,0,0,8,BB01A80C670000FF,can0
7190,1786718072.7634919,609744.30820673,435294785,1,0,0,8,600BBB0103FFFFFF,can0
7191,1786718072.7643123,609744.309027064,435294785,1,0,0,8,61FFFFFFFFFFFFFF,can0
7192,1786718072.7649949,609744.30970948,435357505,1,0,0,8,BB02710D6C0000FF,can0
7193,1786718072.7665207,609744.311236064,435294785,1,0,0,8,400BBB0203FFFFFF,can0
7194,1786718072.7672894,609744.312004022,435294785,1,0,0,8,41FFFFFFFFFFFFFF,can0
7195,1786718072.768113,609744.312826522,435357505,1,0,0,8,BB03CB0C6D0000FF,can0
7196,1786718072.76878,609744.313500564,435294785,1,0,0,8,400BBB0303FFFFFF,can0
7197,1786718072.769613,609744.314327897,435294785,1,0,0,8,41FFFFFFFFFFFFFF,can0
7198,1786718072.7703378,609744.315052105,435357505,1,0,0,8,BB048D08000000FF,can0
7199,1786718072.7740908,609744.318808189,435294785,1,0,0,8,400BBB0403FFFFFF,can0
7200,1786718072.775075,609744.319790939,435294785,1,0,0,8,41FFFFFFFFFFFFFF,can0
7201,1786718072.778343,609744.32306048,435357249,1,0,0,8,BBFFFC00FFFFFFFF,can0
7202,1786718072.7797475,609744.324462814,485490496,1,0,0,8,66998DED7B150000,can0
7203,1786718072.7808745,609744.32559123,485442017,1,0,0,8,66990100D0EDFCFF,can0
7204,1786718072.7816749,609744.32639148,485442017,1,0,0,8,66990100DCEDFEFF,can0
7205,1786718072.782753,609744.327467939,485442017,1,0,0,8,66990100DAEDFFFF,can0
7206,1786718072.7834222,609744.328135189,485442017,1,0,0,8,669901002720FFFF,can0
7207,1786718072.78397,609744.328682939,485490497,1,0,0,8,6699DAED00000000,can0
7208,1786718072.7844281,609744.329140564,485490497,1,0,0,8,66992720E5D50300,can0
7209,1786718072.8141816,609744.358904689,485490496,1,0,0,8,6699BCED22330200,can0
7210,1786718072.815186,609744.359901147,485490496,1,0,0,8,6699B1EDE1E37900,can0
7211,1786718072.816193,609744.360905814,485490496,1,0,0,8,6699CCECDCB00000,can0
7212,1786718072.81699,609744.361703314,485490496,1,0,0,8,6699CBEC89780000,can0
7213,1786718072.8176522,609744.362365314,485490496,1,0,0,8,6699DCECB6A40000,can0
7214,1786718072.8181524,609744.362865647,485490496,1,0,0,8,6699DBECD97B0000,can0
7215,1786718072.81872,609744.36343223,485490496,1,0,0,8,6699ECECCE6C0000,can0
7216,1786718072.8193767,609744.364089772,485490496,1,0,0,8,6699EBEC62780000,can0
7217,1786718072.820163,609744.364877522,485490496,1,0,0,8,6699FCEC83700000,can0
7218,1786718072.8208904,609744.365604522,485490496,1,0,0,8,6699FBECBB4A0000,can0
7219,1786718072.840627,609744.38534773,485490497,1,0,0,8,6699DCED51110000,can0
7220,1786718072.8417099,609744.386424355,485490497,1,0,0,8,6699DDEDD7280000,can0
7221,1786718072.8425982,609744.387312147,485490497,1,0,0,8,6699D0ED38080000,can0
7222,1786718072.8433433,609744.388060855,485490497,1,0,0,8,6699D1ED29010000,can0
7223,1786718072.843822,609744.388534397,485490497,1,0,0,8,6699D2ED35090000,can0
7224,1786718072.8442552,609744.388967355,485490497,1,0,0,8,6699D3ED03010000,can0
7225,1786718073.0042036,609744.548922939,485441761,1,0,0,8,6699152046030000,can0
7226,1786718073.0052347,609744.549948689,485490496,1,0,0,8,6699152046030000,can0
7227,1786718073.0064178,609744.55113448,485442017,1,0,0,8,66991520FA020000,can0
7228,1786718073.0071697,609744.551884522,485490497,1,0,0,8,66991520FA020000,can0
7229,1786718073.0236669,609744.568386522,485490657,1,0,0,8,6699FF0FAC260000,can0
7230,1786718073.0297885,609744.57450898,485490657,1,0,0,8,66991C20CC48FFFF,can0
7231,1786718073.1336842,609744.678405272,485490657,1,0,0,8,669902207C150000,can0
7232,1786718073.1426246,609744.687345856,485490657,1,0,0,8,669903204C090000,can0
7233,1786718073.151718,609744.696438314,485490496,1,0,0,8,66998FED23010000,can0
7234,1786718073.1823905,609744.727110481,773,0,0,0,8,0000000000000000,can0
7235,1786718073.1834023,609744.728116564,775,0,0,0,8,1234567856494300,can0
7236,1786718073.3533578,609744.898077731,485490497,1,0,0,8,66998DED7D150000,can0
7237,1786718073.504902,609745.049621064,485490496,1,0,0,8,66990102FC000000,can0
7238,1786718073.506048,609745.050761939,485490496,1,0,0,8,66990A02FC000000,can0
7239,1786718073.5543559,609745.099075189,485490496,1,0,0,8,6699000201000000,can0
7240,1786718073.5554802,609745.100195064,485490496,1,0,0,8,6699020200000000,can0
7241,1786718073.5561671,609745.100881564,485490496,1,0,0,8,6699070200000000,can0
7242,1786718073.557362,609745.102078856,485490496,1,0,0,8,66991E0300000000,can0
7243,1786718073.5581684,609745.102883189,485490496,1,0,0,8,66991C0300000000,can0
7244,1786718073.5594878,609745.104207064,485490496,1,0,0,8,66998DED7C150000,can0
7245,1786718073.6045518,609745.149271772,485490496,1,0,0,8,66998FED23010000,can0
7246,1786718073.6060693,609745.150786106,485490496,1,0,0,8,6699ECED04740000,can0
7247,1786718073.608383,609745.153101439,485490496,1,0,0,8,6699DAED00000000,can0
7248,1786718073.616668,609745.161387314,485490497,1,0,0,8,66998FEDBB000000,can0
7249,1786718073.6691175,609745.213836439,485490497,1,0,0,8,6699BCED75960100,can0
7250,1786718073.669981,609745.214693481,485490497,1,0,0,8,6699B1ED95DFF505,can0
7251,1786718073.6706636,609745.215378772,485490497,1,0,0,8,6699CCEC7F800000,can0
7252,1786718073.6712422,609745.215954397,485490497,1,0,0,8,6699CBEC357F0000,can0
7253,1786718073.6720867,609745.216800606,485490497,1,0,0,8,6699DCEC44930000,can0
7254,1786718073.672797,609745.217511856,485490497,1,0,0,8,6699DBECBC860000,can0
7255,1786718073.6739686,609745.218683106,485490497,1,0,0,8,6699ECECEE8C0000,can0
7256,1786718073.6747777,609745.219494106,485490497,1,0,0,8,6699EBEC0A800000,can0
7257,1786718073.6760876,609745.220804606,485490497,1,0,0,8,6699FBEC87550000,can0
7258,1786718073.7613056,609745.306025522,485490496,1,0,0,8,66998DED7C150000,can0
7259,1786718073.8063567,609745.351076148,485490496,1,0,0,8,6699B3ED01000000,can0
7260,1786718073.8071897,609745.351903773,485490496,1,0,0,8,6699BCED7E330200,can0
7261,1786718073.8165774,609745.361298398,485490496,1,0,0,8,6699BCED7E330200,can0
7262,1786718073.8176346,609745.362349523,485490496,1,0,0,8,6699B1ED72BD7900,can0
7263,1786718073.8187008,609745.363415648,485490496,1,0,0,8,6699CCECF2B00000,can0
7264,1786718073.8196099,609745.364323648,485490496,1,0,0,8,6699CBEC8A780000,can0
7265,1786718073.8214486,609745.366165106,485490496,1,0,0,8,6699DCECD2A40000,can0
7266,1786718073.822433,609745.367148023,485490496,1,0,0,8,6699DBECD87B0000,can0
7267,1786718073.8236427,609745.368359356,485490496,1,0,0,8,6699ECECF46C0000,can0
7268,1786718073.8244438,609745.369157481,485490496,1,0,0,8,6699EBEC64780000,can0
7269,1786718073.8250194,609745.369732773,485490496,1,0,0,8,6699FCECA9700000,can0
7270,1786718073.825799,609745.370513064,485490496,1,0,0,8,6699FBECB84A0000,can0
7271,1786718073.8991802,609745.443900314,502267712,1,0,0,8,60266699501000CE,can0
7272,1786718073.9002974,609745.445013064,502267712,1,0,0,8,61020000FFFFFFFF,can0
7273,1786718073.901437,609745.446153439,502267712,1,0,0,8,628515AB14000000,can0
7274,1786718073.9023528,609745.447067273,502267712,1,0,0,8,630000CE02000000,can0
7275,1786718073.903117,609745.447831273,502267712,1,0,0,8,6400420E00009602,can0
7276,1786718073.9040658,609745.448781981,502267712,1,0,0,8,65EE9A4001FFFFFF,can0
7277,1786718074.007828,609745.552547939,485490657,1,0,0,8,6699FF0FAC260000,can0
7278,1786718074.0151627,609745.559881148,485490657,1,0,0,8,66991C208044FFFF,can0
7279,1786718074.0476928,609745.592412898,435295296,1,0,0,8,007C1523010474B2,can0
7280,1786718074.053264,609745.597986856,435294784,1,0,0,8,800BB20000FFFFFF,can0
7281,1786718074.0542653,609745.598979898,435294784,1,0,0,8,81FF4B00FFFFFFFF,can0
7282,1786718074.0552628,609745.599979981,435357504,1,0,0,8,B2010C0C910000FF,can0
7283,1786718074.0600536,609745.604768481,435294784,1,0,0,8,800BB20103FFFFFF,can0
7284,1786718074.0608182,609745.605533856,435294784,1,0,0,8,81FFFFFFFFFFFFFF,can0
7285,1786718074.0615885,609745.606304314,435357504,1,0,0,8,B202630C840000FF,can0
7286,1786718074.0623748,609745.607089273,435294784,1,0,0,8,600BB20203FFFFFF,can0
7287,1786718074.0631118,609745.607827273,435294784,1,0,0,8,61FFFFFFFFFFFFFF,can0
7288,1786718074.063848,609745.608561523,435357504,1,0,0,8,B2030B0C5A0000FF,can0
7289,1786718074.0727544,609745.617469439,435294784,1,0,0,8,600BB20303FFFFFF,can0
7290,1786718074.0735335,609745.618247648,435294784,1,0,0,8,61FFFFFFFFFFFFFF,can0
7291,1786718074.0743065,609745.619021731,435357504,1,0,0,8,B2047807960000FF,can0
7292,1786718074.0750961,609745.619810939,435294784,1,0,0,8,600BB20403FFFFFF,can0
7293,1786718074.0777874,609745.622578273,435294784,1,0,0,8,61FFFFFFFFFFFFFF,can0
7294,1786718074.0787485,609745.623462939,435357248,1,0,0,8,B2FFFC00FFFFFFFF,can0
7295,1786718074.079692,609745.624407356,485490496,1,0,0,8,66994E0301000000,can0
7296,1786718074.179925,609745.724645189,773,0,0,0,8,0000000000000000,can0
7297,1786718074.1812227,609745.725936689,775,0,0,0,8,1234567856494300,can0
7298,1786718074.2523446,609745.797064273,435295297,1,0,0,8,007D15B6000474D9,can0
7299,1786718074.2557936,609745.800513648,435294785,1,0,0,8,800BD90000FFFFFF,can0
7300,1786718074.2609513,609745.805668814,435294785,1,0,0,8,81FF4900FFFFFFFF,can0
7301,1786718074.3474329,609745.892150064,435357505,1,0,0,8,D901C80C630000FF,can0
7302,1786718074.3485043,609745.893219481,435294785,1,0,0,8,800BD90103FFFFFF,can0
7303,1786718074.3504267,609745.895143064,435294785,1,0,0,8,81FFFFFFFFFFFFFF,can0
7304,1786718074.3512769,609745.895992981,435357505,1,0,0,8,D902A00D610000FF,can0
7305,1786718074.3520477,609745.896762523,435294785,1,0,0,8,600BD90203FFFFFF,can0
7306,1786718074.3528063,609745.897520231,435294785,1,0,0,8,61FFFFFFFFFFFFFF,can0
7307,1786718074.353531,609745.898245064,435357505,1,0,0,8,D903F10C6A0000FF,can0
7308,1786718074.3542268,609745.898940398,435294785,1,0,0,8,600BD90303FFFFFF,can0
7309,1786718074.3549685,609745.899682773,435294785,1,0,0,8,61FFFFFFFFFFFFFF,can0
7310,1786718074.3558729,609745.900587148,435357505,1,0,0,8,D9048D08000000FF,can0
7311,1786718074.356643,609745.901359064,435294785,1,0,0,8,600BD90403FFFFFF,can0
7312,1786718074.3575275,609745.902243481,435294785,1,0,0,8,61FFFFFFFFFFFFFF,can0
7313,1786718074.3583,609745.903013439,435357249,1,0,0,8,D9FFFC00FFFFFFFF,can0
7314,1786718074.359815,609745.904531064,233966913,1,0,0,8,0001FDFFFFFFFFFF,can0
7315,1786718074.5538013,609746.09852169,485490497,1,0,0,8,66998DED7C150000,can0
7316,1786718074.6166055,609746.16132544,485490497,1,0,0,8,66998FEDB3000000,can0
7317,1786718074.6691546,609746.21387594,485490497,1,0,0,8,6699BCED1A870100,can0
7318,1786718074.670217,609746.21493194,485490497,1,0,0,8,6699B1ED9CE0F505,can0
7319,1786718074.671275,609746.215990606,485490497,1,0,0,8,6699CCEC547E0000,can0
7320,1786718074.672199,609746.216913898,485490497,1,0,0,8,6699CBEC25800000,can0
7321,1786718074.67311,609746.217824606,485490497,1,0,0,8,6699DCEC7D830000,can0
7322,1786718074.6740096,609746.21872519,485490497,1,0,0,8,6699DBEC58880000,can0
7323,1786718074.675109,609746.219823398,485490497,1,0,0,8,6699ECEC63890000,can0
7324,1786718074.676032,609746.220745231,485490497,1,0,0,8,6699EBEC9D810000,can0
7325,1786718074.6767852,609746.221499231,485490497,1,0,0,8,6699FBEC87550000,can0
7326,1786718074.8141093,609746.358834731,485490496,1,0,0,8,6699BCED8D330200,can0
7327,1786718074.8155284,609746.360244981,485490496,1,0,0,8,6699B1EDC65A7900,can0
7328,1786718074.8167877,609746.361505106,485490496,1,0,0,8,6699CCEC13B10000,can0
7329,1786718074.8177257,609746.362440231,485490496,1,0,0,8,6699CBEC82780000,can0
7330,1786718074.8187034,609746.363418481,485490496,1,0,0,8,6699DCEC35A50000,can0
7331,1786718074.8275592,609746.372279815,485490496,1,0,0,8,6699DBECE17B0000,can0
7332,1786718074.8284702,609746.373184898,485490496,1,0,0,8,6699ECEC2D6D0000,can0
7333,1786718074.8291605,609746.373874065,485490496,1,0,0,8,6699EBEC70780000,can0
7334,1786718074.8332043,609746.377921398,485490496,1,0,0,8,6699FCEC7E700000,can0
7335,1786718074.835794,609746.380509356,485490496,1,0,0,8,6699FBECB44A0000,can0
7336,1786718075.014823,609746.55954269,485490657,1,0,0,8,6699FF0FAC260000,can0
7337,1786718075.020826,609746.56554544,485490657,1,0,0,8,66991C202842FFFF,can0
7338,1786718075.1903195,609746.735040232,773,0,0,0,8,0000000000000000,can0
7339,1786718075.1912847,609746.735998565,775,0,0,0,8,1234567856494300,can0
7340,1786718075.5473392,609747.092059607,435295296,1,0,0,8,007C1523010474D0,can0
7341,1786718075.5494885,609747.094203315,435294784,1,0,0,8,A00BD00000FFFFFF,can0
7342,1786718075.5502574,609747.094970398,435294784,1,0,0,8,A1FF4B00FFFFFFFF,can0
7343,1786718075.5507588,609747.095471398,435357504,1,0,0,8,D0010E0C930000FF,can0
7344,1786718075.551334,609747.096046773,435294784,1,0,0,8,A00BD00103FFFFFF,can0
7345,1786718075.552019,609747.096732023,435294784,1,0,0,8,A1FFFFFFFFFFFFFF,can0
7346,1786718075.5543227,609747.099039523,435357504,1,0,0,8,D002620C830000FF,can0
7347,1786718075.5559735,609747.100690107,435294784,1,0,0,8,800BD00203FFFFFF,can0
7348,1786718075.5568225,609747.101536523,435294784,1,0,0,8,81FFFFFFFFFFFFFF,can0
7349,1786718075.557552,609747.102266398,435357504,1,0,0,8,D0030A0C5A0000FF,can0
7350,1786718075.558238,609747.102951357,435294784,1,0,0,8,800BD00303FFFFFF,can0
7351,1786718075.5589204,609747.103633107,435294784,1,0,0,8,81FFFFFFFFFFFFFF,can0
7352,1786718075.5596035,609747.10431794,435357504,1,0,0,8,D0047907990000FF,can0
7353,1786718075.5605545,609747.105270065,435294784,1,0,0,8,800BD00403FFFFFF,can0
7354,1786718075.561342,609747.106056565,435294784,1,0,0,8,81FFFFFFFFFFFFFF,can0
7355,1786718075.562041,609747.106754607,435357248,1,0,0,8,D0FFFC00FFFFFFFF,can0
7356,1786718075.6164272,609747.16114744,485490497,1,0,0,8,66998FEDAF000000,can0
7357,1786718075.66928,609747.21400044,485490497,1,0,0,8,6699BCED57870100,can0
7358,1786718075.6701906,609747.214904232,485490497,1,0,0,8,6699B1EDE4E0F505,can0
7359,1786718075.6714594,609747.216173732,485490497,1,0,0,8,6699CCEC3B7E0000,can0
7360,1786718075.6722498,609747.216962315,485490497,1,0,0,8,6699CBEC51800000,can0
7361,1786718075.6729825,609747.217695148,485490497,1,0,0,8,6699DCEC2E7F0000,can0
7362,1786718075.67346,609747.218172315,485490497,1,0,0,8,6699DBECBB880000,can0
7363,1786718075.674029,609747.218740815,485490497,1,0,0,8,6699ECECE5880000,can0
7364,1786718075.6745842,609747.219297357,485490497,1,0,0,8,6699EBECCA810000,can0
7365,1786718075.675661,609747.220377482,485490497,1,0,0,8,6699FBEC86550000,can0
7366,1786718075.751325,609747.296045273,435295297,1,0,0,8,007C15AF000474F7,can0
7367,1786718075.753436,609747.298151648,435294785,1,0,0,8,A00BF70000FFFFFF,can0
7368,1786718075.7548778,609747.299592357,435294785,1,0,0,8,A1FF4900FFFFFFFF,can0
7369,1786718075.755965,609747.300677898,435357505,1,0,0,8,F701D50C620000FF,can0
7370,1786718075.7567112,609747.301425482,435294785,1,0,0,8,A00BF70103FFFFFF,can0
7371,1786718075.7573364,609747.302050982,435294785,1,0,0,8,A1FFFFFFFFFFFFFF,can0
7372,1786718075.7579257,609747.302639607,435357505,1,0,0,8,F702AC0D5D0000FF,can0
7373,1786718075.758501,609747.303214565,435294785,1,0,0,8,800BF70203FFFFFF,can0
7374,1786718075.7590861,609747.303799857,435294785,1,0,0,8,81FFFFFFFFFFFFFF,can0
7375,1786718075.7596548,609747.304367732,435357505,1,0,0,8,F703F80C690000FF,can0
7376,1786718075.7602782,609747.304992398,435294785,1,0,0,8,800BF70303FFFFFF,can0
7377,1786718075.7609038,609747.305617148,435294785,1,0,0,8,81FFFFFFFFFFFFFF,can0
7378,1786718075.7613826,609747.306094648,435357505,1,0,0,8,F7048D08000000FF,can0
7379,1786718075.7618148,609747.306526732,435294785,1,0,0,8,800BF70403FFFFFF,can0
7380,1786718075.7622318,609747.306943982,435294785,1,0,0,8,81FFFFFFFFFFFFFF,can0
7381,1786718075.7633212,609747.308036107,435357249,1,0,0,8,F7FFFC00FFFFFFFF,can0
7382,1786718075.8140962,609747.358818107,485490496,1,0,0,8,6699BCEDCD330200,can0
7383,1786718075.815291,609747.36303069,485490496,1,0,0,8,6699B1EDAC847900,can0
7384,1786718075.819582,609747.364295607,485490496,1,0,0,8,6699CCEC3AB10000,can0
7385,1786718075.820357,609747.365070982,485490496,1,0,0,8,6699CBEC7E780000,can0
7386,1786718075.8211055,609747.365820065,485490496,1,0,0,8,6699DCECF3A40000,can0
7387,1786718075.823211,609747.367925232,485490496,1,0,0,8,6699DBECDE7B0000,can0
7388,1786718075.8240004,609747.368714898,485490496,1,0,0,8,6699ECECFA6C0000,can0
7389,1786718075.8246305,609747.36934394,485490496,1,0,0,8,6699EBEC6B780000,can0
7390,1786718075.8250954,609747.36980719,485490496,1,0,0,8,6699FCEC93700000,can0
7391,1786718075.8256688,609747.370382857,485490496,1,0,0,8,6699FBECB44A0000,can0
7392,1786718075.8516672,609747.396387398,485490496,1,0,0,8,6699DBEDC0120000,can0
7393,1786718076.0093374,609747.554057607,485441761,1,0,0,8,6699152045030000,can0
7394,1786718076.0102434,609747.554959149,485490496,1,0,0,8,6699152045030000,can0
7395,1786718076.017857,609747.562577315,485442017,1,0,0,8,66991520FB020000,can0
7396,1786718076.021026,609747.565740815,485490497,1,0,0,8,66991520FB020000,can0
7397,1786718076.0430307,609747.587751065,485490657,1,0,0,8,6699FF0FAC260000,can0
7398,1786718076.0440168,609747.588732524,485490657,1,0,0,8,66991C208044FFFF,can0
7399,1786718076.1278868,609747.672606607,485490657,1,0,0,8,669902207C150000,can0
7400,1786718076.1805127,609747.72523294,773,0,0,0,8,0000000000000000,can0
7401,1786718076.1905441,609747.73525969,775,0,0,0,8,1234567856494300,can0
7402,1786718076.191764,609747.73647919,485441761,1,0,0,8,66990100D0EDFCFF,can0
7403,1786718076.1929445,609747.737658649,485441761,1,0,0,8,66990100DCEDFEFF,can0
7404,1786718076.1952796,609747.739993482,485441761,1,0,0,8,66990100DAEDFFFF,can0
7405,1786718076.2047877,609747.749502482,485441761,1,0,0,8,669901002720FFFF,can0
7406,1786718076.2138433,609747.758558315,485490496,1,0,0,8,6699DAED00000000,can0
7407,1786718076.2149432,609747.759658482,485490496,1,0,0,8,669927204BBB0300,can0
7408,1786718076.2167854,609747.761500274,485490496,1,0,0,8,6699DCED9A200000,can0
7409,1786718076.2176473,609747.762362482,485490496,1,0,0,8,6699DDEDEB830200,can0
7410,1786718076.218526,609747.763239732,485490496,1,0,0,8,6699D0ED730E0000,can0
7411,1786718076.2192516,609747.763965774,485490496,1,0,0,8,6699D1EDF9030000,can0
7412,1786718076.2199476,609747.764661815,485490496,1,0,0,8,6699D2ED420E0000,can0
7413,1786718076.2206283,609747.765342315,485490496,1,0,0,8,6699D3EDCE020000,can0
7414,1786718076.221645,609747.766360149,485490497,1,0,0,8,66990102FC000000,can0
7415,1786718076.2225027,609747.767217774,485490497,1,0,0,8,66990A02FC000000,can0
7416,1786718076.257804,609747.802523899,485490497,1,0,0,8,6699000201000000,can0
7417,1786718076.2586715,609747.803385732,485490497,1,0,0,8,6699020200000000,can0
7418,1786718076.2593915,609747.804106899,485490497,1,0,0,8,6699070200000000,can0
7419,1786718076.2748034,609747.819523982,485490497,1,0,0,8,66991E0300000000,can0
7420,1786718076.2759047,609747.820618399,485490497,1,0,0,8,66991C0300000000,can0
7421,1786718076.2767713,609747.821484982,485490497,1,0,0,8,66998DED7C150000,can0
7422,1786718076.3071606,609747.851881649,485490497,1,0,0,8,66998FEDAE000000,can0
7423,1786718076.3080997,609747.852813982,485490497,1,0,0,8,6699ECED04740000,can0
7424,1786718076.3142781,609747.858998399,485490497,1,0,0,8,6699DAED00000000,can0
7425,1786718076.5101602,609748.054879815,485490497,1,0,0,8,6699B3ED01000000,can0
7426,1786718076.5110142,609748.055727482,485490497,1,0,0,8,6699BCEDEF870100,can0
7427,1786718076.6020913,609748.146819691,502267713,1,0,0,8,6026669950100003,can0
7428,1786718076.6032631,609748.147977732,502267713,1,0,0,8,61010000FFFFFFFF,can0
7429,1786718076.605205,609748.149921774,502267713,1,0,0,8,628515AF14000000,can0
7430,1786718076.6067145,609748.151428524,502267713,1,0,0,8,630000CD02000000,can0
7431,1786718076.6075115,609748.152226149,502267713,1,0,0,8,6400350900009F01,can0
7432,1786718076.608482,609748.153195816,502267713,1,0,0,8,658A9A1300FFFFFF,can0
7433,1786718076.619193,609748.163913232,485490497,1,0,0,8,66998FEDAE000000,can0
7434,1786718076.6700692,609748.214789149,485490497,1,0,0,8,6699BCEDA9890100,can0
7435,1786718076.671245,609748.215966732,485490497,1,0,0,8,6699B1EDF8E0F505,can0
7436,1786718076.6730459,609748.217760982,485490497,1,0,0,8,6699CCEC327E0000,can0
7437,1786718076.673902,609748.218615691,485490497,1,0,0,8,6699CBEC42800000,can0
7438,1786718076.6744583,609748.219171316,485490497,1,0,0,8,6699DCECC67F0000,can0
7439,1786718076.6753793,609748.220096982,485490497,1,0,0,8,6699DBECAD880000,can0
7440,1786718076.676264,609748.220977441,485490497,1,0,0,8,6699ECECFC890000,can0
7441,1786718076.6769655,609748.221678566,485490497,1,0,0,8,6699EBEC53810000,can0
7442,1786718076.677543,609748.222255107,485490497,1,0,0,8,6699FBEC82550000,can0
7443,1786718076.7589293,609748.303647649,485490497,1,0,0,8,66994E0301000000,can0
7444,1786718076.8129935,609748.357713566,485490496,1,0,0,8,6699BCED50340200,can0
7445,1786718076.813923,609748.358637441,485490496,1,0,0,8,6699B1ED5B9A7900,can0
7446,1786718076.8145635,609748.359277024,485490496,1,0,0,8,6699CCEC58B10000,can0
7447,1786718076.8158655,609748.360581941,485490496,1,0,0,8,6699CBEC80780000,can0
7448,1786718076.8168092,609748.361524357,485490496,1,0,0,8,6699DCEC3CA50000,can0
7449,1786718076.8176033,609748.362318191,485490496,1,0,0,8,6699DBECE37B0000,can0
7450,1786718076.8185816,609748.363296274,485490496,1,0,0,8,6699ECECF66C0000,can0
7451,1786718076.819453,609748.364168399,485490496,1,0,0,8,6699EBEC6D780000,can0
7452,1786718076.8203082,609748.365022357,485490496,1,0,0,8,6699FCECA1700000,can0
7453,1786718076.8210404,609748.365753774,485490496,1,0,0,8,6699FBECB54A0000,can0
7454,1786718076.8537264,609748.398445732,485490497,1,0,0,8,66998DED7D150000,can0
7455,1786718077.0124283,609748.557148399,485490657,1,0,0,8,6699FF0FAC260000,can0
7456,1786718077.0149536,609748.559672566,485490657,1,0,0,8,66991C203C47FFFF,can0
7457,1786718077.0493033,609748.594022941,435295296,1,0,0,8,007C1523010474EE,can0
7458,1786718077.0503662,609748.595081274,435294784,1,0,0,8,C00BEE0000FFFFFF,can0
7459,1786718077.0512586,609748.595973649,435294784,1,0,0,8,C1FF4B00FFFFFFFF,can0
7460,1786718077.0521176,609748.596831357,435357504,1,0,0,8,EE010E0C930000FF,can0
7461,1786718077.0531542,609748.597870232,435294784,1,0,0,8,C00BEE0103FFFFFF,can0
7462,1786718077.0541215,609748.598837357,435294784,1,0,0,8,C1FFFFFFFFFFFFFF,can0
7463,1786718077.0549967,609748.599711524,435357504,1,0,0,8,EE02630C850000FF,can0
7464,1786718077.066581,609748.611296857,435294784,1,0,0,8,A00BEE0203FFFFFF,can0
7465,1786718077.0676367,609748.612351024,435294784,1,0,0,8,A1FFFFFFFFFFFFFF,can0
7466,1786718077.0684135,609748.613128482,435357504,1,0,0,8,EE030B0C5B0000FF,can0
7467,1786718077.0696523,609748.614368232,435294784,1,0,0,8,A00BEE0303FFFFFF,can0
7468,1786718077.0704403,609748.615154316,435294784,1,0,0,8,A1FFFFFFFFFFFFFF,can0
7469,1786718077.0711575,609748.615872524,435357504,1,0,0,8,EE047807960000FF,can0
7470,1786718077.0721066,609748.616819482,435294784,1,0,0,8,A00BEE0403FFFFFF,can0
7471,1786718077.0727522,609748.617465024,435294784,1,0,0,8,A1FFFFFFFFFFFFFF,can0
7472,1786718077.0735257,609748.618239982,435357248,1,0,0,8,EEFFFC00FFFFFFFF,can0
7473,1786718077.1806235,609748.725344149,773,0,0,0,8,0000000000000000,can0
7474,1786718077.1842656,609748.728986191,775,0,0,0,8,1234567856494300,can0
7475,1786718077.2537777,609748.798497191,435295297,1,0,0,8,007C15AF00047419,can0
7476,1786718077.254901,609748.799615566,435294785,1,0,0,8,C00B190000FFFFFF,can0
7477,1786718077.266376,609748.811090774,435294785,1,0,0,8,C1FF4900FFFFFFFF,can0
7478,1786718077.2671647,609748.811878857,435357505,1,0,0,8,1901D80C610000FF,can0
7479,1786718077.2678385,609748.812551899,435294785,1,0,0,8,C00B190103FFFFFF,can0
7480,1786718077.2685006,609748.813214607,435294785,1,0,0,8,C1FFFFFFFFFFFFFF,can0
7481,1786718077.2691967,609748.813911941,435357505,1,0,0,8,1902B10D5A0000FF,can0
7482,1786718077.2698736,609748.814587691,435294785,1,0,0,8,A00B190203FFFFFF,can0
7483,1786718077.270512,609748.815226024,435294785,1,0,0,8,A1FFFFFFFFFFFFFF,can0
7484,1786718077.2712443,609748.815957899,435357505,1,0,0,8,1903FE0C680000FF,can0
7485,1786718077.2721364,609748.816850066,435294785,1,0,0,8,A00B190303FFFFFF,can0
7486,1786718077.272789,609748.817502483,435294785,1,0,0,8,A1FFFFFFFFFFFFFF,can0
7487,1786718077.273415,609748.818128566,435357505,1,0,0,8,19048E08000000FF,can0
7488,1786718077.274066,609748.818780358,435294785,1,0,0,8,A00B190403FFFFFF,can0
7489,1786718077.2748313,609748.819545733,435294785,1,0,0,8,A1FFFFFFFFFFFFFF,can0
7490,1786718077.2862835,609748.831001024,435357249,1,0,0,8,19FFFC00FFFFFFFF,can0
7491,1786718077.3828278,609748.927547858,485490657,1,0,0,8,669901207C150000,can0
7492,1786718077.3846626,609748.929378024,485490657,1,0,0,8,66990E200D000000,can0
7493,1786718077.6154675,609749.160187483,485490497,1,0,0,8,66998DED7C150000,can0
7494,1786718077.6172423,609749.161961649,485490497,1,0,0,8,66998FEDAD000000,can0
7495,1786718077.668978,609749.213697524,485490497,1,0,0,8,6699BCEDE6770100,can0
7496,1786718077.6708364,609749.215552233,485490497,1,0,0,8,6699B1EDFEE0F505,can0
7497,1786718077.6716866,609749.216401191,485490497,1,0,0,8,6699CCEC39800000,can0
7498,1786718077.6724834,609749.217206983,485490497,1,0,0,8,6699CBEC727F0000,can0
7499,1786718077.6733449,609749.218060066,485490497,1,0,0,8,6699DCECFA780000,can0
7500,1786718077.674282,609749.218995733,485490497,1,0,0,8,6699DBEC3E890000,can0
7501,1786718077.6873245,609749.232042191,485490497,1,0,0,8,6699ECEC50840000,can0
7502,1786718077.6887004,609749.233416316,485490497,1,0,0,8,6699EBEC4E830000,can0
7503,1786718077.6918879,609749.236602733,485490497,1,0,0,8,6699FBEC88550000,can0
7504,1786718077.7783513,609749.323070691,485442017,1,0,0,8,66990100D0EDFCFF,can0
7505,1786718077.7792096,609749.323923274,485442017,1,0,0,8,66990100DCEDFEFF,can0
7506,1786718077.7798212,609749.324534233,485442017,1,0,0,8,66990100DAEDFFFF,can0
7507,1786718077.7803876,609749.325101233,485442017,1,0,0,8,669901002720FFFF,can0
7508,1786718077.7815995,609749.326314316,485490497,1,0,0,8,6699DAED00000000,can0
7509,1786718077.7821636,609749.326876941,485490497,1,0,0,8,66992720F6AB0300,can0
7510,1786718077.7835605,609749.328274191,485490497,1,0,0,8,6699DCED51110000,can0
7511,1786718077.7841446,609749.328857524,485490497,1,0,0,8,6699DDEDD7280000,can0
7512,1786718077.7848158,609749.329529983,485490497,1,0,0,8,6699D0ED38080000,can0
7513,1786718077.7890742,609749.333789774,485490497,1,0,0,8,6699D1ED29010000,can0
7514,1786718077.7899027,609749.334617066,485490497,1,0,0,8,6699D2ED35090000,can0
7515,1786718077.7906904,609749.335404816,485490497,1,0,0,8,6699D3ED03010000,can0
7516,1786718077.8133895,609749.358108649,485490496,1,0,0,8,6699BCED15340200,can0
7517,1786718077.8142307,609749.358945274,485490496,1,0,0,8,6699B1ED4C7F7900,can0
7518,1786718077.8150575,609749.359771774,485490496,1,0,0,8,6699CCEC45B10000,can0
7519,1786718077.815761,609749.360474774,485490496,1,0,0,8,6699CBEC7E780000,can0
7520,1786718077.8167322,609749.361445649,485490496,1,0,0,8,6699DCEC20A50000,can0
7521,1786718077.8174524,609749.362167608,485490496,1,0,0,8,6699DBECE57B0000,can0
7522,1786718077.820991,609749.365713608,485490496,1,0,0,8,6699ECECF16C0000,can0
7523,1786718077.821887,609749.366600108,485490496,1,0,0,8,6699EBEC6D780000,can0
7524,1786718077.8226979,609749.367411233,485490496,1,0,0,8,6699FCECB6700000,can0
7525,1786718077.8231695,609749.367882316,485490496,1,0,0,8,6699FBECAE4A0000,can0
7526,1786718078.0154824,609749.560202775,485490657,1,0,0,8,6699FF0FAC260000,can0
7527,1786718078.0178869,609749.562605233,485490657,1,0,0,8,66991C200448FFFF,can0
7528,1786718078.1897218,609749.734442483,773,0,0,0,8,0000000000000000,can0
7529,1786718078.1906197,609749.73533415,775,0,0,0,8,1234567856494300,can0
7530,1786718078.449904,609749.994623608,485490496,1,0,0,8,66998DED7B150000,can0
7531,1786718078.5044634,609750.04918465,485490496,1,0,0,8,66990102FC000000,can0
7532,1786718078.5065482,609750.051265108,485490496,1,0,0,8,66990A02FC000000,can0
7533,1786718078.5473506,609750.092070233,435295296,1,0,0,8,007B152301047410,can0
7534,1786718078.5482852,609750.092999358,435294784,1,0,0,8,E00B100000FFFFFF,can0
7535,1786718078.5490527,609750.0937669,435294784,1,0,0,8,E1FF4B00FFFFFFFF,can0
7536,1786718078.5497882,609750.094501983,435357504,1,0,0,8,10010C0C930000FF,can0
7537,1786718078.5505311,609750.095245983,435294784,1,0,0,8,E00B100103FFFFFF,can0
7538,1786718078.5515156,609750.096229941,435294784,1,0,0,8,E1FFFFFFFFFFFFFF,can0
7539,1786718078.5521796,609750.096893358,435357504,1,0,0,8,1002620C850000FF,can0
7540,1786718078.5530224,609750.097738441,435294784,1,0,0,8,C00B100203FFFFFF,can0
7541,1786718078.5538259,609750.098539733,435294784,1,0,0,8,C1FFFFFFFFFFFFFF,can0
7542,1786718078.5545738,609750.099289691,435357504,1,0,0,8,10030A0C560000FF,can0
7543,1786718078.5564473,609750.101162025,435294784,1,0,0,8,C00B100303FFFFFF,can0
7544,1786718078.557311,609750.102024775,435294784,1,0,0,8,C1FFFFFFFFFFFFFF,can0
7545,1786718078.5579004,609750.102614233,435357504,1,0,0,8,10047807970000FF,can0
7546,1786718078.558592,609750.103305358,435294784,1,0,0,8,C00B100403FFFFFF,can0
7547,1786718078.5591044,609750.103818066,435294784,1,0,0,8,C1FFFFFFFFFFFFFF,can0
7548,1786718078.5599527,609750.104667025,435357248,1,0,0,8,10FFFC00FFFFFFFF,can0
7549,1786718078.560665,609750.10537865,233966912,1,0,0,8,0001FDFFFFFFFFFF,can0
7550,1786718078.5614219,609750.106134608,485490496,1,0,0,8,6699000201000000,can0
7551,1786718078.562114,609750.1068274,485490496,1,0,0,8,6699020200000000,can0
7552,1786718078.5632346,609750.107950941,485490496,1,0,0,8,6699070200000000,can0
7553,1786718078.564179,609750.10889365,485490496,1,0,0,8,66991E0300000000,can0
7554,1786718078.5657506,609750.110465483,485490496,1,0,0,8,66991C0300000000,can0
7555,1786718078.5671196,609750.111878983,485490496,1,0,0,8,66998DED7B150000,can0
7556,1786718078.6013908,609750.146110316,485490496,1,0,0,8,66998FED23010000,can0
7557,1786718078.6034076,609750.148125275,485490496,1,0,0,8,6699ECED04740000,can0
7558,1786718078.6057842,609750.150503608,485490496,1,0,0,8,6699DAED00000000,can0
7559,1786718078.6162431,609750.160961525,485490497,1,0,0,8,66998FEDAA000000,can0
7560,1786718078.668966,609750.213685525,485490497,1,0,0,8,6699BCEDD1850100,can0
7561,1786718078.670048,609750.214762942,485490497,1,0,0,8,6699B1EDFFE0F505,can0
7562,1786718078.670942,609750.215655567,485490497,1,0,0,8,6699CCECF97F0000,can0
7563,1786718078.6719582,609750.216673942,485490497,1,0,0,8,6699CBEC917F0000,can0
7564,1786718078.6728427,609750.217559692,485490497,1,0,0,8,6699DCEC857D0000,can0
7565,1786718078.6743937,609750.219109275,485490497,1,0,0,8,6699DBECE6880000,can0
7566,1786718078.6755843,609750.2203094,485490497,1,0,0,8,6699ECEC487D0000,can0
7567,1786718078.676672,609750.221388067,485490497,1,0,0,8,6699EBECCF840000,can0
7568,1786718078.6776102,609750.22232465,485490497,1,0,0,8,6699FBEC87550000,can0
7569,1786718078.7513988,609750.296118733,435295297,1,0,0,8,007C15AA00047437,can0
7570,1786718078.7523782,609750.297092858,435294785,1,0,0,8,E00B370000FFFFFF,can0
7571,1786718078.7530646,609750.297778233,435294785,1,0,0,8,E1FF4900FFFFFFFF,can0
7572,1786718078.7543545,609750.299068983,435357505,1,0,0,8,3701C20C650000FF,can0
7573,1786718078.756539,609750.301255983,435294785,1,0,0,8,E00B370103FFFFFF,can0
7574,1786718078.7578056,609750.302521275,435294785,1,0,0,8,E1FFFFFFFFFFFFFF,can0
7575,1786718078.759093,609750.303806775,435357505,1,0,0,8,37029F0D660000FF,can0
7576,1786718078.7606204,609750.3053344,435294785,1,0,0,8,C00B370203FFFFFF,can0
7577,1786718078.7645743,609750.309291108,435294785,1,0,0,8,C1FFFFFFFFFFFFFF,can0
7578,1786718078.7655742,609750.310289275,435357505,1,0,0,8,3703300D630000FF,can0
7579,1786718078.7663748,609750.31108915,435294785,1,0,0,8,C00B370303FFFFFF,can0
7580,1786718078.7670965,609750.31181065,435294785,1,0,0,8,C1FFFFFFFFFFFFFF,can0
7581,1786718078.767783,609750.3124964,435357505,1,0,0,8,37048D08000000FF,can0
7582,1786718078.7684736,609750.313188067,435294785,1,0,0,8,C00B370403FFFFFF,can0
7583,1786718078.7691467,609750.313860858,435294785,1,0,0,8,C1FFFFFFFFFFFFFF,can0
7584,1786718078.7702649,609750.314981483,435357249,1,0,0,8,37FFFC00FFFFFFFF,can0
7585,1786718078.8057897,609750.35050965,485490496,1,0,0,8,6699B3ED01000000,can0
7586,1786718078.80698,609750.351694983,485490496,1,0,0,8,6699BCEDF0340200,can0
7587,1786718078.8157158,609750.360436025,485490496,1,0,0,8,6699BCEDF0340200,can0
7588,1786718078.8166413,609750.3613564,485490496,1,0,0,8,6699B1EDCD967900,can0
7589,1786718078.8174305,609750.362144733,485490496,1,0,0,8,6699CCEC95B10000,can0
7590,1786718078.8182135,609750.36292715,485490496,1,0,0,8,6699CBEC81780000,can0
7591,1786718078.8189757,609750.363689275,485490496,1,0,0,8,6699DCEC28A50000,can0
7592,1786718078.819722,609750.364436317,485490496,1,0,0,8,6699DBECDF7B0000,can0
7593,1786718078.820637,609750.36535265,485490496,1,0,0,8,6699ECEC186D0000,can0
7594,1786718078.8214319,609750.366145525,485490496,1,0,0,8,6699EBEC6A780000,can0
7595,1786718078.8223512,609750.367067983,485490496,1,0,0,8,6699FCECB6700000,can0
7596,1786718078.8231292,609750.367843817,485490496,1,0,0,8,6699FBECB04A0000,can0
7597,1786718078.8983517,609750.443071192,502267712,1,0,0,8,80266699501000CE,can0
7598,1786718078.89925,609750.44396315,502267712,1,0,0,8,81020000FFFFFFFF,can0
7599,1786718078.899878,609750.444592108,502267712,1,0,0,8,828515AB14000000,can0
7600,1786718078.9004714,609750.445184067,502267712,1,0,0,8,830000CE02000000,can0
7601,1786718078.9030461,609750.447761483,502267712,1,0,0,8,8400420E00009602,can0
7602,1786718078.9040062,609750.4487209,502267712,1,0,0,8,85EE9A4001FFFFFF,can0
7603,1786718079.018799,609750.563518775,485441761,1,0,0,8,6699152047030000,can0
7604,1786718079.019731,609750.564445567,485442017,1,0,0,8,66991520F9020000,can0
7605,1786718079.0205078,609750.565221525,485490496,1,0,0,8,6699152047030000,can0
7606,1786718079.0242984,609750.569014067,485490497,1,0,0,8,66991520F9020000,can0
7607,1786718079.0500262,609750.594746317,485490657,1,0,0,8,6699FF0FAC260000,can0
7608,1786718079.0509675,609750.595681817,485490657,1,0,0,8,66991C200448FFFF,can0
7609,1786718079.0550697,609750.5997944,485490496,1,0,0,8,66994E0301000000,can0
7610,1786718079.1379907,609750.682711025,485490657,1,0,0,8,669902207B150000,can0
7611,1786718079.1498697,609750.694590108,485490496,1,0,0,8,66998DED7C150000,can0
7612,1786718079.181095,609750.725813983,773,0,0,0,8,0000000000000000,can0
7613,1786718079.182101,609750.726815442,775,0,0,0,8,1234567856494300,can0
7614,1786718079.2036166,609750.748336108,485490497,1,0,0,8,6699DBED84120000,can0
7615,1786718079.6164699,609751.161190442,485490497,1,0,0,8,66998FEDAF000000,can0
7616,1786718079.6175196,609751.162234775,485490497,1,0,0,8,6699DBED7A120000,can0
7617,1786718079.6689022,609751.213617734,485490497,1,0,0,8,6699BCEDC68F0100,can0
7618,1786718079.6697333,609751.214446525,485490497,1,0,0,8,6699B1ED00E1F505,can0
7619,1786718079.6704087,609751.215123067,485490497,1,0,0,8,6699CCEC2B810000,can0
7620,1786718079.6710386,609751.215752484,485490497,1,0,0,8,6699CBEC107F0000,can0
7621,1786718079.6718245,609751.216538859,485490497,1,0,0,8,6699DCEC93870000,can0
7622,1786718079.6727235,609751.217439567,485490497,1,0,0,8,6699DBEC0A880000,can0
7623,1786718079.6738114,609751.218527567,485490497,1,0,0,8,6699ECEC7D840000,can0
7624,1786718079.6746678,609751.219384025,485490497,1,0,0,8,6699EBEC3B830000,can0
7625,1786718079.678352,609751.223085359,485490497,1,0,0,8,6699FBEC86550000,can0
7626,1786718079.7594435,609751.304164525,485490496,1,0,0,8,66998DED7C150000,can0
7627,1786718079.8156066,609751.360327067,485490496,1,0,0,8,6699BCED68350200,can0
7628,1786718079.8166268,609751.361341942,485490496,1,0,0,8,6699B1ED3EBE7900,can0
7629,1786718079.817362,609751.36207665,485490496,1,0,0,8,6699CCECC7B10000,can0
7630,1786718079.8180304,609751.362744442,485490496,1,0,0,8,6699CBEC80780000,can0
7631,1786718079.8187065,609751.363421442,485490496,1,0,0,8,6699DCEC7AA50000,can0
7632,1786718079.8193965,609751.364110317,485490496,1,0,0,8,6699DBECDB7B0000,can0
7633,1786718079.820062,609751.3647764,485490496,1,0,0,8,6699ECEC246D0000,can0
7634,1786718079.8207169,609751.3654304,485490496,1,0,0,8,6699EBEC6C780000,can0
7635,1786718079.8213737,609751.366087775,485490496,1,0,0,8,6699FCECC1700000,can0
7636,1786718079.8219962,609751.366710525,485490496,1,0,0,8,6699FBECAE4A0000,can0
7637,1786718080.0229802,609751.567699234,485490657,1,0,0,8,6699FF0FAC260000,can0
7638,1786718080.025536,609751.570255567,485490657,1,0,0,8,66991C203C47FFFF,can0
7639,1786718080.0475402,609751.592259942,435295296,1,0,0,8,007C15230104742E,can0
7640,1786718080.0484216,609751.593135859,435294784,1,0,0,8,000B2E0000FFFFFF,can0
7641,1786718080.0491893,609751.593904067,435294784,1,0,0,8,01FF4B00FFFFFFFF,can0
7642,1786718080.0498555,609751.594569942,435357504,1,0,0,8,2E010E0C930000FF,can0
7643,1786718080.050496,609751.595210525,435294784,1,0,0,8,000B2E0103FFFFFF,can0
7644,1786718080.0511422,609751.5958549,435294784,1,0,0,8,01FFFFFFFFFFFFFF,can0
7645,1786718080.051726,609751.5964384,435357504,1,0,0,8,2E02620C850000FF,can0
7646,1786718080.0522811,609751.596995192,435294784,1,0,0,8,E00B2E0203FFFFFF,can0
7647,1786718080.0528538,609751.59756715,435294784,1,0,0,8,E1FFFFFFFFFFFFFF,can0
7648,1786718080.0534148,609751.598128234,435357504,1,0,0,8,2E030A0C5B0000FF,can0
7649,1786718080.0539858,609751.598699609,435294784,1,0,0,8,E00B2E0303FFFFFF,can0
7650,1786718080.0547016,609751.599415275,435294784,1,0,0,8,E1FFFFFFFFFFFFFF,can0
7651,1786718080.0670946,609751.611812984,435357504,1,0,0,8,2E047907970000FF,can0
7652,1786718080.0679996,609751.612714359,435294784,1,0,0,8,E00B2E0403FFFFFF,can0
7653,1786718080.068807,609751.613521942,435294784,1,0,0,8,E1FFFFFFFFFFFFFF,can0
7654,1786718080.0695462,609751.614260817,435357248,1,0,0,8,2EFFFC00FFFFFFFF,can0
7655,1786718080.1814046,609751.726124109,773,0,0,0,8,0000000000000000,can0
7656,1786718080.1822743,609751.726987609,775,0,0,0,8,1234567856494300,can0
7657,1786718080.2557046,609751.800424942,435295297,1,0,0,8,007C15B300047455,can0
7658,1786718080.256625,609751.801339567,435294785,1,0,0,8,000B550000FFFFFF,can0
7659,1786718080.2658086,609751.810523942,435294785,1,0,0,8,01FF4900FFFFFFFF,can0
7660,1786718080.266633,609751.811346526,435357505,1,0,0,8,5501A10C680000FF,can0
7661,1786718080.2673519,609751.812066109,435294785,1,0,0,8,000B550103FFFFFF,can0
7662,1786718080.2679543,609751.812667359,435294785,1,0,0,8,01FFFFFFFFFFFFFF,can0
7663,1786718080.2684815,609751.813195317,435357505,1,0,0,8,55027D0D690000FF,can0
7664,1786718080.2690918,609751.813805859,435294785,1,0,0,8,E00B550203FFFFFF,can0
7665,1786718080.269687,609751.814401442,435294785,1,0,0,8,E1FFFFFFFFFFFFFF,can0
7666,1786718080.2702508,609751.814964776,435357505,1,0,0,8,5503F90C6A0000FF,can0
7667,1786718080.2707777,609751.815490609,435294785,1,0,0,8,E00B550303FFFFFF,can0
7668,1786718080.2712798,609751.815993317,435294785,1,0,0,8,E1FFFFFFFFFFFFFF,can0
7669,1786718080.2717695,609751.816482734,435357505,1,0,0,8,55048D08000000FF,can0
7670,1786718080.2722871,609751.816999901,435294785,1,0,0,8,E00B550403FFFFFF,can0
7671,1786718080.2728007,609751.817513526,435294785,1,0,0,8,E1FFFFFFFFFFFFFF,can0
7672,1786718080.273298,609751.818010526,435357249,1,0,0,8,55FFFC00FFFFFFFF,can0
7673,1786718080.2738142,609751.818527984,233966913,1,0,0,8,0001FDFFFFFFFFFF,can0
7674,1786718080.357698,609751.902418567,502267713,1,0,0,8,8026669950100004,can0
7675,1786718080.3588448,609751.903560526,502267713,1,0,0,8,81010000FFFFFFFF,can0
7676,1786718080.3598297,609751.904545859,502267713,1,0,0,8,828515AF14000000,can0
7677,1786718080.3607357,609751.905451401,502267713,1,0,0,8,830000CD02000000,can0
7678,1786718080.3617353,609751.906450526,502267713,1,0,0,8,8400350900009F01,can0
7679,1786718080.3626394,609751.907354317,502267713,1,0,0,8,858A9A1300FFFFFF,can0
7680,1786718080.363544,609751.908258567,502267713,1,0,0,8,A0286699A0100013,can0
7681,1786718080.3666325,609751.911347651,502267713,1,0,0,8,A100320040003800,can0
7682,1786718080.3675826,609751.912297067,502267713,1,0,0,8,A25A002C02BF04E1,can0
7683,1786718080.368522,609751.913236526,502267713,1,0,0,8,A30148055799FB98,can0
7684,1786718080.3692749,609751.913989317,502267713,1,0,0,8,A48A9A9E5CFFFFFF,can0
7685,1786718080.3701627,609751.914878109,502267713,1,0,0,8,A5FFFFFFFFFFFFFF,can0
7686,1786718080.3709214,609751.915635526,502267713,1,0,0,8,C02666994F100100,can0
7687,1786718080.3716726,609751.916387151,502267713,1,0,0,8,C143000000521100,can0
7688,1786718080.3722541,609751.916967651,502267713,1,0,0,8,C200D82800008A9A,can0
7689,1786718080.372725,609751.917437234,502267713,1,0,0,8,C3ED15088D11FFFF,can0
7690,1786718080.373143,609751.917854817,502267713,1,0,0,8,C4FFFFFFFFFFFFFF,can0
7691,1786718080.373539,609751.918251192,502267713,1,0,0,8,C5FFFFFFFFFFFFFF,can0
7692,1786718080.3745584,609751.919273567,485490497,1,0,0,8,6699DCED52110000,can0
7693,1786718080.3755834,609751.920299026,485490497,1,0,0,8,6699DDEDD8280000,can0
7694,1786718080.3768518,609751.921566692,485490497,1,0,0,8,6699D3ED04010000,can0
7695,1786718080.620697,609752.165415984,485490497,1,0,0,8,66998FEDB7000000,can0
7696,1786718080.6216257,609752.166339401,485490497,1,0,0,8,6699DBED7A120000,can0
7697,1786718080.6685092,609752.213229692,485490497,1,0,0,8,6699BCED97A20100,can0
7698,1786718080.669702,609752.214417942,485490497,1,0,0,8,6699CCEC1D830000,can0
7699,1786718080.6705031,609752.215217234,485490497,1,0,0,8,6699CBECC27D0000,can0
7700,1786718080.671248,609752.215963192,485490497,1,0,0,8,6699DCEC9E970000,can0
7701,1786718080.674374,609752.219089692,485490497,1,0,0,8,6699DBEC55860000,can0
7702,1786718080.6757176,609752.220432359,485490497,1,0,0,8,6699ECECC68A0000,can0
7703,1786718080.677158,609752.221883359,485490497,1,0,0,8,6699EBEC33810000,can0
7704,1786718080.6787493,609752.223464359,485490497,1,0,0,8,6699FBEC88550000,can0
7705,1786718080.8132372,609752.357957693,485490496,1,0,0,8,6699BCED3B340200,can0
7706,1786718080.8142092,609752.358925359,485490496,1,0,0,8,6699B1EDBF147A00,can0
7707,1786718080.8157842,609752.360503234,485490496,1,0,0,8,6699CCEC78B10000,can0
7708,1786718080.8166852,609752.361399193,485490496,1,0,0,8,6699CBEC8F780000,can0
7709,1786718080.8174543,609752.362168526,485490496,1,0,0,8,6699DCEC57A50000,can0
7710,1786718080.818607,609752.363321859,485490496,1,0,0,8,6699DBECE07B0000,can0
7711,1786718080.8192809,609752.363994109,485490496,1,0,0,8,6699ECECF26C0000,can0
7712,1786718080.8197887,609752.364502276,485490496,1,0,0,8,6699EBEC71780000,can0
7713,1786718080.8204222,609752.365134818,485490496,1,0,0,8,6699FCEC9F700000,can0
7714,1786718080.820965,609752.365677651,485490496,1,0,0,8,6699FBECAE4A0000,can0
7715,1786718081.0156398,609752.560359693,485490657,1,0,0,8,6699FF0FAC260000,can0
7716,1786718081.018336,609752.563056068,485490657,1,0,0,8,66991C201046FFFF,can0
7717,1786718081.181461,609752.726179984,485441761,1,0,0,8,66990100D0EDFCFF,can0
7718,1786718081.1828096,609752.727524109,485441761,1,0,0,8,66990100DCEDFEFF,can0
7719,1786718081.1842139,609752.728939568,485441761,1,0,0,8,66990100DAEDFFFF,can0
7720,1786718081.1867716,609752.731486276,485441761,1,0,0,8,669901002720FFFF,can0
7721,1786718081.1919966,609752.736712234,773,0,0,0,8,0000000000000000,can0
7722,1786718081.1934326,609752.738147609,775,0,0,0,8,1234567856494300,can0
7723,1786718081.1948543,609752.739747693,485490496,1,0,0,8,6699DAED00000000,can0
7724,1786718081.198399,609752.743114859,485490496,1,0,0,8,66992720F3D60300,can0
7725,1786718081.2145765,609752.759296484,485490497,1,0,0,8,66990102FC000000,can0
7726,1786718081.2158005,609752.760515443,485490497,1,0,0,8,66990A02FC000000,can0
7727,1786718081.2165558,609752.761269443,485490496,1,0,0,8,6699DCED9A200000,can0
7728,1786718081.217232,609752.761944859,485490496,1,0,0,8,6699DDEDEB830200,can0
7729,1786718081.2177892,609752.762503151,485490496,1,0,0,8,6699D0ED730E0000,can0
7730,1786718081.2183175,609752.763030443,485490496,1,0,0,8,6699D1EDF9030000,can0
7731,1786718081.2188346,609752.763547818,485490496,1,0,0,8,6699D2ED420E0000,can0
7732,1786718081.2193513,609752.764064193,485490496,1,0,0,8,6699D3EDCE020000,can0
7733,1786718081.2586715,609752.803392318,485490497,1,0,0,8,6699000201000000,can0
7734,1786718081.2599638,609752.804678234,485490497,1,0,0,8,6699020200000000,can0
7735,1786718081.2606394,609752.805351776,485490497,1,0,0,8,6699070200000000,can0
7736,1786718081.2614758,609752.806188568,485490497,1,0,0,8,66991E0300000000,can0
7737,1786718081.2623036,609752.807016568,485490497,1,0,0,8,66991C0300000000,can0
7738,1786718081.2633102,609752.808024276,485490497,1,0,0,8,66998DED7C150000,can0
7739,1786718081.3056126,609752.850332151,485490497,1,0,0,8,66998FEDB6000000,can0
7740,1786718081.3065534,609752.851266776,485490497,1,0,0,8,6699ECED04740000,can0
7741,1786718081.3090193,609752.853737859,485490497,1,0,0,8,6699DAED00000000,can0
7742,1786718081.510251,609753.054970068,485490497,1,0,0,8,6699B3ED01000000,can0
7743,1786718081.5112734,609753.055990193,485490497,1,0,0,8,6699BCEDC58F0100,can0
7744,1786718081.5488703,609753.093590568,435295296,1,0,0,8,007C15230104744C,can0
7745,1786718081.5507483,609753.095470276,435294784,1,0,0,8,200B4C0000FFFFFF,can0
7746,1786718081.5519328,609753.09664811,435294784,1,0,0,8,21FF4B00FFFFFFFF,can0
7747,1786718081.5529752,609753.097690443,435357504,1,0,0,8,4C010D0C920000FF,can0
7748,1786718081.554392,609753.09910911,435294784,1,0,0,8,200B4C0103FFFFFF,can0
7749,1786718081.5554368,609753.100152776,435294784,1,0,0,8,21FFFFFFFFFFFFFF,can0
7750,1786718081.5561757,609753.100888776,435357504,1,0,0,8,4C02640C840000FF,can0
7751,1786718081.5566723,609753.101385526,435294784,1,0,0,8,000B4C0203FFFFFF,can0
7752,1786718081.557105,609753.101817818,435294784,1,0,0,8,01FFFFFFFFFFFFFF,can0
7753,1786718081.5575054,609753.10221736,435357504,1,0,0,8,4C030B0C5A0000FF,can0
7754,1786718081.5578957,609753.10260711,435294784,1,0,0,8,000B4C0303FFFFFF,can0
7755,1786718081.558275,609753.102986985,435294784,1,0,0,8,01FFFFFFFFFFFFFF,can0
7756,1786718081.5586512,609753.103363193,435357504,1,0,0,8,4C047807970000FF,can0
7757,1786718081.5590281,609753.103740151,435294784,1,0,0,8,000B4C0403FFFFFF,can0
7758,1786718081.5593991,609753.104111193,435294784,1,0,0,8,01FFFFFFFFFFFFFF,can0
7759,1786718081.5598962,609753.10460911,435357248,1,0,0,8,4CFFFC00FFFFFFFF,can0
7760,1786718081.601657,609753.14637361,502267713,1,0,0,8,E026669950100004,can0
7761,1786718081.603607,609753.148322901,502267713,1,0,0,8,E1010000FFFFFFFF,can0
7762,1786718081.6063526,609753.151068693,502267713,1,0,0,8,E28515AF14000000,can0
7763,1786718081.6071548,609753.151868818,502267713,1,0,0,8,E30000CD02000000,can0
7764,1786718081.6077352,609753.15244786,502267713,1,0,0,8,E400350900009F01,can0
7765,1786718081.6081927,609753.152905735,502267713,1,0,0,8,E58A9A1300FFFFFF,can0
7766,1786718081.618323,609753.163043901,485490497,1,0,0,8,66998FEDB4000000,can0
7767,1786718081.6192741,609753.163988776,485490497,1,0,0,8,6699DBED84120000,can0
7768,1786718081.6699085,609753.214628526,485490497,1,0,0,8,6699BCEDD38E0100,can0
7769,1786718081.671176,609753.21589186,485490497,1,0,0,8,6699CCEC20810000,can0
7770,1786718081.672294,609753.217008901,485490497,1,0,0,8,6699CBEC167F0000,can0
7771,1786718081.6750085,609753.219726735,485490497,1,0,0,8,6699DCEC49880000,can0
7772,1786718081.6760986,609753.220813276,485490497,1,0,0,8,6699DBECEE870000,can0
7773,1786718081.6769571,609753.221671068,485490497,1,0,0,8,6699ECEC35860000,can0
7774,1786718081.677788,609753.222501568,485490497,1,0,0,8,6699EBECA8820000,can0
7775,1786718081.6793659,609753.224083568,485490497,1,0,0,8,6699FBEC88550000,can0
7776,1786718081.751095,609753.295816193,435295297,1,0,0,8,007C15B400047473,can0
7777,1786718081.752033,609753.29674761,435294785,1,0,0,8,200B730000FFFFFF,can0
7778,1786718081.7527792,609753.29749286,435294785,1,0,0,8,21FF4900FFFFFFFF,can0
7779,1786718081.7534978,609753.298212693,435357505,1,0,0,8,7301B50C650000FF,can0
7780,1786718081.7542567,609753.298970735,435294785,1,0,0,8,200B730103FFFFFF,can0
7781,1786718081.7550125,609753.299727276,435294785,1,0,0,8,21FFFFFFFFFFFFFF,can0
7782,1786718081.755953,609753.300668693,435357505,1,0,0,8,73029D0D670000FF,can0
7783,1786718081.7567077,609753.301421735,435294785,1,0,0,8,000B730203FFFFFF,can0
7784,1786718081.7573261,609753.302040026,435294785,1,0,0,8,01FFFFFFFFFFFFFF,can0
7785,1786718081.7578657,609753.302578735,435357505,1,0,0,8,73030F0D680000FF,can0
7786,1786718081.7585008,609753.303214776,435294785,1,0,0,8,000B730303FFFFFF,can0
7787,1786718081.759082,609753.30379536,435294785,1,0,0,8,01FFFFFFFFFFFFFF,can0
7788,1786718081.759601,609753.304313401,435357505,1,0,0,8,73048D08000000FF,can0
7789,1786718081.7601008,609753.30481336,435294785,1,0,0,8,000B730403FFFFFF,can0
7790,1786718081.7607007,609753.305413235,435294785,1,0,0,8,01FFFFFFFFFFFFFF,can0
7791,1786718081.7613986,609753.306112485,435357249,1,0,0,8,73FFFC00FFFFFFFF,can0
7792,1786718081.7621205,609753.306836735,485490497,1,0,0,8,66994E0301000000,can0
7793,1786718081.8132632,609753.357982485,485490496,1,0,0,8,6699BCED0C350200,can0
7794,1786718081.8145742,609753.359291485,485490496,1,0,0,8,6699B1ED56717900,can0
7795,1786718081.8157394,609753.360458818,485490496,1,0,0,8,6699CCECA3B10000,can0
7796,1786718081.8177328,609753.362451235,485490496,1,0,0,8,6699CBEC86780000,can0
7797,1786718081.8192368,609753.36395311,485490496,1,0,0,8,6699DCECD7A50000,can0
7798,1786718081.8208075,609753.365524401,485490496,1,0,0,8,6699DBECD67B0000,can0
7799,1786718081.8216932,609753.366407276,485490496,1,0,0,8,6699ECECFA6C0000,can0
7800,1786718081.8224556,609753.367170526,485490496,1,0,0,8,6699EBEC60780000,can0
7801,1786718081.8256917,609753.370406985,485490496,1,0,0,8,6699FCECC1700000,can0
7802,1786718081.8265805,609753.371293026,485490496,1,0,0,8,6699FBECBA4A0000,can0
7803,1786718082.0128026,609753.557522526,485441761,1,0,0,8,6699152047030000,can0
7804,1786718082.0162141,609753.560928818,485442017,1,0,0,8,66991520F9020000,can0
7805,1786718082.0169055,609753.561619235,485490496,1,0,0,8,6699152047030000,can0
7806,1786718082.0175498,609753.562264235,485490497,1,0,0,8,66991520F9020000,can0
7807,1786718082.0314322,609753.576152568,485490657,1,0,0,8,6699FF0FAC260000,can0
7808,1786718082.0324779,609753.577192985,485490657,1,0,0,8,66991C201C44FFFF,can0
7809,1786718082.1376522,609753.682372568,485490657,1,0,0,8,669902207C150000,can0
7810,1786718082.1391165,609753.683831526,485490657,1,0,0,8,669903204C090000,can0
7811,1786718082.1518693,609753.696591401,485490496,1,0,0,8,66998FED24010000,can0
7812,1786718082.1557693,609753.700490818,502267712,1,0,0,8,A01D66994310010C,can0
7813,1786718082.1567595,609753.701474151,502267712,1,0,0,8,A10F0A0007400000,can0
7814,1786718082.1575332,609753.702247235,502267712,1,0,0,8,A200000000000000,can0
7815,1786718082.1629968,609753.707712193,502267712,1,0,0,8,A300000000000000,can0
7816,1786718082.1643744,609753.70911136,502267712,1,0,0,8,A40000FFFFFFFFFF,can0
7817,1786718082.1684923,609753.713208068,502267712,1,0,0,8,C01D66994210017B,can0
7818,1786718082.1693857,609753.714103402,502267712,1,0,0,8,C19DA2016AA00400,can0
7819,1786718082.1746998,609753.719417527,502267712,1,0,0,8,C200000000000000,can0
7820,1786718082.178237,609753.72295236,502267712,1,0,0,8,C300110000000000,can0
7821,1786718082.179205,609753.723919693,502267712,1,0,0,8,C40000FFFFFFFFFF,can0
7822,1786718082.1870172,609753.731736568,773,0,0,0,8,0000000000000000,can0
7823,1786718082.1880157,609753.73273061,775,0,0,0,8,1234567856494300,can0
7824,1786718082.3858976,609753.93061836,485490657,1,0,0,8,669901207C150000,can0
7825,1786718082.38907,609753.933789777,485490657,1,0,0,8,66990E200D000000,can0
7826,1786718082.5059545,609754.050676485,485490496,1,0,0,8,66998DED7D150000,can0
7827,1786718082.603731,609754.148450902,485490497,1,0,0,8,66998DED7D150000,can0
7828,1786718082.6165364,609754.161257152,485490497,1,0,0,8,66998FEDB1000000,can0
7829,1786718082.6178393,609754.162553985,485490497,1,0,0,8,6699DBED84120000,can0
7830,1786718082.669174,609754.213895443,485490497,1,0,0,8,6699BCED6C8D0100,can0
7831,1786718082.6705801,609754.215295318,485490497,1,0,0,8,6699CCECC8800000,can0
7832,1786718082.671794,609754.216510902,485490497,1,0,0,8,6699CBEC267F0000,can0
7833,1786718082.6740932,609754.218808402,485490497,1,0,0,8,6699DCECCD840000,can0
7834,1786718082.6749372,609754.219650652,485490497,1,0,0,8,6699DBEC46880000,can0
7835,1786718082.676173,609754.220886568,485490497,1,0,0,8,6699ECECA1870000,can0
7836,1786718082.676832,609754.221546902,485490497,1,0,0,8,6699EBEC57820000,can0
7837,1786718082.6777225,609754.222436943,485490497,1,0,0,8,6699FBEC88550000,can0
7838,1786718082.7877128,609754.332434193,485442017,1,0,0,8,66990100D0EDFCFF,can0
7839,1786718082.7890382,609754.333753318,485442017,1,0,0,8,66990100DCEDFEFF,can0
7840,1786718082.7898126,609754.33452761,485442017,1,0,0,8,66990100DAEDFFFF,can0
7841,1786718082.7904692,609754.335183318,485442017,1,0,0,8,669901002720FFFF,can0
7842,1786718082.7911186,609754.335832902,485490497,1,0,0,8,6699DAED00000000,can0
7843,1786718082.7918196,609754.336533568,485490497,1,0,0,8,6699272044C20300,can0
7844,1786718082.7977636,609754.342483693,485490497,1,0,0,8,6699DCED52110000,can0
7845,1786718082.7987068,609754.343421277,485490497,1,0,0,8,6699DDEDD8280000,can0
7846,1786718082.7994914,609754.344206235,485490497,1,0,0,8,6699D0ED38080000,can0
7847,1786718082.800247,609754.344960193,485490497,1,0,0,8,6699D1ED29010000,can0
7848,1786718082.801006,609754.345720652,485490497,1,0,0,8,6699D2ED35090000,can0
7849,1786718082.8017364,609754.346449943,485490497,1,0,0,8,6699D3ED04010000,can0
7850,1786718082.8132653,609754.357982485,485490496,1,0,0,8,6699BCED3C350200,can0
7851,1786718082.814178,609754.358893485,485490496,1,0,0,8,6699B1ED57847900,can0
7852,1786718082.8149312,609754.359646318,485490496,1,0,0,8,6699CCECABB10000,can0
7853,1786718082.8161726,609754.360886943,485490496,1,0,0,8,6699CBEC8F780000,can0
7854,1786718082.8169818,609754.361695443,485490496,1,0,0,8,6699DCEC80A50000,can0
7855,1786718082.8187287,609754.363454985,485490496,1,0,0,8,6699DBECDD7B0000,can0
7856,1786718082.8199704,609754.364685818,485490496,1,0,0,8,6699ECEC3E6D0000,can0
7857,1786718082.8222969,609754.367015902,485490496,1,0,0,8,6699EBEC66780000,can0
7858,1786718082.823104,609754.367817402,485490496,1,0,0,8,6699FCECB3700000,can0
7859,1786718082.8247366,609754.369454902,485490496,1,0,0,8,6699FBECB54A0000,can0
7860,1786718083.019641,609754.56436161,485490657,1,0,0,8,6699FF0FAC260000,can0
7861,1786718083.0206323,609754.565353735,485490657,1,0,0,8,66991C20AC45FFFF,can0
7862,1786718083.0487537,609754.59347311,435295296,1,0,0,8,007D15240104746A,can0
7863,1786718083.0498114,609754.594526444,435294784,1,0,0,8,400B6A0000FFFFFF,can0
7864,1786718083.0507948,609754.595510194,435294784,1,0,0,8,41FF4B00FFFFFFFF,can0
7865,1786718083.0516753,609754.59638936,435357504,1,0,0,8,6A010E0C940000FF,can0
7866,1786718083.0525434,609754.597257777,435294784,1,0,0,8,400B6A0103FFFFFF,can0
7867,1786718083.0532181,609754.597931485,435294784,1,0,0,8,41FFFFFFFFFFFFFF,can0
7868,1786718083.053881,609754.598595527,435357504,1,0,0,8,6A02620C850000FF,can0
7869,1786718083.0546794,609754.599395152,435294784,1,0,0,8,200B6A0203FFFFFF,can0
7870,1786718083.0656626,609754.610382235,435294784,1,0,0,8,21FFFFFFFFFFFFFF,can0
7871,1786718083.066735,609754.61145186,435357504,1,0,0,8,6A030A0C5B0000FF,can0
7872,1786718083.0677497,609754.61246486,435294784,1,0,0,8,200B6A0303FFFFFF,can0
7873,1786718083.068713,609754.61342661,435294784,1,0,0,8,21FFFFFFFFFFFFFF,can0
7874,1786718083.0694976,609754.614213027,435357504,1,0,0,8,6A047907980000FF,can0
7875,1786718083.0704346,609754.615150194,435294784,1,0,0,8,200B6A0403FFFFFF,can0
7876,1786718083.077646,609754.62236186,435294784,1,0,0,8,21FFFFFFFFFFFFFF,can0
7877,1786718083.0784311,609754.623145944,435357248,1,0,0,8,6AFFFC00FFFFFFFF,can0
7878,1786718083.1781325,609754.722852194,773,0,0,0,8,0000000000000000,can0
7879,1786718083.1792593,609754.723974569,775,0,0,0,8,1234567856494300,can0
7880,1786718083.2519014,609754.796622527,435295297,1,0,0,8,007D15B100047491,can0
7881,1786718083.2528117,609754.797526902,435294785,1,0,0,8,400B910000FFFFFF,can0
7882,1786718083.2536407,609754.798355277,435294785,1,0,0,8,41FF4900FFFFFFFF,can0
7883,1786718083.2542963,609754.799010194,435357505,1,0,0,8,9101BC0C650000FF,can0
7884,1786718083.2549949,609754.799708985,435294785,1,0,0,8,400B910103FFFFFF,can0
7885,1786718083.2599058,609754.804621985,435294785,1,0,0,8,41FFFFFFFFFFFFFF,can0
7886,1786718083.2606514,609754.805365402,435357505,1,0,0,8,9102A40D620000FF,can0
7887,1786718083.261237,609754.805950152,435294785,1,0,0,8,200B910203FFFFFF,can0
7888,1786718083.261789,609754.806502444,435294785,1,0,0,8,21FFFFFFFFFFFFFF,can0
7889,1786718083.2623312,609754.807044152,435357505,1,0,0,8,9103040D690000FF,can0
7890,1786718083.2629118,609754.807625319,435294785,1,0,0,8,200B910303FFFFFF,can0
7891,1786718083.2634704,609754.808183069,435294785,1,0,0,8,21FFFFFFFFFFFFFF,can0
7892,1786718083.2759025,609754.820619985,435357505,1,0,0,8,91048D08000000FF,can0
7893,1786718083.276865,609754.821578944,435294785,1,0,0,8,200B910403FFFFFF,can0
7894,1786718083.277595,609754.822309194,435294785,1,0,0,8,21FFFFFFFFFFFFFF,can0
7895,1786718083.2782657,609754.822979069,435357249,1,0,0,8,91FFFC00FFFFFFFF,can0
7896,1786718083.5042002,609755.048921152,485490496,1,0,0,8,66990102FC000000,can0
7897,1786718083.5056276,609755.050342277,485490496,1,0,0,8,66990A02FC000000,can0
7898,1786718083.553854,609755.098575152,485490496,1,0,0,8,6699000201000000,can0
7899,1786718083.5552058,609755.099933694,485490496,1,0,0,8,6699020200000000,can0
7900,1786718083.5569932,609755.101707527,485490496,1,0,0,8,6699070200000000,can0
7901,1786718083.5598133,609755.104528152,485490496,1,0,0,8,66991E0300000000,can0
7902,1786718083.5615125,609755.106227277,485490496,1,0,0,8,66991C0300000000,can0
7903,1786718083.5621233,609755.10683736,485490496,1,0,0,8,66998DED7D150000,can0
7904,1786718083.6009352,609755.145656194,485490496,1,0,0,8,66998FED24010000,can0
7905,1786718083.603125,609755.147863986,485490496,1,0,0,8,6699ECED04740000,can0
7906,1786718083.605463,609755.150181361,485490496,1,0,0,8,6699DAED00000000,can0
7907,1786718083.6169255,609755.161646819,485490497,1,0,0,8,6699DBED84120000,can0
7908,1786718083.6717713,609755.216490361,485490497,1,0,0,8,6699BCEDFD880100,can0
7909,1786718083.677085,609755.221804986,485490497,1,0,0,8,6699CCECBC7F0000,can0
7910,1786718083.6781535,609755.222869611,485490497,1,0,0,8,6699CBECA27F0000,can0
7911,1786718083.6789486,609755.223664486,485490497,1,0,0,8,6699DCEC95820000,can0
7912,1786718083.6796453,609755.224359236,485490497,1,0,0,8,6699DBEC7A880000,can0
7913,1786718083.682856,609755.227571611,485490497,1,0,0,8,6699ECECCD880000,can0
7914,1786718083.683638,609755.228351527,485490497,1,0,0,8,6699EBECFB810000,can0
7915,1786718083.6844716,609755.229185527,485490497,1,0,0,8,6699FBEC86550000,can0
7916,1786718083.753872,609755.298591777,485490497,1,0,0,8,66998FEDB0000000,can0
7917,1786718083.804926,609755.349645986,485490496,1,0,0,8,6699B3ED01000000,can0
7918,1786718083.8062692,609755.350983694,485490496,1,0,0,8,6699BCED03350200,can0
7919,1786718083.815012,609755.359731236,485490496,1,0,0,8,6699BCED03350200,can0
7920,1786718083.8162782,609755.360991694,485490496,1,0,0,8,6699B1ED6F6F7900,can0
7921,1786718083.8170025,609755.361714777,485490496,1,0,0,8,6699CCECBFB10000,can0
7922,1786718083.8176353,609755.362347944,485490496,1,0,0,8,6699CBEC8C780000,can0
7923,1786718083.8181648,609755.362878527,485490496,1,0,0,8,6699DCECB4A50000,can0
7924,1786718083.819114,609755.363829402,485490496,1,0,0,8,6699DBECD27B0000,can0
7925,1786718083.8204434,609755.365159402,485490496,1,0,0,8,6699ECEC526D0000,can0
7926,1786718083.8216815,609755.366397194,485490496,1,0,0,8,6699EBEC61780000,can0
7927,1786718083.822633,609755.367347861,485490496,1,0,0,8,6699FCECD4700000,can0
7928,1786718083.8233693,609755.368083819,485490496,1,0,0,8,6699FBECB74A0000,can0
7929,1786718083.8979852,609755.442704736,502267712,1,0,0,8,E0266699501000CE,can0
7930,1786718083.8990374,609755.443751777,502267712,1,0,0,8,E1020000FFFFFFFF,can0
7931,1786718083.8999734,609755.444688277,502267712,1,0,0,8,E28515AB14000000,can0
7932,1786718083.901001,609755.445716236,502267712,1,0,0,8,E30000CE02000000,can0
7933,1786718083.901772,609755.446487152,502267712,1,0,0,8,E400420E00009602,can0
7934,1786718083.9032738,609755.447989611,502267712,1,0,0,8,E5EE9A4001FFFFFF,can0
7935,1786718084.0174816,609755.562201736,485490657,1,0,0,8,6699FF0FAC260000,can0
7936,1786718084.0184417,609755.563158236,485490657,1,0,0,8,66991C20A047FFFF,can0
7937,1786718084.0552142,609755.599933902,485490496,1,0,0,8,66994E0301000000,can0
7938,1786718084.1036518,609755.648371861,485490497,1,0,0,8,66998DED7C150000,can0
7939,1786718084.1885607,609755.733300444,773,0,0,0,8,0000000000000000,can0
7940,1786718084.1896577,609755.734372069,775,0,0,0,8,1234567856494300,can0
7941,1786718084.5471113,609756.091830403,435295296,1,0,0,8,007D152401047488,can0
7942,1786718084.5480459,609756.092761486,435294784,1,0,0,8,600B880000FFFFFF,can0
7943,1786718084.5490334,609756.093749069,435294784,1,0,0,8,61FF4B00FFFFFFFF,can0
7944,1786718084.5499036,609756.094617903,435357504,1,0,0,8,88010E0C930000FF,can0
7945,1786718084.5506597,609756.095373819,435294784,1,0,0,8,600B880103FFFFFF,can0
7946,1786718084.5513783,609756.096092403,435294784,1,0,0,8,61FFFFFFFFFFFFFF,can0
7947,1786718084.5521326,609756.096847861,435357504,1,0,0,8,8802620C840000FF,can0
7948,1786718084.5528886,609756.097603194,435294784,1,0,0,8,400B880203FFFFFF,can0
7949,1786718084.553815,609756.098535028,435294784,1,0,0,8,41FFFFFFFFFFFFFF,can0
7950,1786718084.554624,609756.099338111,435357504,1,0,0,8,88030A0C5C0000FF,can0
7951,1786718084.5559464,609756.100663153,435294784,1,0,0,8,400B880303FFFFFF,can0
7952,1786718084.556793,609756.101508611,435294784,1,0,0,8,41FFFFFFFFFFFFFF,can0
7953,1786718084.557762,609756.102477153,435357504,1,0,0,8,88047707980000FF,can0
7954,1786718084.5587513,609756.103465944,435294784,1,0,0,8,400B880403FFFFFF,can0
7955,1786718084.5595243,609756.104238694,435294784,1,0,0,8,41FFFFFFFFFFFFFF,can0
7956,1786718084.5616703,609756.106389736,435357248,1,0,0,8,88FFFC00FFFFFFFF,can0
7957,1786718084.5625896,609756.107304444,233966912,1,0,0,8,0001FDFFFFFFFFFF,can0
7958,1786718084.6167746,609756.161494278,485490497,1,0,0,8,66998FEDAA000000,can0
7959,1786718084.617632,609756.162345111,485490497,1,0,0,8,6699DBED84120000,can0
7960,1786718084.6708353,609756.215556319,485490497,1,0,0,8,6699BCED307D0100,can0
7961,1786718084.6721919,609756.216907944,485490497,1,0,0,8,6699CCEC6D800000,can0
7962,1786718084.6732037,609756.217918194,485490497,1,0,0,8,6699CBEC687F0000,can0
7963,1786718084.6739037,609756.218619944,485490497,1,0,0,8,6699DCEC0A790000,can0
7964,1786718084.6747632,609756.219478028,485490497,1,0,0,8,6699DBEC50890000,can0
7965,1786718084.6762335,609756.220948236,485490497,1,0,0,8,6699ECEC03810000,can0
7966,1786718084.677011,609756.221726611,485490497,1,0,0,8,6699EBEC1E840000,can0
7967,1786718084.6777246,609756.222438444,485490497,1,0,0,8,6699FBEC86550000,can0
7968,1786718084.7512023,609756.295922194,435295297,1,0,0,8,007C15AA000474AF,can0
7969,1786718084.7521234,609756.296839778,435294785,1,0,0,8,600BAF0000FFFFFF,can0
7970,1786718084.752862,609756.297576903,435294785,1,0,0,8,61FF4900FFFFFFFF,can0
7971,1786718084.7535634,609756.298277778,435357505,1,0,0,8,AF01BE0C650000FF,can0
7972,1786718084.754266,609756.298980736,435294785,1,0,0,8,600BAF0103FFFFFF,can0
7973,1786718084.7550113,609756.299725361,435294785,1,0,0,8,61FFFFFFFFFFFFFF,can0
7974,1786718084.7592885,609756.304004694,435357505,1,0,0,8,AF02B90D590000FF,can0
7975,1786718084.760303,609756.305017361,435294785,1,0,0,8,400BAF0203FFFFFF,can0
7976,1786718084.761715,609756.306432986,435294785,1,0,0,8,41FFFFFFFFFFFFFF,can0
7977,1786718084.7627425,609756.307457528,435357505,1,0,0,8,AF03250D630000FF,can0
7978,1786718084.7666366,609756.311351611,435294785,1,0,0,8,400BAF0303FFFFFF,can0
7979,1786718084.767359,609756.312072236,435294785,1,0,0,8,41FFFFFFFFFFFFFF,can0
7980,1786718084.7680068,609756.312720653,435357505,1,0,0,8,AF048E08000000FF,can0
7981,1786718084.7687032,609756.313418319,435294785,1,0,0,8,400BAF0403FFFFFF,can0
7982,1786718084.7693844,609756.314098028,435294785,1,0,0,8,41FFFFFFFFFFFFFF,can0
7983,1786718084.7700393,609756.314753611,435357249,1,0,0,8,AFFFFC00FFFFFFFF,can0
7984,1786718084.812763,609756.357483194,485490496,1,0,0,8,6699BCED02360200,can0
7985,1786718084.8140485,609756.358763486,485490496,1,0,0,8,6699B1EDC4507900,can0
7986,1786718084.8189478,609756.363662944,485490496,1,0,0,8,6699CCEC13B20000,can0
7987,1786718084.8209124,609756.365627486,485490496,1,0,0,8,6699CBEC91780000,can0
7988,1786718084.8217537,609756.366468819,485490496,1,0,0,8,6699DCECB6A50000,can0
7989,1786718084.822496,609756.367209944,485490496,1,0,0,8,6699DBECD87B0000,can0
7990,1786718084.8232007,609756.367914778,485490496,1,0,0,8,6699ECEC6C6D0000,can0
7991,1786718084.8238919,609756.368605111,485490496,1,0,0,8,6699EBEC61780000,can0
7992,1786718084.8245685,609756.369282944,485490496,1,0,0,8,6699FCECD8700000,can0
7993,1786718084.8289497,609756.373666486,485490496,1,0,0,8,6699FBECBC4A0000,can0
7994,1786718085.02476,609756.569480611,485441761,1,0,0,8,6699152047030000,can0
7995,1786718085.0260847,609756.570799445,485490496,1,0,0,8,6699152047030000,can0
7996,1786718085.0300055,609756.574724861,485442017,1,0,0,8,66991520F9020000,can0
7997,1786718085.0338466,609756.578564653,485490497,1,0,0,8,66991520F9020000,can0
7998,1786718085.0474184,609756.592137861,485490657,1,0,0,8,6699FF0FAC260000,can0
7999,1786718085.04834,609756.593054695,485490657,1,0,0,8,66991C20CC48FFFF,can0
8000,1786718085.132919,609756.67763932,485490657,1,0,0,8,669902207B150000,can0
8001,1786718085.1839101,609756.728629653,773,0,0,0,8,0000000000000000,can0
8002,1786718085.185167,609756.72988232,775,0,0,0,8,1234567856494300,can0
8003,1786718085.2513952,609756.79611457,485490496,1,0,0,8,66998DED7C150000,can0
8004,1786718085.6164813,609757.161201695,485490497,1,0,0,8,66998FEDAB000000,can0
8005,1786718085.671439,609757.216219445,485490497,1,0,0,8,6699BCED9D880100,can0
8006,1786718085.6736815,609757.218397445,485490497,1,0,0,8,6699CCECFB810000,can0
8007,1786718085.6751525,609757.219866403,485490497,1,0,0,8,6699CBEC917E0000,can0
8008,1786718085.6764655,609757.221179653,485490497,1,0,0,8,6699DCECCD7B0000,can0
8009,1786718085.6770751,609757.221787612,485490497,1,0,0,8,6699DBEC15890000,can0
8010,1786718085.677677,609757.222390487,485490497,1,0,0,8,6699ECEC8F870000,can0
8011,1786718085.6787195,609757.223443528,485490497,1,0,0,8,6699EBEC5A820000,can0
8012,1786718085.6795955,609757.22431057,485490497,1,0,0,8,6699FBEC88550000,can0
8013,1786718085.8123698,609757.35708982,485490496,1,0,0,8,6699BCED28360200,can0
8014,1786718085.8133361,609757.358050695,485490496,1,0,0,8,6699B1EDBEA47900,can0
8015,1786718085.8143165,609757.359036695,485490496,1,0,0,8,6699CCEC0DB20000,can0
8016,1786718085.815877,609757.360596445,485490496,1,0,0,8,6699CBEC89780000,can0
8017,1786718085.8169036,609757.361617862,485490496,1,0,0,8,6699DCEC0FA60000,can0
8018,1786718085.8177602,609757.362474653,485490496,1,0,0,8,6699DBECD97B0000,can0
8019,1786718085.8186953,609757.36340957,485490496,1,0,0,8,6699ECEC586D0000,can0
8020,1786718085.8195505,609757.364265487,485490496,1,0,0,8,6699EBEC67780000,can0
8021,1786718085.821947,609757.366665653,485490496,1,0,0,8,6699FCECEF700000,can0
8022,1786718085.8235652,609757.368282362,485490496,1,0,0,8,6699FBECBA4A0000,can0
8023,1786718086.022311,609757.56703132,485490657,1,0,0,8,6699FF0FAC260000,can0
8024,1786718086.0234346,609757.568150278,485490657,1,0,0,8,66991C20D846FFFF,can0
8025,1786718086.0515888,609757.596309278,435295296,1,0,0,8,007C1524010474A6,can0
8026,1786718086.0527256,609757.597440778,435294784,1,0,0,8,800BA60000FFFFFF,can0
8027,1786718086.053584,609757.598299153,435294784,1,0,0,8,81FF4B00FFFFFFFF,can0
8028,1786718086.0542314,609757.598944362,435357504,1,0,0,8,A6010D0C930000FF,can0
8029,1786718086.0561328,609757.600848278,435294784,1,0,0,8,800BA60103FFFFFF,can0
8030,1786718086.0569067,609757.601620528,435294784,1,0,0,8,81FFFFFFFFFFFFFF,can0
8031,1786718086.0576231,609757.602338987,435357504,1,0,0,8,A602640C850000FF,can0
8032,1786718086.0583482,609757.60306332,435294784,1,0,0,8,600BA60203FFFFFF,can0
8033,1786718086.059115,609757.603829695,435294784,1,0,0,8,61FFFFFFFFFFFFFF,can0
8034,1786718086.060007,609757.604722612,435357504,1,0,0,8,A6030B0C5B0000FF,can0
8035,1786718086.0607767,609757.605492778,435294784,1,0,0,8,600BA60303FFFFFF,can0
8036,1786718086.0739818,609757.618696778,435294784,1,0,0,8,61FFFFFFFFFFFFFF,can0
8037,1786718086.0746965,609757.619411112,435357504,1,0,0,8,A6047807980000FF,can0
8038,1786718086.0811625,609757.625877987,435294784,1,0,0,8,600BA60403FFFFFF,can0
8039,1786718086.0820642,609757.626779903,435294784,1,0,0,8,61FFFFFFFFFFFFFF,can0
8040,1786718086.0828626,609757.627578028,435357248,1,0,0,8,A6FFFC00FFFFFFFF,can0
8041,1786718086.1812363,609757.72595607,773,0,0,0,8,0000000000000000,can0
8042,1786718086.1841817,609757.728895112,775,0,0,0,8,1234567856494300,can0
8043,1786718086.1852336,609757.72994907,485441761,1,0,0,8,66990100D0EDFCFF,can0
8044,1786718086.186644,609757.731358612,485441761,1,0,0,8,66990100DCEDFEFF,can0
8045,1786718086.187552,609757.732266903,485441761,1,0,0,8,66990100DAEDFFFF,can0
8046,1786718086.1887798,609757.733495695,485441761,1,0,0,8,669901002720FFFF,can0
8047,1786718086.1898096,609757.734526737,485490496,1,0,0,8,6699DAED00000000,can0
8048,1786718086.191321,609757.736047737,485490496,1,0,0,8,66992720F5BE0300,can0
8049,1786718086.2091765,609757.75389907,485490497,1,0,0,8,66990102FC000000,can0
8050,1786718086.2104218,609757.755135528,485490497,1,0,0,8,66990A02FC000000,can0
8051,1786718086.2219095,609757.76663407,485490496,1,0,0,8,6699DCED9A200000,can0
8052,1786718086.2261004,609757.770819987,485490496,1,0,0,8,6699DDEDEB830200,can0
8053,1786718086.2273033,609757.772019195,485490496,1,0,0,8,6699D0ED730E0000,can0
8054,1786718086.2280731,609757.772787528,485490496,1,0,0,8,6699D1EDF9030000,can0
8055,1786718086.228853,609757.773566528,485490496,1,0,0,8,6699D2ED420E0000,can0
8056,1786718086.2295158,609757.774229778,485490496,1,0,0,8,6699D3EDCE020000,can0
8057,1786718086.2525754,609757.79729532,435295297,1,0,0,8,007C15AE000474CD,can0
8058,1786718086.25785,609757.802567278,435294785,1,0,0,8,800BCD0000FFFFFF,can0
8059,1786718086.2623618,609757.807077862,435294785,1,0,0,8,81FF4900FFFFFFFF,can0
8060,1786718086.263343,609757.808056612,435357505,1,0,0,8,CD01A00C680000FF,can0
8061,1786718086.2714822,609757.81619732,435294785,1,0,0,8,800BCD0103FFFFFF,can0
8062,1786718086.2723184,609757.817032737,435294785,1,0,0,8,81FFFFFFFFFFFFFF,can0
8063,1786718086.2730844,609757.81779907,435357505,1,0,0,8,CD02AF0D5E0000FF,can0
8064,1786718086.2738912,609757.818607028,435294785,1,0,0,8,600BCD0203FFFFFF,can0
8065,1786718086.274667,609757.819381653,435294785,1,0,0,8,61FFFFFFFFFFFFFF,can0
8066,1786718086.2773416,609757.822278487,435357505,1,0,0,8,CD03F30C6B0000FF,can0
8067,1786718086.2801511,609757.824866237,435294785,1,0,0,8,600BCD0303FFFFFF,can0
8068,1786718086.2827644,609757.827482612,435294785,1,0,0,8,61FFFFFFFFFFFFFF,can0
8069,1786718086.2969894,609757.841705487,435357505,1,0,0,8,CD048D08000000FF,can0
8070,1786718086.2982137,609757.84292907,435294785,1,0,0,8,600BCD0403FFFFFF,can0
8071,1786718086.3048778,609757.849592945,435294785,1,0,0,8,61FFFFFFFFFFFFFF,can0
8072,1786718086.306046,609757.85076182,435357249,1,0,0,8,CDFFFC00FFFFFFFF,can0
8073,1786718086.3069353,609757.851650028,233966913,1,0,0,8,0001FDFFFFFFFFFF,can0
8074,1786718086.3078496,609757.852569528,485490497,1,0,0,8,6699000201000000,can0
8075,1786718086.3106167,609757.855335403,485490497,1,0,0,8,6699020200000000,can0
8076,1786718086.3116024,609757.856315278,485490497,1,0,0,8,6699070200000000,can0
8077,1786718086.3121276,609757.856840112,485490497,1,0,0,8,66991E0300000000,can0
8078,1786718086.3125803,609757.857292695,485490497,1,0,0,8,66991C0300000000,can0
8079,1786718086.3131351,609757.85785032,485490497,1,0,0,8,66998DED7C150000,can0
8080,1786718086.3137019,609757.858415695,485490497,1,0,0,8,66998FEDAF000000,can0
8081,1786718086.3148305,609757.859547528,485490497,1,0,0,8,6699ECED04740000,can0
8082,1786718086.3160725,609757.860788487,485490497,1,0,0,8,6699DAED00000000,can0
8083,1786718086.5101085,609758.05482932,485490497,1,0,0,8,6699B3ED01000000,can0
8084,1786718086.5113258,609758.056040695,485490497,1,0,0,8,6699BCEDD5890100,can0
8085,1786718086.6025128,609758.147232112,502267713,1,0,0,8,0026669950100004,can0
8086,1786718086.6034944,609758.14820982,502267713,1,0,0,8,01010000FFFFFFFF,can0
8087,1786718086.6041749,609758.148888362,502267713,1,0,0,8,028515AF14000000,can0
8088,1786718086.6048548,609758.149567445,502267713,1,0,0,8,030000CD02000000,can0
8089,1786718086.6056285,609758.150340987,502267713,1,0,0,8,0400350900009F01,can0
8090,1786718086.6063266,609758.151039612,502267713,1,0,0,8,058A9A1300FFFFFF,can0
8091,1786718086.6207983,609758.165517945,485490497,1,0,0,8,66998FEDAF000000,can0
8092,1786718086.671959,609758.216677654,485490497,1,0,0,8,6699BCED778A0100,can0
8093,1786718086.6732163,609758.217933029,485490497,1,0,0,8,6699CCEC28820000,can0
8094,1786718086.6740746,609758.218789029,485490497,1,0,0,8,6699CBEC897E0000,can0
8095,1786718086.679318,609758.224034862,485490497,1,0,0,8,6699DCEC997D0000,can0
8096,1786718086.680369,609758.225084029,485490497,1,0,0,8,6699DBECF1880000,can0
8097,1786718086.681106,609758.225818987,485490497,1,0,0,8,6699ECEC548A0000,can0
8098,1786718086.682807,609758.227522404,485490497,1,0,0,8,6699EBEC74810000,can0
8099,1786718086.6834772,609758.228189529,485490497,1,0,0,8,6699FBEC87550000,can0
8100,1786718086.7589004,609758.303621404,485490497,1,0,0,8,66994E0301000000,can0
8101,1786718086.812906,609758.357627529,485490496,1,0,0,8,6699BCED7A360200,can0
8102,1786718086.8140483,609758.358762029,485490496,1,0,0,8,6699B1EDACAE7900,can0
8103,1786718086.814754,609758.359467404,485490496,1,0,0,8,6699CCEC20B20000,can0
8104,1786718086.8156803,609758.36039732,485490496,1,0,0,8,6699CBEC82780000,can0
8105,1786718086.8163874,609758.361100029,485490496,1,0,0,8,6699DCEC30A60000,can0
8106,1786718086.8169467,609758.361659737,485490496,1,0,0,8,6699DBECD47B0000,can0
8107,1786718086.8177364,609758.362450862,485490496,1,0,0,8,6699ECEC5B6D0000,can0
8108,1786718086.8185084,609758.363222445,485490496,1,0,0,8,6699EBEC5F780000,can0
8109,1786718086.8194408,609758.364155445,485490496,1,0,0,8,6699FCECEB700000,can0
8110,1786718086.8202205,609758.364936529,485490496,1,0,0,8,6699FBECB84A0000,can0
8111,1786718087.021577,609758.56629607,485490657,1,0,0,8,6699FF0FAC260000,can0
8112,1786718087.0239425,609758.568665695,485490657,1,0,0,8,66991C200448FFFF,can0
8113,1786718087.181489,609758.726208571,773,0,0,0,8,0000000000000000,can0
8114,1786718087.1869626,609758.731683571,775,0,0,0,8,1234567856494300,can0
8115,1786718087.393721,609758.938440487,485490657,1,0,0,8,669901207C150000,can0
8116,1786718087.3945968,609758.939311154,485490657,1,0,0,8,66990E200D000000,can0
8117,1786718087.5473788,609759.092093404,435295296,1,0,0,8,007C1524010474C4,can0
8118,1786718087.5498316,609759.094548737,435294784,1,0,0,8,A00BC40000FFFFFF,can0
8119,1786718087.5540826,609759.098798237,435294784,1,0,0,8,A1FF4B00FFFFFFFF,can0
8120,1786718087.5550387,609759.099754821,435357504,1,0,0,8,C4010E0C930000FF,can0
8121,1786718087.5651886,609759.109904404,435294784,1,0,0,8,A00BC40103FFFFFF,can0
8122,1786718087.5665534,609759.111267904,435294784,1,0,0,8,A1FFFFFFFFFFFFFF,can0
8123,1786718087.567364,609759.112079612,435357504,1,0,0,8,C402630C860000FF,can0
8124,1786718087.5682645,609759.112977487,435294784,1,0,0,8,800BC40203FFFFFF,can0
8125,1786718087.5689943,609759.113706696,435294784,1,0,0,8,81FFFFFFFFFFFFFF,can0
8126,1786718087.5696616,609759.114374571,435357504,1,0,0,8,C4030A0C5A0000FF,can0
8127,1786718087.5701427,609759.114854529,435294784,1,0,0,8,800BC40303FFFFFF,can0
8128,1786718087.5706189,609759.115330529,435294784,1,0,0,8,81FFFFFFFFFFFFFF,can0
8129,1786718087.5711632,609759.115877196,435357504,1,0,0,8,C4047907990000FF,can0
8130,1786718087.5719626,609759.116675904,435294784,1,0,0,8,800BC40403FFFFFF,can0
8131,1786718087.5726697,609759.117384196,435294784,1,0,0,8,81FFFFFFFFFFFFFF,can0
8132,1786718087.5734727,609759.118187487,435357248,1,0,0,8,C4FFFC00FFFFFFFF,can0
8133,1786718087.618691,609759.163412279,485490497,1,0,0,8,66998FEDB0000000,can0
8134,1786718087.6710129,609759.215732654,485490497,1,0,0,8,6699BCEDBB900100,can0
8135,1786718087.6735184,609759.218236404,485490497,1,0,0,8,6699CCEC21830000,can0
8136,1786718087.674637,609759.219351779,485490497,1,0,0,8,6699CBECF77D0000,can0
8137,1786718087.67905,609759.223769321,485490497,1,0,0,8,6699DCEC727F0000,can0
8138,1786718087.6801379,609759.224852987,485490497,1,0,0,8,6699DBECD0880000,can0
8139,1786718087.6811035,609759.225817654,485490497,1,0,0,8,6699ECEC668C0000,can0
8140,1786718087.6817858,609759.226500487,485490497,1,0,0,8,6699EBEC8A800000,can0
8141,1786718087.6826375,609759.227354487,485490497,1,0,0,8,6699FBEC88550000,can0
8142,1786718087.7512834,609759.296003404,435295297,1,0,0,8,007C15B1000474EB,can0
8143,1786718087.7524593,609759.297174362,435294785,1,0,0,8,A00BEB0000FFFFFF,can0
8144,1786718087.7534986,609759.298214362,435294785,1,0,0,8,A1FF4900FFFFFFFF,can0
8145,1786718087.7545168,609759.299233321,435357505,1,0,0,8,EB01990C690000FF,can0
8146,1786718087.7557812,609759.300497946,435294785,1,0,0,8,A00BEB0103FFFFFF,can0
8147,1786718087.7568274,609759.301543446,435294785,1,0,0,8,A1FFFFFFFFFFFFFF,can0
8148,1786718087.7576456,609759.302359238,435357505,1,0,0,8,EB02A60D5F0000FF,can0
8149,1786718087.7583222,609759.303035571,435294785,1,0,0,8,800BEB0203FFFFFF,can0
8150,1786718087.7591596,609759.303874904,435294785,1,0,0,8,81FFFFFFFFFFFFFF,can0
8151,1786718087.7600868,609759.304801321,435357505,1,0,0,8,EB03CA0C6C0000FF,can0
8152,1786718087.7614577,609759.306174029,435294785,1,0,0,8,800BEB0303FFFFFF,can0
8153,1786718087.762671,609759.307390321,435294785,1,0,0,8,81FFFFFFFFFFFFFF,can0
8154,1786718087.763496,609759.308209779,435357505,1,0,0,8,EB048D08000000FF,can0
8155,1786718087.763999,609759.308711613,435294785,1,0,0,8,800BEB0403FFFFFF,can0
8156,1786718087.764445,609759.309157821,435294785,1,0,0,8,81FFFFFFFFFFFFFF,can0
8157,1786718087.7649732,609759.309685446,435357249,1,0,0,8,EBFFFC00FFFFFFFF,can0
8158,1786718087.7916007,609759.336320571,485442017,1,0,0,8,66990100D0EDFCFF,can0
8159,1786718087.7926126,609759.337327779,485442017,1,0,0,8,66990100DCEDFEFF,can0
8160,1786718087.7933953,609759.338110404,485442017,1,0,0,8,66990100DAEDFFFF,can0
8161,1786718087.7948813,609759.339597029,485442017,1,0,0,8,669901002720FFFF,can0
8162,1786718087.7962718,609759.340990946,485490497,1,0,0,8,6699DAED00000000,can0
8163,1786718087.7971427,609759.341857988,485490497,1,0,0,8,6699272023C70300,can0
8164,1786718087.812792,609759.357511529,485490496,1,0,0,8,6699BCEDBA360200,can0
8165,1786718087.8139925,609759.358705904,485490496,1,0,0,8,6699B1EDF1A37900,can0
8166,1786718087.8150554,609759.359769696,485490496,1,0,0,8,6699CCEC57B20000,can0
8167,1786718087.8161016,609759.360816196,485490497,1,0,0,8,6699DCED52110000,can0
8168,1786718087.818278,609759.362996113,485490496,1,0,0,8,6699CBEC84780000,can0
8169,1786718087.8195271,609759.364243446,485490497,1,0,0,8,6699DDEDD8280000,can0
8170,1786718087.8215218,609759.366239196,485490496,1,0,0,8,6699DCEC48A60000,can0
8171,1786718087.8224096,609759.367124488,485490496,1,0,0,8,6699DBECE27B0000,can0
8172,1786718087.823754,609759.368470779,485490497,1,0,0,8,6699D0ED38080000,can0
8173,1786718087.824542,609759.369254821,485490496,1,0,0,8,6699ECECA56D0000,can0
8174,1786718087.8250937,609759.369805488,485490497,1,0,0,8,6699D1ED29010000,can0
8175,1786718087.8257937,609759.370508571,485490496,1,0,0,8,6699EBEC6D780000,can0
8176,1786718087.8277202,609759.372435946,485490496,1,0,0,8,6699FCECF3700000,can0
8177,1786718087.8286026,609759.373316154,485490497,1,0,0,8,6699D2ED35090000,can0
8178,1786718087.829363,609759.374077029,485490496,1,0,0,8,6699FBECBA4A0000,can0
8179,1786718087.8299453,609759.374658321,485490497,1,0,0,8,6699D3ED04010000,can0
8180,1786718088.0383554,609759.583074738,485441761,1,0,0,8,6699152048030000,can0
8181,1786718088.0392592,609759.583974738,485442017,1,0,0,8,66991520F8020000,can0
8182,1786718088.0399508,609759.584665446,485490496,1,0,0,8,6699152048030000,can0
8183,1786718088.0405755,609759.585288821,485490497,1,0,0,8,66991520F8020000,can0
8184,1786718088.0411682,609759.585882238,485490657,1,0,0,8,6699FF0FAC260000,can0
8185,1786718088.0558417,609759.600561696,485490657,1,0,0,8,66991C20A047FFFF,can0
8186,1786718088.1011572,609759.645877029,485490496,1,0,0,8,6699DBEDCA120000,can0
8187,1786718088.1545649,609759.699284571,485490657,1,0,0,8,669902207B150000,can0
8188,1786718088.1879447,609759.732665988,773,0,0,0,8,0000000000000000,can0
8189,1786718088.190567,609759.735281988,775,0,0,0,8,1234567856494300,can0
8190,1786718088.5042782,609760.048997988,485490496,1,0,0,8,66990102FC000000,can0
8191,1786718088.505116,609760.04982928,485490496,1,0,0,8,66990A02FC000000,can0
8192,1786718088.5537767,609760.098496405,485490496,1,0,0,8,6699000201000000,can0
8193,1786718088.5563705,609760.101086863,485490496,1,0,0,8,6699020200000000,can0
8194,1786718088.5573006,609760.102014363,485490496,1,0,0,8,6699070200000000,can0
8195,1786718088.5580266,609760.102740446,485490496,1,0,0,8,66991E0300000000,can0
8196,1786718088.5585837,609760.103296363,485490496,1,0,0,8,66991C0300000000,can0
8197,1786718088.5590293,609760.103740196,485490496,1,0,0,8,66998DED7C150000,can0
8198,1786718088.6056435,609760.150364113,485490496,1,0,0,8,66998FED24010000,can0
8199,1786718088.606966,609760.151680405,485490496,1,0,0,8,6699ECED04740000,can0
8200,1786718088.607502,609760.152214446,485490496,1,0,0,8,6699DAED00000000,can0
8201,1786718088.6234136,609760.168135405,485490497,1,0,0,8,66998FEDB2000000,can0
8202,1786718088.653438,609760.198157988,485490497,1,0,0,8,66998DED7B150000,can0
8203,1786718088.671618,609760.21633803,485490497,1,0,0,8,6699BCED85890100,can0
8204,1786718088.6728323,609760.217547155,485490497,1,0,0,8,6699CCECCB810000,can0
8205,1786718088.6735575,609760.218271446,485490497,1,0,0,8,6699CBECD17E0000,can0
8206,1786718088.6745708,609760.219286905,485490497,1,0,0,8,6699DCECC87D0000,can0
8207,1786718088.6777263,609760.222451113,485490497,1,0,0,8,6699DBECF9880000,can0
8208,1786718088.6936226,609760.238338655,485490497,1,0,0,8,6699ECEC468C0000,can0
8209,1786718088.7162392,609760.260962446,485490497,1,0,0,8,6699EBECA6800000,can0
8210,1786718088.724015,609760.268731113,485490497,1,0,0,8,6699FBEC87550000,can0
8211,1786718088.8046026,609760.349321863,485490496,1,0,0,8,6699B3ED01000000,can0
8212,1786718088.8057024,609760.35041678,485490496,1,0,0,8,6699BCED86360200,can0
8213,1786718088.8068433,609760.351558321,502267713,1,0,0,8,2026669950100004,can0
8214,1786718088.8076136,609760.352326238,502267713,1,0,0,8,21010000FFFFFFFF,can0
8215,1786718088.8083112,609760.353024655,502267713,1,0,0,8,228515AF14000000,can0
8216,1786718088.808912,609760.353624405,502267713,1,0,0,8,230000CE02000000,can0
8217,1786718088.8094761,609760.354189863,502267713,1,0,0,8,2400350900009F01,can0
8218,1786718088.8107026,609760.355418446,502267713,1,0,0,8,258A9A1300FFFFFF,can0
8219,1786718088.8120828,609760.356798155,502267713,1,0,0,8,40286699A0100013,can0
8220,1786718088.813076,609760.357791655,502267713,1,0,0,8,4100320040003800,can0
8221,1786718088.8152628,609760.359979946,502267713,1,0,0,8,425A002C02BF04E1,can0
8222,1786718088.816383,609760.361096363,502267713,1,0,0,8,430148055799FB98,can0
8223,1786718088.8173146,609760.362028071,502267713,1,0,0,8,448A9A9E5CFFFFFF,can0
8224,1786718088.8178697,609760.362582571,502267713,1,0,0,8,45FFFFFFFFFFFFFF,can0
8225,1786718088.8190544,609760.363770196,485490496,1,0,0,8,6699BCED86360200,can0
8226,1786718088.819742,609760.364455363,485490496,1,0,0,8,6699B1EDB58E7900,can0
8227,1786718088.8214505,609760.366165113,485490496,1,0,0,8,6699CCEC3DB20000,can0
8228,1786718088.8224485,609760.367164071,485490496,1,0,0,8,6699CBEC83780000,can0
8229,1786718088.8232749,609760.367988905,485490496,1,0,0,8,6699DCEC18A60000,can0
8230,1786718088.8240244,609760.36873753,485490496,1,0,0,8,6699DBECD57B0000,can0
8231,1786718088.8247337,609760.369448405,485490496,1,0,0,8,6699ECECA86D0000,can0
8232,1786718088.8256717,609760.370386696,485490496,1,0,0,8,6699EBEC64780000,can0
8233,1786718088.8264546,609760.371169238,485490496,1,0,0,8,6699FCEC11710000,can0
8234,1786718088.8273423,609760.372057155,485490496,1,0,0,8,6699FBECAE4A0000,can0
8235,1786718088.8978581,609760.442578863,502267712,1,0,0,8,00266699501000CE,can0
8236,1786718088.8990912,609760.443803863,502267712,1,0,0,8,01020000FFFFFFFF,can0
8237,1786718088.9001017,609760.444817905,502267712,1,0,0,8,028515AB14000000,can0
8238,1786718088.9012613,609760.445976488,502267712,1,0,0,8,030000CE02000000,can0
8239,1786718088.9024835,609760.447197488,502267712,1,0,0,8,0400420E00009602,can0
8240,1786718088.9032288,609760.447942363,502267712,1,0,0,8,05EE9A4001FFFFFF,can0
8241,1786718089.024329,609760.569048321,485490657,1,0,0,8,6699FF0FAC260000,can0
8242,1786718089.0255017,609760.570219155,485490657,1,0,0,8,66991C203C47FFFF,can0
8243,1786718089.0466137,609760.591333655,435295296,1,0,0,8,007C1524010474E2,can0
8244,1786718089.0479321,609760.592647988,435294784,1,0,0,8,C00BE20000FFFFFF,can0
8245,1786718089.0491164,609760.593831155,435294784,1,0,0,8,C1FF4B00FFFFFFFF,can0
8246,1786718089.0512462,609760.595960946,435357504,1,0,0,8,E2010D0C930000FF,can0
8247,1786718089.0524185,609760.597133071,435294784,1,0,0,8,C00BE20103FFFFFF,can0
8248,1786718089.0536616,609760.598376655,435294784,1,0,0,8,C1FFFFFFFFFFFFFF,can0
8249,1786718089.0547192,609760.599434196,435357504,1,0,0,8,E202630C850000FF,can0
8250,1786718089.0567465,609760.601463113,435294784,1,0,0,8,A00BE20203FFFFFF,can0
8251,1786718089.0575485,609760.602263488,435294784,1,0,0,8,A1FFFFFFFFFFFFFF,can0
8252,1786718089.058382,609760.603096905,435357504,1,0,0,8,E2030B0C5C0000FF,can0
8253,1786718089.0591578,609760.603872071,435294784,1,0,0,8,A00BE20303FFFFFF,can0
8254,1786718089.0599098,609760.604624321,435294784,1,0,0,8,A1FFFFFFFFFFFFFF,can0
8255,1786718089.061023,609760.605738655,435357504,1,0,0,8,E2047807960000FF,can0
8256,1786718089.0618348,609760.606549488,435294784,1,0,0,8,A00BE20403FFFFFF,can0
8257,1786718089.063139,609760.607853905,435294784,1,0,0,8,A1FFFFFFFFFFFFFF,can0
8258,1786718089.0643845,609760.609098821,435357248,1,0,0,8,E2FFFC00FFFFFFFF,can0
8259,1786718089.0652056,609760.60992028,485490496,1,0,0,8,66994E0301000000,can0
8260,1786718089.1791909,609760.72390978,773,0,0,0,8,0000000000000000,can0
8261,1786718089.181642,609760.726361947,775,0,0,0,8,1234567856494300,can0
8262,1786718089.2064657,609760.751185155,502267713,1,0,0,8,601D6699431001CF,can0
8263,1786718089.2074933,609760.752208072,502267713,1,0,0,8,610D0A000F1F0000,can0
8264,1786718089.2082186,609760.752931863,502267713,1,0,0,8,6200000000000000,can0
8265,1786718089.2088635,609760.753576738,502267713,1,0,0,8,6300000000000000,can0
8266,1786718089.2094946,609760.754207905,502267713,1,0,0,8,640000FFFFFFFFFF,can0
8267,1786718089.2101314,609760.754844822,502267713,1,0,0,8,801D669942100152,can0
8268,1786718089.2108445,609760.755560072,502267713,1,0,0,8,817E1800F6480000,can0
8269,1786718089.211704,609760.756419322,502267713,1,0,0,8,8200000000000000,can0
8270,1786718089.2125912,609760.75730628,502267713,1,0,0,8,8300010000000000,can0
8271,1786718089.213291,609760.758004488,502267713,1,0,0,8,840000FFFFFFFFFF,can0
8272,1786718089.2537942,609760.798514155,435295297,1,0,0,8,007C15B10004740D,can0
8273,1786718089.2548816,609760.799595113,435294785,1,0,0,8,C00B0D0000FFFFFF,can0
8274,1786718089.2577398,609760.802455488,435294785,1,0,0,8,C1FF4900FFFFFFFF,can0
8275,1786718089.2587695,609760.80348428,435357505,1,0,0,8,0D01A70C680000FF,can0
8276,1786718089.2658455,609760.81057178,435294785,1,0,0,8,C00B0D0103FFFFFF,can0
8277,1786718089.2668428,609760.81155653,435294785,1,0,0,8,C1FFFFFFFFFFFFFF,can0
8278,1786718089.2678108,609760.812524697,435357505,1,0,0,8,0D02B40D590000FF,can0
8279,1786718089.2683372,609760.813050197,435294785,1,0,0,8,A00B0D0203FFFFFF,can0
8280,1786718089.2689016,609760.813614197,435294785,1,0,0,8,A1FFFFFFFFFFFFFF,can0
8281,1786718089.2693973,609760.814109613,435357505,1,0,0,8,0D03DD0C6D0000FF,can0
8282,1786718089.269976,609760.814688488,435294785,1,0,0,8,A00B0D0303FFFFFF,can0
8283,1786718089.270478,609760.815189738,435294785,1,0,0,8,A1FFFFFFFFFFFFFF,can0
8284,1786718089.2709084,609760.815620447,435357505,1,0,0,8,0D048E08000000FF,can0
8285,1786718089.2713122,609760.816024655,435294785,1,0,0,8,A00B0D0403FFFFFF,can0
8286,1786718089.2717037,609760.81641703,435294785,1,0,0,8,A1FFFFFFFFFFFFFF,can0
8287,1786718089.2720845,609760.81679703,435357249,1,0,0,8,0DFFFC00FFFFFFFF,can0
8288,1786718089.3535252,609760.898251238,502267712,1,0,0,8,201D669943100114,can0
8289,1786718089.3596032,609760.90432303,502267712,1,0,0,8,210F0A0007400000,can0
8290,1786718089.3615468,609760.906262947,502267712,1,0,0,8,2200000000000000,can0
8291,1786718089.3624046,609760.907119238,502267712,1,0,0,8,2300000000000000,can0
8292,1786718089.3632102,609760.907925447,502267712,1,0,0,8,240000FFFFFFFFFF,can0
8293,1786718089.618358,609761.163077822,485490497,1,0,0,8,66998DED7C150000,can0
8294,1786718089.6199248,609761.164647488,485490497,1,0,0,8,66998FEDB1000000,can0
8295,1786718089.6731298,609761.217850447,485490497,1,0,0,8,6699BCEDA18C0100,can0
8296,1786718089.6740618,609761.218776697,485490497,1,0,0,8,6699CCECA8820000,can0
8297,1786718089.674947,609761.21966178,485490497,1,0,0,8,6699CBEC5A7E0000,can0
8298,1786718089.6761558,609761.22087028,485490497,1,0,0,8,6699DCEC577D0000,can0
8299,1786718089.677255,609761.221970113,485490497,1,0,0,8,6699DBEC02890000,can0
8300,1786718089.6783068,609761.223021238,485490497,1,0,0,8,6699ECEC6F8C0000,can0
8301,1786718089.6826522,609761.227368113,485490497,1,0,0,8,6699EBEC8D800000,can0
8302,1786718089.683746,609761.22845978,485490497,1,0,0,8,6699FBEC88550000,can0
8303,1786718089.8125026,609761.357222822,485490496,1,0,0,8,6699BCED7B370200,can0
8304,1786718089.813531,609761.358245113,485490496,1,0,0,8,6699B1ED087E7900,can0
8305,1786718089.8146985,609761.359414822,485490496,1,0,0,8,6699CCEC8BB20000,can0
8306,1786718089.8191316,609761.363856447,485490496,1,0,0,8,6699CBEC82780000,can0
8307,1786718089.8202908,609761.365004905,485490496,1,0,0,8,6699DCEC57A60000,can0
8308,1786718089.8210964,609761.365818947,485490496,1,0,0,8,6699DBECE27B0000,can0
8309,1786718089.821866,609761.366580655,485490496,1,0,0,8,6699ECECAA6D0000,can0
8310,1786718089.822676,609761.36739153,485490496,1,0,0,8,6699EBEC6C780000,can0
8311,1786718089.8233223,609761.368035572,485490496,1,0,0,8,6699FCECF3700000,can0
8312,1786718089.823972,609761.368686113,485490496,1,0,0,8,6699FBECB44A0000,can0
8313,1786718090.0049243,609761.54964503,502267712,1,0,0,8,40266699501000CE,can0
8314,1786718090.0062945,609761.551011239,502267712,1,0,0,8,41020000FFFFFFFF,can0
8315,1786718090.0073428,609761.55205903,502267712,1,0,0,8,428515AB14000000,can0
8316,1786718090.0084846,609761.553199322,502267712,1,0,0,8,430000CF02000000,can0
8317,1786718090.009351,609761.554066072,502267712,1,0,0,8,4400420E00009602,can0
8318,1786718090.0100768,609761.55479153,502267712,1,0,0,8,45EE9A4001FFFFFF,can0
8319,1786718090.0108995,609761.555613697,502267712,1,0,0,8,60286699A0100040,can0
8320,1786718090.0116374,609761.556352155,502267712,1,0,0,8,6101420091002701,can0
8321,1786718090.012789,609761.557504072,502267712,1,0,0,8,62D400BE024A044E,can0
8322,1786718090.013494,609761.55820778,502267712,1,0,0,8,630D750AB5980E9A,can0
8323,1786718090.0149472,609761.559662739,502267712,1,0,0,8,64EE9A9C5FFFFFFF,can0
8324,1786718090.016858,609761.561574364,502267712,1,0,0,8,65FFFFFFFFFFFFFF,can0
8325,1786718090.0321953,609761.57691478,485490657,1,0,0,8,6699FF0FAC260000,can0
8326,1786718090.0348675,609761.579587905,485490657,1,0,0,8,66991C20E444FFFF,can0
8327,1786718090.1019876,609761.646707155,485490496,1,0,0,8,66998FED25010000,can0
8328,1786718090.1800385,609761.724757655,773,0,0,0,8,0000000000000000,can0
8329,1786718090.1810205,609761.725734155,775,0,0,0,8,1234567856494300,can0
8330,1786718090.5465238,609762.091243364,435295296,1,0,0,8,007C152501047404,can0
