sample_id,wall_ts,mono_ts,cell_index,voltage_v,reconstructed,source,pack_voltage_v
1,1786717263.698,608940.13292943,1,3.378,0,json:reported,54.03
1,1786717263.698,608940.13292943,2,3.378,0,json:reported,54.03
1,1786717263.698,608940.13292943,3,3.383,0,json:reported,54.03
1,1786717263.698,608940.13292943,4,3.382,0,json:reported,54.03
1,1786717263.698,608940.13292943,5,3.383,0,json:reported,54.03
1,1786717263.698,608940.13292943,6,3.371,0,json:reported,54.03
1,1786717263.698,608940.13292943,7,3.387,0,json:reported,54.03
1,1786717263.698,608940.13292943,8,3.37,0,json:reported,54.03
1,1786717263.698,608940.13292943,9,3.379,0,json:reported,54.03
1,1786717263.698,608940.13292943,10,3.38,0,json:reported,54.03
1,1786717263.698,608940.13292943,11,3.357,0,json:reported,54.03
1,1786717263.698,608940.13292943,12,3.374,0,json:reported,54.03
1,1786717263.698,608940.13292943,13,3.38,0,json:reported,54.03
1,1786717263.698,608940.13292943,14,3.374,0,json:reported,54.03
1,1786717263.698,608940.13292943,15,3.377,0,json:reported,54.03
1,1786717263.698,608940.13292943,16,3.3770000000000024,1,json:calculated,54.03
2,1786717263.698,608941.147438722,1,3.378,0,json:reported,54.03
2,1786717263.698,608941.147438722,2,3.378,0,json:reported,54.03
2,1786717263.698,608941.147438722,3,3.383,0,json:reported,54.03
2,1786717263.698,608941.147438722,4,3.382,0,json:reported,54.03
2,1786717263.698,608941.147438722,5,3.383,0,json:reported,54.03
2,1786717263.698,608941.147438722,6,3.371,0,json:reported,54.03
2,1786717263.698,608941.147438722,7,3.387,0,json:reported,54.03
2,1786717263.698,608941.147438722,8,3.37,0,json:reported,54.03
2,1786717263.698,608941.147438722,9,3.379,0,json:reported,54.03
2,1786717263.698,608941.147438722,10,3.38,0,json:reported,54.03
2,1786717263.698,608941.147438722,11,3.357,0,json:reported,54.03
2,1786717263.698,608941.147438722,12,3.374,0,json:reported,54.03
2,1786717263.698,608941.147438722,13,3.38,0,json:reported,54.03
2,1786717263.698,608941.147438722,14,3.374,0,json:reported,54.03
2,1786717263.698,608941.147438722,15,3.377,0,json:reported,54.03
2,1786717263.698,608941.147438722,16,3.3770000000000024,1,json:calculated,54.03
3,1786717263.698,608942.153260265,1,3.378,0,json:reported,54.03
3,1786717263.698,608942.153260265,2,3.378,0,json:reported,54.03
3,1786717263.698,608942.153260265,3,3.383,0,json:reported,54.03
3,1786717263.698,608942.153260265,4,3.382,0,json:reported,54.03
3,1786717263.698,608942.153260265,5,3.383,0,json:reported,54.03
3,1786717263.698,608942.153260265,6,3.371,0,json:reported,54.03
3,1786717263.698,608942.153260265,7,3.387,0,json:reported,54.03
3,1786717263.698,608942.153260265,8,3.37,0,json:reported,54.03
3,1786717263.698,608942.153260265,9,3.379,0,json:reported,54.03
3,1786717263.698,608942.153260265,10,3.38,0,json:reported,54.03
3,1786717263.698,608942.153260265,11,3.357,0,json:reported,54.03
3,1786717263.698,608942.153260265,12,3.374,0,json:reported,54.03
3,1786717263.698,608942.153260265,13,3.38,0,json:reported,54.03
3,1786717263.698,608942.153260265,14,3.374,0,json:reported,54.03
3,1786717263.698,608942.153260265,15,3.377,0,json:reported,54.03
3,1786717263.698,608942.153260265,16,3.3770000000000024,1,json:calculated,54.03
4,1786717263.698,608943.159761515,1,3.378,0,json:reported,54.03
4,1786717263.698,608943.159761515,2,3.378,0,json:reported,54.03
4,1786717263.698,608943.159761515,3,3.383,0,json:reported,54.03
4,1786717263.698,608943.159761515,4,3.382,0,json:reported,54.03
4,1786717263.698,608943.159761515,5,3.383,0,json:reported,54.03
4,1786717263.698,608943.159761515,6,3.371,0,json:reported,54.03
4,1786717263.698,608943.159761515,7,3.387,0,json:reported,54.03
4,1786717263.698,608943.159761515,8,3.37,0,json:reported,54.03
4,1786717263.698,608943.159761515,9,3.379,0,json:reported,54.03
4,1786717263.698,608943.159761515,10,3.38,0,json:reported,54.03
4,1786717263.698,608943.159761515,11,3.357,0,json:reported,54.03
4,1786717263.698,608943.159761515,12,3.374,0,json:reported,54.03
4,1786717263.698,608943.159761515,13,3.38,0,json:reported,54.03
4,1786717263.698,608943.159761515,14,3.374,0,json:reported,54.03
4,1786717263.698,608943.159761515,15,3.377,0,json:reported,54.03
4,1786717263.698,608943.159761515,16,3.3770000000000024,1,json:calculated,54.03
5,1786717271.819,608944.166621349,1,3.378,0,json:reported,54.03
5,1786717271.819,608944.166621349,2,3.378,0,json:reported,54.03
5,1786717271.819,608944.166621349,3,3.384,0,json:reported,54.03
5,1786717271.819,608944.166621349,4,3.382,0,json:reported,54.03
5,1786717271.819,608944.166621349,5,3.383,0,json:reported,54.03
5,1786717271.819,608944.166621349,6,3.371,0,json:reported,54.03
5,1786717271.819,608944.166621349,7,3.387,0,json:reported,54.03
5,1786717271.819,608944.166621349,8,3.37,0,json:reported,54.03
5,1786717271.819,608944.166621349,9,3.379,0,json:reported,54.03
5,1786717271.819,608944.166621349,10,3.381,0,json:reported,54.03
5,1786717271.819,608944.166621349,11,3.357,0,json:reported,54.03
5,1786717271.819,608944.166621349,12,3.374,0,json:reported,54.03
5,1786717271.819,608944.166621349,13,3.381,0,json:reported,54.03
5,1786717271.819,608944.166621349,14,3.374,0,json:reported,54.03
5,1786717271.819,608944.166621349,15,3.377,0,json:reported,54.03
5,1786717271.819,608944.166621349,16,3.3740000000000023,1,json:calculated,54.03
6,1786717271.819,608945.172078391,1,3.378,0,json:reported,54.03
6,1786717271.819,608945.172078391,2,3.378,0,json:reported,54.03
6,1786717271.819,608945.172078391,3,3.384,0,json:reported,54.03
6,1786717271.819,608945.172078391,4,3.382,0,json:reported,54.03
6,1786717271.819,608945.172078391,5,3.383,0,json:reported,54.03
6,1786717271.819,608945.172078391,6,3.371,0,json:reported,54.03
6,1786717271.819,608945.172078391,7,3.387,0,json:reported,54.03
6,1786717271.819,608945.172078391,8,3.37,0,json:reported,54.03
6,1786717271.819,608945.172078391,9,3.379,0,json:reported,54.03
6,1786717271.819,608945.172078391,10,3.381,0,json:reported,54.03
6,1786717271.819,608945.172078391,11,3.357,0,json:reported,54.03
6,1786717271.819,608945.172078391,12,3.374,0,json:reported,54.03
6,1786717271.819,608945.172078391,13,3.381,0,json:reported,54.03
6,1786717271.819,608945.172078391,14,3.374,0,json:reported,54.03
6,1786717271.819,608945.172078391,15,3.377,0,json:reported,54.03
6,1786717271.819,608945.172078391,16,3.3740000000000023,1,json:calculated,54.03
7,1786717271.819,608946.181218683,1,3.378,0,json:reported,54.03
7,1786717271.819,608946.181218683,2,3.378,0,json:reported,54.03
7,1786717271.819,608946.181218683,3,3.384,0,json:reported,54.03
7,1786717271.819,608946.181218683,4,3.382,0,json:reported,54.03
7,1786717271.819,608946.181218683,5,3.383,0,json:reported,54.03
7,1786717271.819,608946.181218683,6,3.371,0,json:reported,54.03
7,1786717271.819,608946.181218683,7,3.387,0,json:reported,54.03
7,1786717271.819,608946.181218683,8,3.37,0,json:reported,54.03
7,1786717271.819,608946.181218683,9,3.379,0,json:reported,54.03
7,1786717271.819,608946.181218683,10,3.381,0,json:reported,54.03
7,1786717271.819,608946.181218683,11,3.357,0,json:reported,54.03
7,1786717271.819,608946.181218683,12,3.374,0,json:reported,54.03
7,1786717271.819,608946.181218683,13,3.381,0,json:reported,54.03
7,1786717271.819,608946.181218683,14,3.374,0,json:reported,54.03
7,1786717271.819,608946.181218683,15,3.377,0,json:reported,54.03
7,1786717271.819,608946.181218683,16,3.3740000000000023,1,json:calculated,54.03
8,1786717271.819,608947.187274725,1,3.378,0,json:reported,54.03
8,1786717271.819,608947.187274725,2,3.378,0,json:reported,54.03
8,1786717271.819,608947.187274725,3,3.384,0,json:reported,54.03
8,1786717271.819,608947.187274725,4,3.382,0,json:reported,54.03
8,1786717271.819,608947.187274725,5,3.383,0,json:reported,54.03
8,1786717271.819,608947.187274725,6,3.371,0,json:reported,54.03
8,1786717271.819,608947.187274725,7,3.387,0,json:reported,54.03
8,1786717271.819,608947.187274725,8,3.37,0,json:reported,54.03
8,1786717271.819,608947.187274725,9,3.379,0,json:reported,54.03
8,1786717271.819,608947.187274725,10,3.381,0,json:reported,54.03
8,1786717271.819,608947.187274725,11,3.357,0,json:reported,54.03
8,1786717271.819,608947.187274725,12,3.374,0,json:reported,54.03
8,1786717271.819,608947.187274725,13,3.381,0,json:reported,54.03
8,1786717271.819,608947.187274725,14,3.374,0,json:reported,54.03
8,1786717271.819,608947.187274725,15,3.377,0,json:reported,54.03
8,1786717271.819,608947.187274725,16,3.3740000000000023,1,json:calculated,54.03
9,1786717271.819,608948.194060934,1,3.378,0,json:reported,54.03
9,1786717271.819,608948.194060934,2,3.378,0,json:reported,54.03
9,1786717271.819,608948.194060934,3,3.384,0,json:reported,54.03
9,1786717271.819,608948.194060934,4,3.382,0,json:reported,54.03
9,1786717271.819,608948.194060934,5,3.383,0,json:reported,54.03
9,1786717271.819,608948.194060934,6,3.371,0,json:reported,54.03
9,1786717271.819,608948.194060934,7,3.387,0,json:reported,54.03
9,1786717271.819,608948.194060934,8,3.37,0,json:reported,54.03
9,1786717271.819,608948.194060934,9,3.379,0,json:reported,54.03
9,1786717271.819,608948.194060934,10,3.381,0,json:reported,54.03
9,1786717271.819,608948.194060934,11,3.357,0,json:reported,54.03
9,1786717271.819,608948.194060934,12,3.374,0,json:reported,54.03
9,1786717271.819,608948.194060934,13,3.381,0,json:reported,54.03
9,1786717271.819,608948.194060934,14,3.374,0,json:reported,54.03
9,1786717271.819,608948.194060934,15,3.377,0,json:reported,54.03
9,1786717271.819,608948.194060934,16,3.3740000000000023,1,json:calculated,54.03
10,1786717271.819,608949.199525643,1,3.378,0,json:reported,54.03
10,1786717271.819,608949.199525643,2,3.378,0,json:reported,54.03
10,1786717271.819,608949.199525643,3,3.384,0,json:reported,54.03
10,1786717271.819,608949.199525643,4,3.382,0,json:reported,54.03
10,1786717271.819,608949.199525643,5,3.383,0,json:reported,54.03
10,1786717271.819,608949.199525643,6,3.371,0,json:reported,54.03
10,1786717271.819,608949.199525643,7,3.387,0,json:reported,54.03
10,1786717271.819,608949.199525643,8,3.37,0,json:reported,54.03
10,1786717271.819,608949.199525643,9,3.379,0,json:reported,54.03
10,1786717271.819,608949.199525643,10,3.381,0,json:reported,54.03
10,1786717271.819,608949.199525643,11,3.357,0,json:reported,54.03
10,1786717271.819,608949.199525643,12,3.374,0,json:reported,54.03
10,1786717271.819,608949.199525643,13,3.381,0,json:reported,54.03
10,1786717271.819,608949.199525643,14,3.374,0,json:reported,54.03
10,1786717271.819,608949.199525643,15,3.377,0,json:reported,54.03
10,1786717271.819,608949.199525643,16,3.3740000000000023,1,json:calculated,54.03
11,1786717271.819,608950.204612518,1,3.378,0,json:reported,54.03
11,1786717271.819,608950.204612518,2,3.378,0,json:reported,54.03
11,1786717271.819,608950.204612518,3,3.384,0,json:reported,54.03
11,1786717271.819,608950.204612518,4,3.382,0,json:reported,54.03
11,1786717271.819,608950.204612518,5,3.383,0,json:reported,54.03
11,1786717271.819,608950.204612518,6,3.371,0,json:reported,54.03
11,1786717271.819,608950.204612518,7,3.387,0,json:reported,54.03
11,1786717271.819,608950.204612518,8,3.37,0,json:reported,54.03
11,1786717271.819,608950.204612518,9,3.379,0,json:reported,54.03
11,1786717271.819,608950.204612518,10,3.381,0,json:reported,54.03
11,1786717271.819,608950.204612518,11,3.357,0,json:reported,54.03
11,1786717271.819,608950.204612518,12,3.374,0,json:reported,54.03
11,1786717271.819,608950.204612518,13,3.381,0,json:reported,54.03
11,1786717271.819,608950.204612518,14,3.374,0,json:reported,54.03
11,1786717271.819,608950.204612518,15,3.377,0,json:reported,54.03
11,1786717271.819,608950.204612518,16,3.3740000000000023,1,json:calculated,54.03
12,1786717271.819,608951.212438602,1,3.378,0,json:reported,54.03
12,1786717271.819,608951.212438602,2,3.378,0,json:reported,54.03
12,1786717271.819,608951.212438602,3,3.384,0,json:reported,54.03
12,1786717271.819,608951.212438602,4,3.382,0,json:reported,54.03
12,1786717271.819,608951.212438602,5,3.383,0,json:reported,54.03
12,1786717271.819,608951.212438602,6,3.371,0,json:reported,54.03
12,1786717271.819,608951.212438602,7,3.387,0,json:reported,54.03
12,1786717271.819,608951.212438602,8,3.37,0,json:reported,54.03
12,1786717271.819,608951.212438602,9,3.379,0,json:reported,54.03
12,1786717271.819,608951.212438602,10,3.381,0,json:reported,54.03
12,1786717271.819,608951.212438602,11,3.357,0,json:reported,54.03
12,1786717271.819,608951.212438602,12,3.374,0,json:reported,54.03
12,1786717271.819,608951.212438602,13,3.381,0,json:reported,54.03
12,1786717271.819,608951.212438602,14,3.374,0,json:reported,54.03
12,1786717271.819,608951.212438602,15,3.377,0,json:reported,54.03
12,1786717271.819,608951.212438602,16,3.3740000000000023,1,json:calculated,54.03
13,1786717279.919,608952.218128436,1,3.379,0,json:reported,54.03
13,1786717279.919,608952.218128436,2,3.378,0,json:reported,54.03
13,1786717279.919,608952.218128436,3,3.384,0,json:reported,54.03
13,1786717279.919,608952.218128436,4,3.383,0,json:reported,54.03
13,1786717279.919,608952.218128436,5,3.383,0,json:reported,54.03
13,1786717279.919,608952.218128436,6,3.372,0,json:reported,54.03
13,1786717279.919,608952.218128436,7,3.387,0,json:reported,54.03
13,1786717279.919,608952.218128436,8,3.371,0,json:reported,54.03
13,1786717279.919,608952.218128436,9,3.379,0,json:reported,54.03
13,1786717279.919,608952.218128436,10,3.381,0,json:reported,54.03
13,1786717279.919,608952.218128436,11,3.357,0,json:reported,54.03
13,1786717279.919,608952.218128436,12,3.374,0,json:reported,54.03
13,1786717279.919,608952.218128436,13,3.381,0,json:reported,54.03
13,1786717279.919,608952.218128436,14,3.374,0,json:reported,54.03
13,1786717279.919,608952.218128436,15,3.377,0,json:reported,54.03
13,1786717279.919,608952.218128436,16,3.3700000000000045,1,json:calculated,54.03
14,1786717279.919,608953.224176686,1,3.379,0,json:reported,54.03
14,1786717279.919,608953.224176686,2,3.378,0,json:reported,54.03
14,1786717279.919,608953.224176686,3,3.384,0,json:reported,54.03
14,1786717279.919,608953.224176686,4,3.383,0,json:reported,54.03
14,1786717279.919,608953.224176686,5,3.383,0,json:reported,54.03
14,1786717279.919,608953.224176686,6,3.372,0,json:reported,54.03
14,1786717279.919,608953.224176686,7,3.387,0,json:reported,54.03
14,1786717279.919,608953.224176686,8,3.371,0,json:reported,54.03
14,1786717279.919,608953.224176686,9,3.379,0,json:reported,54.03
14,1786717279.919,608953.224176686,10,3.381,0,json:reported,54.03
14,1786717279.919,608953.224176686,11,3.357,0,json:reported,54.03
14,1786717279.919,608953.224176686,12,3.374,0,json:reported,54.03
14,1786717279.919,608953.224176686,13,3.381,0,json:reported,54.03
14,1786717279.919,608953.224176686,14,3.374,0,json:reported,54.03
14,1786717279.919,608953.224176686,15,3.377,0,json:reported,54.03
14,1786717279.919,608953.224176686,16,3.3700000000000045,1,json:calculated,54.03
15,1786717279.919,608954.231256645,1,3.379,0,json:reported,54.03
15,1786717279.919,608954.231256645,2,3.378,0,json:reported,54.03
15,1786717279.919,608954.231256645,3,3.384,0,json:reported,54.03
15,1786717279.919,608954.231256645,4,3.383,0,json:reported,54.03
15,1786717279.919,608954.231256645,5,3.383,0,json:reported,54.03
15,1786717279.919,608954.231256645,6,3.372,0,json:reported,54.03
15,1786717279.919,608954.231256645,7,3.387,0,json:reported,54.03
15,1786717279.919,608954.231256645,8,3.371,0,json:reported,54.03
15,1786717279.919,608954.231256645,9,3.379,0,json:reported,54.03
15,1786717279.919,608954.231256645,10,3.381,0,json:reported,54.03
15,1786717279.919,608954.231256645,11,3.357,0,json:reported,54.03
15,1786717279.919,608954.231256645,12,3.374,0,json:reported,54.03
15,1786717279.919,608954.231256645,13,3.381,0,json:reported,54.03
15,1786717279.919,608954.231256645,14,3.374,0,json:reported,54.03
15,1786717279.919,608954.231256645,15,3.377,0,json:reported,54.03
15,1786717279.919,608954.231256645,16,3.3700000000000045,1,json:calculated,54.03
16,1786717279.919,608955.236957146,1,3.379,0,json:reported,54.03
16,1786717279.919,608955.236957146,2,3.378,0,json:reported,54.03
16,1786717279.919,608955.236957146,3,3.384,0,json:reported,54.03
16,1786717279.919,608955.236957146,4,3.383,0,json:reported,54.03
16,1786717279.919,608955.236957146,5,3.383,0,json:reported,54.03
16,1786717279.919,608955.236957146,6,3.372,0,json:reported,54.03
16,1786717279.919,608955.236957146,7,3.387,0,json:reported,54.03
16,1786717279.919,608955.236957146,8,3.371,0,json:reported,54.03
16,1786717279.919,608955.236957146,9,3.379,0,json:reported,54.03
16,1786717279.919,608955.236957146,10,3.381,0,json:reported,54.03
16,1786717279.919,608955.236957146,11,3.357,0,json:reported,54.03
16,1786717279.919,608955.236957146,12,3.374,0,json:reported,54.03
16,1786717279.919,608955.236957146,13,3.381,0,json:reported,54.03
16,1786717279.919,608955.236957146,14,3.374,0,json:reported,54.03
16,1786717279.919,608955.236957146,15,3.377,0,json:reported,54.03
16,1786717279.919,608955.236957146,16,3.3700000000000045,1,json:calculated,54.03
17,1786717279.919,608956.253763771,1,3.379,0,json:reported,54.03
17,1786717279.919,608956.253763771,2,3.378,0,json:reported,54.03
17,1786717279.919,608956.253763771,3,3.384,0,json:reported,54.03
17,1786717279.919,608956.253763771,4,3.383,0,json:reported,54.03
17,1786717279.919,608956.253763771,5,3.383,0,json:reported,54.03
17,1786717279.919,608956.253763771,6,3.372,0,json:reported,54.03
17,1786717279.919,608956.253763771,7,3.387,0,json:reported,54.03
17,1786717279.919,608956.253763771,8,3.371,0,json:reported,54.03
17,1786717279.919,608956.253763771,9,3.379,0,json:reported,54.03
17,1786717279.919,608956.253763771,10,3.381,0,json:reported,54.03
17,1786717279.919,608956.253763771,11,3.357,0,json:reported,54.03
17,1786717279.919,608956.253763771,12,3.374,0,json:reported,54.03
17,1786717279.919,608956.253763771,13,3.381,0,json:reported,54.03
17,1786717279.919,608956.253763771,14,3.374,0,json:reported,54.03
17,1786717279.919,608956.253763771,15,3.377,0,json:reported,54.03
17,1786717279.919,608956.253763771,16,3.3700000000000045,1,json:calculated,54.03
18,1786717279.919,608957.268724355,1,3.379,0,json:reported,54.03
18,1786717279.919,608957.268724355,2,3.378,0,json:reported,54.03
18,1786717279.919,608957.268724355,3,3.384,0,json:reported,54.03
18,1786717279.919,608957.268724355,4,3.383,0,json:reported,54.03
18,1786717279.919,608957.268724355,5,3.383,0,json:reported,54.03
18,1786717279.919,608957.268724355,6,3.372,0,json:reported,54.03
18,1786717279.919,608957.268724355,7,3.387,0,json:reported,54.03
18,1786717279.919,608957.268724355,8,3.371,0,json:reported,54.03
18,1786717279.919,608957.268724355,9,3.379,0,json:reported,54.03
18,1786717279.919,608957.268724355,10,3.381,0,json:reported,54.03
18,1786717279.919,608957.268724355,11,3.357,0,json:reported,54.03
18,1786717279.919,608957.268724355,12,3.374,0,json:reported,54.03
18,1786717279.919,608957.268724355,13,3.381,0,json:reported,54.03
18,1786717279.919,608957.268724355,14,3.374,0,json:reported,54.03
18,1786717279.919,608957.268724355,15,3.377,0,json:reported,54.03
18,1786717279.919,608957.268724355,16,3.3700000000000045,1,json:calculated,54.03
19,1786717279.919,608958.274383356,1,3.379,0,json:reported,54.03
19,1786717279.919,608958.274383356,2,3.378,0,json:reported,54.03
19,1786717279.919,608958.274383356,3,3.384,0,json:reported,54.03
19,1786717279.919,608958.274383356,4,3.383,0,json:reported,54.03
19,1786717279.919,608958.274383356,5,3.383,0,json:reported,54.03
19,1786717279.919,608958.274383356,6,3.372,0,json:reported,54.03
19,1786717279.919,608958.274383356,7,3.387,0,json:reported,54.03
19,1786717279.919,608958.274383356,8,3.371,0,json:reported,54.03
19,1786717279.919,608958.274383356,9,3.379,0,json:reported,54.03
19,1786717279.919,608958.274383356,10,3.381,0,json:reported,54.03
19,1786717279.919,608958.274383356,11,3.357,0,json:reported,54.03
19,1786717279.919,608958.274383356,12,3.374,0,json:reported,54.03
19,1786717279.919,608958.274383356,13,3.381,0,json:reported,54.03
19,1786717279.919,608958.274383356,14,3.374,0,json:reported,54.03
19,1786717279.919,608958.274383356,15,3.377,0,json:reported,54.03
19,1786717279.919,608958.274383356,16,3.3700000000000045,1,json:calculated,54.03
20,1786717279.919,608959.296332398,1,3.379,0,json:reported,54.03
20,1786717279.919,608959.296332398,2,3.378,0,json:reported,54.03
20,1786717279.919,608959.296332398,3,3.384,0,json:reported,54.03
20,1786717279.919,608959.296332398,4,3.383,0,json:reported,54.03
20,1786717279.919,608959.296332398,5,3.383,0,json:reported,54.03
20,1786717279.919,608959.296332398,6,3.372,0,json:reported,54.03
20,1786717279.919,608959.296332398,7,3.387,0,json:reported,54.03
20,1786717279.919,608959.296332398,8,3.371,0,json:reported,54.03
20,1786717279.919,608959.296332398,9,3.379,0,json:reported,54.03
20,1786717279.919,608959.296332398,10,3.381,0,json:reported,54.03
20,1786717279.919,608959.296332398,11,3.357,0,json:reported,54.03
20,1786717279.919,608959.296332398,12,3.374,0,json:reported,54.03
20,1786717279.919,608959.296332398,13,3.381,0,json:reported,54.03
20,1786717279.919,608959.296332398,14,3.374,0,json:reported,54.03
20,1786717279.919,608959.296332398,15,3.377,0,json:reported,54.03
20,1786717279.919,608959.296332398,16,3.3700000000000045,1,json:calculated,54.03
21,1786717287.932,608960.302773523,1,3.379,0,json:reported,54.04
21,1786717287.932,608960.302773523,2,3.378,0,json:reported,54.04
21,1786717287.932,608960.302773523,3,3.384,0,json:reported,54.04
21,1786717287.932,608960.302773523,4,3.383,0,json:reported,54.04
21,1786717287.932,608960.302773523,5,3.383,0,json:reported,54.04
21,1786717287.932,608960.302773523,6,3.372,0,json:reported,54.04
21,1786717287.932,608960.302773523,7,3.388,0,json:reported,54.04
21,1786717287.932,608960.302773523,8,3.371,0,json:reported,54.04
21,1786717287.932,608960.302773523,9,3.38,0,json:reported,54.04
21,1786717287.932,608960.302773523,10,3.381,0,json:reported,54.04
21,1786717287.932,608960.302773523,11,3.357,0,json:reported,54.04
21,1786717287.932,608960.302773523,12,3.374,0,json:reported,54.04
21,1786717287.932,608960.302773523,13,3.381,0,json:reported,54.04
21,1786717287.932,608960.302773523,14,3.374,0,json:reported,54.04
21,1786717287.932,608960.302773523,15,3.378,0,json:reported,54.04
21,1786717287.932,608960.302773523,16,3.3770000000000024,1,json:calculated,54.04
22,1786717287.932,608961.308891149,1,3.379,0,json:reported,54.04
22,1786717287.932,608961.308891149,2,3.378,0,json:reported,54.04
22,1786717287.932,608961.308891149,3,3.384,0,json:reported,54.04
22,1786717287.932,608961.308891149,4,3.383,0,json:reported,54.04
22,1786717287.932,608961.308891149,5,3.383,0,json:reported,54.04
22,1786717287.932,608961.308891149,6,3.372,0,json:reported,54.04
22,1786717287.932,608961.308891149,7,3.388,0,json:reported,54.04
22,1786717287.932,608961.308891149,8,3.371,0,json:reported,54.04
22,1786717287.932,608961.308891149,9,3.38,0,json:reported,54.04
22,1786717287.932,608961.308891149,10,3.381,0,json:reported,54.04
22,1786717287.932,608961.308891149,11,3.357,0,json:reported,54.04
22,1786717287.932,608961.308891149,12,3.374,0,json:reported,54.04
22,1786717287.932,608961.308891149,13,3.381,0,json:reported,54.04
22,1786717287.932,608961.308891149,14,3.374,0,json:reported,54.04
22,1786717287.932,608961.308891149,15,3.378,0,json:reported,54.04
22,1786717287.932,608961.308891149,16,3.3770000000000024,1,json:calculated,54.04
23,1786717287.932,608962.333566899,1,3.379,0,json:reported,54.04
23,1786717287.932,608962.333566899,2,3.378,0,json:reported,54.04
23,1786717287.932,608962.333566899,3,3.384,0,json:reported,54.04
23,1786717287.932,608962.333566899,4,3.383,0,json:reported,54.04
23,1786717287.932,608962.333566899,5,3.383,0,json:reported,54.04
23,1786717287.932,608962.333566899,6,3.372,0,json:reported,54.04
23,1786717287.932,608962.333566899,7,3.388,0,json:reported,54.04
23,1786717287.932,608962.333566899,8,3.371,0,json:reported,54.04
23,1786717287.932,608962.333566899,9,3.38,0,json:reported,54.04
23,1786717287.932,608962.333566899,10,3.381,0,json:reported,54.04
23,1786717287.932,608962.333566899,11,3.357,0,json:reported,54.04
23,1786717287.932,608962.333566899,12,3.374,0,json:reported,54.04
23,1786717287.932,608962.333566899,13,3.381,0,json:reported,54.04
23,1786717287.932,608962.333566899,14,3.374,0,json:reported,54.04
23,1786717287.932,608962.333566899,15,3.378,0,json:reported,54.04
23,1786717287.932,608962.333566899,16,3.3770000000000024,1,json:calculated,54.04
24,1786717287.932,608963.348222525,1,3.379,0,json:reported,54.04
24,1786717287.932,608963.348222525,2,3.378,0,json:reported,54.04
24,1786717287.932,608963.348222525,3,3.384,0,json:reported,54.04
24,1786717287.932,608963.348222525,4,3.383,0,json:reported,54.04
24,1786717287.932,608963.348222525,5,3.383,0,json:reported,54.04
24,1786717287.932,608963.348222525,6,3.372,0,json:reported,54.04
24,1786717287.932,608963.348222525,7,3.388,0,json:reported,54.04
24,1786717287.932,608963.348222525,8,3.371,0,json:reported,54.04
24,1786717287.932,608963.348222525,9,3.38,0,json:reported,54.04
24,1786717287.932,608963.348222525,10,3.381,0,json:reported,54.04
24,1786717287.932,608963.348222525,11,3.357,0,json:reported,54.04
24,1786717287.932,608963.348222525,12,3.374,0,json:reported,54.04
24,1786717287.932,608963.348222525,13,3.381,0,json:reported,54.04
24,1786717287.932,608963.348222525,14,3.374,0,json:reported,54.04
24,1786717287.932,608963.348222525,15,3.378,0,json:reported,54.04
24,1786717287.932,608963.348222525,16,3.3770000000000024,1,json:calculated,54.04
25,1786717287.932,608964.361115233,1,3.379,0,json:reported,54.04
25,1786717287.932,608964.361115233,2,3.378,0,json:reported,54.04
25,1786717287.932,608964.361115233,3,3.384,0,json:reported,54.04
25,1786717287.932,608964.361115233,4,3.383,0,json:reported,54.04
25,1786717287.932,608964.361115233,5,3.383,0,json:reported,54.04
25,1786717287.932,608964.361115233,6,3.372,0,json:reported,54.04
25,1786717287.932,608964.361115233,7,3.388,0,json:reported,54.04
25,1786717287.932,608964.361115233,8,3.371,0,json:reported,54.04
25,1786717287.932,608964.361115233,9,3.38,0,json:reported,54.04
25,1786717287.932,608964.361115233,10,3.381,0,json:reported,54.04
25,1786717287.932,608964.361115233,11,3.357,0,json:reported,54.04
25,1786717287.932,608964.361115233,12,3.374,0,json:reported,54.04
25,1786717287.932,608964.361115233,13,3.381,0,json:reported,54.04
25,1786717287.932,608964.361115233,14,3.374,0,json:reported,54.04
25,1786717287.932,608964.361115233,15,3.378,0,json:reported,54.04
25,1786717287.932,608964.361115233,16,3.3770000000000024,1,json:calculated,54.04
26,1786717287.932,608965.366937984,1,3.379,0,json:reported,54.04
26,1786717287.932,608965.366937984,2,3.378,0,json:reported,54.04
26,1786717287.932,608965.366937984,3,3.384,0,json:reported,54.04
26,1786717287.932,608965.366937984,4,3.383,0,json:reported,54.04
26,1786717287.932,608965.366937984,5,3.383,0,json:reported,54.04
26,1786717287.932,608965.366937984,6,3.372,0,json:reported,54.04
26,1786717287.932,608965.366937984,7,3.388,0,json:reported,54.04
26,1786717287.932,608965.366937984,8,3.371,0,json:reported,54.04
26,1786717287.932,608965.366937984,9,3.38,0,json:reported,54.04
26,1786717287.932,608965.366937984,10,3.381,0,json:reported,54.04
26,1786717287.932,608965.366937984,11,3.357,0,json:reported,54.04
26,1786717287.932,608965.366937984,12,3.374,0,json:reported,54.04
26,1786717287.932,608965.366937984,13,3.381,0,json:reported,54.04
26,1786717287.932,608965.366937984,14,3.374,0,json:reported,54.04
26,1786717287.932,608965.366937984,15,3.378,0,json:reported,54.04
26,1786717287.932,608965.366937984,16,3.3770000000000024,1,json:calculated,54.04
27,1786717287.932,608966.372472568,1,3.379,0,json:reported,54.04
27,1786717287.932,608966.372472568,2,3.378,0,json:reported,54.04
27,1786717287.932,608966.372472568,3,3.384,0,json:reported,54.04
27,1786717287.932,608966.372472568,4,3.383,0,json:reported,54.04
27,1786717287.932,608966.372472568,5,3.383,0,json:reported,54.04
27,1786717287.932,608966.372472568,6,3.372,0,json:reported,54.04
27,1786717287.932,608966.372472568,7,3.388,0,json:reported,54.04
27,1786717287.932,608966.372472568,8,3.371,0,json:reported,54.04
27,1786717287.932,608966.372472568,9,3.38,0,json:reported,54.04
27,1786717287.932,608966.372472568,10,3.381,0,json:reported,54.04
27,1786717287.932,608966.372472568,11,3.357,0,json:reported,54.04
27,1786717287.932,608966.372472568,12,3.374,0,json:reported,54.04
27,1786717287.932,608966.372472568,13,3.381,0,json:reported,54.04
27,1786717287.932,608966.372472568,14,3.374,0,json:reported,54.04
27,1786717287.932,608966.372472568,15,3.378,0,json:reported,54.04
27,1786717287.932,608966.372472568,16,3.3770000000000024,1,json:calculated,54.04
28,1786717287.932,608967.379709777,1,3.379,0,json:reported,54.04
28,1786717287.932,608967.379709777,2,3.378,0,json:reported,54.04
28,1786717287.932,608967.379709777,3,3.384,0,json:reported,54.04
28,1786717287.932,608967.379709777,4,3.383,0,json:reported,54.04
28,1786717287.932,608967.379709777,5,3.383,0,json:reported,54.04
28,1786717287.932,608967.379709777,6,3.372,0,json:reported,54.04
28,1786717287.932,608967.379709777,7,3.388,0,json:reported,54.04
28,1786717287.932,608967.379709777,8,3.371,0,json:reported,54.04
28,1786717287.932,608967.379709777,9,3.38,0,json:reported,54.04
28,1786717287.932,608967.379709777,10,3.381,0,json:reported,54.04
28,1786717287.932,608967.379709777,11,3.357,0,json:reported,54.04
28,1786717287.932,608967.379709777,12,3.374,0,json:reported,54.04
28,1786717287.932,608967.379709777,13,3.381,0,json:reported,54.04
28,1786717287.932,608967.379709777,14,3.374,0,json:reported,54.04
28,1786717287.932,608967.379709777,15,3.378,0,json:reported,54.04
28,1786717287.932,608967.379709777,16,3.3770000000000024,1,json:calculated,54.04
29,1786717295.581,608968.386823944,1,3.379,0,json:reported,54.04
29,1786717295.581,608968.386823944,2,3.378,0,json:reported,54.04
29,1786717295.581,608968.386823944,3,3.384,0,json:reported,54.04
29,1786717295.581,608968.386823944,4,3.383,0,json:reported,54.04
29,1786717295.581,608968.386823944,5,3.384,0,json:reported,54.04
29,1786717295.581,608968.386823944,6,3.372,0,json:reported,54.04
29,1786717295.581,608968.386823944,7,3.388,0,json:reported,54.04
29,1786717295.581,608968.386823944,8,3.371,0,json:reported,54.04
29,1786717295.581,608968.386823944,9,3.38,0,json:reported,54.04
29,1786717295.581,608968.386823944,10,3.381,0,json:reported,54.04
29,1786717295.581,608968.386823944,11,3.357,0,json:reported,54.04
29,1786717295.581,608968.386823944,12,3.374,0,json:reported,54.04
29,1786717295.581,608968.386823944,13,3.381,0,json:reported,54.04
29,1786717295.581,608968.386823944,14,3.374,0,json:reported,54.04
29,1786717295.581,608968.386823944,15,3.378,0,json:reported,54.04
29,1786717295.581,608968.386823944,16,3.3759999999999977,1,json:calculated,54.04
30,1786717295.581,608969.400588611,1,3.379,0,json:reported,54.04
30,1786717295.581,608969.400588611,2,3.378,0,json:reported,54.04
30,1786717295.581,608969.400588611,3,3.384,0,json:reported,54.04
30,1786717295.581,608969.400588611,4,3.383,0,json:reported,54.04
30,1786717295.581,608969.400588611,5,3.384,0,json:reported,54.04
30,1786717295.581,608969.400588611,6,3.372,0,json:reported,54.04
30,1786717295.581,608969.400588611,7,3.388,0,json:reported,54.04
30,1786717295.581,608969.400588611,8,3.371,0,json:reported,54.04
30,1786717295.581,608969.400588611,9,3.38,0,json:reported,54.04
30,1786717295.581,608969.400588611,10,3.381,0,json:reported,54.04
30,1786717295.581,608969.400588611,11,3.357,0,json:reported,54.04
30,1786717295.581,608969.400588611,12,3.374,0,json:reported,54.04
30,1786717295.581,608969.400588611,13,3.381,0,json:reported,54.04
30,1786717295.581,608969.400588611,14,3.374,0,json:reported,54.04
30,1786717295.581,608969.400588611,15,3.378,0,json:reported,54.04
30,1786717295.581,608969.400588611,16,3.3759999999999977,1,json:calculated,54.04
31,1786717295.581,608970.405572611,1,3.379,0,json:reported,54.04
31,1786717295.581,608970.405572611,2,3.378,0,json:reported,54.04
31,1786717295.581,608970.405572611,3,3.384,0,json:reported,54.04
31,1786717295.581,608970.405572611,4,3.383,0,json:reported,54.04
31,1786717295.581,608970.405572611,5,3.384,0,json:reported,54.04
31,1786717295.581,608970.405572611,6,3.372,0,json:reported,54.04
31,1786717295.581,608970.405572611,7,3.388,0,json:reported,54.04
31,1786717295.581,608970.405572611,8,3.371,0,json:reported,54.04
31,1786717295.581,608970.405572611,9,3.38,0,json:reported,54.04
31,1786717295.581,608970.405572611,10,3.381,0,json:reported,54.04
31,1786717295.581,608970.405572611,11,3.357,0,json:reported,54.04
31,1786717295.581,608970.405572611,12,3.374,0,json:reported,54.04
31,1786717295.581,608970.405572611,13,3.381,0,json:reported,54.04
31,1786717295.581,608970.405572611,14,3.374,0,json:reported,54.04
31,1786717295.581,608970.405572611,15,3.378,0,json:reported,54.04
31,1786717295.581,608970.405572611,16,3.3759999999999977,1,json:calculated,54.04
32,1786717295.581,608971.412496445,1,3.379,0,json:reported,54.04
32,1786717295.581,608971.412496445,2,3.378,0,json:reported,54.04
32,1786717295.581,608971.412496445,3,3.384,0,json:reported,54.04
32,1786717295.581,608971.412496445,4,3.383,0,json:reported,54.04
32,1786717295.581,608971.412496445,5,3.384,0,json:reported,54.04
32,1786717295.581,608971.412496445,6,3.372,0,json:reported,54.04
32,1786717295.581,608971.412496445,7,3.388,0,json:reported,54.04
32,1786717295.581,608971.412496445,8,3.371,0,json:reported,54.04
32,1786717295.581,608971.412496445,9,3.38,0,json:reported,54.04
32,1786717295.581,608971.412496445,10,3.381,0,json:reported,54.04
32,1786717295.581,608971.412496445,11,3.357,0,json:reported,54.04
32,1786717295.581,608971.412496445,12,3.374,0,json:reported,54.04
32,1786717295.581,608971.412496445,13,3.381,0,json:reported,54.04
32,1786717295.581,608971.412496445,14,3.374,0,json:reported,54.04
32,1786717295.581,608971.412496445,15,3.378,0,json:reported,54.04
32,1786717295.581,608971.412496445,16,3.3759999999999977,1,json:calculated,54.04
33,1786717295.581,608972.418868571,1,3.379,0,json:reported,54.04
33,1786717295.581,608972.418868571,2,3.378,0,json:reported,54.04
33,1786717295.581,608972.418868571,3,3.384,0,json:reported,54.04
33,1786717295.581,608972.418868571,4,3.383,0,json:reported,54.04
33,1786717295.581,608972.418868571,5,3.384,0,json:reported,54.04
33,1786717295.581,608972.418868571,6,3.372,0,json:reported,54.04
33,1786717295.581,608972.418868571,7,3.388,0,json:reported,54.04
33,1786717295.581,608972.418868571,8,3.371,0,json:reported,54.04
33,1786717295.581,608972.418868571,9,3.38,0,json:reported,54.04
33,1786717295.581,608972.418868571,10,3.381,0,json:reported,54.04
33,1786717295.581,608972.418868571,11,3.357,0,json:reported,54.04
33,1786717295.581,608972.418868571,12,3.374,0,json:reported,54.04
33,1786717295.581,608972.418868571,13,3.381,0,json:reported,54.04
33,1786717295.581,608972.418868571,14,3.374,0,json:reported,54.04
33,1786717295.581,608972.418868571,15,3.378,0,json:reported,54.04
33,1786717295.581,608972.418868571,16,3.3759999999999977,1,json:calculated,54.04
34,1786717295.581,608973.426263988,1,3.379,0,json:reported,54.04
34,1786717295.581,608973.426263988,2,3.378,0,json:reported,54.04
34,1786717295.581,608973.426263988,3,3.384,0,json:reported,54.04
34,1786717295.581,608973.426263988,4,3.383,0,json:reported,54.04
34,1786717295.581,608973.426263988,5,3.384,0,json:reported,54.04
34,1786717295.581,608973.426263988,6,3.372,0,json:reported,54.04
34,1786717295.581,608973.426263988,7,3.388,0,json:reported,54.04
34,1786717295.581,608973.426263988,8,3.371,0,json:reported,54.04
34,1786717295.581,608973.426263988,9,3.38,0,json:reported,54.04
34,1786717295.581,608973.426263988,10,3.381,0,json:reported,54.04
34,1786717295.581,608973.426263988,11,3.357,0,json:reported,54.04
34,1786717295.581,608973.426263988,12,3.374,0,json:reported,54.04
34,1786717295.581,608973.426263988,13,3.381,0,json:reported,54.04
34,1786717295.581,608973.426263988,14,3.374,0,json:reported,54.04
34,1786717295.581,608973.426263988,15,3.378,0,json:reported,54.04
34,1786717295.581,608973.426263988,16,3.3759999999999977,1,json:calculated,54.04
35,1786717295.581,608974.445478613,1,3.379,0,json:reported,54.04
35,1786717295.581,608974.445478613,2,3.378,0,json:reported,54.04
35,1786717295.581,608974.445478613,3,3.384,0,json:reported,54.04
35,1786717295.581,608974.445478613,4,3.383,0,json:reported,54.04
35,1786717295.581,608974.445478613,5,3.384,0,json:reported,54.04
35,1786717295.581,608974.445478613,6,3.372,0,json:reported,54.04
35,1786717295.581,608974.445478613,7,3.388,0,json:reported,54.04
35,1786717295.581,608974.445478613,8,3.371,0,json:reported,54.04
35,1786717295.581,608974.445478613,9,3.38,0,json:reported,54.04
35,1786717295.581,608974.445478613,10,3.381,0,json:reported,54.04
35,1786717295.581,608974.445478613,11,3.357,0,json:reported,54.04
35,1786717295.581,608974.445478613,12,3.374,0,json:reported,54.04
35,1786717295.581,608974.445478613,13,3.381,0,json:reported,54.04
35,1786717295.581,608974.445478613,14,3.374,0,json:reported,54.04
35,1786717295.581,608974.445478613,15,3.378,0,json:reported,54.04
35,1786717295.581,608974.445478613,16,3.3759999999999977,1,json:calculated,54.04
36,1786717303.459,608975.450668447,1,3.379,0,json:reported,54.04
36,1786717303.459,608975.450668447,2,3.378,0,json:reported,54.04
36,1786717303.459,608975.450668447,3,3.384,0,json:reported,54.04
36,1786717303.459,608975.450668447,4,3.383,0,json:reported,54.04
36,1786717303.459,608975.450668447,5,3.384,0,json:reported,54.04
36,1786717303.459,608975.450668447,6,3.372,0,json:reported,54.04
36,1786717303.459,608975.450668447,7,3.388,0,json:reported,54.04
36,1786717303.459,608975.450668447,8,3.371,0,json:reported,54.04
36,1786717303.459,608975.450668447,9,3.38,0,json:reported,54.04
36,1786717303.459,608975.450668447,10,3.381,0,json:reported,54.04
36,1786717303.459,608975.450668447,11,3.357,0,json:reported,54.04
36,1786717303.459,608975.450668447,12,3.375,0,json:reported,54.04
36,1786717303.459,608975.450668447,13,3.381,0,json:reported,54.04
36,1786717303.459,608975.450668447,14,3.375,0,json:reported,54.04
36,1786717303.459,608975.450668447,15,3.378,0,json:reported,54.04
36,1786717303.459,608975.450668447,16,3.3740000000000023,1,json:calculated,54.04
37,1786717303.459,608976.457697698,1,3.379,0,json:reported,54.04
37,1786717303.459,608976.457697698,2,3.378,0,json:reported,54.04
37,1786717303.459,608976.457697698,3,3.384,0,json:reported,54.04
37,1786717303.459,608976.457697698,4,3.383,0,json:reported,54.04
37,1786717303.459,608976.457697698,5,3.384,0,json:reported,54.04
37,1786717303.459,608976.457697698,6,3.372,0,json:reported,54.04
37,1786717303.459,608976.457697698,7,3.388,0,json:reported,54.04
37,1786717303.459,608976.457697698,8,3.371,0,json:reported,54.04
37,1786717303.459,608976.457697698,9,3.38,0,json:reported,54.04
37,1786717303.459,608976.457697698,10,3.381,0,json:reported,54.04
37,1786717303.459,608976.457697698,11,3.357,0,json:reported,54.04
37,1786717303.459,608976.457697698,12,3.375,0,json:reported,54.04
37,1786717303.459,608976.457697698,13,3.381,0,json:reported,54.04
37,1786717303.459,608976.457697698,14,3.375,0,json:reported,54.04
37,1786717303.459,608976.457697698,15,3.378,0,json:reported,54.04
37,1786717303.459,608976.457697698,16,3.3740000000000023,1,json:calculated,54.04
38,1786717303.459,608977.46397024,1,3.379,0,json:reported,54.04
38,1786717303.459,608977.46397024,2,3.378,0,json:reported,54.04
38,1786717303.459,608977.46397024,3,3.384,0,json:reported,54.04
38,1786717303.459,608977.46397024,4,3.383,0,json:reported,54.04
38,1786717303.459,608977.46397024,5,3.384,0,json:reported,54.04
38,1786717303.459,608977.46397024,6,3.372,0,json:reported,54.04
38,1786717303.459,608977.46397024,7,3.388,0,json:reported,54.04
38,1786717303.459,608977.46397024,8,3.371,0,json:reported,54.04
38,1786717303.459,608977.46397024,9,3.38,0,json:reported,54.04
38,1786717303.459,608977.46397024,10,3.381,0,json:reported,54.04
38,1786717303.459,608977.46397024,11,3.357,0,json:reported,54.04
38,1786717303.459,608977.46397024,12,3.375,0,json:reported,54.04
38,1786717303.459,608977.46397024,13,3.381,0,json:reported,54.04
38,1786717303.459,608977.46397024,14,3.375,0,json:reported,54.04
38,1786717303.459,608977.46397024,15,3.378,0,json:reported,54.04
38,1786717303.459,608977.46397024,16,3.3740000000000023,1,json:calculated,54.04
39,1786717303.459,608978.473059824,1,3.379,0,json:reported,54.04
39,1786717303.459,608978.473059824,2,3.378,0,json:reported,54.04
39,1786717303.459,608978.473059824,3,3.384,0,json:reported,54.04
39,1786717303.459,608978.473059824,4,3.383,0,json:reported,54.04
39,1786717303.459,608978.473059824,5,3.384,0,json:reported,54.04
39,1786717303.459,608978.473059824,6,3.372,0,json:reported,54.04
39,1786717303.459,608978.473059824,7,3.388,0,json:reported,54.04
39,1786717303.459,608978.473059824,8,3.371,0,json:reported,54.04
39,1786717303.459,608978.473059824,9,3.38,0,json:reported,54.04
39,1786717303.459,608978.473059824,10,3.381,0,json:reported,54.04
39,1786717303.459,608978.473059824,11,3.357,0,json:reported,54.04
39,1786717303.459,608978.473059824,12,3.375,0,json:reported,54.04
39,1786717303.459,608978.473059824,13,3.381,0,json:reported,54.04
39,1786717303.459,608978.473059824,14,3.375,0,json:reported,54.04
39,1786717303.459,608978.473059824,15,3.378,0,json:reported,54.04
39,1786717303.459,608978.473059824,16,3.3740000000000023,1,json:calculated,54.04
40,1786717303.459,608979.485367449,1,3.379,0,json:reported,54.04
40,1786717303.459,608979.485367449,2,3.378,0,json:reported,54.04
40,1786717303.459,608979.485367449,3,3.384,0,json:reported,54.04
40,1786717303.459,608979.485367449,4,3.383,0,json:reported,54.04
40,1786717303.459,608979.485367449,5,3.384,0,json:reported,54.04
40,1786717303.459,608979.485367449,6,3.372,0,json:reported,54.04
40,1786717303.459,608979.485367449,7,3.388,0,json:reported,54.04
40,1786717303.459,608979.485367449,8,3.371,0,json:reported,54.04
40,1786717303.459,608979.485367449,9,3.38,0,json:reported,54.04
40,1786717303.459,608979.485367449,10,3.381,0,json:reported,54.04
40,1786717303.459,608979.485367449,11,3.357,0,json:reported,54.04
40,1786717303.459,608979.485367449,12,3.375,0,json:reported,54.04
40,1786717303.459,608979.485367449,13,3.381,0,json:reported,54.04
40,1786717303.459,608979.485367449,14,3.375,0,json:reported,54.04
40,1786717303.459,608979.485367449,15,3.378,0,json:reported,54.04
40,1786717303.459,608979.485367449,16,3.3740000000000023,1,json:calculated,54.04
41,1786717303.459,608980.495048074,1,3.379,0,json:reported,54.04
41,1786717303.459,608980.495048074,2,3.378,0,json:reported,54.04
41,1786717303.459,608980.495048074,3,3.384,0,json:reported,54.04
41,1786717303.459,608980.495048074,4,3.383,0,json:reported,54.04
41,1786717303.459,608980.495048074,5,3.384,0,json:reported,54.04
41,1786717303.459,608980.495048074,6,3.372,0,json:reported,54.04
41,1786717303.459,608980.495048074,7,3.388,0,json:reported,54.04
41,1786717303.459,608980.495048074,8,3.371,0,json:reported,54.04
41,1786717303.459,608980.495048074,9,3.38,0,json:reported,54.04
41,1786717303.459,608980.495048074,10,3.381,0,json:reported,54.04
41,1786717303.459,608980.495048074,11,3.357,0,json:reported,54.04
41,1786717303.459,608980.495048074,12,3.375,0,json:reported,54.04
41,1786717303.459,608980.495048074,13,3.381,0,json:reported,54.04
41,1786717303.459,608980.495048074,14,3.375,0,json:reported,54.04
41,1786717303.459,608980.495048074,15,3.378,0,json:reported,54.04
41,1786717303.459,608980.495048074,16,3.3740000000000023,1,json:calculated,54.04
42,1786717303.459,608981.504904533,1,3.379,0,json:reported,54.04
42,1786717303.459,608981.504904533,2,3.378,0,json:reported,54.04
42,1786717303.459,608981.504904533,3,3.384,0,json:reported,54.04
42,1786717303.459,608981.504904533,4,3.383,0,json:reported,54.04
42,1786717303.459,608981.504904533,5,3.384,0,json:reported,54.04
42,1786717303.459,608981.504904533,6,3.372,0,json:reported,54.04
42,1786717303.459,608981.504904533,7,3.388,0,json:reported,54.04
42,1786717303.459,608981.504904533,8,3.371,0,json:reported,54.04
42,1786717303.459,608981.504904533,9,3.38,0,json:reported,54.04
42,1786717303.459,608981.504904533,10,3.381,0,json:reported,54.04
42,1786717303.459,608981.504904533,11,3.357,0,json:reported,54.04
42,1786717303.459,608981.504904533,12,3.375,0,json:reported,54.04
42,1786717303.459,608981.504904533,13,3.381,0,json:reported,54.04
42,1786717303.459,608981.504904533,14,3.375,0,json:reported,54.04
42,1786717303.459,608981.504904533,15,3.378,0,json:reported,54.04
42,1786717303.459,608981.504904533,16,3.3740000000000023,1,json:calculated,54.04
43,1786717303.459,608982.512638992,1,3.379,0,json:reported,54.04
43,1786717303.459,608982.512638992,2,3.378,0,json:reported,54.04
43,1786717303.459,608982.512638992,3,3.384,0,json:reported,54.04
43,1786717303.459,608982.512638992,4,3.383,0,json:reported,54.04
43,1786717303.459,608982.512638992,5,3.384,0,json:reported,54.04
43,1786717303.459,608982.512638992,6,3.372,0,json:reported,54.04
43,1786717303.459,608982.512638992,7,3.388,0,json:reported,54.04
43,1786717303.459,608982.512638992,8,3.371,0,json:reported,54.04
43,1786717303.459,608982.512638992,9,3.38,0,json:reported,54.04
43,1786717303.459,608982.512638992,10,3.381,0,json:reported,54.04
43,1786717303.459,608982.512638992,11,3.357,0,json:reported,54.04
43,1786717303.459,608982.512638992,12,3.375,0,json:reported,54.04
43,1786717303.459,608982.512638992,13,3.381,0,json:reported,54.04
43,1786717303.459,608982.512638992,14,3.375,0,json:reported,54.04
43,1786717303.459,608982.512638992,15,3.378,0,json:reported,54.04
43,1786717303.459,608982.512638992,16,3.3740000000000023,1,json:calculated,54.04
44,1786717311.418,608983.518214201,1,3.379,0,json:reported,54.04
44,1786717311.418,608983.518214201,2,3.379,0,json:reported,54.04
44,1786717311.418,608983.518214201,3,3.385,0,json:reported,54.04
44,1786717311.418,608983.518214201,4,3.383,0,json:reported,54.04
44,1786717311.418,608983.518214201,5,3.384,0,json:reported,54.04
44,1786717311.418,608983.518214201,6,3.372,0,json:reported,54.04
44,1786717311.418,608983.518214201,7,3.388,0,json:reported,54.04
44,1786717311.418,608983.518214201,8,3.371,0,json:reported,54.04
44,1786717311.418,608983.518214201,9,3.38,0,json:reported,54.04
44,1786717311.418,608983.518214201,10,3.382,0,json:reported,54.04
44,1786717311.418,608983.518214201,11,3.357,0,json:reported,54.04
44,1786717311.418,608983.518214201,12,3.375,0,json:reported,54.04
44,1786717311.418,608983.518214201,13,3.382,0,json:reported,54.04
44,1786717311.418,608983.518214201,14,3.375,0,json:reported,54.04
44,1786717311.418,608983.518214201,15,3.378,0,json:reported,54.04
44,1786717311.418,608983.518214201,16,3.3699999999999974,1,json:calculated,54.04
45,1786717311.418,608984.525743035,1,3.379,0,json:reported,54.04
45,1786717311.418,608984.525743035,2,3.379,0,json:reported,54.04
45,1786717311.418,608984.525743035,3,3.385,0,json:reported,54.04
45,1786717311.418,608984.525743035,4,3.383,0,json:reported,54.04
45,1786717311.418,608984.525743035,5,3.384,0,json:reported,54.04
45,1786717311.418,608984.525743035,6,3.372,0,json:reported,54.04
45,1786717311.418,608984.525743035,7,3.388,0,json:reported,54.04
45,1786717311.418,608984.525743035,8,3.371,0,json:reported,54.04
45,1786717311.418,608984.525743035,9,3.38,0,json:reported,54.04
45,1786717311.418,608984.525743035,10,3.382,0,json:reported,54.04
45,1786717311.418,608984.525743035,11,3.357,0,json:reported,54.04
45,1786717311.418,608984.525743035,12,3.375,0,json:reported,54.04
45,1786717311.418,608984.525743035,13,3.382,0,json:reported,54.04
45,1786717311.418,608984.525743035,14,3.375,0,json:reported,54.04
45,1786717311.418,608984.525743035,15,3.378,0,json:reported,54.04
45,1786717311.418,608984.525743035,16,3.3699999999999974,1,json:calculated,54.04
46,1786717311.418,608985.532703577,1,3.379,0,json:reported,54.04
46,1786717311.418,608985.532703577,2,3.379,0,json:reported,54.04
46,1786717311.418,608985.532703577,3,3.385,0,json:reported,54.04
46,1786717311.418,608985.532703577,4,3.383,0,json:reported,54.04
46,1786717311.418,608985.532703577,5,3.384,0,json:reported,54.04
46,1786717311.418,608985.532703577,6,3.372,0,json:reported,54.04
46,1786717311.418,608985.532703577,7,3.388,0,json:reported,54.04
46,1786717311.418,608985.532703577,8,3.371,0,json:reported,54.04
46,1786717311.418,608985.532703577,9,3.38,0,json:reported,54.04
46,1786717311.418,608985.532703577,10,3.382,0,json:reported,54.04
46,1786717311.418,608985.532703577,11,3.357,0,json:reported,54.04
46,1786717311.418,608985.532703577,12,3.375,0,json:reported,54.04
46,1786717311.418,608985.532703577,13,3.382,0,json:reported,54.04
46,1786717311.418,608985.532703577,14,3.375,0,json:reported,54.04
46,1786717311.418,608985.532703577,15,3.378,0,json:reported,54.04
46,1786717311.418,608985.532703577,16,3.3699999999999974,1,json:calculated,54.04
47,1786717311.418,608986.538900869,1,3.379,0,json:reported,54.04
47,1786717311.418,608986.538900869,2,3.379,0,json:reported,54.04
47,1786717311.418,608986.538900869,3,3.385,0,json:reported,54.04
47,1786717311.418,608986.538900869,4,3.383,0,json:reported,54.04
47,1786717311.418,608986.538900869,5,3.384,0,json:reported,54.04
47,1786717311.418,608986.538900869,6,3.372,0,json:reported,54.04
47,1786717311.418,608986.538900869,7,3.388,0,json:reported,54.04
47,1786717311.418,608986.538900869,8,3.371,0,json:reported,54.04
47,1786717311.418,608986.538900869,9,3.38,0,json:reported,54.04
47,1786717311.418,608986.538900869,10,3.382,0,json:reported,54.04
47,1786717311.418,608986.538900869,11,3.357,0,json:reported,54.04
47,1786717311.418,608986.538900869,12,3.375,0,json:reported,54.04
47,1786717311.418,608986.538900869,13,3.382,0,json:reported,54.04
47,1786717311.418,608986.538900869,14,3.375,0,json:reported,54.04
47,1786717311.418,608986.538900869,15,3.378,0,json:reported,54.04
47,1786717311.418,608986.538900869,16,3.3699999999999974,1,json:calculated,54.04
48,1786717311.418,608987.544688494,1,3.379,0,json:reported,54.04
48,1786717311.418,608987.544688494,2,3.379,0,json:reported,54.04
48,1786717311.418,608987.544688494,3,3.385,0,json:reported,54.04
48,1786717311.418,608987.544688494,4,3.383,0,json:reported,54.04
48,1786717311.418,608987.544688494,5,3.384,0,json:reported,54.04
48,1786717311.418,608987.544688494,6,3.372,0,json:reported,54.04
48,1786717311.418,608987.544688494,7,3.388,0,json:reported,54.04
48,1786717311.418,608987.544688494,8,3.371,0,json:reported,54.04
48,1786717311.418,608987.544688494,9,3.38,0,json:reported,54.04
48,1786717311.418,608987.544688494,10,3.382,0,json:reported,54.04
48,1786717311.418,608987.544688494,11,3.357,0,json:reported,54.04
48,1786717311.418,608987.544688494,12,3.375,0,json:reported,54.04
48,1786717311.418,608987.544688494,13,3.382,0,json:reported,54.04
48,1786717311.418,608987.544688494,14,3.375,0,json:reported,54.04
48,1786717311.418,608987.544688494,15,3.378,0,json:reported,54.04
48,1786717311.418,608987.544688494,16,3.3699999999999974,1,json:calculated,54.04
49,1786717311.418,608988.550421453,1,3.379,0,json:reported,54.04
49,1786717311.418,608988.550421453,2,3.379,0,json:reported,54.04
49,1786717311.418,608988.550421453,3,3.385,0,json:reported,54.04
49,1786717311.418,608988.550421453,4,3.383,0,json:reported,54.04
49,1786717311.418,608988.550421453,5,3.384,0,json:reported,54.04
49,1786717311.418,608988.550421453,6,3.372,0,json:reported,54.04
49,1786717311.418,608988.550421453,7,3.388,0,json:reported,54.04
49,1786717311.418,608988.550421453,8,3.371,0,json:reported,54.04
49,1786717311.418,608988.550421453,9,3.38,0,json:reported,54.04
49,1786717311.418,608988.550421453,10,3.382,0,json:reported,54.04
49,1786717311.418,608988.550421453,11,3.357,0,json:reported,54.04
49,1786717311.418,608988.550421453,12,3.375,0,json:reported,54.04
49,1786717311.418,608988.550421453,13,3.382,0,json:reported,54.04
49,1786717311.418,608988.550421453,14,3.375,0,json:reported,54.04
49,1786717311.418,608988.550421453,15,3.378,0,json:reported,54.04
49,1786717311.418,608988.550421453,16,3.3699999999999974,1,json:calculated,54.04
50,1786717311.418,608989.555464579,1,3.379,0,json:reported,54.04
50,1786717311.418,608989.555464579,2,3.379,0,json:reported,54.04
50,1786717311.418,608989.555464579,3,3.385,0,json:reported,54.04
50,1786717311.418,608989.555464579,4,3.383,0,json:reported,54.04
50,1786717311.418,608989.555464579,5,3.384,0,json:reported,54.04
50,1786717311.418,608989.555464579,6,3.372,0,json:reported,54.04
50,1786717311.418,608989.555464579,7,3.388,0,json:reported,54.04
50,1786717311.418,608989.555464579,8,3.371,0,json:reported,54.04
50,1786717311.418,608989.555464579,9,3.38,0,json:reported,54.04
50,1786717311.418,608989.555464579,10,3.382,0,json:reported,54.04
50,1786717311.418,608989.555464579,11,3.357,0,json:reported,54.04
50,1786717311.418,608989.555464579,12,3.375,0,json:reported,54.04
50,1786717311.418,608989.555464579,13,3.382,0,json:reported,54.04
50,1786717311.418,608989.555464579,14,3.375,0,json:reported,54.04
50,1786717311.418,608989.555464579,15,3.378,0,json:reported,54.04
50,1786717311.418,608989.555464579,16,3.3699999999999974,1,json:calculated,54.04
51,1786717311.418,608990.568549788,1,3.379,0,json:reported,54.04
51,1786717311.418,608990.568549788,2,3.379,0,json:reported,54.04
51,1786717311.418,608990.568549788,3,3.385,0,json:reported,54.04
51,1786717311.418,608990.568549788,4,3.383,0,json:reported,54.04
51,1786717311.418,608990.568549788,5,3.384,0,json:reported,54.04
51,1786717311.418,608990.568549788,6,3.372,0,json:reported,54.04
51,1786717311.418,608990.568549788,7,3.388,0,json:reported,54.04
51,1786717311.418,608990.568549788,8,3.371,0,json:reported,54.04
51,1786717311.418,608990.568549788,9,3.38,0,json:reported,54.04
51,1786717311.418,608990.568549788,10,3.382,0,json:reported,54.04
51,1786717311.418,608990.568549788,11,3.357,0,json:reported,54.04
51,1786717311.418,608990.568549788,12,3.375,0,json:reported,54.04
51,1786717311.418,608990.568549788,13,3.382,0,json:reported,54.04
51,1786717311.418,608990.568549788,14,3.375,0,json:reported,54.04
51,1786717311.418,608990.568549788,15,3.378,0,json:reported,54.04
51,1786717311.418,608990.568549788,16,3.3699999999999974,1,json:calculated,54.04
52,1786717319.484,608991.576673413,1,3.379,0,json:reported,54.04
52,1786717319.484,608991.576673413,2,3.379,0,json:reported,54.04
52,1786717319.484,608991.576673413,3,3.385,0,json:reported,54.04
52,1786717319.484,608991.576673413,4,3.384,0,json:reported,54.04
52,1786717319.484,608991.576673413,5,3.384,0,json:reported,54.04
52,1786717319.484,608991.576673413,6,3.372,0,json:reported,54.04
52,1786717319.484,608991.576673413,7,3.388,0,json:reported,54.04
52,1786717319.484,608991.576673413,8,3.371,0,json:reported,54.04
52,1786717319.484,608991.576673413,9,3.38,0,json:reported,54.04
52,1786717319.484,608991.576673413,10,3.382,0,json:reported,54.04
52,1786717319.484,608991.576673413,11,3.357,0,json:reported,54.04
52,1786717319.484,608991.576673413,12,3.375,0,json:reported,54.04
52,1786717319.484,608991.576673413,13,3.382,0,json:reported,54.04
52,1786717319.484,608991.576673413,14,3.375,0,json:reported,54.04
52,1786717319.484,608991.576673413,15,3.378,0,json:reported,54.04
52,1786717319.484,608991.576673413,16,3.3689999999999998,1,json:calculated,54.04
53,1786717319.484,608992.588999664,1,3.379,0,json:reported,54.04
53,1786717319.484,608992.588999664,2,3.379,0,json:reported,54.04
53,1786717319.484,608992.588999664,3,3.385,0,json:reported,54.04
53,1786717319.484,608992.588999664,4,3.384,0,json:reported,54.04
53,1786717319.484,608992.588999664,5,3.384,0,json:reported,54.04
53,1786717319.484,608992.588999664,6,3.372,0,json:reported,54.04
53,1786717319.484,608992.588999664,7,3.388,0,json:reported,54.04
53,1786717319.484,608992.588999664,8,3.371,0,json:reported,54.04
53,1786717319.484,608992.588999664,9,3.38,0,json:reported,54.04
53,1786717319.484,608992.588999664,10,3.382,0,json:reported,54.04
53,1786717319.484,608992.588999664,11,3.357,0,json:reported,54.04
53,1786717319.484,608992.588999664,12,3.375,0,json:reported,54.04
53,1786717319.484,608992.588999664,13,3.382,0,json:reported,54.04
53,1786717319.484,608992.588999664,14,3.375,0,json:reported,54.04
53,1786717319.484,608992.588999664,15,3.378,0,json:reported,54.04
53,1786717319.484,608992.588999664,16,3.3689999999999998,1,json:calculated,54.04
54,1786717319.484,608993.601231122,1,3.379,0,json:reported,54.04
54,1786717319.484,608993.601231122,2,3.379,0,json:reported,54.04
54,1786717319.484,608993.601231122,3,3.385,0,json:reported,54.04
54,1786717319.484,608993.601231122,4,3.384,0,json:reported,54.04
54,1786717319.484,608993.601231122,5,3.384,0,json:reported,54.04
54,1786717319.484,608993.601231122,6,3.372,0,json:reported,54.04
54,1786717319.484,608993.601231122,7,3.388,0,json:reported,54.04
54,1786717319.484,608993.601231122,8,3.371,0,json:reported,54.04
54,1786717319.484,608993.601231122,9,3.38,0,json:reported,54.04
54,1786717319.484,608993.601231122,10,3.382,0,json:reported,54.04
54,1786717319.484,608993.601231122,11,3.357,0,json:reported,54.04
54,1786717319.484,608993.601231122,12,3.375,0,json:reported,54.04
54,1786717319.484,608993.601231122,13,3.382,0,json:reported,54.04
54,1786717319.484,608993.601231122,14,3.375,0,json:reported,54.04
54,1786717319.484,608993.601231122,15,3.378,0,json:reported,54.04
54,1786717319.484,608993.601231122,16,3.3689999999999998,1,json:calculated,54.04
55,1786717319.484,608994.616698748,1,3.379,0,json:reported,54.04
55,1786717319.484,608994.616698748,2,3.379,0,json:reported,54.04
55,1786717319.484,608994.616698748,3,3.385,0,json:reported,54.04
55,1786717319.484,608994.616698748,4,3.384,0,json:reported,54.04
55,1786717319.484,608994.616698748,5,3.384,0,json:reported,54.04
55,1786717319.484,608994.616698748,6,3.372,0,json:reported,54.04
55,1786717319.484,608994.616698748,7,3.388,0,json:reported,54.04
55,1786717319.484,608994.616698748,8,3.371,0,json:reported,54.04
55,1786717319.484,608994.616698748,9,3.38,0,json:reported,54.04
55,1786717319.484,608994.616698748,10,3.382,0,json:reported,54.04
55,1786717319.484,608994.616698748,11,3.357,0,json:reported,54.04
55,1786717319.484,608994.616698748,12,3.375,0,json:reported,54.04
55,1786717319.484,608994.616698748,13,3.382,0,json:reported,54.04
55,1786717319.484,608994.616698748,14,3.375,0,json:reported,54.04
55,1786717319.484,608994.616698748,15,3.378,0,json:reported,54.04
55,1786717319.484,608994.616698748,16,3.3689999999999998,1,json:calculated,54.04
56,1786717319.484,608995.623457165,1,3.379,0,json:reported,54.04
56,1786717319.484,608995.623457165,2,3.379,0,json:reported,54.04
56,1786717319.484,608995.623457165,3,3.385,0,json:reported,54.04
56,1786717319.484,608995.623457165,4,3.384,0,json:reported,54.04
56,1786717319.484,608995.623457165,5,3.384,0,json:reported,54.04
56,1786717319.484,608995.623457165,6,3.372,0,json:reported,54.04
56,1786717319.484,608995.623457165,7,3.388,0,json:reported,54.04
56,1786717319.484,608995.623457165,8,3.371,0,json:reported,54.04
56,1786717319.484,608995.623457165,9,3.38,0,json:reported,54.04
56,1786717319.484,608995.623457165,10,3.382,0,json:reported,54.04
56,1786717319.484,608995.623457165,11,3.357,0,json:reported,54.04
56,1786717319.484,608995.623457165,12,3.375,0,json:reported,54.04
56,1786717319.484,608995.623457165,13,3.382,0,json:reported,54.04
56,1786717319.484,608995.623457165,14,3.375,0,json:reported,54.04
56,1786717319.484,608995.623457165,15,3.378,0,json:reported,54.04
56,1786717319.484,608995.623457165,16,3.3689999999999998,1,json:calculated,54.04
57,1786717319.484,608996.641274749,1,3.379,0,json:reported,54.04
57,1786717319.484,608996.641274749,2,3.379,0,json:reported,54.04
57,1786717319.484,608996.641274749,3,3.385,0,json:reported,54.04
57,1786717319.484,608996.641274749,4,3.384,0,json:reported,54.04
57,1786717319.484,608996.641274749,5,3.384,0,json:reported,54.04
57,1786717319.484,608996.641274749,6,3.372,0,json:reported,54.04
57,1786717319.484,608996.641274749,7,3.388,0,json:reported,54.04
57,1786717319.484,608996.641274749,8,3.371,0,json:reported,54.04
57,1786717319.484,608996.641274749,9,3.38,0,json:reported,54.04
57,1786717319.484,608996.641274749,10,3.382,0,json:reported,54.04
57,1786717319.484,608996.641274749,11,3.357,0,json:reported,54.04
57,1786717319.484,608996.641274749,12,3.375,0,json:reported,54.04
57,1786717319.484,608996.641274749,13,3.382,0,json:reported,54.04
57,1786717319.484,608996.641274749,14,3.375,0,json:reported,54.04
57,1786717319.484,608996.641274749,15,3.378,0,json:reported,54.04
57,1786717319.484,608996.641274749,16,3.3689999999999998,1,json:calculated,54.04
58,1786717319.484,608997.648900083,1,3.379,0,json:reported,54.04
58,1786717319.484,608997.648900083,2,3.379,0,json:reported,54.04
58,1786717319.484,608997.648900083,3,3.385,0,json:reported,54.04
58,1786717319.484,608997.648900083,4,3.384,0,json:reported,54.04
58,1786717319.484,608997.648900083,5,3.384,0,json:reported,54.04
58,1786717319.484,608997.648900083,6,3.372,0,json:reported,54.04
58,1786717319.484,608997.648900083,7,3.388,0,json:reported,54.04
58,1786717319.484,608997.648900083,8,3.371,0,json:reported,54.04
58,1786717319.484,608997.648900083,9,3.38,0,json:reported,54.04
58,1786717319.484,608997.648900083,10,3.382,0,json:reported,54.04
58,1786717319.484,608997.648900083,11,3.357,0,json:reported,54.04
58,1786717319.484,608997.648900083,12,3.375,0,json:reported,54.04
58,1786717319.484,608997.648900083,13,3.382,0,json:reported,54.04
58,1786717319.484,608997.648900083,14,3.375,0,json:reported,54.04
58,1786717319.484,608997.648900083,15,3.378,0,json:reported,54.04
58,1786717319.484,608997.648900083,16,3.3689999999999998,1,json:calculated,54.04
59,1786717319.484,608998.673419875,1,3.379,0,json:reported,54.04
59,1786717319.484,608998.673419875,2,3.379,0,json:reported,54.04
59,1786717319.484,608998.673419875,3,3.385,0,json:reported,54.04
59,1786717319.484,608998.673419875,4,3.384,0,json:reported,54.04
59,1786717319.484,608998.673419875,5,3.384,0,json:reported,54.04
59,1786717319.484,608998.673419875,6,3.372,0,json:reported,54.04
59,1786717319.484,608998.673419875,7,3.388,0,json:reported,54.04
59,1786717319.484,608998.673419875,8,3.371,0,json:reported,54.04
59,1786717319.484,608998.673419875,9,3.38,0,json:reported,54.04
59,1786717319.484,608998.673419875,10,3.382,0,json:reported,54.04
59,1786717319.484,608998.673419875,11,3.357,0,json:reported,54.04
59,1786717319.484,608998.673419875,12,3.375,0,json:reported,54.04
59,1786717319.484,608998.673419875,13,3.382,0,json:reported,54.04
59,1786717319.484,608998.673419875,14,3.375,0,json:reported,54.04
59,1786717319.484,608998.673419875,15,3.378,0,json:reported,54.04
59,1786717319.484,608998.673419875,16,3.3689999999999998,1,json:calculated,54.04
60,1786717327.497,608999.698938834,1,3.38,0,json:reported,54.05
60,1786717327.497,608999.698938834,2,3.379,0,json:reported,54.05
60,1786717327.497,608999.698938834,3,3.385,0,json:reported,54.05
60,1786717327.497,608999.698938834,4,3.384,0,json:reported,54.05
60,1786717327.497,608999.698938834,5,3.384,0,json:reported,54.05
60,1786717327.497,608999.698938834,6,3.373,0,json:reported,54.05
60,1786717327.497,608999.698938834,7,3.389,0,json:reported,54.05
60,1786717327.497,608999.698938834,8,3.372,0,json:reported,54.05
60,1786717327.497,608999.698938834,9,3.381,0,json:reported,54.05
60,1786717327.497,608999.698938834,10,3.382,0,json:reported,54.05
60,1786717327.497,608999.698938834,11,3.358,0,json:reported,54.05
60,1786717327.497,608999.698938834,12,3.375,0,json:reported,54.05
60,1786717327.497,608999.698938834,13,3.382,0,json:reported,54.05
60,1786717327.497,608999.698938834,14,3.375,0,json:reported,54.05
60,1786717327.497,608999.698938834,15,3.378,0,json:reported,54.05
60,1786717327.497,608999.698938834,16,3.3729999999999976,1,json:calculated,54.05
61,1786717327.497,609000.717652376,1,3.38,0,json:reported,54.05
61,1786717327.497,609000.717652376,2,3.379,0,json:reported,54.05
61,1786717327.497,609000.717652376,3,3.385,0,json:reported,54.05
61,1786717327.497,609000.717652376,4,3.384,0,json:reported,54.05
61,1786717327.497,609000.717652376,5,3.384,0,json:reported,54.05
61,1786717327.497,609000.717652376,6,3.373,0,json:reported,54.05
61,1786717327.497,609000.717652376,7,3.389,0,json:reported,54.05
61,1786717327.497,609000.717652376,8,3.372,0,json:reported,54.05
61,1786717327.497,609000.717652376,9,3.381,0,json:reported,54.05
61,1786717327.497,609000.717652376,10,3.382,0,json:reported,54.05
61,1786717327.497,609000.717652376,11,3.358,0,json:reported,54.05
61,1786717327.497,609000.717652376,12,3.375,0,json:reported,54.05
61,1786717327.497,609000.717652376,13,3.382,0,json:reported,54.05
61,1786717327.497,609000.717652376,14,3.375,0,json:reported,54.05
61,1786717327.497,609000.717652376,15,3.378,0,json:reported,54.05
61,1786717327.497,609000.717652376,16,3.3729999999999976,1,json:calculated,54.05
62,1786717327.497,609001.731616543,1,3.38,0,json:reported,54.05
62,1786717327.497,609001.731616543,2,3.379,0,json:reported,54.05
62,1786717327.497,609001.731616543,3,3.385,0,json:reported,54.05
62,1786717327.497,609001.731616543,4,3.384,0,json:reported,54.05
62,1786717327.497,609001.731616543,5,3.384,0,json:reported,54.05
62,1786717327.497,609001.731616543,6,3.373,0,json:reported,54.05
62,1786717327.497,609001.731616543,7,3.389,0,json:reported,54.05
62,1786717327.497,609001.731616543,8,3.372,0,json:reported,54.05
62,1786717327.497,609001.731616543,9,3.381,0,json:reported,54.05
62,1786717327.497,609001.731616543,10,3.382,0,json:reported,54.05
62,1786717327.497,609001.731616543,11,3.358,0,json:reported,54.05
62,1786717327.497,609001.731616543,12,3.375,0,json:reported,54.05
62,1786717327.497,609001.731616543,13,3.382,0,json:reported,54.05
62,1786717327.497,609001.731616543,14,3.375,0,json:reported,54.05
62,1786717327.497,609001.731616543,15,3.378,0,json:reported,54.05
62,1786717327.497,609001.731616543,16,3.3729999999999976,1,json:calculated,54.05
63,1786717327.497,609002.74725021,1,3.38,0,json:reported,54.05
63,1786717327.497,609002.74725021,2,3.379,0,json:reported,54.05
63,1786717327.497,609002.74725021,3,3.385,0,json:reported,54.05
63,1786717327.497,609002.74725021,4,3.384,0,json:reported,54.05
63,1786717327.497,609002.74725021,5,3.384,0,json:reported,54.05
63,1786717327.497,609002.74725021,6,3.373,0,json:reported,54.05
63,1786717327.497,609002.74725021,7,3.389,0,json:reported,54.05
63,1786717327.497,609002.74725021,8,3.372,0,json:reported,54.05
63,1786717327.497,609002.74725021,9,3.381,0,json:reported,54.05
63,1786717327.497,609002.74725021,10,3.382,0,json:reported,54.05
63,1786717327.497,609002.74725021,11,3.358,0,json:reported,54.05
63,1786717327.497,609002.74725021,12,3.375,0,json:reported,54.05
63,1786717327.497,609002.74725021,13,3.382,0,json:reported,54.05
63,1786717327.497,609002.74725021,14,3.375,0,json:reported,54.05
63,1786717327.497,609002.74725021,15,3.378,0,json:reported,54.05
63,1786717327.497,609002.74725021,16,3.3729999999999976,1,json:calculated,54.05
64,1786717327.497,609003.763682752,1,3.38,0,json:reported,54.05
64,1786717327.497,609003.763682752,2,3.379,0,json:reported,54.05
64,1786717327.497,609003.763682752,3,3.385,0,json:reported,54.05
64,1786717327.497,609003.763682752,4,3.384,0,json:reported,54.05
64,1786717327.497,609003.763682752,5,3.384,0,json:reported,54.05
64,1786717327.497,609003.763682752,6,3.373,0,json:reported,54.05
64,1786717327.497,609003.763682752,7,3.389,0,json:reported,54.05
64,1786717327.497,609003.763682752,8,3.372,0,json:reported,54.05
64,1786717327.497,609003.763682752,9,3.381,0,json:reported,54.05
64,1786717327.497,609003.763682752,10,3.382,0,json:reported,54.05
64,1786717327.497,609003.763682752,11,3.358,0,json:reported,54.05
64,1786717327.497,609003.763682752,12,3.375,0,json:reported,54.05
64,1786717327.497,609003.763682752,13,3.382,0,json:reported,54.05
64,1786717327.497,609003.763682752,14,3.375,0,json:reported,54.05
64,1786717327.497,609003.763682752,15,3.378,0,json:reported,54.05
64,1786717327.497,609003.763682752,16,3.3729999999999976,1,json:calculated,54.05
65,1786717327.497,609004.773283128,1,3.38,0,json:reported,54.05
65,1786717327.497,609004.773283128,2,3.379,0,json:reported,54.05
65,1786717327.497,609004.773283128,3,3.385,0,json:reported,54.05
65,1786717327.497,609004.773283128,4,3.384,0,json:reported,54.05
65,1786717327.497,609004.773283128,5,3.384,0,json:reported,54.05
65,1786717327.497,609004.773283128,6,3.373,0,json:reported,54.05
65,1786717327.497,609004.773283128,7,3.389,0,json:reported,54.05
65,1786717327.497,609004.773283128,8,3.372,0,json:reported,54.05
65,1786717327.497,609004.773283128,9,3.381,0,json:reported,54.05
65,1786717327.497,609004.773283128,10,3.382,0,json:reported,54.05
65,1786717327.497,609004.773283128,11,3.358,0,json:reported,54.05
65,1786717327.497,609004.773283128,12,3.375,0,json:reported,54.05
65,1786717327.497,609004.773283128,13,3.382,0,json:reported,54.05
65,1786717327.497,609004.773283128,14,3.375,0,json:reported,54.05
65,1786717327.497,609004.773283128,15,3.378,0,json:reported,54.05
65,1786717327.497,609004.773283128,16,3.3729999999999976,1,json:calculated,54.05
66,1786717327.497,609005.811661212,1,3.38,0,json:reported,54.05
66,1786717327.497,609005.811661212,2,3.379,0,json:reported,54.05
66,1786717327.497,609005.811661212,3,3.385,0,json:reported,54.05
66,1786717327.497,609005.811661212,4,3.384,0,json:reported,54.05
66,1786717327.497,609005.811661212,5,3.384,0,json:reported,54.05
66,1786717327.497,609005.811661212,6,3.373,0,json:reported,54.05
66,1786717327.497,609005.811661212,7,3.389,0,json:reported,54.05
66,1786717327.497,609005.811661212,8,3.372,0,json:reported,54.05
66,1786717327.497,609005.811661212,9,3.381,0,json:reported,54.05
66,1786717327.497,609005.811661212,10,3.382,0,json:reported,54.05
66,1786717327.497,609005.811661212,11,3.358,0,json:reported,54.05
66,1786717327.497,609005.811661212,12,3.375,0,json:reported,54.05
66,1786717327.497,609005.811661212,13,3.382,0,json:reported,54.05
66,1786717327.497,609005.811661212,14,3.375,0,json:reported,54.05
66,1786717327.497,609005.811661212,15,3.378,0,json:reported,54.05
66,1786717327.497,609005.811661212,16,3.3729999999999976,1,json:calculated,54.05
67,1786717327.497,609006.817602087,1,3.38,0,json:reported,54.05
67,1786717327.497,609006.817602087,2,3.379,0,json:reported,54.05
67,1786717327.497,609006.817602087,3,3.385,0,json:reported,54.05
67,1786717327.497,609006.817602087,4,3.384,0,json:reported,54.05
67,1786717327.497,609006.817602087,5,3.384,0,json:reported,54.05
67,1786717327.497,609006.817602087,6,3.373,0,json:reported,54.05
67,1786717327.497,609006.817602087,7,3.389,0,json:reported,54.05
67,1786717327.497,609006.817602087,8,3.372,0,json:reported,54.05
67,1786717327.497,609006.817602087,9,3.381,0,json:reported,54.05
67,1786717327.497,609006.817602087,10,3.382,0,json:reported,54.05
67,1786717327.497,609006.817602087,11,3.358,0,json:reported,54.05
67,1786717327.497,609006.817602087,12,3.375,0,json:reported,54.05
67,1786717327.497,609006.817602087,13,3.382,0,json:reported,54.05
67,1786717327.497,609006.817602087,14,3.375,0,json:reported,54.05
67,1786717327.497,609006.817602087,15,3.378,0,json:reported,54.05
67,1786717327.497,609006.817602087,16,3.3729999999999976,1,json:calculated,54.05
68,1786717335.359,609007.842782838,1,3.38,0,json:reported,54.05
68,1786717335.359,609007.842782838,2,3.379,0,json:reported,54.05
68,1786717335.359,609007.842782838,3,3.385,0,json:reported,54.05
68,1786717335.359,609007.842782838,4,3.384,0,json:reported,54.05
68,1786717335.359,609007.842782838,5,3.385,0,json:reported,54.05
68,1786717335.359,609007.842782838,6,3.373,0,json:reported,54.05
68,1786717335.359,609007.842782838,7,3.389,0,json:reported,54.05
68,1786717335.359,609007.842782838,8,3.372,0,json:reported,54.05
68,1786717335.359,609007.842782838,9,3.381,0,json:reported,54.05
68,1786717335.359,609007.842782838,10,3.382,0,json:reported,54.05
68,1786717335.359,609007.842782838,11,3.358,0,json:reported,54.05
68,1786717335.359,609007.842782838,12,3.375,0,json:reported,54.05
68,1786717335.359,609007.842782838,13,3.382,0,json:reported,54.05
68,1786717335.359,609007.842782838,14,3.375,0,json:reported,54.05
68,1786717335.359,609007.842782838,15,3.379,0,json:reported,54.05
68,1786717335.359,609007.842782838,16,3.370999999999995,1,json:calculated,54.05
69,1786717335.359,609008.879880588,1,3.38,0,json:reported,54.05
69,1786717335.359,609008.879880588,2,3.379,0,json:reported,54.05
69,1786717335.359,609008.879880588,3,3.385,0,json:reported,54.05
69,1786717335.359,609008.879880588,4,3.384,0,json:reported,54.05
69,1786717335.359,609008.879880588,5,3.385,0,json:reported,54.05
69,1786717335.359,609008.879880588,6,3.373,0,json:reported,54.05
69,1786717335.359,609008.879880588,7,3.389,0,json:reported,54.05
69,1786717335.359,609008.879880588,8,3.372,0,json:reported,54.05
69,1786717335.359,609008.879880588,9,3.381,0,json:reported,54.05
69,1786717335.359,609008.879880588,10,3.382,0,json:reported,54.05
69,1786717335.359,609008.879880588,11,3.358,0,json:reported,54.05
69,1786717335.359,609008.879880588,12,3.375,0,json:reported,54.05
69,1786717335.359,609008.879880588,13,3.382,0,json:reported,54.05
69,1786717335.359,609008.879880588,14,3.375,0,json:reported,54.05
69,1786717335.359,609008.879880588,15,3.379,0,json:reported,54.05
69,1786717335.359,609008.879880588,16,3.370999999999995,1,json:calculated,54.05
70,1786717335.359,609009.888147172,1,3.38,0,json:reported,54.05
70,1786717335.359,609009.888147172,2,3.379,0,json:reported,54.05
70,1786717335.359,609009.888147172,3,3.385,0,json:reported,54.05
70,1786717335.359,609009.888147172,4,3.384,0,json:reported,54.05
70,1786717335.359,609009.888147172,5,3.385,0,json:reported,54.05
70,1786717335.359,609009.888147172,6,3.373,0,json:reported,54.05
70,1786717335.359,609009.888147172,7,3.389,0,json:reported,54.05
70,1786717335.359,609009.888147172,8,3.372,0,json:reported,54.05
70,1786717335.359,609009.888147172,9,3.381,0,json:reported,54.05
70,1786717335.359,609009.888147172,10,3.382,0,json:reported,54.05
70,1786717335.359,609009.888147172,11,3.358,0,json:reported,54.05
70,1786717335.359,609009.888147172,12,3.375,0,json:reported,54.05
70,1786717335.359,609009.888147172,13,3.382,0,json:reported,54.05
70,1786717335.359,609009.888147172,14,3.375,0,json:reported,54.05
70,1786717335.359,609009.888147172,15,3.379,0,json:reported,54.05
70,1786717335.359,609009.888147172,16,3.370999999999995,1,json:calculated,54.05
71,1786717335.359,609010.895779506,1,3.38,0,json:reported,54.05
71,1786717335.359,609010.895779506,2,3.379,0,json:reported,54.05
71,1786717335.359,609010.895779506,3,3.385,0,json:reported,54.05
71,1786717335.359,609010.895779506,4,3.384,0,json:reported,54.05
71,1786717335.359,609010.895779506,5,3.385,0,json:reported,54.05
71,1786717335.359,609010.895779506,6,3.373,0,json:reported,54.05
71,1786717335.359,609010.895779506,7,3.389,0,json:reported,54.05
71,1786717335.359,609010.895779506,8,3.372,0,json:reported,54.05
71,1786717335.359,609010.895779506,9,3.381,0,json:reported,54.05
71,1786717335.359,609010.895779506,10,3.382,0,json:reported,54.05
71,1786717335.359,609010.895779506,11,3.358,0,json:reported,54.05
71,1786717335.359,609010.895779506,12,3.375,0,json:reported,54.05
71,1786717335.359,609010.895779506,13,3.382,0,json:reported,54.05
71,1786717335.359,609010.895779506,14,3.375,0,json:reported,54.05
71,1786717335.359,609010.895779506,15,3.379,0,json:reported,54.05
71,1786717335.359,609010.895779506,16,3.370999999999995,1,json:calculated,54.05
72,1786717335.359,609011.902651714,1,3.38,0,json:reported,54.05
72,1786717335.359,609011.902651714,2,3.379,0,json:reported,54.05
72,1786717335.359,609011.902651714,3,3.385,0,json:reported,54.05
72,1786717335.359,609011.902651714,4,3.384,0,json:reported,54.05
72,1786717335.359,609011.902651714,5,3.385,0,json:reported,54.05
72,1786717335.359,609011.902651714,6,3.373,0,json:reported,54.05
72,1786717335.359,609011.902651714,7,3.389,0,json:reported,54.05
72,1786717335.359,609011.902651714,8,3.372,0,json:reported,54.05
72,1786717335.359,609011.902651714,9,3.381,0,json:reported,54.05
72,1786717335.359,609011.902651714,10,3.382,0,json:reported,54.05
72,1786717335.359,609011.902651714,11,3.358,0,json:reported,54.05
72,1786717335.359,609011.902651714,12,3.375,0,json:reported,54.05
72,1786717335.359,609011.902651714,13,3.382,0,json:reported,54.05
72,1786717335.359,609011.902651714,14,3.375,0,json:reported,54.05
72,1786717335.359,609011.902651714,15,3.379,0,json:reported,54.05
72,1786717335.359,609011.902651714,16,3.370999999999995,1,json:calculated,54.05
73,1786717335.359,609012.918920007,1,3.38,0,json:reported,54.05
73,1786717335.359,609012.918920007,2,3.379,0,json:reported,54.05
73,1786717335.359,609012.918920007,3,3.385,0,json:reported,54.05
73,1786717335.359,609012.918920007,4,3.384,0,json:reported,54.05
73,1786717335.359,609012.918920007,5,3.385,0,json:reported,54.05
73,1786717335.359,609012.918920007,6,3.373,0,json:reported,54.05
73,1786717335.359,609012.918920007,7,3.389,0,json:reported,54.05
73,1786717335.359,609012.918920007,8,3.372,0,json:reported,54.05
73,1786717335.359,609012.918920007,9,3.381,0,json:reported,54.05
73,1786717335.359,609012.918920007,10,3.382,0,json:reported,54.05
73,1786717335.359,609012.918920007,11,3.358,0,json:reported,54.05
73,1786717335.359,609012.918920007,12,3.375,0,json:reported,54.05
73,1786717335.359,609012.918920007,13,3.382,0,json:reported,54.05
73,1786717335.359,609012.918920007,14,3.375,0,json:reported,54.05
73,1786717335.359,609012.918920007,15,3.379,0,json:reported,54.05
73,1786717335.359,609012.918920007,16,3.370999999999995,1,json:calculated,54.05
74,1786717335.359,609013.95317909,1,3.38,0,json:reported,54.05
74,1786717335.359,609013.95317909,2,3.379,0,json:reported,54.05
74,1786717335.359,609013.95317909,3,3.385,0,json:reported,54.05
74,1786717335.359,609013.95317909,4,3.384,0,json:reported,54.05
74,1786717335.359,609013.95317909,5,3.385,0,json:reported,54.05
74,1786717335.359,609013.95317909,6,3.373,0,json:reported,54.05
74,1786717335.359,609013.95317909,7,3.389,0,json:reported,54.05
74,1786717335.359,609013.95317909,8,3.372,0,json:reported,54.05
74,1786717335.359,609013.95317909,9,3.381,0,json:reported,54.05
74,1786717335.359,609013.95317909,10,3.382,0,json:reported,54.05
74,1786717335.359,609013.95317909,11,3.358,0,json:reported,54.05
74,1786717335.359,609013.95317909,12,3.375,0,json:reported,54.05
74,1786717335.359,609013.95317909,13,3.382,0,json:reported,54.05
74,1786717335.359,609013.95317909,14,3.375,0,json:reported,54.05
74,1786717335.359,609013.95317909,15,3.379,0,json:reported,54.05
74,1786717335.359,609013.95317909,16,3.370999999999995,1,json:calculated,54.05
75,1786717335.359,609014.958606966,1,3.38,0,json:reported,54.05
75,1786717335.359,609014.958606966,2,3.379,0,json:reported,54.05
75,1786717335.359,609014.958606966,3,3.385,0,json:reported,54.05
75,1786717335.359,609014.958606966,4,3.384,0,json:reported,54.05
75,1786717335.359,609014.958606966,5,3.385,0,json:reported,54.05
75,1786717335.359,609014.958606966,6,3.373,0,json:reported,54.05
75,1786717335.359,609014.958606966,7,3.389,0,json:reported,54.05
75,1786717335.359,609014.958606966,8,3.372,0,json:reported,54.05
75,1786717335.359,609014.958606966,9,3.381,0,json:reported,54.05
75,1786717335.359,609014.958606966,10,3.382,0,json:reported,54.05
75,1786717335.359,609014.958606966,11,3.358,0,json:reported,54.05
75,1786717335.359,609014.958606966,12,3.375,0,json:reported,54.05
75,1786717335.359,609014.958606966,13,3.382,0,json:reported,54.05
75,1786717335.359,609014.958606966,14,3.375,0,json:reported,54.05
75,1786717335.359,609014.958606966,15,3.379,0,json:reported,54.05
75,1786717335.359,609014.958606966,16,3.370999999999995,1,json:calculated,54.05
76,1786717343.381,609015.991148925,1,3.38,0,json:reported,54.05
76,1786717343.381,609015.991148925,2,3.379,0,json:reported,54.05
76,1786717343.381,609015.991148925,3,3.386,0,json:reported,54.05
76,1786717343.381,609015.991148925,4,3.384,0,json:reported,54.05
76,1786717343.381,609015.991148925,5,3.385,0,json:reported,54.05
76,1786717343.381,609015.991148925,6,3.373,0,json:reported,54.05
76,1786717343.381,609015.991148925,7,3.389,0,json:reported,54.05
76,1786717343.381,609015.991148925,8,3.372,0,json:reported,54.05
76,1786717343.381,609015.991148925,9,3.381,0,json:reported,54.05
76,1786717343.381,609015.991148925,10,3.382,0,json:reported,54.05
76,1786717343.381,609015.991148925,11,3.358,0,json:reported,54.05
76,1786717343.381,609015.991148925,12,3.376,0,json:reported,54.05
76,1786717343.381,609015.991148925,13,3.383,0,json:reported,54.05
76,1786717343.381,609015.991148925,14,3.376,0,json:reported,54.05
76,1786717343.381,609015.991148925,15,3.379,0,json:reported,54.05
76,1786717343.381,609015.991148925,16,3.3669999999999973,1,json:calculated,54.05
77,1786717343.381,609017.001351759,1,3.38,0,json:reported,54.05
77,1786717343.381,609017.001351759,2,3.379,0,json:reported,54.05
77,1786717343.381,609017.001351759,3,3.386,0,json:reported,54.05
77,1786717343.381,609017.001351759,4,3.384,0,json:reported,54.05
77,1786717343.381,609017.001351759,5,3.385,0,json:reported,54.05
77,1786717343.381,609017.001351759,6,3.373,0,json:reported,54.05
77,1786717343.381,609017.001351759,7,3.389,0,json:reported,54.05
77,1786717343.381,609017.001351759,8,3.372,0,json:reported,54.05
77,1786717343.381,609017.001351759,9,3.381,0,json:reported,54.05
77,1786717343.381,609017.001351759,10,3.382,0,json:reported,54.05
77,1786717343.381,609017.001351759,11,3.358,0,json:reported,54.05
77,1786717343.381,609017.001351759,12,3.376,0,json:reported,54.05
77,1786717343.381,609017.001351759,13,3.383,0,json:reported,54.05
77,1786717343.381,609017.001351759,14,3.376,0,json:reported,54.05
77,1786717343.381,609017.001351759,15,3.379,0,json:reported,54.05
77,1786717343.381,609017.001351759,16,3.3669999999999973,1,json:calculated,54.05
78,1786717343.381,609018.022773467,1,3.38,0,json:reported,54.05
78,1786717343.381,609018.022773467,2,3.379,0,json:reported,54.05
78,1786717343.381,609018.022773467,3,3.386,0,json:reported,54.05
78,1786717343.381,609018.022773467,4,3.384,0,json:reported,54.05
78,1786717343.381,609018.022773467,5,3.385,0,json:reported,54.05
78,1786717343.381,609018.022773467,6,3.373,0,json:reported,54.05
78,1786717343.381,609018.022773467,7,3.389,0,json:reported,54.05
78,1786717343.381,609018.022773467,8,3.372,0,json:reported,54.05
78,1786717343.381,609018.022773467,9,3.381,0,json:reported,54.05
78,1786717343.381,609018.022773467,10,3.382,0,json:reported,54.05
78,1786717343.381,609018.022773467,11,3.358,0,json:reported,54.05
78,1786717343.381,609018.022773467,12,3.376,0,json:reported,54.05
78,1786717343.381,609018.022773467,13,3.383,0,json:reported,54.05
78,1786717343.381,609018.022773467,14,3.376,0,json:reported,54.05
78,1786717343.381,609018.022773467,15,3.379,0,json:reported,54.05
78,1786717343.381,609018.022773467,16,3.3669999999999973,1,json:calculated,54.05
79,1786717343.381,609019.055419593,1,3.38,0,json:reported,54.05
79,1786717343.381,609019.055419593,2,3.379,0,json:reported,54.05
79,1786717343.381,609019.055419593,3,3.386,0,json:reported,54.05
79,1786717343.381,609019.055419593,4,3.384,0,json:reported,54.05
79,1786717343.381,609019.055419593,5,3.385,0,json:reported,54.05
79,1786717343.381,609019.055419593,6,3.373,0,json:reported,54.05
79,1786717343.381,609019.055419593,7,3.389,0,json:reported,54.05
79,1786717343.381,609019.055419593,8,3.372,0,json:reported,54.05
79,1786717343.381,609019.055419593,9,3.381,0,json:reported,54.05
79,1786717343.381,609019.055419593,10,3.382,0,json:reported,54.05
79,1786717343.381,609019.055419593,11,3.358,0,json:reported,54.05
79,1786717343.381,609019.055419593,12,3.376,0,json:reported,54.05
79,1786717343.381,609019.055419593,13,3.383,0,json:reported,54.05
79,1786717343.381,609019.055419593,14,3.376,0,json:reported,54.05
79,1786717343.381,609019.055419593,15,3.379,0,json:reported,54.05
79,1786717343.381,609019.055419593,16,3.3669999999999973,1,json:calculated,54.05
80,1786717343.381,609020.074489802,1,3.38,0,json:reported,54.05
80,1786717343.381,609020.074489802,2,3.379,0,json:reported,54.05
80,1786717343.381,609020.074489802,3,3.386,0,json:reported,54.05
80,1786717343.381,609020.074489802,4,3.384,0,json:reported,54.05
80,1786717343.381,609020.074489802,5,3.385,0,json:reported,54.05
80,1786717343.381,609020.074489802,6,3.373,0,json:reported,54.05
80,1786717343.381,609020.074489802,7,3.389,0,json:reported,54.05
80,1786717343.381,609020.074489802,8,3.372,0,json:reported,54.05
80,1786717343.381,609020.074489802,9,3.381,0,json:reported,54.05
80,1786717343.381,609020.074489802,10,3.382,0,json:reported,54.05
80,1786717343.381,609020.074489802,11,3.358,0,json:reported,54.05
80,1786717343.381,609020.074489802,12,3.376,0,json:reported,54.05
80,1786717343.381,609020.074489802,13,3.383,0,json:reported,54.05
80,1786717343.381,609020.074489802,14,3.376,0,json:reported,54.05
80,1786717343.381,609020.074489802,15,3.379,0,json:reported,54.05
80,1786717343.381,609020.074489802,16,3.3669999999999973,1,json:calculated,54.05
81,1786717343.381,609021.083120594,1,3.38,0,json:reported,54.05
81,1786717343.381,609021.083120594,2,3.379,0,json:reported,54.05
81,1786717343.381,609021.083120594,3,3.386,0,json:reported,54.05
81,1786717343.381,609021.083120594,4,3.384,0,json:reported,54.05
81,1786717343.381,609021.083120594,5,3.385,0,json:reported,54.05
81,1786717343.381,609021.083120594,6,3.373,0,json:reported,54.05
81,1786717343.381,609021.083120594,7,3.389,0,json:reported,54.05
81,1786717343.381,609021.083120594,8,3.372,0,json:reported,54.05
81,1786717343.381,609021.083120594,9,3.381,0,json:reported,54.05
81,1786717343.381,609021.083120594,10,3.382,0,json:reported,54.05
81,1786717343.381,609021.083120594,11,3.358,0,json:reported,54.05
81,1786717343.381,609021.083120594,12,3.376,0,json:reported,54.05
81,1786717343.381,609021.083120594,13,3.383,0,json:reported,54.05
81,1786717343.381,609021.083120594,14,3.376,0,json:reported,54.05
81,1786717343.381,609021.083120594,15,3.379,0,json:reported,54.05
81,1786717343.381,609021.083120594,16,3.3669999999999973,1,json:calculated,54.05
82,1786717343.381,609022.089275011,1,3.38,0,json:reported,54.05
82,1786717343.381,609022.089275011,2,3.379,0,json:reported,54.05
82,1786717343.381,609022.089275011,3,3.386,0,json:reported,54.05
82,1786717343.381,609022.089275011,4,3.384,0,json:reported,54.05
82,1786717343.381,609022.089275011,5,3.385,0,json:reported,54.05
82,1786717343.381,609022.089275011,6,3.373,0,json:reported,54.05
82,1786717343.381,609022.089275011,7,3.389,0,json:reported,54.05
82,1786717343.381,609022.089275011,8,3.372,0,json:reported,54.05
82,1786717343.381,609022.089275011,9,3.381,0,json:reported,54.05
82,1786717343.381,609022.089275011,10,3.382,0,json:reported,54.05
82,1786717343.381,609022.089275011,11,3.358,0,json:reported,54.05
82,1786717343.381,609022.089275011,12,3.376,0,json:reported,54.05
82,1786717343.381,609022.089275011,13,3.383,0,json:reported,54.05
82,1786717343.381,609022.089275011,14,3.376,0,json:reported,54.05
82,1786717343.381,609022.089275011,15,3.379,0,json:reported,54.05
82,1786717343.381,609022.089275011,16,3.3669999999999973,1,json:calculated,54.05
83,1786717343.381,609023.104342053,1,3.38,0,json:reported,54.05
83,1786717343.381,609023.104342053,2,3.379,0,json:reported,54.05
83,1786717343.381,609023.104342053,3,3.386,0,json:reported,54.05
83,1786717343.381,609023.104342053,4,3.384,0,json:reported,54.05
83,1786717343.381,609023.104342053,5,3.385,0,json:reported,54.05
83,1786717343.381,609023.104342053,6,3.373,0,json:reported,54.05
83,1786717343.381,609023.104342053,7,3.389,0,json:reported,54.05
83,1786717343.381,609023.104342053,8,3.372,0,json:reported,54.05
83,1786717343.381,609023.104342053,9,3.381,0,json:reported,54.05
83,1786717343.381,609023.104342053,10,3.382,0,json:reported,54.05
83,1786717343.381,609023.104342053,11,3.358,0,json:reported,54.05
83,1786717343.381,609023.104342053,12,3.376,0,json:reported,54.05
83,1786717343.381,609023.104342053,13,3.383,0,json:reported,54.05
83,1786717343.381,609023.104342053,14,3.376,0,json:reported,54.05
83,1786717343.381,609023.104342053,15,3.379,0,json:reported,54.05
83,1786717343.381,609023.104342053,16,3.3669999999999973,1,json:calculated,54.05
84,1786717351.489,609024.110783637,1,3.38,0,json:reported,54.06
84,1786717351.489,609024.110783637,2,3.38,0,json:reported,54.06
84,1786717351.489,609024.110783637,3,3.386,0,json:reported,54.06
84,1786717351.489,609024.110783637,4,3.384,0,json:reported,54.06
84,1786717351.489,609024.110783637,5,3.385,0,json:reported,54.06
84,1786717351.489,609024.110783637,6,3.373,0,json:reported,54.06
84,1786717351.489,609024.110783637,7,3.389,0,json:reported,54.06
84,1786717351.489,609024.110783637,8,3.372,0,json:reported,54.06
84,1786717351.489,609024.110783637,9,3.381,0,json:reported,54.06
84,1786717351.489,609024.110783637,10,3.383,0,json:reported,54.06
84,1786717351.489,609024.110783637,11,3.358,0,json:reported,54.06
84,1786717351.489,609024.110783637,12,3.376,0,json:reported,54.06
84,1786717351.489,609024.110783637,13,3.383,0,json:reported,54.06
84,1786717351.489,609024.110783637,14,3.376,0,json:reported,54.06
84,1786717351.489,609024.110783637,15,3.379,0,json:reported,54.06
84,1786717351.489,609024.110783637,16,3.375,1,json:calculated,54.06
85,1786717351.489,609025.118479346,1,3.38,0,json:reported,54.06
85,1786717351.489,609025.118479346,2,3.38,0,json:reported,54.06
85,1786717351.489,609025.118479346,3,3.386,0,json:reported,54.06
85,1786717351.489,609025.118479346,4,3.384,0,json:reported,54.06
85,1786717351.489,609025.118479346,5,3.385,0,json:reported,54.06
85,1786717351.489,609025.118479346,6,3.373,0,json:reported,54.06
85,1786717351.489,609025.118479346,7,3.389,0,json:reported,54.06
85,1786717351.489,609025.118479346,8,3.372,0,json:reported,54.06
85,1786717351.489,609025.118479346,9,3.381,0,json:reported,54.06
85,1786717351.489,609025.118479346,10,3.383,0,json:reported,54.06
85,1786717351.489,609025.118479346,11,3.358,0,json:reported,54.06
85,1786717351.489,609025.118479346,12,3.376,0,json:reported,54.06
85,1786717351.489,609025.118479346,13,3.383,0,json:reported,54.06
85,1786717351.489,609025.118479346,14,3.376,0,json:reported,54.06
85,1786717351.489,609025.118479346,15,3.379,0,json:reported,54.06
85,1786717351.489,609025.118479346,16,3.375,1,json:calculated,54.06
86,1786717351.489,609026.141053138,1,3.38,0,json:reported,54.06
86,1786717351.489,609026.141053138,2,3.38,0,json:reported,54.06
86,1786717351.489,609026.141053138,3,3.386,0,json:reported,54.06
86,1786717351.489,609026.141053138,4,3.384,0,json:reported,54.06
86,1786717351.489,609026.141053138,5,3.385,0,json:reported,54.06
86,1786717351.489,609026.141053138,6,3.373,0,json:reported,54.06
86,1786717351.489,609026.141053138,7,3.389,0,json:reported,54.06
86,1786717351.489,609026.141053138,8,3.372,0,json:reported,54.06
86,1786717351.489,609026.141053138,9,3.381,0,json:reported,54.06
86,1786717351.489,609026.141053138,10,3.383,0,json:reported,54.06
86,1786717351.489,609026.141053138,11,3.358,0,json:reported,54.06
86,1786717351.489,609026.141053138,12,3.376,0,json:reported,54.06
86,1786717351.489,609026.141053138,13,3.383,0,json:reported,54.06
86,1786717351.489,609026.141053138,14,3.376,0,json:reported,54.06
86,1786717351.489,609026.141053138,15,3.379,0,json:reported,54.06
86,1786717351.489,609026.141053138,16,3.375,1,json:calculated,54.06
87,1786717351.489,609027.151444138,1,3.38,0,json:reported,54.06
87,1786717351.489,609027.151444138,2,3.38,0,json:reported,54.06
87,1786717351.489,609027.151444138,3,3.386,0,json:reported,54.06
87,1786717351.489,609027.151444138,4,3.384,0,json:reported,54.06
87,1786717351.489,609027.151444138,5,3.385,0,json:reported,54.06
87,1786717351.489,609027.151444138,6,3.373,0,json:reported,54.06
87,1786717351.489,609027.151444138,7,3.389,0,json:reported,54.06
87,1786717351.489,609027.151444138,8,3.372,0,json:reported,54.06
87,1786717351.489,609027.151444138,9,3.381,0,json:reported,54.06
87,1786717351.489,609027.151444138,10,3.383,0,json:reported,54.06
87,1786717351.489,609027.151444138,11,3.358,0,json:reported,54.06
87,1786717351.489,609027.151444138,12,3.376,0,json:reported,54.06
87,1786717351.489,609027.151444138,13,3.383,0,json:reported,54.06
87,1786717351.489,609027.151444138,14,3.376,0,json:reported,54.06
87,1786717351.489,609027.151444138,15,3.379,0,json:reported,54.06
87,1786717351.489,609027.151444138,16,3.375,1,json:calculated,54.06
88,1786717351.489,609028.158471472,1,3.38,0,json:reported,54.06
88,1786717351.489,609028.158471472,2,3.38,0,json:reported,54.06
88,1786717351.489,609028.158471472,3,3.386,0,json:reported,54.06
88,1786717351.489,609028.158471472,4,3.384,0,json:reported,54.06
88,1786717351.489,609028.158471472,5,3.385,0,json:reported,54.06
88,1786717351.489,609028.158471472,6,3.373,0,json:reported,54.06
88,1786717351.489,609028.158471472,7,3.389,0,json:reported,54.06
88,1786717351.489,609028.158471472,8,3.372,0,json:reported,54.06
88,1786717351.489,609028.158471472,9,3.381,0,json:reported,54.06
88,1786717351.489,609028.158471472,10,3.383,0,json:reported,54.06
88,1786717351.489,609028.158471472,11,3.358,0,json:reported,54.06
88,1786717351.489,609028.158471472,12,3.376,0,json:reported,54.06
88,1786717351.489,609028.158471472,13,3.383,0,json:reported,54.06
88,1786717351.489,609028.158471472,14,3.376,0,json:reported,54.06
88,1786717351.489,609028.158471472,15,3.379,0,json:reported,54.06
88,1786717351.489,609028.158471472,16,3.375,1,json:calculated,54.06
89,1786717351.489,609029.164631264,1,3.38,0,json:reported,54.06
89,1786717351.489,609029.164631264,2,3.38,0,json:reported,54.06
89,1786717351.489,609029.164631264,3,3.386,0,json:reported,54.06
89,1786717351.489,609029.164631264,4,3.384,0,json:reported,54.06
89,1786717351.489,609029.164631264,5,3.385,0,json:reported,54.06
89,1786717351.489,609029.164631264,6,3.373,0,json:reported,54.06
89,1786717351.489,609029.164631264,7,3.389,0,json:reported,54.06
89,1786717351.489,609029.164631264,8,3.372,0,json:reported,54.06
89,1786717351.489,609029.164631264,9,3.381,0,json:reported,54.06
89,1786717351.489,609029.164631264,10,3.383,0,json:reported,54.06
89,1786717351.489,609029.164631264,11,3.358,0,json:reported,54.06
89,1786717351.489,609029.164631264,12,3.376,0,json:reported,54.06
89,1786717351.489,609029.164631264,13,3.383,0,json:reported,54.06
89,1786717351.489,609029.164631264,14,3.376,0,json:reported,54.06
89,1786717351.489,609029.164631264,15,3.379,0,json:reported,54.06
89,1786717351.489,609029.164631264,16,3.375,1,json:calculated,54.06
90,1786717351.489,609030.173851431,1,3.38,0,json:reported,54.06
90,1786717351.489,609030.173851431,2,3.38,0,json:reported,54.06
90,1786717351.489,609030.173851431,3,3.386,0,json:reported,54.06
90,1786717351.489,609030.173851431,4,3.384,0,json:reported,54.06
90,1786717351.489,609030.173851431,5,3.385,0,json:reported,54.06
90,1786717351.489,609030.173851431,6,3.373,0,json:reported,54.06
90,1786717351.489,609030.173851431,7,3.389,0,json:reported,54.06
90,1786717351.489,609030.173851431,8,3.372,0,json:reported,54.06
90,1786717351.489,609030.173851431,9,3.381,0,json:reported,54.06
90,1786717351.489,609030.173851431,10,3.383,0,json:reported,54.06
90,1786717351.489,609030.173851431,11,3.358,0,json:reported,54.06
90,1786717351.489,609030.173851431,12,3.376,0,json:reported,54.06
90,1786717351.489,609030.173851431,13,3.383,0,json:reported,54.06
90,1786717351.489,609030.173851431,14,3.376,0,json:reported,54.06
90,1786717351.489,609030.173851431,15,3.379,0,json:reported,54.06
90,1786717351.489,609030.173851431,16,3.375,1,json:calculated,54.06
91,1786717351.489,609031.18866139,1,3.38,0,json:reported,54.06
91,1786717351.489,609031.18866139,2,3.38,0,json:reported,54.06
91,1786717351.489,609031.18866139,3,3.386,0,json:reported,54.06
91,1786717351.489,609031.18866139,4,3.384,0,json:reported,54.06
91,1786717351.489,609031.18866139,5,3.385,0,json:reported,54.06
91,1786717351.489,609031.18866139,6,3.373,0,json:reported,54.06
91,1786717351.489,609031.18866139,7,3.389,0,json:reported,54.06
91,1786717351.489,609031.18866139,8,3.372,0,json:reported,54.06
91,1786717351.489,609031.18866139,9,3.381,0,json:reported,54.06
91,1786717351.489,609031.18866139,10,3.383,0,json:reported,54.06
91,1786717351.489,609031.18866139,11,3.358,0,json:reported,54.06
91,1786717351.489,609031.18866139,12,3.376,0,json:reported,54.06
91,1786717351.489,609031.18866139,13,3.383,0,json:reported,54.06
91,1786717351.489,609031.18866139,14,3.376,0,json:reported,54.06
91,1786717351.489,609031.18866139,15,3.379,0,json:reported,54.06
91,1786717351.489,609031.18866139,16,3.375,1,json:calculated,54.06
92,1786717359.569,609032.200730099,1,3.381,0,json:reported,54.06
92,1786717359.569,609032.200730099,2,3.38,0,json:reported,54.06
92,1786717359.569,609032.200730099,3,3.386,0,json:reported,54.06
92,1786717359.569,609032.200730099,4,3.385,0,json:reported,54.06
92,1786717359.569,609032.200730099,5,3.385,0,json:reported,54.06
92,1786717359.569,609032.200730099,6,3.373,0,json:reported,54.06
92,1786717359.569,609032.200730099,7,3.39,0,json:reported,54.06
92,1786717359.569,609032.200730099,8,3.372,0,json:reported,54.06
92,1786717359.569,609032.200730099,9,3.381,0,json:reported,54.06
92,1786717359.569,609032.200730099,10,3.383,0,json:reported,54.06
92,1786717359.569,609032.200730099,11,3.358,0,json:reported,54.06
92,1786717359.569,609032.200730099,12,3.376,0,json:reported,54.06
92,1786717359.569,609032.200730099,13,3.383,0,json:reported,54.06
92,1786717359.569,609032.200730099,14,3.376,0,json:reported,54.06
92,1786717359.569,609032.200730099,15,3.379,0,json:reported,54.06
92,1786717359.569,609032.200730099,16,3.372,1,json:calculated,54.06
93,1786717359.569,609033.206933766,1,3.381,0,json:reported,54.06
93,1786717359.569,609033.206933766,2,3.38,0,json:reported,54.06
93,1786717359.569,609033.206933766,3,3.386,0,json:reported,54.06
93,1786717359.569,609033.206933766,4,3.385,0,json:reported,54.06
93,1786717359.569,609033.206933766,5,3.385,0,json:reported,54.06
93,1786717359.569,609033.206933766,6,3.373,0,json:reported,54.06
93,1786717359.569,609033.206933766,7,3.39,0,json:reported,54.06
93,1786717359.569,609033.206933766,8,3.372,0,json:reported,54.06
93,1786717359.569,609033.206933766,9,3.381,0,json:reported,54.06
93,1786717359.569,609033.206933766,10,3.383,0,json:reported,54.06
93,1786717359.569,609033.206933766,11,3.358,0,json:reported,54.06
93,1786717359.569,609033.206933766,12,3.376,0,json:reported,54.06
93,1786717359.569,609033.206933766,13,3.383,0,json:reported,54.06
93,1786717359.569,609033.206933766,14,3.376,0,json:reported,54.06
93,1786717359.569,609033.206933766,15,3.379,0,json:reported,54.06
93,1786717359.569,609033.206933766,16,3.372,1,json:calculated,54.06
94,1786717359.569,609034.212429642,1,3.381,0,json:reported,54.06
94,1786717359.569,609034.212429642,2,3.38,0,json:reported,54.06
94,1786717359.569,609034.212429642,3,3.386,0,json:reported,54.06
94,1786717359.569,609034.212429642,4,3.385,0,json:reported,54.06
94,1786717359.569,609034.212429642,5,3.385,0,json:reported,54.06
94,1786717359.569,609034.212429642,6,3.373,0,json:reported,54.06
94,1786717359.569,609034.212429642,7,3.39,0,json:reported,54.06
94,1786717359.569,609034.212429642,8,3.372,0,json:reported,54.06
94,1786717359.569,609034.212429642,9,3.381,0,json:reported,54.06
94,1786717359.569,609034.212429642,10,3.383,0,json:reported,54.06
94,1786717359.569,609034.212429642,11,3.358,0,json:reported,54.06
94,1786717359.569,609034.212429642,12,3.376,0,json:reported,54.06
94,1786717359.569,609034.212429642,13,3.383,0,json:reported,54.06
94,1786717359.569,609034.212429642,14,3.376,0,json:reported,54.06
94,1786717359.569,609034.212429642,15,3.379,0,json:reported,54.06
94,1786717359.569,609034.212429642,16,3.372,1,json:calculated,54.06
95,1786717359.569,609035.218205601,1,3.381,0,json:reported,54.06
95,1786717359.569,609035.218205601,2,3.38,0,json:reported,54.06
95,1786717359.569,609035.218205601,3,3.386,0,json:reported,54.06
95,1786717359.569,609035.218205601,4,3.385,0,json:reported,54.06
95,1786717359.569,609035.218205601,5,3.385,0,json:reported,54.06
95,1786717359.569,609035.218205601,6,3.373,0,json:reported,54.06
95,1786717359.569,609035.218205601,7,3.39,0,json:reported,54.06
95,1786717359.569,609035.218205601,8,3.372,0,json:reported,54.06
95,1786717359.569,609035.218205601,9,3.381,0,json:reported,54.06
95,1786717359.569,609035.218205601,10,3.383,0,json:reported,54.06
95,1786717359.569,609035.218205601,11,3.358,0,json:reported,54.06
95,1786717359.569,609035.218205601,12,3.376,0,json:reported,54.06
95,1786717359.569,609035.218205601,13,3.383,0,json:reported,54.06
95,1786717359.569,609035.218205601,14,3.376,0,json:reported,54.06
95,1786717359.569,609035.218205601,15,3.379,0,json:reported,54.06
95,1786717359.569,609035.218205601,16,3.372,1,json:calculated,54.06
96,1786717359.569,609036.228791893,1,3.381,0,json:reported,54.06
96,1786717359.569,609036.228791893,2,3.38,0,json:reported,54.06
96,1786717359.569,609036.228791893,3,3.386,0,json:reported,54.06
96,1786717359.569,609036.228791893,4,3.385,0,json:reported,54.06
96,1786717359.569,609036.228791893,5,3.385,0,json:reported,54.06
96,1786717359.569,609036.228791893,6,3.373,0,json:reported,54.06
96,1786717359.569,609036.228791893,7,3.39,0,json:reported,54.06
96,1786717359.569,609036.228791893,8,3.372,0,json:reported,54.06
96,1786717359.569,609036.228791893,9,3.381,0,json:reported,54.06
96,1786717359.569,609036.228791893,10,3.383,0,json:reported,54.06
96,1786717359.569,609036.228791893,11,3.358,0,json:reported,54.06
96,1786717359.569,609036.228791893,12,3.376,0,json:reported,54.06
96,1786717359.569,609036.228791893,13,3.383,0,json:reported,54.06
96,1786717359.569,609036.228791893,14,3.376,0,json:reported,54.06
96,1786717359.569,609036.228791893,15,3.379,0,json:reported,54.06
96,1786717359.569,609036.228791893,16,3.372,1,json:calculated,54.06
97,1786717359.569,609037.234857477,1,3.381,0,json:reported,54.06
97,1786717359.569,609037.234857477,2,3.38,0,json:reported,54.06
97,1786717359.569,609037.234857477,3,3.386,0,json:reported,54.06
97,1786717359.569,609037.234857477,4,3.385,0,json:reported,54.06
97,1786717359.569,609037.234857477,5,3.385,0,json:reported,54.06
97,1786717359.569,609037.234857477,6,3.373,0,json:reported,54.06
97,1786717359.569,609037.234857477,7,3.39,0,json:reported,54.06
97,1786717359.569,609037.234857477,8,3.372,0,json:reported,54.06
97,1786717359.569,609037.234857477,9,3.381,0,json:reported,54.06
97,1786717359.569,609037.234857477,10,3.383,0,json:reported,54.06
97,1786717359.569,609037.234857477,11,3.358,0,json:reported,54.06
97,1786717359.569,609037.234857477,12,3.376,0,json:reported,54.06
97,1786717359.569,609037.234857477,13,3.383,0,json:reported,54.06
97,1786717359.569,609037.234857477,14,3.376,0,json:reported,54.06
97,1786717359.569,609037.234857477,15,3.379,0,json:reported,54.06
97,1786717359.569,609037.234857477,16,3.372,1,json:calculated,54.06
98,1786717359.569,609038.245513477,1,3.381,0,json:reported,54.06
98,1786717359.569,609038.245513477,2,3.38,0,json:reported,54.06
98,1786717359.569,609038.245513477,3,3.386,0,json:reported,54.06
98,1786717359.569,609038.245513477,4,3.385,0,json:reported,54.06
98,1786717359.569,609038.245513477,5,3.385,0,json:reported,54.06
98,1786717359.569,609038.245513477,6,3.373,0,json:reported,54.06
98,1786717359.569,609038.245513477,7,3.39,0,json:reported,54.06
98,1786717359.569,609038.245513477,8,3.372,0,json:reported,54.06
98,1786717359.569,609038.245513477,9,3.381,0,json:reported,54.06
98,1786717359.569,609038.245513477,10,3.383,0,json:reported,54.06
98,1786717359.569,609038.245513477,11,3.358,0,json:reported,54.06
98,1786717359.569,609038.245513477,12,3.376,0,json:reported,54.06
98,1786717359.569,609038.245513477,13,3.383,0,json:reported,54.06
98,1786717359.569,609038.245513477,14,3.376,0,json:reported,54.06
98,1786717359.569,609038.245513477,15,3.379,0,json:reported,54.06
98,1786717359.569,609038.245513477,16,3.372,1,json:calculated,54.06
99,1786717359.569,609039.259457644,1,3.381,0,json:reported,54.06
99,1786717359.569,609039.259457644,2,3.38,0,json:reported,54.06
99,1786717359.569,609039.259457644,3,3.386,0,json:reported,54.06
99,1786717359.569,609039.259457644,4,3.385,0,json:reported,54.06
99,1786717359.569,609039.259457644,5,3.385,0,json:reported,54.06
99,1786717359.569,609039.259457644,6,3.373,0,json:reported,54.06
99,1786717359.569,609039.259457644,7,3.39,0,json:reported,54.06
99,1786717359.569,609039.259457644,8,3.372,0,json:reported,54.06
99,1786717359.569,609039.259457644,9,3.381,0,json:reported,54.06
99,1786717359.569,609039.259457644,10,3.383,0,json:reported,54.06
99,1786717359.569,609039.259457644,11,3.358,0,json:reported,54.06
99,1786717359.569,609039.259457644,12,3.376,0,json:reported,54.06
99,1786717359.569,609039.259457644,13,3.383,0,json:reported,54.06
99,1786717359.569,609039.259457644,14,3.376,0,json:reported,54.06
99,1786717359.569,609039.259457644,15,3.379,0,json:reported,54.06
99,1786717359.569,609039.259457644,16,3.372,1,json:calculated,54.06
