seq,wall_ts,mono_ts,can_id,is_extended,is_remote,is_error,dlc,data_hex,interface
1,1786717267.6273434,608939.172063805,418316097,1,0,0,8,4FE5C92C00A046C0,can0
2,1786717267.6433241,608939.188044055,485490497,1,0,0,8,66998FEDDD000000,can0
3,1786717267.696605,608939.24132468,485490497,1,0,0,8,6699BCED97EF0100,can0
4,1786717267.6974843,608939.242199346,485490497,1,0,0,8,6699B1ED84DAF505,can0
5,1786717267.7017014,608939.246417638,485490497,1,0,0,8,6699CCECAA880000,can0
6,1786717267.702828,608939.247543305,485490497,1,0,0,8,6699CBEC5C7D0000,can0
7,1786717267.7060318,608939.250747138,485490497,1,0,0,8,6699DCECA0D80000,can0
8,1786717267.7080016,608939.252716596,485490497,1,0,0,8,6699DBEC657C0000,can0
9,1786717267.7087727,608939.253486138,485490497,1,0,0,8,6699ECEC958E0000,can0
10,1786717267.7095308,608939.254246221,485490497,1,0,0,8,6699EBEC6F7E0000,can0
11,1786717267.7103148,608939.25502993,485490497,1,0,0,8,6699FBECB7550000,can0
12,1786717267.785974,608939.330692763,485442017,1,0,0,8,66990100D0EDFCFF,can0
13,1786717267.7873971,608939.332114138,485442017,1,0,0,8,66990100DCEDFEFF,can0
14,1786717267.7883368,608939.333051097,485442017,1,0,0,8,66990100DAEDFFFF,can0
15,1786717267.7982593,608939.342974222,485442017,1,0,0,8,669901002720FFFF,can0
16,1786717267.7990153,608939.343729972,485490497,1,0,0,8,6699DAED00000000,can0
17,1786717267.7996428,608939.344357555,485490497,1,0,0,8,66992720BBDD0300,can0
18,1786717267.811467,608939.356187347,485490497,1,0,0,8,6699DCED36110000,can0
19,1786717267.8126018,608939.357317888,485490496,1,0,0,8,66998DED7D150000,can0
20,1786717267.8135424,608939.35825918,485490497,1,0,0,8,6699DDEDBC280000,can0
21,1786717267.8163033,608939.36102643,485490497,1,0,0,8,6699D0ED38080000,can0
22,1786717267.8172047,608939.36191868,485490497,1,0,0,8,6699D1ED29010000,can0
23,1786717267.8179612,608939.362675305,485490497,1,0,0,8,6699D2ED35090000,can0
24,1786717267.8187096,608939.363423347,485490497,1,0,0,8,6699D3EDE8000000,can0
25,1786717267.8650763,608939.409795597,485490496,1,0,0,8,6699BCEDB9E70100,can0
26,1786717267.8661249,608939.410839263,485490496,1,0,0,8,6699B1EDD0027A00,can0
27,1786717267.8668432,608939.411557305,485490496,1,0,0,8,6699CCEC767E0000,can0
28,1786717267.8674963,608939.412210097,485490496,1,0,0,8,6699CBECD8860000,can0
29,1786717267.8712258,608939.415940888,485490496,1,0,0,8,6699DCECFA740000,can0
30,1786717267.8720596,608939.41677443,485490496,1,0,0,8,6699DBEC6D880000,can0
31,1786717267.8730795,608939.417793972,485490496,1,0,0,8,6699ECEC3B7C0000,can0
32,1786717267.8740726,608939.418788388,485490496,1,0,0,8,6699EBECC6780000,can0
33,1786717267.8749413,608939.419656763,485490496,1,0,0,8,6699FCECF7750000,can0
34,1786717267.8777306,608939.422445805,485490496,1,0,0,8,6699FBEC28520000,can0
35,1786717267.8993013,608939.44402168,485490496,1,0,0,8,66998FED01010000,can0
36,1786717267.963372,608939.508091763,485441761,1,0,0,8,6699152034030000,can0
37,1786717267.9644165,608939.509130472,485442017,1,0,0,8,6699152016030000,can0
38,1786717267.9674058,608939.51212068,485490496,1,0,0,8,6699152034030000,can0
39,1786717267.9680905,608939.512805722,485490497,1,0,0,8,6699152016030000,can0
40,1786717267.99034,608939.535061388,485490657,1,0,0,8,6699FF0FAC260000,can0
41,1786717267.992559,608939.537274513,485490657,1,0,0,8,66991C20C441FFFF,can0
42,1786717268.0807729,608939.625493763,485490657,1,0,0,8,669902207C150000,can0
43,1786717268.181851,608939.726570347,485490497,1,0,0,8,6699DBED04100000,can0
44,1786717268.1856985,608939.730416638,773,0,0,0,8,0000000000000000,can0
45,1786717268.1865,608939.731214013,775,0,0,0,8,1234567856494300,can0
46,1786717268.554778,608940.099506347,485490496,1,0,0,8,66990102FC000000,can0
47,1786717268.5575216,608940.10223743,485490496,1,0,0,8,66990A02FC000000,can0
48,1786717268.5957274,608940.140451514,435295296,1,0,0,8,007C1500010474C4,can0
49,1786717268.5980506,608940.142766847,435294784,1,0,0,8,600BC40000FFFFFF,can0
50,1786717268.5992105,608940.143930055,435294784,1,0,0,8,61FF4A00FFFFFFFF,can0
51,1786717268.6003778,608940.145094222,435357504,1,0,0,8,C4018C0D4F0000FF,can0
52,1786717268.6015003,608940.146214514,435294784,1,0,0,8,600BC40103FFFFFF,can0
53,1786717268.6025789,608940.147294597,435294784,1,0,0,8,61FFFFFFFFFFFFFF,can0
54,1786717268.603686,608940.148405972,435357504,1,0,0,8,C402A90D540000FF,can0
55,1786717268.6048312,608940.149551347,435294784,1,0,0,8,400BC40203FFFFFF,can0
56,1786717268.6061478,608940.150863639,435294784,1,0,0,8,41FFFFFFFFFFFFFF,can0
57,1786717268.6072974,608940.152013639,435357504,1,0,0,8,C403200C690000FF,can0
58,1786717268.6082594,608940.152973014,435294784,1,0,0,8,400BC40303FFFFFF,can0
59,1786717268.609235,608940.15394968,435294784,1,0,0,8,41FFFFFFFFFFFFFF,can0
60,1786717268.6100643,608940.154780014,435357504,1,0,0,8,C4043C08810000FF,can0
61,1786717268.6109283,608940.155648555,435294784,1,0,0,8,400BC40403FFFFFF,can0
62,1786717268.6117868,608940.156500722,435294784,1,0,0,8,41FFFFFFFFFFFFFF,can0
63,1786717268.6125648,608940.157282972,435357248,1,0,0,8,C4FFFC00FFFFFFFF,can0
64,1786717268.6134975,608940.158211264,233966912,1,0,0,8,0001FDFFFFFFFFFF,can0
65,1786717268.614395,608940.159107222,485490496,1,0,0,8,6699000201000000,can0
66,1786717268.6149514,608940.15966393,485490496,1,0,0,8,6699020200000000,can0
67,1786717268.6156137,608940.160327389,485490496,1,0,0,8,6699070200000000,can0
68,1786717268.6163273,608940.161042055,485490496,1,0,0,8,66991E0300000000,can0
69,1786717268.6169224,608940.161636389,485490496,1,0,0,8,66991C0300000000,can0
70,1786717268.6175997,608940.16231368,485490496,1,0,0,8,66998DED7C150000,can0
71,1786717268.6423042,608940.187024889,485490497,1,0,0,8,66998FEDDE000000,can0
72,1786717268.643672,608940.18838643,485490497,1,0,0,8,6699DBED04100000,can0
73,1786717268.6535866,608940.198306889,485490496,1,0,0,8,66998FEDFF000000,can0
74,1786717268.6546385,608940.19935318,485490496,1,0,0,8,6699ECED04740000,can0
75,1786717268.6603096,608940.205029222,485490496,1,0,0,8,6699DAED00000000,can0
76,1786717268.6945696,608940.239290014,485490497,1,0,0,8,6699BCED49F20100,can0
77,1786717268.6966748,608940.241389889,485490497,1,0,0,8,6699B1ED37DFF505,can0
78,1786717268.6979027,608940.242617222,485490497,1,0,0,8,6699CCEC508A0000,can0
79,1786717268.6985683,608940.243281555,485490497,1,0,0,8,6699CBEC377C0000,can0
80,1786717268.6991403,608940.243856972,485490497,1,0,0,8,6699DCECCCD90000,can0
81,1786717268.7004528,608940.245169014,485490497,1,0,0,8,6699DBEC017B0000,can0
82,1786717268.7019818,608940.246695597,485490497,1,0,0,8,6699ECEC808E0000,can0
83,1786717268.7027454,608940.247458055,485490497,1,0,0,8,6699EBEC177E0000,can0
84,1786717268.7037213,608940.24843543,485490497,1,0,0,8,6699FBECB6550000,can0
85,1786717268.7325983,608940.277315389,502267713,1,0,0,8,A0266699501000E8,can0
86,1786717268.7336752,608940.278390764,502267713,1,0,0,8,A1000000FFFFFFFF,can0
87,1786717268.7349017,608940.279616639,502267713,1,0,0,8,A28515AF14000000,can0
88,1786717268.7358634,608940.280577639,502267713,1,0,0,8,A30000C002000000,can0
89,1786717268.7369301,608940.281646805,502267713,1,0,0,8,A400350900009F01,can0
90,1786717268.7391534,608940.283868555,502267713,1,0,0,8,A58A9A1300FFFFFF,can0
91,1786717268.7410564,608940.285773764,502267713,1,0,0,8,C0286699A0100013,can0
92,1786717268.74206,608940.286775472,502267713,1,0,0,8,C1002B0034003000,can0
93,1786717268.7492785,608940.293996055,502267713,1,0,0,8,C259006201320272,can0
94,1786717268.7501533,608940.29486668,502267713,1,0,0,8,C30148055799FB98,can0
95,1786717268.7508626,608940.295577014,502267713,1,0,0,8,C48A9A9E5CFFFFFF,can0
96,1786717268.751533,608940.296247264,502267713,1,0,0,8,C5FFFFFFFFFFFFFF,can0
97,1786717268.7774994,608940.32221968,435295297,1,0,0,8,007C15DE000474EB,can0
98,1786717268.778661,608940.323445972,435294785,1,0,0,8,600BEB0000FFFFFF,can0
99,1786717268.779601,608940.32431643,435294785,1,0,0,8,61FF4600FFFFFFFF,can0
100,1786717268.78062,608940.325335722,435357505,1,0,0,8,EB016C0C700000FF,can0
101,1786717268.783422,608940.32813818,435294785,1,0,0,8,600BEB0103FFFFFF,can0
102,1786717268.7847354,608940.329451472,435294785,1,0,0,8,61FFFFFFFFFFFFFF,can0
103,1786717268.7996793,608940.344394014,435357505,1,0,0,8,EB024D0CB10000FF,can0
104,1786717268.8004296,608940.345142222,435294785,1,0,0,8,400BEB0203FFFFFF,can0
105,1786717268.800931,608940.345643805,435294785,1,0,0,8,41FFFFFFFFFFFFFF,can0
106,1786717268.8013616,608940.346072972,435357505,1,0,0,8,EB039C0C710000FF,can0
107,1786717268.8017497,608940.346461514,435294785,1,0,0,8,400BEB0303FFFFFF,can0
108,1786717268.8021255,608940.346837639,435294785,1,0,0,8,41FFFFFFFFFFFFFF,can0
109,1786717268.8039875,608940.34870118,435357505,1,0,0,8,EB049208000000FF,can0
110,1786717268.8056397,608940.350353722,435294785,1,0,0,8,400BEB0403FFFFFF,can0
111,1786717268.8064604,608940.351178514,435294785,1,0,0,8,41FFFFFFFFFFFFFF,can0
112,1786717268.8070142,608940.351726972,435357249,1,0,0,8,EBFFFC00FFFFFFFF,can0
113,1786717268.808658,608940.353373389,485490496,1,0,0,8,66998DED7C150000,can0
114,1786717268.810239,608940.35495668,485490496,1,0,0,8,66998FEDFE000000,can0
115,1786717268.8537762,608940.39849568,485490496,1,0,0,8,6699B3ED01000000,can0
116,1786717268.8547106,608940.399424305,485490496,1,0,0,8,6699BCED53D60100,can0
117,1786717268.8639424,608940.408662014,485490496,1,0,0,8,6699BCED53D60100,can0
118,1786717268.8648968,608940.409611889,485490496,1,0,0,8,6699B1ED1DE17A00,can0
119,1786717268.865946,608940.410661097,485490496,1,0,0,8,6699CCEC33730000,can0
120,1786717268.8667223,608940.411436639,485490496,1,0,0,8,6699CBEC8E870000,can0
121,1786717268.8674622,608940.412175639,485490496,1,0,0,8,6699DCECAF720000,can0
122,1786717268.8681948,608940.412908972,485490496,1,0,0,8,6699DBEC9B880000,can0
123,1786717268.8689096,608940.41362318,485490496,1,0,0,8,6699ECEC2D7D0000,can0
124,1786717268.8696105,608940.414324514,485490496,1,0,0,8,6699EBEC11790000,can0
125,1786717268.8704214,608940.415136514,485490496,1,0,0,8,6699FCEC49740000,can0
126,1786717268.8712046,608940.415919097,485490496,1,0,0,8,6699FBEC07520000,can0
127,1786717268.9464085,608940.491129097,502267712,1,0,0,8,C0266699501000B1,can0
128,1786717268.9473293,608940.492044805,502267712,1,0,0,8,C1020000FFFFFFFF,can0
129,1786717268.9480984,608940.492813597,502267712,1,0,0,8,C28515AB14000000,can0
130,1786717268.952102,608940.496820597,502267712,1,0,0,8,C30000C102000000,can0
131,1786717268.9530067,608940.49772143,502267712,1,0,0,8,C400420E00009602,can0
132,1786717268.9539485,608940.498662222,502267712,1,0,0,8,C5EE9A4001FFFFFF,can0
133,1786717268.9616084,608940.506327222,485490657,1,0,0,8,6699FF0FAC260000,can0
134,1786717268.9704938,608940.51521418,485490657,1,0,0,8,66991C202842FFFF,can0
135,1786717268.9842253,608940.528945847,502267713,1,0,0,8,E0266699501000E8,can0
136,1786717268.9852278,608940.529943222,502267713,1,0,0,8,E1000000FFFFFFFF,can0
137,1786717268.986193,608940.530907014,502267713,1,0,0,8,E28515AF14000000,can0
138,1786717268.9988196,608940.543537264,502267713,1,0,0,8,E30000C002000000,can0
139,1786717268.999839,608940.544552597,502267713,1,0,0,8,E400350900009F01,can0
140,1786717269.000393,608940.545106055,502267713,1,0,0,8,E58A9A1300FFFFFF,can0
141,1786717269.0008442,608940.545560805,502267713,1,0,0,8,00286699A0100013,can0
142,1786717269.0015032,608940.546217847,502267713,1,0,0,8,01002B0034003000,can0
143,1786717269.0020452,608940.54675768,502267713,1,0,0,8,0259006301320272,can0
144,1786717269.011014,608940.555728972,502267713,1,0,0,8,030148055799FB98,can0
145,1786717269.0117853,608940.556499514,502267713,1,0,0,8,048A9A9E5CFFFFFF,can0
146,1786717269.0125518,608940.557266972,502267713,1,0,0,8,05FFFFFFFFFFFFFF,can0
147,1786717269.1030838,608940.647803222,485490496,1,0,0,8,66994E0301000000,can0
148,1786717269.184127,608940.728847764,773,0,0,0,8,0000000000000000,can0
149,1786717269.185102,608940.729815306,775,0,0,0,8,1234567856494300,can0
150,1786717269.6458018,608941.190525222,485490497,1,0,0,8,66998FEDDF000000,can0
151,1786717269.6468,608941.191516139,485490497,1,0,0,8,6699DBED04100000,can0
152,1786717269.6946013,608941.239322556,485490497,1,0,0,8,6699BCEDFBF20100,can0
153,1786717269.6956494,608941.240363389,485490497,1,0,0,8,6699B1ED57EEF105,can0
154,1786717269.6978462,608941.242565847,485490497,1,0,0,8,6699CCEC7B8B0000,can0
155,1786717269.6988683,608941.243582431,485490497,1,0,0,8,6699CBECDA790000,can0
156,1786717269.6997268,608941.244441306,485490497,1,0,0,8,6699DCEC15D90000,can0
157,1786717269.700527,608941.245241431,485490497,1,0,0,8,6699DBEC42780000,can0
158,1786717269.702313,608941.247028722,485490497,1,0,0,8,6699ECECB68E0000,can0
159,1786717269.7030146,608941.247727597,485490497,1,0,0,8,6699EBEC0D7E0000,can0
160,1786717269.703497,608941.248209139,485490497,1,0,0,8,6699FBECB4550000,can0
161,1786717269.7331345,608941.277854889,502267713,1,0,0,8,20266699501000E8,can0
162,1786717269.7341573,608941.278869681,502267713,1,0,0,8,21000000FFFFFFFF,can0
163,1786717269.7349856,608941.279699847,502267713,1,0,0,8,228515AF14000000,can0
164,1786717269.7361526,608941.280866806,502267713,1,0,0,8,230000C002000000,can0
165,1786717269.736918,608941.281631097,502267713,1,0,0,8,2400350900009F01,can0
166,1786717269.7376018,608941.282314722,502267713,1,0,0,8,258A9A1300FFFFFF,can0
167,1786717269.7403874,608941.285107222,502267713,1,0,0,8,40286699A0100013,can0
168,1786717269.7428474,608941.287565097,502267713,1,0,0,8,41002B0034003000,can0
169,1786717269.744094,608941.288810389,502267713,1,0,0,8,4259006501320272,can0
170,1786717269.7454581,608941.290173514,502267713,1,0,0,8,430148055799FB98,can0
171,1786717269.7463923,608941.291106139,502267713,1,0,0,8,448A9A9E5CFFFFFF,can0
172,1786717269.7469401,608941.291653014,502267713,1,0,0,8,45FFFFFFFFFFFFFF,can0
173,1786717269.8091066,608941.353825889,485490496,1,0,0,8,66998FEDFC000000,can0
174,1786717269.8613486,608941.406068639,485490496,1,0,0,8,6699BCEDEDCA0100,can0
175,1786717269.8622258,608941.406938681,485490496,1,0,0,8,6699B1ED6BCD7A00,can0
176,1786717269.86322,608941.407935389,485490496,1,0,0,8,6699CCECB76F0000,can0
177,1786717269.8640296,608941.408744847,485490496,1,0,0,8,6699CBECC3870000,can0
178,1786717269.8647816,608941.409497681,485490496,1,0,0,8,6699DCECB8700000,can0
179,1786717269.8661854,608941.410902556,485490496,1,0,0,8,6699DBECCB880000,can0
180,1786717269.86701,608941.411725347,485490496,1,0,0,8,6699ECEC377E0000,can0
181,1786717269.8677423,608941.412456764,485490496,1,0,0,8,6699EBECAD790000,can0
182,1786717269.8684607,608941.413175431,485490496,1,0,0,8,6699FCEC88690000,can0
183,1786717269.8692021,608941.413916348,485490496,1,0,0,8,6699FBEC66520000,can0
184,1786717269.957334,608941.502101931,485490657,1,0,0,8,6699FF0FAC260000,can0
185,1786717269.9584253,608941.503140348,485490657,1,0,0,8,66991C208C42FFFF,can0
186,1786717270.095995,608941.640717098,435295296,1,0,0,8,007C15FB000474E2,can0
187,1786717270.0980568,608941.642772931,435294784,1,0,0,8,800BE20000FFFFFF,can0
188,1786717270.0990212,608941.643736639,435294784,1,0,0,8,81FF4A00FFFFFFFF,can0
189,1786717270.1003692,608941.645085139,435357504,1,0,0,8,E201870D5F0000FF,can0
190,1786717270.101301,608941.646016139,435294784,1,0,0,8,800BE20103FFFFFF,can0
191,1786717270.1027532,608941.647468639,435294784,1,0,0,8,81FFFFFFFFFFFFFF,can0
192,1786717270.1037652,608941.648480764,435357504,1,0,0,8,E202A90D530000FF,can0
193,1786717270.1046734,608941.649387598,435294784,1,0,0,8,600BE20203FFFFFF,can0
194,1786717270.1058474,608941.650561514,435294784,1,0,0,8,61FFFFFFFFFFFFFF,can0
195,1786717270.1070004,608941.651717431,435357504,1,0,0,8,E203180C690000FF,can0
196,1786717270.107825,608941.652538639,435294784,1,0,0,8,600BE20303FFFFFF,can0
197,1786717270.108738,608941.653450848,435294784,1,0,0,8,61FFFFFFFFFFFFFF,can0
198,1786717270.1098125,608941.654526723,435357504,1,0,0,8,E20437088F0000FF,can0
199,1786717270.1105309,608941.655244348,435294784,1,0,0,8,600BE20403FFFFFF,can0
200,1786717270.111199,608941.655911931,435294784,1,0,0,8,61FFFFFFFFFFFFFF,can0
201,1786717270.1135705,608941.658286431,435357248,1,0,0,8,E2FFFC00FFFFFFFF,can0
202,1786717270.1856983,608941.730417639,773,0,0,0,8,0000000000000000,can0
203,1786717270.1866405,608941.731353556,775,0,0,0,8,1234567856494300,can0
204,1786717270.2774801,608941.822201973,435295297,1,0,0,8,007C15DF0004740D,can0
205,1786717270.2786937,608941.823407723,435294785,1,0,0,8,800B0D0000FFFFFF,can0
206,1786717270.2794535,608941.824168389,435294785,1,0,0,8,81FF4600FFFFFFFF,can0
207,1786717270.2801988,608941.824915181,435357505,1,0,0,8,0D01300C730000FF,can0
208,1786717270.2819738,608941.826690264,435294785,1,0,0,8,800B0D0103FFFFFF,can0
209,1786717270.2828991,608941.827613973,435294785,1,0,0,8,81FFFFFFFFFFFFFF,can0
210,1786717270.283646,608941.828361848,435357505,1,0,0,8,0D02050CB30000FF,can0
211,1786717270.2843897,608941.829103931,435294785,1,0,0,8,600B0D0203FFFFFF,can0
212,1786717270.286502,608941.831219889,435294785,1,0,0,8,61FFFFFFFFFFFFFF,can0
213,1786717270.287646,608941.832359556,435357505,1,0,0,8,0D039B0C710000FF,can0
214,1786717270.2886214,608941.833334931,435294785,1,0,0,8,600B0D0303FFFFFF,can0
215,1786717270.2895398,608941.834253806,435294785,1,0,0,8,61FFFFFFFFFFFFFF,can0
216,1786717270.290358,608941.835073348,435357505,1,0,0,8,0D049208000000FF,can0
217,1786717270.2914004,608941.836120348,435294785,1,0,0,8,600B0D0403FFFFFF,can0
218,1786717270.292251,608941.836965264,435294785,1,0,0,8,61FFFFFFFFFFFFFF,can0
219,1786717270.2964535,608941.841171181,435357249,1,0,0,8,0DFFFC00FFFFFFFF,can0
220,1786717270.2974062,608941.842121639,233966913,1,0,0,8,0001FDFFFFFFFFFF,can0
221,1786717270.2979438,608941.842656264,485490497,1,0,0,8,66998DED7B150000,can0
222,1786717270.6400719,608942.184791265,485490497,1,0,0,8,66998DED7C150000,can0
223,1786717270.6421604,608942.186881723,485490497,1,0,0,8,6699DBED04100000,can0
224,1786717270.6946282,608942.239347931,485490497,1,0,0,8,6699BCEDDFF20100,can0
225,1786717270.6959045,608942.240618973,485490497,1,0,0,8,6699B1ED02CBF405,can0
226,1786717270.6967504,608942.241464473,485490497,1,0,0,8,6699CCEC4B8B0000,can0
227,1786717270.6974206,608942.242134931,485490497,1,0,0,8,6699CBECD3790000,can0
228,1786717270.6981585,608942.242871848,485490497,1,0,0,8,6699DCEC1DD90000,can0
229,1786717270.6988373,608942.243551556,485490497,1,0,0,8,6699DBEC3C780000,can0
230,1786717270.699858,608942.244573431,485490497,1,0,0,8,6699ECECB88E0000,can0
231,1786717270.7006679,608942.245381848,485490497,1,0,0,8,6699EBEC177E0000,can0
232,1786717270.701592,608942.246308931,485490497,1,0,0,8,6699FBECB5550000,can0
233,1786717270.7329183,608942.27763814,502267713,1,0,0,8,60266699501000E8,can0
234,1786717270.734783,608942.279497556,502267713,1,0,0,8,61000000FFFFFFFF,can0
235,1786717270.7361612,608942.28087639,502267713,1,0,0,8,628515AF14000000,can0
236,1786717270.7369413,608942.281654306,502267713,1,0,0,8,630000C002000000,can0
237,1786717270.7376497,608942.282364848,502267713,1,0,0,8,6400350900009F01,can0
238,1786717270.7383304,608942.283043306,502267713,1,0,0,8,658A9A1300FFFFFF,can0
239,1786717270.739996,608942.28471264,502267713,1,0,0,8,80286699A0100013,can0
240,1786717270.7407637,608942.28547589,502267713,1,0,0,8,81002B0034003000,can0
241,1786717270.7413447,608942.286057098,502267713,1,0,0,8,8259006601320272,can0
242,1786717270.7421262,608942.28684139,502267713,1,0,0,8,830148055799FB98,can0
243,1786717270.7437696,608942.288485515,502267713,1,0,0,8,848A9A9E5CFFFFFF,can0
244,1786717270.744648,608942.289361765,502267713,1,0,0,8,85FFFFFFFFFFFFFF,can0
245,1786717270.8087926,608942.353513181,485490496,1,0,0,8,66998FEDFB000000,can0
246,1786717270.862124,608942.406845931,485490496,1,0,0,8,6699BCEDBDE50100,can0
247,1786717270.863449,608942.40816439,485490496,1,0,0,8,6699B1EDBBB77900,can0
248,1786717270.8644247,608942.409139973,485490496,1,0,0,8,6699CCECA97B0000,can0
249,1786717270.8665931,608942.41130939,485490496,1,0,0,8,6699CBEC08870000,can0
250,1786717270.8675432,608942.412257598,485490496,1,0,0,8,6699DCEC6A740000,can0
251,1786717270.8681333,608942.41284464,485490496,1,0,0,8,6699DBEC81880000,can0
252,1786717270.8686788,608942.413391973,485490496,1,0,0,8,6699ECECCA7D0000,can0
253,1786717270.8692226,608942.413935556,485490496,1,0,0,8,6699EBECBD780000,can0
254,1786717270.8697522,608942.414463848,485490496,1,0,0,8,6699FCEC4C760000,can0
255,1786717270.870199,608942.41491039,485490496,1,0,0,8,6699FBECB0510000,can0
256,1786717270.9572906,608942.502009473,485441761,1,0,0,8,6699152031030000,can0
257,1786717270.9593067,608942.504022181,485442017,1,0,0,8,6699152019030000,can0
258,1786717270.9600503,608942.504765265,485490496,1,0,0,8,6699152031030000,can0
259,1786717270.9608104,608942.505524056,485490497,1,0,0,8,6699152019030000,can0
260,1786717270.972693,608942.517413931,485490657,1,0,0,8,6699FF0FAC260000,can0
261,1786717270.9736233,608942.518337015,485490657,1,0,0,8,66991C20C441FFFF,can0
262,1786717271.0022173,608942.546937765,502267712,1,0,0,8,E0266699501000B2,can0
263,1786717271.0030372,608942.547751431,502267712,1,0,0,8,E1020000FFFFFFFF,can0
264,1786717271.0036619,608942.548375556,502267712,1,0,0,8,E28515AB14000000,can0
265,1786717271.0043209,608942.549035015,502267712,1,0,0,8,E30000C102000000,can0
266,1786717271.0050168,608942.549730723,502267712,1,0,0,8,E400420E00009602,can0
267,1786717271.047468,608942.592187848,502267712,1,0,0,8,E5EE9A4001FFFFFF,can0
268,1786717271.0485857,608942.593299765,502267712,1,0,0,8,00286699A0100040,can0
269,1786717271.0494366,608942.594151348,502267712,1,0,0,8,0101380087002101,can0
270,1786717271.0500677,608942.594781765,502267712,1,0,0,8,02D200FB014A044E,can0
271,1786717271.0506914,608942.595404181,502267712,1,0,0,8,030D750AB5980E9A,can0
272,1786717271.0515413,608942.596256306,502267712,1,0,0,8,04EE9A9C5FFFFFFF,can0
273,1786717271.064218,608942.608932265,502267712,1,0,0,8,05FFFFFFFFFFFFFF,can0
274,1786717271.0649836,608942.609697598,502267712,1,0,0,8,202666994F100100,can0
275,1786717271.0660446,608942.610760306,502267712,1,0,0,8,21430000007E2000,can0
276,1786717271.0668604,608942.611576723,502267712,1,0,0,8,2200CF830200EE9A,can0
277,1786717271.0676491,608942.612362806,502267712,1,0,0,8,23EE1508DE11FFFF,can0
278,1786717271.0684037,608942.61311764,502267712,1,0,0,8,24FFFFFFFFFFFFFF,can0
279,1786717271.0700314,608942.614747098,502267712,1,0,0,8,25FFFFFFFFFFFFFF,can0
280,1786717271.0707922,608942.61550664,485490496,1,0,0,8,6699DCED7E200000,can0
281,1786717271.0714946,608942.616208181,485490496,1,0,0,8,6699DDEDCF830200,can0
282,1786717271.072168,608942.616881806,485490496,1,0,0,8,6699D3EDB2020000,can0
283,1786717271.0884414,608942.633161056,485490657,1,0,0,8,669902207B150000,can0
284,1786717271.0969317,608942.641651515,485490657,1,0,0,8,669903204C090000,can0
285,1786717271.1856248,608942.730345473,485441761,1,0,0,8,66990100D0EDFCFF,can0
286,1786717271.1868002,608942.731515098,485441761,1,0,0,8,66990100DCEDFEFF,can0
287,1786717271.1874993,608942.732212473,485441761,1,0,0,8,66990100DAEDFFFF,can0
288,1786717271.1883852,608942.733101265,485441761,1,0,0,8,669901002720FFFF,can0
289,1786717271.1891813,608942.73389614,773,0,0,0,8,0000000000000000,can0
290,1786717271.1899195,608942.73463564,775,0,0,0,8,1234567856494300,can0
291,1786717271.19069,608942.735403556,485490496,1,0,0,8,6699DAED00000000,can0
292,1786717271.1914253,608942.736140723,485490496,1,0,0,8,66992720EED40300,can0
293,1786717271.239535,608942.784251056,485490497,1,0,0,8,66990102FC000000,can0
294,1786717271.2403061,608942.785018223,485490497,1,0,0,8,66990A02FC000000,can0
295,1786717271.2563062,608942.801025098,485490496,1,0,0,8,6699DCED7E200000,can0
296,1786717271.2574506,608942.802165181,485490496,1,0,0,8,6699DDEDCF830200,can0
297,1786717271.2584333,608942.803147848,485490496,1,0,0,8,6699D0ED730E0000,can0
298,1786717271.259292,608942.804005348,485490496,1,0,0,8,6699D1EDF9030000,can0
299,1786717271.2658463,608942.81056389,485490496,1,0,0,8,6699D2ED420E0000,can0
300,1786717271.2678788,608942.81259364,485490496,1,0,0,8,6699D3EDB2020000,can0
301,1786717271.2833633,608942.82807814,485490497,1,0,0,8,6699000201000000,can0
302,1786717271.2865117,608942.831226973,485490497,1,0,0,8,6699020200000000,can0
303,1786717271.2882307,608942.83294739,485490497,1,0,0,8,6699070200000000,can0
304,1786717271.2892547,608942.833969098,485490497,1,0,0,8,66991E0300000000,can0
305,1786717271.290134,608942.834847265,485490497,1,0,0,8,66991C0300000000,can0
306,1786717271.2909968,608942.835712557,485490497,1,0,0,8,66998DED7C150000,can0
307,1786717271.3326223,608942.877341848,485490497,1,0,0,8,66998FEDDF000000,can0
308,1786717271.3343182,608942.879034098,485490497,1,0,0,8,6699ECED04740000,can0
309,1786717271.335139,608942.87985339,485490497,1,0,0,8,6699DAED00000000,can0
310,1786717271.5352857,608943.080091348,485490497,1,0,0,8,6699B3ED01000000,can0
311,1786717271.5366738,608943.081387765,485490497,1,0,0,8,6699BCED82F30100,can0
312,1786717271.5508296,608943.095547848,502267712,1,0,0,8,401D6699431001E2,can0
313,1786717271.5524719,608943.097187015,502267712,1,0,0,8,410B0A00CE3F0000,can0
314,1786717271.5539386,608943.09865339,502267712,1,0,0,8,4200000000000000,can0
315,1786717271.554727,608943.09944164,502267712,1,0,0,8,4300000000000000,can0
316,1786717271.5556033,608943.100319473,502267712,1,0,0,8,440000FFFFFFFFFF,can0
317,1786717271.556393,608943.101107682,502267712,1,0,0,8,601D669942100151,can0
318,1786717271.5571067,608943.101820182,502267712,1,0,0,8,619AA20131A00400,can0
319,1786717271.5577955,608943.102509598,502267712,1,0,0,8,6200000000000000,can0
320,1786717271.5584798,608943.103194473,502267712,1,0,0,8,6300110000000000,can0
321,1786717271.5593953,608943.104108598,502267712,1,0,0,8,640000FFFFFFFFFF,can0
322,1786717271.5968237,608943.141544182,435295296,1,0,0,8,007C15FF00047404,can0
323,1786717271.597975,608943.142689265,435294784,1,0,0,8,A00B040000FFFFFF,can0
324,1786717271.5988462,608943.143559015,435294784,1,0,0,8,A1FF4A00FFFFFFFF,can0
325,1786717271.5995867,608943.14430339,435357504,1,0,0,8,0401800D5A0000FF,can0
326,1786717271.6005337,608943.145247432,435294784,1,0,0,8,A00B040103FFFFFF,can0
327,1786717271.6020782,608943.146794973,435294784,1,0,0,8,A1FFFFFFFFFFFFFF,can0
328,1786717271.6029108,608943.147624265,435357504,1,0,0,8,0402A70D570000FF,can0
329,1786717271.6038516,608943.148566182,435294784,1,0,0,8,800B040203FFFFFF,can0
330,1786717271.6046267,608943.149340598,435294784,1,0,0,8,81FFFFFFFFFFFFFF,can0
331,1786717271.6055279,608943.15024414,435357504,1,0,0,8,0403130C670000FF,can0
332,1786717271.6063097,608943.15102289,435294784,1,0,0,8,800B040303FFFFFF,can0
333,1786717271.6070073,608943.151720848,435294784,1,0,0,8,81FFFFFFFFFFFFFF,can0
334,1786717271.607686,608943.152399015,435357504,1,0,0,8,04042B088C0000FF,can0
335,1786717271.6083827,608943.153097098,435294784,1,0,0,8,800B040403FFFFFF,can0
336,1786717271.609052,608943.153765432,435294784,1,0,0,8,81FFFFFFFFFFFFFF,can0
337,1786717271.6095788,608943.154291098,435357248,1,0,0,8,04FFFC00FFFFFFFF,can0
338,1786717271.6285343,608943.173254473,502267713,1,0,0,8,A0266699501000E8,can0
339,1786717271.6296618,608943.174377682,502267713,1,0,0,8,A1000000FFFFFFFF,can0
340,1786717271.6345658,608943.179282848,502267713,1,0,0,8,A28515AF14000000,can0
341,1786717271.635824,608943.180539598,502267713,1,0,0,8,A30000C002000000,can0
342,1786717271.6374774,608943.182195307,502267713,1,0,0,8,A400350900009F01,can0
343,1786717271.6382682,608943.182981348,502267713,1,0,0,8,A58A9A1300FFFFFF,can0
344,1786717271.6388202,608943.183532723,418316257,1,0,0,8,F401C02C0082F0C0,can0
345,1786717271.645695,608943.190414765,485490497,1,0,0,8,6699DBED04100000,can0
346,1786717271.6967154,608943.241436307,485490497,1,0,0,8,6699BCEDC8F30100,can0
347,1786717271.6978161,608943.242531848,485490497,1,0,0,8,6699B1ED8994F505,can0
348,1786717271.6986997,608943.24341589,485490497,1,0,0,8,6699CCECE08A0000,can0
349,1786717271.70092,608943.245647848,485490497,1,0,0,8,6699CBECC9790000,can0
350,1786717271.7022161,608943.246935848,485490497,1,0,0,8,6699DCEC3CDA0000,can0
351,1786717271.7035003,608943.248216848,485490497,1,0,0,8,6699DBEC49780000,can0
352,1786717271.7044866,608943.249201182,485490497,1,0,0,8,6699ECECE38E0000,can0
353,1786717271.705266,608943.24998239,485490497,1,0,0,8,6699EBEC1D7E0000,can0
354,1786717271.7089896,608943.253704765,485490497,1,0,0,8,6699FBECB6550000,can0
355,1786717271.7769928,608943.32171289,435295297,1,0,0,8,007C15DF0004742B,can0
356,1786717271.7803931,608943.325109432,435294785,1,0,0,8,A00B2B0000FFFFFF,can0
357,1786717271.7814047,608943.326119515,435294785,1,0,0,8,A1FF4600FFFFFFFF,can0
358,1786717271.782174,608943.32689389,435357505,1,0,0,8,2B012E0C710000FF,can0
359,1786717271.783062,608943.327776973,435294785,1,0,0,8,A00B2B0103FFFFFF,can0
360,1786717271.7838175,608943.32853189,435294785,1,0,0,8,A1FFFFFFFFFFFFFF,can0
361,1786717271.7847652,608943.329478973,435357505,1,0,0,8,2B02070CB50000FF,can0
362,1786717271.8004777,608943.345195348,435294785,1,0,0,8,800B2B0203FFFFFF,can0
363,1786717271.801304,608943.346017765,435294785,1,0,0,8,81FFFFFFFFFFFFFF,can0
364,1786717271.8045018,608943.349227932,435357505,1,0,0,8,2B039D0C710000FF,can0
365,1786717271.8061275,608943.350841473,435294785,1,0,0,8,800B2B0303FFFFFF,can0
366,1786717271.8067997,608943.351513432,435294785,1,0,0,8,81FFFFFFFFFFFFFF,can0
367,1786717271.8076112,608943.35233339,435357505,1,0,0,8,2B049208000000FF,can0
368,1786717271.808912,608943.353625682,435294785,1,0,0,8,800B2B0403FFFFFF,can0
369,1786717271.8096626,608943.35437639,435294785,1,0,0,8,81FFFFFFFFFFFFFF,can0
370,1786717271.810319,608943.355032807,435357249,1,0,0,8,2BFFFC00FFFFFFFF,can0
371,1786717271.8160663,608943.360781265,485490497,1,0,0,8,66994E0301000000,can0
372,1786717271.8168933,608943.361608223,485490496,1,0,0,8,66998FED00010000,can0
373,1786717271.8645175,608943.409238598,485490496,1,0,0,8,6699BCEDC8DF0100,can0
374,1786717271.8656435,608943.410358557,485490496,1,0,0,8,6699B1ED3DE67900,can0
375,1786717271.8666494,608943.411364682,485490496,1,0,0,8,6699CCEC83780000,can0
376,1786717271.867576,608943.412291182,485490496,1,0,0,8,6699CBEC40870000,can0
377,1786717271.8682847,608943.412999848,485490496,1,0,0,8,6699DCEC09740000,can0
378,1786717271.8692653,608943.413982307,485490496,1,0,0,8,6699DBEC93880000,can0
379,1786717271.870706,608943.415421307,485490496,1,0,0,8,6699ECECC87D0000,can0
380,1786717271.8721552,608943.416870598,485490496,1,0,0,8,6699EBECA3780000,can0
381,1786717271.8729565,608943.417671473,485490496,1,0,0,8,6699FCECB7760000,can0
382,1786717271.8736787,608943.418392598,485490496,1,0,0,8,6699FBECA3510000,can0
383,1786717271.9696033,608943.514323932,485490657,1,0,0,8,6699FF0FAC260000,can0
384,1786717271.9704826,608943.515197015,485490657,1,0,0,8,66991C20B843FFFF,can0
385,1786717272.182854,608943.727575682,773,0,0,0,8,0000000000000000,can0
386,1786717272.188286,608943.733004349,775,0,0,0,8,1234567856494300,can0
387,1786717272.3821952,608943.926914932,485490657,1,0,0,8,669901207C150000,can0
388,1786717272.3857508,608943.930470307,485490657,1,0,0,8,66990E200D000000,can0
389,1786717272.6942132,608944.238933099,485490497,1,0,0,8,6699BCEDCBF40100,can0
390,1786717272.6951458,608944.239860224,485490497,1,0,0,8,6699B1EDF8CBF505,can0
391,1786717272.6960752,608944.240787891,485490497,1,0,0,8,6699CCECBB8A0000,can0
392,1786717272.6970317,608944.241747599,485490497,1,0,0,8,6699CBECC3790000,can0
393,1786717272.699075,608944.243790766,485490497,1,0,0,8,6699DCEC7BDB0000,can0
394,1786717272.7002847,608944.244999599,485490497,1,0,0,8,6699DBEC4B780000,can0
395,1786717272.7015574,608944.246271182,485490497,1,0,0,8,6699ECECA38E0000,can0
396,1786717272.7022812,608944.246994349,485490497,1,0,0,8,6699EBEC1F7E0000,can0
397,1786717272.7027447,608944.247456807,485490497,1,0,0,8,6699FBECB1550000,can0
398,1786717272.7482545,608944.292974474,485490496,1,0,0,8,66998DED7B150000,can0
399,1786717272.7796283,608944.324347474,485442017,1,0,0,8,66990100D0EDFCFF,can0
400,1786717272.7805758,608944.325292682,485442017,1,0,0,8,66990100DCEDFEFF,can0
401,1786717272.7847025,608944.329420849,485442017,1,0,0,8,66990100DAEDFFFF,can0
402,1786717272.7883992,608944.333124391,485442017,1,0,0,8,669901002720FFFF,can0
403,1786717272.7896838,608944.334401016,485490497,1,0,0,8,6699DAED00000000,can0
404,1786717272.790484,608944.335197974,485490497,1,0,0,8,669927207BD40300,can0
405,1786717272.8049097,608944.349636224,485490497,1,0,0,8,6699DCED36110000,can0
406,1786717272.8061361,608944.350851724,485490497,1,0,0,8,6699DDEDBC280000,can0
407,1786717272.8077757,608944.352491307,485490497,1,0,0,8,6699D0ED38080000,can0
408,1786717272.8087468,608944.353460724,485490497,1,0,0,8,6699D1ED29010000,can0
409,1786717272.809293,608944.354005224,485490497,1,0,0,8,6699D2ED35090000,can0
410,1786717272.80973,608944.354442682,485490497,1,0,0,8,6699D3EDE8000000,can0
411,1786717272.8102582,608944.354970849,485490496,1,0,0,8,66998DED7C150000,can0
412,1786717272.8293247,608944.374043516,485490497,1,0,0,8,66998FEDE0000000,can0
413,1786717272.8613756,608944.406095266,485490496,1,0,0,8,6699BCED03E00100,can0
414,1786717272.8622286,608944.406942349,485490496,1,0,0,8,6699B1ED552E7A00,can0
415,1786717272.862905,608944.407619891,485490496,1,0,0,8,6699CCECCE790000,can0
416,1786717272.8637629,608944.408480766,485490496,1,0,0,8,6699CBEC39870000,can0
417,1786717272.8647385,608944.409454391,485490496,1,0,0,8,6699DCEC0E740000,can0
418,1786717272.865715,608944.410430641,485490496,1,0,0,8,6699DBECA6880000,can0
419,1786717272.8665507,608944.411266099,485490496,1,0,0,8,6699ECEC337E0000,can0
420,1786717272.867348,608944.412060891,485490496,1,0,0,8,6699EBECEC780000,can0
421,1786717272.86941,608944.414128682,485490496,1,0,0,8,6699FCECED720000,can0
422,1786717272.870364,608944.415078766,485490496,1,0,0,8,6699FBECD5510000,can0
423,1786717272.9642036,608944.508923474,485490657,1,0,0,8,6699FF0FAC260000,can0
424,1786717272.965231,608944.509944932,485490657,1,0,0,8,66991C208044FFFF,can0
425,1786717273.0485284,608944.593248724,485490496,1,0,0,8,66998FEDFF000000,can0
426,1786717273.0959046,608944.640625266,435295296,1,0,0,8,007C15FF00047422,can0
427,1786717273.097037,608944.641752349,435294784,1,0,0,8,C00B220000FFFFFF,can0
428,1786717273.0981498,608944.642864474,435294784,1,0,0,8,C1FF4A00FFFFFFFF,can0
429,1786717273.0989711,608944.643686724,435357504,1,0,0,8,2201840D5B0000FF,can0
430,1786717273.0996559,608944.644370432,435294784,1,0,0,8,C00B220103FFFFFF,can0
431,1786717273.121036,608944.665750974,435294784,1,0,0,8,C1FFFFFFFFFFFFFF,can0
432,1786717273.1219387,608944.666653724,435357504,1,0,0,8,2202AB0D550000FF,can0
433,1786717273.1229556,608944.667670016,435294784,1,0,0,8,A00B220203FFFFFF,can0
434,1786717273.1237168,608944.668431224,435294784,1,0,0,8,A1FFFFFFFFFFFFFF,can0
435,1786717273.1286778,608944.673396182,435357504,1,0,0,8,22031B0C670000FF,can0
436,1786717273.1297414,608944.674455016,435294784,1,0,0,8,A00B220303FFFFFF,can0
437,1786717273.1365392,608944.681254141,435294784,1,0,0,8,A1FFFFFFFFFFFFFF,can0
438,1786717273.1374228,608944.682136432,435357504,1,0,0,8,22042D088D0000FF,can0
439,1786717273.138157,608944.682870682,435294784,1,0,0,8,A00B220403FFFFFF,can0
440,1786717273.138851,608944.683564974,435294784,1,0,0,8,A1FFFFFFFFFFFFFF,can0
441,1786717273.141023,608944.685742516,435357248,1,0,0,8,22FFFC00FFFFFFFF,can0
442,1786717273.1829097,608944.727657349,773,0,0,0,8,0000000000000000,can0
443,1786717273.183913,608944.728627932,775,0,0,0,8,1234567856494300,can0
444,1786717273.2865412,608944.831261599,435295297,1,0,0,8,007C15E000047449,can0
445,1786717273.287807,608944.832520807,435294785,1,0,0,8,C00B490000FFFFFF,can0
446,1786717273.2924676,608944.837186266,435294785,1,0,0,8,C1FF4600FFFFFFFF,can0
447,1786717273.293976,608944.838691766,435357505,1,0,0,8,4901300C730000FF,can0
448,1786717273.2976546,608944.842368807,435294785,1,0,0,8,C00B490103FFFFFF,can0
449,1786717273.2984712,608944.843184599,435294785,1,0,0,8,C1FFFFFFFFFFFFFF,can0
450,1786717273.298991,608944.843703516,435357505,1,0,0,8,4902040CB40000FF,can0
451,1786717273.2994251,608944.844136307,435294785,1,0,0,8,A00B490203FFFFFF,can0
452,1786717273.2998326,608944.844544849,435294785,1,0,0,8,A1FFFFFFFFFFFFFF,can0
453,1786717273.300215,608944.844927432,435357505,1,0,0,8,49039A0C710000FF,can0
454,1786717273.3005896,608944.845301099,435294785,1,0,0,8,A00B490303FFFFFF,can0
455,1786717273.3009548,608944.845667057,435294785,1,0,0,8,A1FFFFFFFFFFFFFF,can0
456,1786717273.3013136,608944.846025224,435357505,1,0,0,8,49049208000000FF,can0
457,1786717273.3016698,608944.846381932,435294785,1,0,0,8,A00B490403FFFFFF,can0
458,1786717273.3056622,608944.850382182,435294785,1,0,0,8,A1FFFFFFFFFFFFFF,can0
459,1786717273.3066115,608944.851325891,435357249,1,0,0,8,49FFFC00FFFFFFFF,can0
460,1786717273.3076963,608944.852410641,502267713,1,0,0,8,C0266699501000E8,can0
461,1786717273.3084483,608944.853162641,502267713,1,0,0,8,C1000000FFFFFFFF,can0
462,1786717273.3091908,608944.853905641,502267713,1,0,0,8,C28515AF14000000,can0
463,1786717273.3099666,608944.854680474,502267713,1,0,0,8,C30000C002000000,can0
464,1786717273.310672,608944.855386349,502267713,1,0,0,8,C400350900009F01,can0
465,1786717273.3113859,608944.856099474,502267713,1,0,0,8,C58A9A1300FFFFFF,can0
466,1786717273.3120422,608944.856755557,502267713,1,0,0,8,E0286699A0100013,can0
467,1786717273.3127193,608944.857433141,502267713,1,0,0,8,E1002B0034003000,can0
468,1786717273.3134553,608944.858170224,502267713,1,0,0,8,E259006601330272,can0
469,1786717273.3142176,608944.858931557,502267713,1,0,0,8,E30148055799FB98,can0
470,1786717273.3149436,608944.859657182,502267713,1,0,0,8,E48A9A9E5CFFFFFF,can0
471,1786717273.31584,608944.860554974,502267713,1,0,0,8,E5FFFFFFFFFFFFFF,can0
472,1786717273.552784,608945.097505433,485490496,1,0,0,8,66990102FC000000,can0
473,1786717273.5540314,608945.098745266,485490496,1,0,0,8,66990A02FC000000,can0
474,1786717273.601912,608945.146649891,485490496,1,0,0,8,6699000201000000,can0
475,1786717273.6030288,608945.147742141,485490496,1,0,0,8,6699020200000000,can0
476,1786717273.6039226,608945.148637141,485490496,1,0,0,8,6699070200000000,can0
477,1786717273.6049356,608945.149652266,485490496,1,0,0,8,66991E0300000000,can0
478,1786717273.6062832,608945.150999141,485490496,1,0,0,8,66991C0300000000,can0
479,1786717273.6070848,608945.151800433,485490496,1,0,0,8,66998DED7C150000,can0
480,1786717273.6502297,608945.194952141,485490496,1,0,0,8,66998FED00010000,can0
481,1786717273.6513026,608945.196017599,485490496,1,0,0,8,6699ECED04740000,can0
482,1786717273.6539717,608945.198691516,485490496,1,0,0,8,6699DAED00000000,can0
483,1786717273.6943982,608945.239117891,485490497,1,0,0,8,6699BCEDB5F50100,can0
484,1786717273.6954124,608945.240128224,485490497,1,0,0,8,6699B1ED37DBF505,can0
485,1786717273.6961014,608945.240814349,485490497,1,0,0,8,6699CCEC178B0000,can0
486,1786717273.6967783,608945.241492308,485490497,1,0,0,8,6699CBECCD790000,can0
487,1786717273.6976817,608945.242397183,485490497,1,0,0,8,6699DCEC03DC0000,can0
488,1786717273.6983945,608945.243108724,485490497,1,0,0,8,6699DBEC3E780000,can0
489,1786717273.6995668,608945.244283933,485490497,1,0,0,8,6699ECEC788E0000,can0
490,1786717273.7004793,608945.245194183,485490497,1,0,0,8,6699EBEC1E7E0000,can0
491,1786717273.7020357,608945.246754891,485490497,1,0,0,8,6699FBECB3550000,can0
492,1786717273.808145,608945.352865558,485490496,1,0,0,8,66998DED7C150000,can0
493,1786717273.8099704,608945.354689641,485490496,1,0,0,8,66998FED00010000,can0
494,1786717273.853442,608945.398161683,485490496,1,0,0,8,6699B3ED01000000,can0
495,1786717273.8544948,608945.399208808,485490496,1,0,0,8,6699BCEDB7DD0100,can0
496,1786717273.8636606,608945.408379974,485490496,1,0,0,8,6699BCEDB7DD0100,can0
497,1786717273.864579,608945.409293058,485490496,1,0,0,8,6699B1ED5C2E7A00,can0
498,1786717273.8651938,608945.409907516,485490496,1,0,0,8,6699CCEC3A770000,can0
499,1786717273.8661802,608945.410894933,485490496,1,0,0,8,6699CBEC60870000,can0
500,1786717273.867066,608945.411779599,485490496,1,0,0,8,6699DCECA2730000,can0
501,1786717273.8711548,608945.415869724,485490496,1,0,0,8,6699DBECBF880000,can0
502,1786717273.8720691,608945.416783099,485490496,1,0,0,8,6699ECEC9E7E0000,can0
503,1786717273.8727887,608945.417501516,485490496,1,0,0,8,6699EBECA0780000,can0
504,1786717273.8732615,608945.417973641,485490496,1,0,0,8,6699FCEC37760000,can0
505,1786717273.8741472,608945.418860974,485490496,1,0,0,8,6699FBECA9510000,can0
506,1786717273.9461079,608945.490827099,502267712,1,0,0,8,80266699501000B2,can0
507,1786717273.9469757,608945.491689099,502267712,1,0,0,8,81020000FFFFFFFF,can0
508,1786717273.9475317,608945.492244016,502267712,1,0,0,8,828515AB14000000,can0
509,1786717273.9479856,608945.492697849,502267712,1,0,0,8,830000C102000000,can0
510,1786717273.9483979,608945.493110349,502267712,1,0,0,8,8400420E00009602,can0
511,1786717273.9487975,608945.493509141,502267712,1,0,0,8,85EE9A4001FFFFFF,can0
512,1786717273.9636073,608945.508327974,485441761,1,0,0,8,6699152030030000,can0
513,1786717273.965716,608945.510432433,485490496,1,0,0,8,6699152030030000,can0
514,1786717273.9771686,608945.521885058,485442017,1,0,0,8,669915201A030000,can0
515,1786717273.9780438,608945.522757391,485490497,1,0,0,8,669915201A030000,can0
516,1786717273.9787786,608945.523492599,485490657,1,0,0,8,6699FF0FAC260000,can0
517,1786717273.9794836,608945.524197516,485490657,1,0,0,8,66991C20E444FFFF,can0
518,1786717274.0858293,608945.630550433,485490657,1,0,0,8,669902207B150000,can0
519,1786717274.1055107,608945.650271016,485490496,1,0,0,8,66994E0301000000,can0
520,1786717274.1323369,608945.6770551,502267713,1,0,0,8,001D6699431001A0,can0
521,1786717274.1332552,608945.6779696,502267713,1,0,0,8,010A0A00DD1E0000,can0
522,1786717274.136342,608945.681058433,502267713,1,0,0,8,0200000000000000,can0
523,1786717274.1370933,608945.6818071,502267713,1,0,0,8,0300000000000000,can0
524,1786717274.1377904,608945.6825051,502267713,1,0,0,8,040000FFFFFFFFFF,can0
525,1786717274.1869931,608945.7317131,773,0,0,0,8,0000000000000000,can0
526,1786717274.188016,608945.732731225,775,0,0,0,8,1234567856494300,can0
527,1786717274.5960252,608946.140745308,435295296,1,0,0,8,007C150001047440,can0
528,1786717274.5969524,608946.141666391,435294784,1,0,0,8,E00B400000FFFFFF,can0
529,1786717274.5978239,608946.14253735,435294784,1,0,0,8,E1FF4A00FFFFFFFF,can0
530,1786717274.5985825,608946.143296016,435357504,1,0,0,8,40018A0D5C0000FF,can0
531,1786717274.599299,608946.144011891,435294784,1,0,0,8,E00B400103FFFFFF,can0
532,1786717274.6000195,608946.144733183,435294784,1,0,0,8,E1FFFFFFFFFFFFFF,can0
533,1786717274.606306,608946.151022308,435357504,1,0,0,8,4002AE0D520000FF,can0
534,1786717274.607278,608946.151995933,435294784,1,0,0,8,C00B400203FFFFFF,can0
535,1786717274.6081886,608946.152903308,435294784,1,0,0,8,C1FFFFFFFFFFFFFF,can0
536,1786717274.6089866,608946.153701016,435357504,1,0,0,8,4003180C6A0000FF,can0
537,1786717274.6098852,608946.154599891,435294784,1,0,0,8,C00B400303FFFFFF,can0
538,1786717274.6108265,608946.155539725,435294784,1,0,0,8,C1FFFFFFFFFFFFFF,can0
539,1786717274.611393,608946.156105766,435357504,1,0,0,8,40042408990000FF,can0
540,1786717274.6118498,608946.156561516,435294784,1,0,0,8,C00B400403FFFFFF,can0
541,1786717274.6122894,608946.157002725,435294784,1,0,0,8,C1FFFFFFFFFFFFFF,can0
542,1786717274.6128285,608946.157540975,435357248,1,0,0,8,40FFFC00FFFFFFFF,can0
543,1786717274.6134434,608946.158157058,233966912,1,0,0,8,0001FDFFFFFFFFFF,can0
544,1786717274.69505,608946.239771141,485490497,1,0,0,8,6699BCED77F50100,can0
545,1786717274.6980453,608946.24275885,485490497,1,0,0,8,6699B1ED69DFF505,can0
546,1786717274.700739,608946.245452641,485490497,1,0,0,8,6699CCECEF8A0000,can0
547,1786717274.7031019,608946.2478171,485490497,1,0,0,8,6699CBECD6790000,can0
548,1786717274.7038674,608946.248581641,485490497,1,0,0,8,6699DCECBADB0000,can0
549,1786717274.715004,608946.259722058,485490497,1,0,0,8,6699DBEC48780000,can0
550,1786717274.7160852,608946.260799475,485490497,1,0,0,8,6699ECECBE8E0000,can0
551,1786717274.716897,608946.261611475,485490497,1,0,0,8,6699EBEC217E0000,can0
552,1786717274.717503,608946.262216225,485490497,1,0,0,8,6699FBECB3550000,can0
553,1786717274.7772226,608946.321943517,435295297,1,0,0,8,007C15E000047467,can0
554,1786717274.7783751,608946.323089683,435294785,1,0,0,8,E00B670000FFFFFF,can0
555,1786717274.7792833,608946.323998058,435294785,1,0,0,8,E1FF4600FFFFFFFF,can0
556,1786717274.7801006,608946.324815517,435357505,1,0,0,8,67012F0C720000FF,can0
557,1786717274.7820375,608946.3267521,435294785,1,0,0,8,E00B670103FFFFFF,can0
558,1786717274.782826,608946.327538517,435294785,1,0,0,8,E1FFFFFFFFFFFFFF,can0
559,1786717274.78359,608946.328303475,435357505,1,0,0,8,6702070CB70000FF,can0
560,1786717274.7842479,608946.32896085,435294785,1,0,0,8,C00B670203FFFFFF,can0
561,1786717274.785567,608946.330284392,435294785,1,0,0,8,C1FFFFFFFFFFFFFF,can0
562,1786717274.7864225,608946.331136267,435357505,1,0,0,8,67039D0C710000FF,can0
563,1786717274.787562,608946.332275808,435294785,1,0,0,8,C00B670303FFFFFF,can0
564,1786717274.7895188,608946.3342346,435294785,1,0,0,8,C1FFFFFFFFFFFFFF,can0
565,1786717274.7906656,608946.335380392,435357505,1,0,0,8,67049208000000FF,can0
566,1786717274.7918386,608946.336554058,435294785,1,0,0,8,C00B670403FFFFFF,can0
567,1786717274.793858,608946.33857585,435294785,1,0,0,8,C1FFFFFFFFFFFFFF,can0
568,1786717274.7946434,608946.3393566,435357249,1,0,0,8,67FFFC00FFFFFFFF,can0
569,1786717274.8071344,608946.351853767,485490496,1,0,0,8,66998DED7B150000,can0
570,1786717274.8476856,608946.392405767,485490496,1,0,0,8,66998FED01010000,can0
571,1786717274.8620803,608946.406800767,485490496,1,0,0,8,6699BCED3FE20100,can0
572,1786717274.8629987,608946.407713183,485490496,1,0,0,8,6699B1EDF7167A00,can0
573,1786717274.86373,608946.4084441,485490496,1,0,0,8,6699CCECEE750000,can0
574,1786717274.864428,608946.409141767,485490496,1,0,0,8,6699CBEC67870000,can0
575,1786717274.8656824,608946.410396017,485490496,1,0,0,8,6699DCEC19740000,can0
576,1786717274.866331,608946.411045017,485490496,1,0,0,8,6699DBECBA880000,can0
577,1786717274.8669422,608946.411655558,485490496,1,0,0,8,6699ECEC087F0000,can0
578,1786717274.867475,608946.412188142,485490496,1,0,0,8,6699EBECAD780000,can0
579,1786717274.868521,608946.413236517,485490496,1,0,0,8,6699FCECC17C0000,can0
580,1786717274.8692513,608946.413965433,485490496,1,0,0,8,6699FBECE9500000,can0
581,1786717274.9688647,608946.513583933,485490657,1,0,0,8,6699FF0FAC260000,can0
582,1786717274.9731374,608946.517851558,485490657,1,0,0,8,66991C20B843FFFF,can0
583,1786717275.1797638,608946.724483933,773,0,0,0,8,0000000000000000,can0
584,1786717275.180726,608946.725440725,775,0,0,0,8,1234567856494300,can0
585,1786717275.6946027,608947.239386725,485490497,1,0,0,8,6699BCED51F40100,can0
586,1786717275.6959355,608947.240651517,485490497,1,0,0,8,6699B1ED90E0F505,can0
587,1786717275.6968966,608947.2416111,485490497,1,0,0,8,6699CCEC7B8A0000,can0
588,1786717275.69819,608947.242907392,485490497,1,0,0,8,6699CBECD1790000,can0
589,1786717275.6990225,608947.243737267,485490497,1,0,0,8,6699DCECF5DA0000,can0
590,1786717275.7000837,608947.244799975,485490497,1,0,0,8,6699DBEC3F780000,can0
591,1786717275.7008576,608947.245572309,485490497,1,0,0,8,6699ECEC818E0000,can0
592,1786717275.7017636,608947.246478642,485490497,1,0,0,8,6699EBEC197E0000,can0
593,1786717275.7026641,608947.247377809,485490497,1,0,0,8,6699FBECAD550000,can0
594,1786717275.8069782,608947.351699059,485490496,1,0,0,8,66998DED7B150000,can0
595,1786717275.808586,608947.353313059,485490496,1,0,0,8,66998FED07010000,can0
596,1786717275.8613622,608947.406082434,485490496,1,0,0,8,6699BCED98E50100,can0
597,1786717275.8625538,608947.407269809,485490496,1,0,0,8,6699B1EDADC87A00,can0
598,1786717275.863754,608947.408469642,485490496,1,0,0,8,6699CCEC33780000,can0
599,1786717275.864808,608947.409523392,485490496,1,0,0,8,6699CBEC2B870000,can0
600,1786717275.867207,608947.411922184,485490496,1,0,0,8,6699DCECC6720000,can0
601,1786717275.8704653,608947.415179934,485490496,1,0,0,8,6699DBECCA880000,can0
602,1786717275.8717842,608947.416500475,485490496,1,0,0,8,6699ECEC827F0000,can0
603,1786717275.8725746,608947.4172891,485490496,1,0,0,8,6699EBECBF790000,can0
604,1786717275.874608,608947.419323017,485490496,1,0,0,8,6699FCECEA7A0000,can0
605,1786717275.8752358,608947.419948517,485490496,1,0,0,8,6699FBEC26510000,can0
606,1786717275.9294126,608947.474133142,485490497,1,0,0,8,66998FEDDF000000,can0
607,1786717275.97823,608947.522950017,485490657,1,0,0,8,6699FF0FAC260000,can0
608,1786717275.9790447,608947.523759059,485490657,1,0,0,8,66991C20C441FFFF,can0
609,1786717276.0962052,608947.640925559,435295296,1,0,0,8,007B15060104745E,can0
610,1786717276.0991998,608947.643917059,435294784,1,0,0,8,000B5E0000FFFFFF,can0
611,1786717276.1058166,608947.650534934,435294784,1,0,0,8,01FF4A00FFFFFFFF,can0
612,1786717276.1068223,608947.651537642,435357504,1,0,0,8,5E01780D590000FF,can0
613,1786717276.107587,608947.652301642,435294784,1,0,0,8,000B5E0103FFFFFF,can0
614,1786717276.1083474,608947.653061225,435294784,1,0,0,8,01FFFFFFFFFFFFFF,can0
615,1786717276.116021,608947.6607376,435357504,1,0,0,8,5E02A70D5B0000FF,can0
616,1786717276.1168714,608947.661585267,435294784,1,0,0,8,E00B5E0203FFFFFF,can0
617,1786717276.117632,608947.662346642,435294784,1,0,0,8,E1FFFFFFFFFFFFFF,can0
618,1786717276.118346,608947.663059892,435357504,1,0,0,8,5E03160C6A0000FF,can0
619,1786717276.119045,608947.66375835,435294784,1,0,0,8,E00B5E0303FFFFFF,can0
620,1786717276.1198575,608947.664572309,435294784,1,0,0,8,E1FFFFFFFFFFFFFF,can0
621,1786717276.1205623,608947.66527635,435357504,1,0,0,8,5E040A089E0000FF,can0
622,1786717276.1213703,608947.666083892,435294784,1,0,0,8,E00B5E0403FFFFFF,can0
623,1786717276.1222746,608947.666989892,435294784,1,0,0,8,E1FFFFFFFFFFFFFF,can0
624,1786717276.123217,608947.66793235,435357248,1,0,0,8,5EFFFC00FFFFFFFF,can0
625,1786717276.1855807,608947.730301392,485441761,1,0,0,8,66990100D0EDFCFF,can0
626,1786717276.186584,608947.731298434,485441761,1,0,0,8,66990100DCEDFEFF,can0
627,1786717276.187368,608947.732082601,485441761,1,0,0,8,66990100DAEDFFFF,can0
628,1786717276.1899784,608947.734692142,485441761,1,0,0,8,669901002720FFFF,can0
629,1786717276.1908336,608947.735548184,773,0,0,0,8,0000000000000000,can0
630,1786717276.1915371,608947.736251059,775,0,0,0,8,1234567856494300,can0
631,1786717276.196509,608947.741223017,485490496,1,0,0,8,6699DAED00000000,can0
632,1786717276.1973777,608947.742091434,485490496,1,0,0,8,6699272053E70300,can0
633,1786717276.2071614,608947.751881684,485490496,1,0,0,8,6699DCED7E200000,can0
634,1786717276.209503,608947.754218351,485490496,1,0,0,8,6699DDEDCF830200,can0
635,1786717276.2101545,608947.754867476,485490496,1,0,0,8,6699D0ED730E0000,can0
636,1786717276.2107117,608947.755425059,485490496,1,0,0,8,6699D1EDF9030000,can0
637,1786717276.2112377,608947.755951476,485490496,1,0,0,8,6699D2ED420E0000,can0
638,1786717276.211765,608947.756477476,485490496,1,0,0,8,6699D3EDB2020000,can0
639,1786717276.238887,608947.783606767,485490497,1,0,0,8,66990102FC000000,can0
640,1786717276.2398055,608947.784519851,485490497,1,0,0,8,66990A02FC000000,can0
641,1786717276.2777894,608947.822509809,435295297,1,0,0,8,007C15DF00047485,can0
642,1786717276.2858202,608947.830537267,435294785,1,0,0,8,000B850000FFFFFF,can0
643,1786717276.286931,608947.831646184,435294785,1,0,0,8,01FF4600FFFFFFFF,can0
644,1786717276.2887893,608947.833504851,435357505,1,0,0,8,85012E0C720000FF,can0
645,1786717276.2898912,608947.834607184,435294785,1,0,0,8,000B850103FFFFFF,can0
646,1786717276.290772,608947.835486142,435294785,1,0,0,8,01FFFFFFFFFFFFFF,can0
647,1786717276.2920818,608947.836799059,435357505,1,0,0,8,8502080CB60000FF,can0
648,1786717276.2930923,608947.837805976,435294785,1,0,0,8,E00B850203FFFFFF,can0
649,1786717276.2938733,608947.838587309,435294785,1,0,0,8,E1FFFFFFFFFFFFFF,can0
650,1786717276.2948766,608947.839589351,435357505,1,0,0,8,85039D0C700000FF,can0
651,1786717276.2957873,608947.840501434,435294785,1,0,0,8,E00B850303FFFFFF,can0
652,1786717276.2968223,608947.841537809,435294785,1,0,0,8,E1FFFFFFFFFFFFFF,can0
653,1786717276.2976694,608947.842382976,435357505,1,0,0,8,85049208000000FF,can0
654,1786717276.298785,608947.843499226,435294785,1,0,0,8,E00B850403FFFFFF,can0
655,1786717276.2997625,608947.844477267,435294785,1,0,0,8,E1FFFFFFFFFFFFFF,can0
656,1786717276.3014405,608947.846157892,435357249,1,0,0,8,85FFFC00FFFFFFFF,can0
657,1786717276.3025408,608947.847254142,233966913,1,0,0,8,0001FDFFFFFFFFFF,can0
658,1786717276.3034225,608947.848135559,485490497,1,0,0,8,6699000201000000,can0
659,1786717276.3040223,608947.848734601,485490497,1,0,0,8,6699020200000000,can0
660,1786717276.3045926,608947.849305767,485490497,1,0,0,8,6699070200000000,can0
661,1786717276.3051496,608947.849862309,485490497,1,0,0,8,66991E0300000000,can0
662,1786717276.3059852,608947.850700059,485490497,1,0,0,8,66991C0300000000,can0
663,1786717276.3068607,608947.851575476,485490497,1,0,0,8,66998DED7C150000,can0
664,1786717276.3312168,608947.875936851,485490497,1,0,0,8,66998FEDDF000000,can0
665,1786717276.3331535,608947.877872017,485490497,1,0,0,8,6699ECED04740000,can0
666,1786717276.3346086,608947.879326309,485490497,1,0,0,8,6699DAED00000000,can0
667,1786717276.3823736,608947.927094726,502267713,1,0,0,8,201D6699431001A2,can0
668,1786717276.3832948,608947.928009351,502267713,1,0,0,8,210A0A00DE1E0000,can0
669,1786717276.3866322,608947.931350851,502267713,1,0,0,8,2200000000000000,can0
670,1786717276.3876302,608947.932344351,502267713,1,0,0,8,2300000000000000,can0
671,1786717276.3883762,608947.933090809,502267713,1,0,0,8,240000FFFFFFFFFF,can0
672,1786717276.3890784,608947.933791934,502267713,1,0,0,8,401D669942100125,can0
673,1786717276.3977907,608947.942506142,502267713,1,0,0,8,417B1800C5480000,can0
674,1786717276.398617,608947.943331809,502267713,1,0,0,8,4200000000000000,can0
675,1786717276.4028006,608947.947516184,502267713,1,0,0,8,4300010000000000,can0
676,1786717276.403762,608947.948477726,502267713,1,0,0,8,440000FFFFFFFFFF,can0
677,1786717276.535054,608948.079773601,485490497,1,0,0,8,6699B3ED01000000,can0
678,1786717276.5361588,608948.080872809,485490497,1,0,0,8,6699BCEDBEF20100,can0
679,1786717276.5793772,608948.124114184,485490497,1,0,0,8,66998DED7D150000,can0
680,1786717276.627971,608948.172690226,502267713,1,0,0,8,60266699501000E8,can0
681,1786717276.6288576,608948.173571142,502267713,1,0,0,8,61000000FFFFFFFF,can0
682,1786717276.6298487,608948.174563517,502267713,1,0,0,8,628515AF14000000,can0
683,1786717276.6305792,608948.175293476,502267713,1,0,0,8,630000C002000000,can0
684,1786717276.6313384,608948.176051601,502267713,1,0,0,8,6400350900009F01,can0
685,1786717276.6321435,608948.176858726,502267713,1,0,0,8,658A9A1300FFFFFF,can0
686,1786717276.6328852,608948.177598851,485490497,1,0,0,8,6699DBED0E100000,can0
687,1786717276.6792083,608948.223944059,485490497,1,0,0,8,6699DBED04100000,can0
688,1786717276.695875,608948.240595017,485490497,1,0,0,8,6699BCED5AF20100,can0
689,1786717276.696813,608948.241528601,485490497,1,0,0,8,6699B1EDE1E0F505,can0
690,1786717276.6977422,608948.242457476,485490497,1,0,0,8,6699CCEC93890000,can0
691,1786717276.699463,608948.244178476,485490497,1,0,0,8,6699CBECD5790000,can0
692,1786717276.7003608,608948.245074434,485490497,1,0,0,8,6699DCEC4CDA0000,can0
693,1786717276.7011948,608948.245908101,485490497,1,0,0,8,6699DBEC47780000,can0
694,1786717276.702574,608948.247288601,485490497,1,0,0,8,6699ECECA48E0000,can0
695,1786717276.7038057,608948.248519267,485490497,1,0,0,8,6699EBEC1C7E0000,can0
696,1786717276.7043428,608948.249054976,485490497,1,0,0,8,6699FBECB0550000,can0
697,1786717276.790032,608948.334751976,485490497,1,0,0,8,66994E0301000000,can0
698,1786717276.8070095,608948.351729226,485490496,1,0,0,8,66998DED7C150000,can0
699,1786717276.8087184,608948.353435976,485490496,1,0,0,8,66998FED0C010000,can0
700,1786717276.8629973,608948.407717893,485490496,1,0,0,8,6699BCEDB5040200,can0
701,1786717276.8721592,608948.416874768,485490496,1,0,0,8,6699B1ED04677800,can0
702,1786717276.873131,608948.417845726,485490496,1,0,0,8,6699CCECAB830000,can0
703,1786717276.8742254,608948.418940393,485490496,1,0,0,8,6699CBEC5F860000,can0
704,1786717276.8749053,608948.419619018,485490496,1,0,0,8,6699DCEC0A7B0000,can0
705,1786717276.8783529,608948.423069851,485490496,1,0,0,8,6699DBEC17880000,can0
706,1786717276.8794024,608948.424117351,485490496,1,0,0,8,6699ECEC1B7E0000,can0
707,1786717276.8801508,608948.424867726,485490496,1,0,0,8,6699EBECD9780000,can0
708,1786717276.8809915,608948.425705643,485490496,1,0,0,8,6699FCECCE870000,can0
709,1786717276.8816948,608948.426409476,485490496,1,0,0,8,6699FBEC424F0000,can0
710,1786717276.985655,608948.530374684,485441761,1,0,0,8,6699152031030000,can0
711,1786717276.9907975,608948.535513809,485442017,1,0,0,8,6699152019030000,can0
712,1786717276.9917192,608948.536433268,485490496,1,0,0,8,6699152031030000,can0
713,1786717276.9923959,608948.537109268,485490497,1,0,0,8,6699152019030000,can0
714,1786717277.0071738,608948.551892934,485490657,1,0,0,8,6699FF0FAC260000,can0
715,1786717277.0081186,608948.552832684,485490657,1,0,0,8,66991C20D03FFFFF,can0
716,1786717277.1072013,608948.651921226,485490657,1,0,0,8,669902207C150000,can0
717,1786717277.191163,608948.735882518,773,0,0,0,8,0000000000000000,can0
718,1786717277.1921391,608948.736853809,775,0,0,0,8,1234567856494300,can0
719,1786717277.2875998,608948.832320018,485490497,1,0,0,8,66998DED7C150000,can0
720,1786717277.3821468,608948.926868101,485490657,1,0,0,8,669901207C150000,can0
721,1786717277.3859384,608948.930655768,485490657,1,0,0,8,66990E200D000000,can0
722,1786717277.595456,608949.140176643,435295296,1,0,0,8,007D150C0104747C,can0
723,1786717277.5966327,608949.141347476,435294784,1,0,0,8,200B7C0000FFFFFF,can0
724,1786717277.5976355,608949.14235081,435294784,1,0,0,8,21FF4A00FFFFFFFF,can0
725,1786717277.5985029,608949.143217268,435357504,1,0,0,8,7C01860D600000FF,can0
726,1786717277.5992537,608949.143967976,435294784,1,0,0,8,200B7C0103FFFFFF,can0
727,1786717277.599965,608949.144679643,435294784,1,0,0,8,21FFFFFFFFFFFFFF,can0
728,1786717277.600687,608949.145403018,435357504,1,0,0,8,7C02A70D520000FF,can0
729,1786717277.6014524,608949.146167351,435294784,1,0,0,8,000B7C0203FFFFFF,can0
730,1786717277.6021957,608949.146909643,435294784,1,0,0,8,01FFFFFFFFFFFFFF,can0
731,1786717277.6029348,608949.147649185,435357504,1,0,0,8,7C03260C660000FF,can0
732,1786717277.6037037,608949.148417976,435294784,1,0,0,8,000B7C0303FFFFFF,can0
733,1786717277.6045659,608949.149280185,435294784,1,0,0,8,01FFFFFFFFFFFFFF,can0
734,1786717277.6059964,608949.150709976,435357504,1,0,0,8,7C04FB07A90000FF,can0
735,1786717277.6067243,608949.151438476,435294784,1,0,0,8,000B7C0403FFFFFF,can0
736,1786717277.6074185,608949.15213256,435294784,1,0,0,8,01FFFFFFFFFFFFFF,can0
737,1786717277.6081097,608949.152822935,435357248,1,0,0,8,7CFFFC00FFFFFFFF,can0
738,1786717277.6088126,608949.153526143,485490496,1,0,0,8,6699DBEDF4100000,can0
739,1786717277.6418943,608949.186613768,485490497,1,0,0,8,6699DBED0E100000,can0
740,1786717277.6958954,608949.240616601,485490497,1,0,0,8,6699BCED24F10100,can0
741,1786717277.6971364,608949.241850893,485490497,1,0,0,8,6699B1EDF7E0F505,can0
742,1786717277.700601,608949.245316935,485490497,1,0,0,8,6699CCEC86860000,can0
743,1786717277.7015033,608949.246216685,485490497,1,0,0,8,6699CBEC647D0000,can0
744,1786717277.7020342,608949.246746893,485490497,1,0,0,8,6699DCEC31DA0000,can0
745,1786717277.7024684,608949.247179935,485490497,1,0,0,8,6699DBECB07B0000,can0
746,1786717277.7028644,608949.247576893,485490497,1,0,0,8,6699ECEC30900000,can0
747,1786717277.7032444,608949.247956685,485490497,1,0,0,8,6699EBEC0F810000,can0
748,1786717277.7037556,608949.24846756,485490497,1,0,0,8,6699FBECAE550000,can0
749,1786717277.7807362,608949.325458143,435295297,1,0,0,8,007C15DF000474A3,can0
750,1786717277.7818756,608949.326599101,435294785,1,0,0,8,200BA30000FFFFFF,can0
751,1786717277.7858796,608949.330597685,435294785,1,0,0,8,21FF4600FFFFFFFF,can0
752,1786717277.7869563,608949.331670601,435357505,1,0,0,8,A3018A0C6C0000FF,can0
753,1786717277.7877648,608949.332478518,435294785,1,0,0,8,200BA30103FFFFFF,can0
754,1786717277.7885394,608949.333254226,435294785,1,0,0,8,21FFFFFFFFFFFFFF,can0
755,1786717277.7893045,608949.334019226,435357505,1,0,0,8,A3025E0CAF0000FF,can0
756,1786717277.7936416,608949.338356685,435294785,1,0,0,8,000BA30203FFFFFF,can0
757,1786717277.7952147,608949.339930893,435294785,1,0,0,8,01FFFFFFFFFFFFFF,can0
758,1786717277.796129,608949.340843351,435357505,1,0,0,8,A303E80C6E0000FF,can0
759,1786717277.79701,608949.341724101,435294785,1,0,0,8,000BA30303FFFFFF,can0
760,1786717277.7986624,608949.343379226,435294785,1,0,0,8,01FFFFFFFFFFFFFF,can0
761,1786717277.7994652,608949.344180143,435357505,1,0,0,8,A3049108000000FF,can0
762,1786717277.800348,608949.345061976,435294785,1,0,0,8,000BA30403FFFFFF,can0
763,1786717277.801265,608949.345978851,435294785,1,0,0,8,01FFFFFFFFFFFFFF,can0
764,1786717277.8019378,608949.346651226,435357249,1,0,0,8,A3FFFC00FFFFFFFF,can0
765,1786717277.8038056,608949.348523351,485442017,1,0,0,8,66990100D0EDFCFF,can0
766,1786717277.8081803,608949.352894768,485442017,1,0,0,8,66990100DCEDFEFF,can0
767,1786717277.8098726,608949.354586893,485442017,1,0,0,8,66990100DAEDFFFF,can0
768,1786717277.8106122,608949.355325601,485442017,1,0,0,8,669901002720FFFF,can0
769,1786717277.8111079,608949.35581981,485490497,1,0,0,8,6699DAED00000000,can0
770,1786717277.8115332,608949.356244351,485490497,1,0,0,8,669927208CF50300,can0
771,1786717277.8119345,608949.356646893,485490497,1,0,0,8,6699DCED36110000,can0
772,1786717277.8123178,608949.357029851,485490497,1,0,0,8,6699DDEDBC280000,can0
773,1786717277.8128407,608949.35755331,485490497,1,0,0,8,6699D0ED38080000,can0
774,1786717277.81327,608949.357982351,485490497,1,0,0,8,6699D1ED29010000,can0
775,1786717277.813663,608949.358375101,485490497,1,0,0,8,6699D2ED35090000,can0
776,1786717277.8140388,608949.358750851,485490497,1,0,0,8,6699D3EDE8000000,can0
777,1786717277.8144064,608949.359117935,485490496,1,0,0,8,66998DED7D150000,can0
778,1786717277.8147752,608949.359487351,485490496,1,0,0,8,66998FED09010000,can0
779,1786717277.815141,608949.359852268,485490496,1,0,0,8,6699DBEDEA100000,can0
780,1786717277.8293417,608949.37406206,485490497,1,0,0,8,66998DED7B150000,can0
781,1786717277.8618562,608949.406575685,485490496,1,0,0,8,6699BCEDB7E50100,can0
782,1786717277.8629916,608949.407706476,485490496,1,0,0,8,6699B1ED79797A00,can0
783,1786717277.8638093,608949.40852731,485490496,1,0,0,8,6699CCEC14730000,can0
784,1786717277.8644047,608949.409117101,485490496,1,0,0,8,6699CBEC76870000,can0
785,1786717277.864951,608949.409664643,485490496,1,0,0,8,6699DCEC30730000,can0
786,1786717277.8661535,608949.410868226,485490496,1,0,0,8,6699DBEC9B880000,can0
787,1786717277.8674674,608949.412185018,485490496,1,0,0,8,6699ECECE37D0000,can0
788,1786717277.8683271,608949.413040935,485490496,1,0,0,8,6699EBECFD790000,can0
789,1786717277.8690815,608949.413795601,485490496,1,0,0,8,6699FCEC16810000,can0
790,1786717277.8697906,608949.414503851,485490496,1,0,0,8,6699FBEC40500000,can0
791,1786717277.9290679,608949.47378856,485490497,1,0,0,8,66998FEDDE000000,can0
792,1786717277.996155,608949.540878768,485490657,1,0,0,8,6699FF0FAC260000,can0
793,1786717278.005717,608949.55043631,485490657,1,0,0,8,66991C20FC40FFFF,can0
794,1786717278.1778362,608949.722561935,773,0,0,0,8,0000000000000000,can0
795,1786717278.179944,608949.724659518,775,0,0,0,8,1234567856494300,can0
796,1786717278.4054763,608949.950196268,502267712,1,0,0,8,A01D669942100158,can0
797,1786717278.406754,608949.951469185,502267712,1,0,0,8,A19AA20131A00400,can0
798,1786717278.4075942,608949.952309143,502267712,1,0,0,8,A200000000000000,can0
799,1786717278.4083915,608949.953104852,502267712,1,0,0,8,A300110000000000,can0
800,1786717278.4091446,608949.953858602,502267712,1,0,0,8,A40000FFFFFFFFFF,can0
801,1786717278.5525894,608950.09730856,485490496,1,0,0,8,66990102FC000000,can0
802,1786717278.5537403,608950.098455102,485490496,1,0,0,8,66990A02FC000000,can0
803,1786717278.6017232,608950.14644481,485490496,1,0,0,8,6699000201000000,can0
804,1786717278.6026819,608950.147395352,485490496,1,0,0,8,6699020200000000,can0
805,1786717278.6037188,608950.14843431,485490496,1,0,0,8,6699070200000000,can0
806,1786717278.6047776,608950.14949431,485490496,1,0,0,8,66991E0300000000,can0
807,1786717278.6057606,608950.150474227,485490496,1,0,0,8,66991C0300000000,can0
808,1786717278.6065392,608950.15125306,485490496,1,0,0,8,66998DED7D150000,can0
809,1786717278.6414487,608950.18616806,485490497,1,0,0,8,66998FEDDE000000,can0
810,1786717278.6423252,608950.187038477,485490497,1,0,0,8,6699DBED0E100000,can0
811,1786717278.649259,608950.193978685,485490496,1,0,0,8,66998FED00010000,can0
812,1786717278.6502955,608950.195009935,485490496,1,0,0,8,6699ECED04740000,can0
813,1786717278.6532586,608950.197976977,485490496,1,0,0,8,6699DAED00000000,can0
814,1786717278.6941125,608950.23883206,485490497,1,0,0,8,6699BCED19F20100,can0
815,1786717278.6950018,608950.239715852,485490497,1,0,0,8,6699B1EDCDCC3805,can0
816,1786717278.695831,608950.240545185,485490497,1,0,0,8,6699CCEC54890000,can0
817,1786717278.6965792,608950.24129281,485490497,1,0,0,8,6699CBECBB790000,can0
818,1786717278.6978083,608950.242523477,485490497,1,0,0,8,6699DCEC71DA0000,can0
819,1786717278.6991181,608950.243832768,485490497,1,0,0,8,6699DBEC34780000,can0
820,1786717278.6999614,608950.244676935,485490497,1,0,0,8,6699ECEC5B8E0000,can0
821,1786717278.7009382,608950.24565456,485490497,1,0,0,8,6699EBEC057E0000,can0
822,1786717278.7022429,608950.246956977,485490497,1,0,0,8,6699FBECAD550000,can0
823,1786717278.80824,608950.352960435,485490496,1,0,0,8,66998DED7C150000,can0
824,1786717278.809677,608950.354392393,485490496,1,0,0,8,66998FEDFF000000,can0
825,1786717278.8104446,608950.355159018,485490496,1,0,0,8,6699DBEDEA100000,can0
826,1786717278.855634,608950.400353977,485490496,1,0,0,8,6699B3ED01000000,can0
827,1786717278.8565521,608950.401266352,485490496,1,0,0,8,6699BCEDD8DD0100,can0
828,1786717278.8639748,608950.408695227,485490496,1,0,0,8,6699BCEDD8DD0100,can0
829,1786717278.8654423,608950.410158268,485490496,1,0,0,8,6699B1EDAC837B00,can0
830,1786717278.8665369,608950.411252852,485490496,1,0,0,8,6699CCEC8E6E0000,can0
831,1786717278.8673713,608950.412086143,485490496,1,0,0,8,6699CBECB5870000,can0
832,1786717278.8838727,608950.42859006,485490496,1,0,0,8,6699DCEC08730000,can0
833,1786717278.884856,608950.42956981,485490496,1,0,0,8,6699DBEC94880000,can0
834,1786717278.8878639,608950.432580935,485490496,1,0,0,8,6699ECEC447D0000,can0
835,1786717278.8890147,608950.433735143,485490496,1,0,0,8,6699EBEC237A0000,can0
836,1786717278.8907323,608950.435446935,485490496,1,0,0,8,6699FCEC38800000,can0
837,1786717278.891467,608950.436180268,485490496,1,0,0,8,6699FBECD24F0000,can0
838,1786717278.9457662,608950.490486852,502267712,1,0,0,8,C0266699501000B2,can0
839,1786717278.9468777,608950.491592685,502267712,1,0,0,8,C1020000FFFFFFFF,can0
840,1786717278.9491096,608950.493823477,502267712,1,0,0,8,C28515AB14000000,can0
841,1786717278.9499142,608950.494626685,502267712,1,0,0,8,C30000C102000000,can0
842,1786717278.9505236,608950.495234768,502267712,1,0,0,8,C400420E00009602,can0
843,1786717278.9511232,608950.495835185,502267712,1,0,0,8,C5EE9A4001FFFFFF,can0
844,1786717278.9842112,608950.528930394,485490657,1,0,0,8,6699FF0FAC260000,can0
845,1786717278.9852405,608950.529959269,485490657,1,0,0,8,66991C205443FFFF,can0
846,1786717279.0954063,608950.64109556,435295296,1,0,0,8,007D15010104749A,can0
847,1786717279.1043925,608950.649112227,435294784,1,0,0,8,400B9A0000FFFFFF,can0
848,1786717279.112547,608950.65726656,435294784,1,0,0,8,41FF4A00FFFFFFFF,can0
849,1786717279.1134741,608950.658189269,435357504,1,0,0,8,9A01770D630000FF,can0
850,1786717279.1141999,608950.658914644,435294784,1,0,0,8,400B9A0103FFFFFF,can0
851,1786717279.1148827,608950.659596185,435294784,1,0,0,8,41FFFFFFFFFFFFFF,can0
852,1786717279.122304,608950.667019102,435357504,1,0,0,8,9A02A00D5C0000FF,can0
853,1786717279.1230803,608950.667792769,435294784,1,0,0,8,200B9A0203FFFFFF,can0
854,1786717279.123707,608950.668420352,435294784,1,0,0,8,21FFFFFFFFFFFFFF,can0
855,1786717279.1277988,608950.672517477,435357504,1,0,0,8,9A03210C690000FF,can0
856,1786717279.1288931,608950.673607977,435294784,1,0,0,8,200B9A0303FFFFFF,can0
857,1786717279.1308553,608950.675569977,435294784,1,0,0,8,21FFFFFFFFFFFFFF,can0
858,1786717279.133333,608950.678058185,435357504,1,0,0,8,9A04F507A50000FF,can0
859,1786717279.137833,608950.682547227,435294784,1,0,0,8,200B9A0403FFFFFF,can0
860,1786717279.144448,608950.689164685,435294784,1,0,0,8,21FFFFFFFFFFFFFF,can0
861,1786717279.1451972,608950.689910019,435357248,1,0,0,8,9AFFFC00FFFFFFFF,can0
862,1786717279.1546645,608950.69937956,485490496,1,0,0,8,66994E0301000000,can0
863,1786717279.1865253,608950.731245602,773,0,0,0,8,0000000000000000,can0
864,1786717279.1911004,608950.735817852,775,0,0,0,8,1234567856494300,can0
865,1786717279.277001,608950.821719894,435295297,1,0,0,8,007B15DE000474C1,can0
866,1786717279.287498,608950.832217144,435294785,1,0,0,8,400BC10000FFFFFF,can0
867,1786717279.2887952,608950.833518894,435294785,1,0,0,8,41FF4600FFFFFFFF,can0
868,1786717279.294093,608950.838808227,435357505,1,0,0,8,C1012B0C710000FF,can0
869,1786717279.2950687,608950.83978281,435294785,1,0,0,8,400BC10103FFFFFF,can0
870,1786717279.2999706,608950.844686102,435294785,1,0,0,8,41FFFFFFFFFFFFFF,can0
871,1786717279.3007007,608950.845413644,435357505,1,0,0,8,C102070CB60000FF,can0
872,1786717279.3013117,608950.846024977,435294785,1,0,0,8,200BC10203FFFFFF,can0
873,1786717279.3028328,608950.84754856,435294785,1,0,0,8,21FFFFFFFFFFFFFF,can0
874,1786717279.303527,608950.848240769,435357505,1,0,0,8,C1039D0C700000FF,can0
875,1786717279.3041546,608950.848868602,435294785,1,0,0,8,200BC10303FFFFFF,can0
876,1786717279.3047588,608950.849472394,435294785,1,0,0,8,21FFFFFFFFFFFFFF,can0
877,1786717279.3090408,608950.853768435,435357505,1,0,0,8,C1049208000000FF,can0
878,1786717279.310082,608950.854796644,435294785,1,0,0,8,200BC10403FFFFFF,can0
879,1786717279.311146,608950.855865852,435294785,1,0,0,8,21FFFFFFFFFFFFFF,can0
880,1786717279.312006,608950.856729352,435357249,1,0,0,8,C1FFFC00FFFFFFFF,can0
881,1786717279.6942158,608951.238936061,485490497,1,0,0,8,6699BCED26F20100,can0
882,1786717279.6958094,608951.240525894,485490497,1,0,0,8,6699B1ED00DFC105,can0
883,1786717279.6970978,608951.241813352,485490497,1,0,0,8,6699CCEC5C890000,can0
884,1786717279.7008226,608951.245537144,485490497,1,0,0,8,6699CBECBF790000,can0
885,1786717279.7017949,608951.246507852,485490497,1,0,0,8,6699DCECD0DA0000,can0
886,1786717279.7025473,608951.247260186,485490497,1,0,0,8,6699DBEC42780000,can0
887,1786717279.7061868,608951.250902269,485490497,1,0,0,8,6699ECEC458E0000,can0
888,1786717279.7140467,608951.258764644,485490497,1,0,0,8,6699EBEC107E0000,can0
889,1786717279.7149165,608951.259629977,485490497,1,0,0,8,6699FBECAD550000,can0
890,1786717279.8072824,608951.352002894,485490496,1,0,0,8,66998DED7D150000,can0
891,1786717279.8088274,608951.353545477,485490496,1,0,0,8,66998FED01010000,can0
892,1786717279.8101602,608951.354875811,485490496,1,0,0,8,6699DBEDEA100000,can0
893,1786717279.861036,608951.405754811,485490496,1,0,0,8,6699BCED4FE50100,can0
894,1786717279.8627799,608951.407494852,485490496,1,0,0,8,6699B1EDEC8A7A00,can0
895,1786717279.86359,608951.408304144,485490496,1,0,0,8,6699CCEC5C740000,can0
896,1786717279.8643074,608951.409021769,485490496,1,0,0,8,6699CBEC65870000,can0
897,1786717279.8650293,608951.409743936,485490496,1,0,0,8,6699DCECF6710000,can0
898,1786717279.8660085,608951.410723352,485490496,1,0,0,8,6699DBECA8880000,can0
899,1786717279.8667672,608951.411481727,485490496,1,0,0,8,6699ECECF57C0000,can0
900,1786717279.867512,608951.412225477,485490496,1,0,0,8,6699EBEC137A0000,can0
901,1786717279.8699799,608951.414695811,485490496,1,0,0,8,6699FCEC927F0000,can0
902,1786717279.8710234,608951.415743311,485490496,1,0,0,8,6699FBECE94F0000,can0
903,1786717279.982481,608951.527202061,485441761,1,0,0,8,6699152032030000,can0
904,1786717279.9834082,608951.528122477,485442017,1,0,0,8,6699152018030000,can0
905,1786717279.98808,608951.532795227,485490496,1,0,0,8,6699152032030000,can0
906,1786717279.9915047,608951.536220644,485490497,1,0,0,8,6699152018030000,can0
907,1786717280.0099196,608951.554639352,485490657,1,0,0,8,6699FF0FAC260000,can0
908,1786717280.0178063,608951.562527602,485490657,1,0,0,8,66991C20C441FFFF,can0
909,1786717280.1102953,608951.655015477,485490657,1,0,0,8,669902207C150000,can0
910,1786717280.1112404,608951.655955019,485490657,1,0,0,8,669903204C090000,can0
911,1786717280.1785722,608951.723292769,773,0,0,0,8,0000000000000000,can0
912,1786717280.1796224,608951.724337686,775,0,0,0,8,1234567856494300,can0
913,1786717280.331025,608951.875745019,485490497,1,0,0,8,66998FEDDF000000,can0
914,1786717280.5288246,608952.073545478,485490497,1,0,0,8,66998DED7C150000,can0
915,1786717280.594919,608952.139639561,435295296,1,0,0,8,007C15FF000474B8,can0
916,1786717280.6025784,608952.147298769,435294784,1,0,0,8,600BB80000FFFFFF,can0
917,1786717280.6035228,608952.148235644,435294784,1,0,0,8,61FF4A00FFFFFFFF,can0
918,1786717280.6041677,608952.148880603,435357504,1,0,0,8,B801970D4E0000FF,can0
919,1786717280.6047707,608952.149482936,435294784,1,0,0,8,600BB80103FFFFFF,can0
920,1786717280.6052005,608952.149912853,435294784,1,0,0,8,61FFFFFFFFFFFFFF,can0
921,1786717280.6065724,608952.151288019,435357504,1,0,0,8,B802AD0D530000FF,can0
922,1786717280.6074212,608952.152136894,435294784,1,0,0,8,400BB80203FFFFFF,can0
923,1786717280.6087358,608952.153448269,435294784,1,0,0,8,41FFFFFFFFFFFFFF,can0
924,1786717280.609537,608952.154252269,435357504,1,0,0,8,B8033C0C660000FF,can0
925,1786717280.6103096,608952.155023853,435294784,1,0,0,8,400BB80303FFFFFF,can0
926,1786717280.6110325,608952.155746353,435294784,1,0,0,8,41FFFFFFFFFFFFFF,can0
927,1786717280.6117682,608952.156481936,435357504,1,0,0,8,B8040F089B0000FF,can0
928,1786717280.6125278,608952.157242144,435294784,1,0,0,8,400BB80403FFFFFF,can0
929,1786717280.613298,608952.158012228,435294784,1,0,0,8,41FFFFFFFFFFFFFF,can0
930,1786717280.6140401,608952.158753894,435357248,1,0,0,8,B8FFFC00FFFFFFFF,can0
931,1786717280.6147416,608952.159455144,233966912,1,0,0,8,0001FDFFFFFFFFFF,can0
932,1786717280.6942217,608952.238941936,485490497,1,0,0,8,6699BCED8CF20100,can0
933,1786717280.6951594,608952.239873478,485490497,1,0,0,8,6699B1EDDE92E705,can0
934,1786717280.696146,608952.240858936,485490497,1,0,0,8,6699CCEC60890000,can0
935,1786717280.69689,608952.241603811,485490497,1,0,0,8,6699CBECDC790000,can0
936,1786717280.697619,608952.242332769,485490497,1,0,0,8,6699DCEC1CDB0000,can0
937,1786717280.6983633,608952.243076978,485490497,1,0,0,8,6699DBEC59780000,can0
938,1786717280.6992464,608952.243959978,485490497,1,0,0,8,6699ECEC888E0000,can0
939,1786717280.7001333,608952.244848186,485490497,1,0,0,8,6699EBEC2C7E0000,can0
940,1786717280.7014225,608952.246140728,485490497,1,0,0,8,6699FBECAD550000,can0
941,1786717280.777004,608952.321724978,435295297,1,0,0,8,007C15DF000474DF,can0
942,1786717280.7780285,608952.322742811,435294785,1,0,0,8,600BDF0000FFFFFF,can0
943,1786717280.7788143,608952.323814936,435294785,1,0,0,8,61FF4600FFFFFFFF,can0
944,1786717280.7798836,608952.324596853,435357505,1,0,0,8,DF01300C720000FF,can0
945,1786717280.7805426,608952.325255686,435294785,1,0,0,8,600BDF0103FFFFFF,can0
946,1786717280.7811983,608952.325911603,435294785,1,0,0,8,61FFFFFFFFFFFFFF,can0
947,1786717280.7817714,608952.326485103,435357505,1,0,0,8,DF02090CB50000FF,can0
948,1786717280.782424,608952.327137894,435294785,1,0,0,8,400BDF0203FFFFFF,can0
949,1786717280.7832656,608952.327981019,435294785,1,0,0,8,41FFFFFFFFFFFFFF,can0
950,1786717280.7841296,608952.328844269,435357505,1,0,0,8,DF039E0C700000FF,can0
951,1786717280.7874968,608952.332216228,435294785,1,0,0,8,400BDF0303FFFFFF,can0
952,1786717280.7886536,608952.333378936,435294785,1,0,0,8,41FFFFFFFFFFFFFF,can0
953,1786717280.7895522,608952.334268186,435357505,1,0,0,8,DF049108000000FF,can0
954,1786717280.7904978,608952.335213894,435294785,1,0,0,8,400BDF0403FFFFFF,can0
955,1786717280.79618,608952.340895394,435294785,1,0,0,8,41FFFFFFFFFFFFFF,can0
956,1786717280.7969465,608952.341658894,435357249,1,0,0,8,DFFFFC00FFFFFFFF,can0
957,1786717280.8080716,608952.352790561,485490496,1,0,0,8,66998DED7C150000,can0
958,1786717280.8089259,608952.353639644,485490496,1,0,0,8,66998FEDFE000000,can0
959,1786717280.8096433,608952.354357019,485490496,1,0,0,8,6699DBEDF4100000,can0
960,1786717280.861159,608952.405878811,485490496,1,0,0,8,6699BCEDCEDC0100,can0
961,1786717280.8621085,608952.406821478,485490496,1,0,0,8,6699B1ED18977A00,can0
962,1786717280.8628402,608952.407554144,485490496,1,0,0,8,6699CCEC95710000,can0
963,1786717280.863648,608952.408361769,485490496,1,0,0,8,6699CBEC97870000,can0
964,1786717280.8664515,608952.411248894,485490496,1,0,0,8,6699DCEC8F710000,can0
965,1786717280.8672543,608952.411967353,485490496,1,0,0,8,6699DBECB3880000,can0
966,1786717280.8678846,608952.412598269,485490496,1,0,0,8,6699ECECC37C0000,can0
967,1786717280.8684993,608952.413211144,485490496,1,0,0,8,6699EBECF6790000,can0
968,1786717280.868958,608952.413669811,485490496,1,0,0,8,6699FCECF07B0000,can0
969,1786717280.8693678,608952.414080103,485490496,1,0,0,8,6699FBEC3E500000,can0
970,1786717280.9852176,608952.529938436,485490657,1,0,0,8,6699FF0FAC260000,can0
971,1786717280.9893348,608952.534055019,485490657,1,0,0,8,66991C202842FFFF,can0
972,1786717281.1766746,608952.721395186,773,0,0,0,8,0000000000000000,can0
973,1786717281.177931,608952.722644895,775,0,0,0,8,1234567856494300,can0
974,1786717281.1814892,608952.72620852,485441761,1,0,0,8,66990100D0EDFCFF,can0
975,1786717281.1849666,608952.72968252,485441761,1,0,0,8,66990100DCEDFEFF,can0
976,1786717281.1867838,608952.731500728,485441761,1,0,0,8,66990100DAEDFFFF,can0
977,1786717281.1876266,608952.732342061,485441761,1,0,0,8,669901002720FFFF,can0
978,1786717281.1891832,608952.733900645,485490496,1,0,0,8,6699DAED00000000,can0
979,1786717281.1900973,608952.734809561,485490496,1,0,0,8,66992720C2D00300,can0
980,1786717281.235775,608952.780495561,485490496,1,0,0,8,6699DCED7E200000,can0
981,1786717281.2366393,608952.78135327,485490497,1,0,0,8,66990102FC000000,can0
982,1786717281.2371721,608952.78188402,485490496,1,0,0,8,6699DDEDCF830200,can0
983,1786717281.2376294,608952.782341186,485490496,1,0,0,8,6699D0ED730E0000,can0
984,1786717281.2489195,608952.793634936,485490496,1,0,0,8,6699D1EDF9030000,can0
985,1786717281.2497215,608952.794436186,485490496,1,0,0,8,6699D2ED420E0000,can0
986,1786717281.2503972,608952.79511102,485490496,1,0,0,8,6699D3EDB2020000,can0
987,1786717281.2510617,608952.795775895,485490497,1,0,0,8,66990A02FC000000,can0
988,1786717281.2869418,608952.831662353,485490497,1,0,0,8,6699000201000000,can0
989,1786717281.2902994,608952.835018061,485490497,1,0,0,8,6699020200000000,can0
990,1786717281.292105,608952.836820811,485490497,1,0,0,8,6699070200000000,can0
991,1786717281.2930362,608952.837751728,485490497,1,0,0,8,66991E0300000000,can0
992,1786717281.2940342,608952.838751895,485490497,1,0,0,8,66991C0300000000,can0
993,1786717281.294953,608952.839675561,485490497,1,0,0,8,66998DED7C150000,can0
994,1786717281.3313477,608952.87606802,485490497,1,0,0,8,66998FEDDF000000,can0
995,1786717281.3351355,608952.879855061,485490497,1,0,0,8,6699ECED04740000,can0
996,1786717281.3365965,608952.88131252,485490497,1,0,0,8,6699DAED00000000,can0
997,1786717281.5379465,608953.082666145,485490497,1,0,0,8,6699B3ED01000000,can0
998,1786717281.5390205,608953.08373402,485490497,1,0,0,8,6699BCEDCEF20100,can0
999,1786717281.6280696,608953.172790395,502267713,1,0,0,8,80266699501000E8,can0
1000,1786717281.6291676,608953.173883228,502267713,1,0,0,8,81000000FFFFFFFF,can0
1001,1786717281.6326344,608953.177349353,502267713,1,0,0,8,828515AF14000000,can0
1002,1786717281.6335888,608953.178303145,502267713,1,0,0,8,830000C002000000,can0
1003,1786717281.6341357,608953.178848145,502267713,1,0,0,8,8400350900009F01,can0
1004,1786717281.634633,608953.179345186,502267713,1,0,0,8,858A9A1300FFFFFF,can0
1005,1786717281.695435,608953.24015502,485490497,1,0,0,8,6699BCEDA1F20100,can0
1006,1786717281.6964467,608953.24116177,485490497,1,0,0,8,6699B1EDB3F1F105,can0
1007,1786717281.6976004,608953.242317228,485490497,1,0,0,8,6699CCEC89890000,can0
1008,1786717281.698556,608953.243270978,485490497,1,0,0,8,6699CBECB5790000,can0
1009,1786717281.6994596,608953.244173603,485490497,1,0,0,8,6699DCEC61DB0000,can0
1010,1786717281.7003329,608953.245048186,485490497,1,0,0,8,6699DBEC3A780000,can0
1011,1786717281.7012396,608953.245954228,485490497,1,0,0,8,6699ECEC488E0000,can0
1012,1786717281.7021992,608953.246915478,485490497,1,0,0,8,6699EBEC137E0000,can0
1013,1786717281.7030218,608953.247736895,485490497,1,0,0,8,6699FBECB0550000,can0
1014,1786717281.7876606,608953.332380228,485490497,1,0,0,8,66994E0301000000,can0
1015,1786717281.8070245,608953.351757312,485490496,1,0,0,8,66998DED7D150000,can0
1016,1786717281.8085032,608953.353219353,485490496,1,0,0,8,66998FEDFD000000,can0
1017,1786717281.8097885,608953.354502228,485490496,1,0,0,8,6699DBEDEA100000,can0
1018,1786717281.8608243,608953.40554502,485490496,1,0,0,8,6699BCEDB4E00100,can0
1019,1786717281.8618946,608953.406608853,485490496,1,0,0,8,6699B1ED22CD7900,can0
1020,1786717281.8636389,608953.408359603,485490496,1,0,0,8,6699CCEC60770000,can0
1021,1786717281.864702,608953.409418478,485490496,1,0,0,8,6699CBEC44870000,can0
1022,1786717281.8661544,608953.410871062,485490496,1,0,0,8,6699DCEC26720000,can0
1023,1786717281.8670611,608953.411774437,485490496,1,0,0,8,6699DBECB2880000,can0
1024,1786717281.8676815,608953.412394687,485490496,1,0,0,8,6699ECECD97C0000,can0
1025,1786717281.8682303,608953.412941937,485490496,1,0,0,8,6699EBECBA790000,can0
1026,1786717281.8689268,608953.413641645,485490496,1,0,0,8,6699FCECA9790000,can0
1027,1786717281.8744423,608953.419158353,485490496,1,0,0,8,6699FBEC4A500000,can0
1028,1786717281.9913878,608953.536112228,485490657,1,0,0,8,6699FF0FAC260000,can0
1029,1786717281.996088,608953.540809895,485490657,1,0,0,8,66991C206041FFFF,can0
1030,1786717282.095904,608953.640622978,435295296,1,0,0,8,007D15FD000474D6,can0
1031,1786717282.0969195,608953.641634645,435294784,1,0,0,8,800BD60000FFFFFF,can0
1032,1786717282.0976353,608953.64234877,435294784,1,0,0,8,81FF4A00FFFFFFFF,can0
1033,1786717282.0983021,608953.643016437,435357504,1,0,0,8,D6018E0D5A0000FF,can0
1034,1786717282.0989177,608953.643630603,435294784,1,0,0,8,800BD60103FFFFFF,can0
1035,1786717282.1073744,608953.652094937,435294784,1,0,0,8,81FFFFFFFFFFFFFF,can0
1036,1786717282.1083128,608953.653026728,435357504,1,0,0,8,D602AD0D530000FF,can0
1037,1786717282.1091106,608953.65382552,435294784,1,0,0,8,600BD60203FFFFFF,can0
1038,1786717282.1178007,608953.662517978,435294784,1,0,0,8,61FFFFFFFFFFFFFF,can0
1039,1786717282.1188655,608953.663579312,435357504,1,0,0,8,D603260C660000FF,can0
1040,1786717282.119784,608953.664498562,435294784,1,0,0,8,600BD60303FFFFFF,can0
1041,1786717282.120869,608953.665584187,435294784,1,0,0,8,61FFFFFFFFFFFFFF,can0
1042,1786717282.1221302,608953.666845687,435357504,1,0,0,8,D60405089E0000FF,can0
1043,1786717282.1228232,608953.667536562,435294784,1,0,0,8,600BD60403FFFFFF,can0
1044,1786717282.1233828,608953.668096812,435294784,1,0,0,8,61FFFFFFFFFFFFFF,can0
1045,1786717282.1241887,608953.668903395,435357248,1,0,0,8,D6FFFC00FFFFFFFF,can0
1046,1786717282.1894045,608953.734125312,773,0,0,0,8,0000000000000000,can0
1047,1786717282.1929514,608953.737671937,775,0,0,0,8,1234567856494300,can0
1048,1786717282.2769241,608953.821646937,435295297,1,0,0,8,007C15DF00047401,can0
1049,1786717282.2781174,608953.822833478,435294785,1,0,0,8,800B010000FFFFFF,can0
1050,1786717282.2841651,608953.828880353,435294785,1,0,0,8,81FF4600FFFFFFFF,can0
1051,1786717282.2883155,608953.83303577,435357505,1,0,0,8,01012E0C720000FF,can0
1052,1786717282.2892613,608953.833975437,435294785,1,0,0,8,800B010103FFFFFF,can0
1053,1786717282.2899888,608953.834702978,435294785,1,0,0,8,81FFFFFFFFFFFFFF,can0
1054,1786717282.290728,608953.835442603,435357505,1,0,0,8,0102070CB60000FF,can0
1055,1786717282.291366,608953.836079312,435294785,1,0,0,8,600B010203FFFFFF,can0
1056,1786717282.2919638,608953.836677103,435294785,1,0,0,8,61FFFFFFFFFFFFFF,can0
1057,1786717282.29255,608953.837263395,435357505,1,0,0,8,01039D0C710000FF,can0
1058,1786717282.293054,608953.837766228,435294785,1,0,0,8,600B010303FFFFFF,can0
1059,1786717282.304341,608953.849055603,435294785,1,0,0,8,61FFFFFFFFFFFFFF,can0
1060,1786717282.3050642,608953.849779062,435357505,1,0,0,8,01049108000000FF,can0
1061,1786717282.310783,608953.855498645,435294785,1,0,0,8,600B010403FFFFFF,can0
1062,1786717282.3116195,608953.856334062,435294785,1,0,0,8,61FFFFFFFFFFFFFF,can0
1063,1786717282.3124247,608953.85713877,435357249,1,0,0,8,01FFFC00FFFFFFFF,can0
1064,1786717282.3130567,608953.857770187,233966913,1,0,0,8,0001FDFFFFFFFFFF,can0
1065,1786717282.3829105,608953.927627978,485490657,1,0,0,8,669901207C150000,can0
1066,1786717282.386811,608953.931525353,485490657,1,0,0,8,66990E200D000000,can0
1067,1786717282.6939316,608954.238668687,485490497,1,0,0,8,6699BCEDC6F30100,can0
1068,1786717282.6949503,608954.239662854,485490497,1,0,0,8,6699B1EDEFCBF405,can0
1069,1786717282.6963575,608954.24107152,485490497,1,0,0,8,6699CCEC9D890000,can0
1070,1786717282.6971393,608954.241853937,485490497,1,0,0,8,6699CBECC7790000,can0
1071,1786717282.697914,608954.242628812,485490497,1,0,0,8,6699DCECDCDB0000,can0
1072,1786717282.6986732,608954.243386895,485490497,1,0,0,8,6699DBEC45780000,can0
1073,1786717282.6993992,608954.244113354,485490497,1,0,0,8,6699ECEC4E8E0000,can0
1074,1786717282.7001255,608954.24483927,485490497,1,0,0,8,6699EBEC1D7E0000,can0
1075,1786717282.7008317,608954.245545437,485490497,1,0,0,8,6699FBECAD550000,can0
1076,1786717282.776493,608954.321212895,485442017,1,0,0,8,66990100D0EDFCFF,can0
1077,1786717282.7774498,608954.322164312,485442017,1,0,0,8,66990100DCEDFEFF,can0
1078,1786717282.7804122,608954.32512977,485442017,1,0,0,8,66990100DAEDFFFF,can0
1079,1786717282.7814739,608954.326188145,485442017,1,0,0,8,669901002720FFFF,can0
1080,1786717282.784297,608954.329021104,485490497,1,0,0,8,6699DAED00000000,can0
1081,1786717282.7869775,608954.331692354,485490497,1,0,0,8,669927203ED40300,can0
1082,1786717282.8129644,608954.35768452,485490496,1,0,0,8,66998FEDFF000000,can0
1083,1786717282.8138676,608954.35858127,485490496,1,0,0,8,6699DBEDF4100000,can0
1084,1786717282.8586771,608954.403396562,485490497,1,0,0,8,6699DCED36110000,can0
1085,1786717282.8600829,608954.404796437,485490497,1,0,0,8,6699DDEDBC280000,can0
1086,1786717282.8610537,608954.405767395,485490497,1,0,0,8,6699D0ED38080000,can0
1087,1786717282.8632467,608954.407964145,485490497,1,0,0,8,6699D1ED29010000,can0
1088,1786717282.8650217,608954.409737812,485490497,1,0,0,8,6699D2ED35090000,can0
1089,1786717282.8665764,608954.411293437,485490497,1,0,0,8,6699D3EDE8000000,can0
1090,1786717282.8678975,608954.412614229,485490496,1,0,0,8,6699BCED25E40100,can0
1091,1786717282.86928,608954.413994312,485490496,1,0,0,8,6699B1ED9D457900,can0
1092,1786717282.8703105,608954.415023687,485490496,1,0,0,8,6699CCECE4780000,can0
1093,1786717282.8709812,608954.415693229,485490496,1,0,0,8,6699CBEC3F870000,can0
1094,1786717282.8718746,608954.416590312,485490496,1,0,0,8,6699DCEC81710000,can0
1095,1786717282.87421,608954.418927437,485490496,1,0,0,8,6699DBECCA880000,can0
1096,1786717282.87579,608954.420504354,485490496,1,0,0,8,6699ECEC927C0000,can0
1097,1786717282.8765697,608954.421283729,485490496,1,0,0,8,6699EBEC2A790000,can0
1098,1786717282.8771365,608954.421848854,485490496,1,0,0,8,6699FCECB57D0000,can0
1099,1786717282.877606,608954.42231702,485490496,1,0,0,8,6699FBECCB4F0000,can0
1100,1786717282.9824073,608954.527128479,502267713,1,0,0,8,A0266699501000E8,can0
1101,1786717282.9945378,608954.539257395,502267713,1,0,0,8,A1000000FFFFFFFF,can0
1102,1786717282.9969084,608954.541626687,502267713,1,0,0,8,A28515AF14000000,can0
1103,1786717282.999412,608954.544130229,502267713,1,0,0,8,A30000C002000000,can0
1104,1786717283.0034168,608954.548134395,502267713,1,0,0,8,A400350900009F01,can0
1105,1786717283.0042791,608954.548993437,502267713,1,0,0,8,A58A9A1300FFFFFF,can0
1106,1786717283.0049987,608954.549712187,502267713,1,0,0,8,C0286699A0100013,can0
1107,1786717283.013529,608954.558243687,502267713,1,0,0,8,C1002B0034003000,can0
1108,1786717283.0142274,608954.558941145,502267713,1,0,0,8,C259006601340272,can0
1109,1786717283.014888,608954.559601895,502267713,1,0,0,8,C30148055799FB98,can0
1110,1786717283.0179276,608954.562643562,502267713,1,0,0,8,C48A9A9E5CFFFFFF,can0
1111,1786717283.0222352,608954.56695302,502267713,1,0,0,8,C5FFFFFFFFFFFFFF,can0
1112,1786717283.0233502,608954.568065812,485441761,1,0,0,8,6699152030030000,can0
1113,1786717283.0243337,608954.569048354,485490496,1,0,0,8,6699152030030000,can0
1114,1786717283.0250967,608954.569811229,485442017,1,0,0,8,669915201A030000,can0
1115,1786717283.0270686,608954.571784562,485490497,1,0,0,8,669915201A030000,can0
1116,1786717283.0278802,608954.57259527,485490657,1,0,0,8,6699FF0FAC260000,can0
1117,1786717283.0286598,608954.573374187,485490657,1,0,0,8,66991C20B843FFFF,can0
1118,1786717283.0947363,608954.639456187,485490657,1,0,0,8,669902207B150000,can0
1119,1786717283.1484401,608954.693160729,485490496,1,0,0,8,66998DED7C150000,can0
1120,1786717283.1811142,608954.725837437,773,0,0,0,8,0000000000000000,can0
1121,1786717283.1823747,608954.727090354,775,0,0,0,8,1234567856494300,can0
1122,1786717283.2823322,608954.827052771,485490497,1,0,0,8,66998FEDE0000000,can0
1123,1786717283.5518599,608955.096580229,485490496,1,0,0,8,66990102FC000000,can0
1124,1786717283.5527935,608955.097506812,485490496,1,0,0,8,66990A02FC000000,can0
1125,1786717283.5951006,608955.139820354,435295296,1,0,0,8,007C1500010474F4,can0
1126,1786717283.5961351,608955.140849604,435294784,1,0,0,8,A00BF40000FFFFFF,can0
1127,1786717283.5970137,608955.141728062,435294784,1,0,0,8,A1FF4A00FFFFFFFF,can0
1128,1786717283.5978894,608955.142605562,435357504,1,0,0,8,F401830D580000FF,can0
1129,1786717283.5988092,608955.143523854,435294784,1,0,0,8,A00BF40103FFFFFF,can0
1130,1786717283.5995743,608955.144288062,435294784,1,0,0,8,A1FFFFFFFFFFFFFF,can0
1131,1786717283.6004264,608955.145141021,435357504,1,0,0,8,F402AE0D530000FF,can0
1132,1786717283.601174,608955.145887896,435294784,1,0,0,8,800BF40203FFFFFF,can0
1133,1786717283.6019106,608955.146624312,435294784,1,0,0,8,81FFFFFFFFFFFFFF,can0
1134,1786717283.603427,608955.148140979,435357504,1,0,0,8,F403220C670000FF,can0
1135,1786717283.6041698,608955.148884229,435294784,1,0,0,8,800BF40303FFFFFF,can0
1136,1786717283.6052349,608955.149949479,435294784,1,0,0,8,81FFFFFFFFFFFFFF,can0
1137,1786717283.606151,608955.150865562,435357504,1,0,0,8,F4040408930000FF,can0
1138,1786717283.6068833,608955.151597437,435294784,1,0,0,8,800BF40403FFFFFF,can0
1139,1786717283.607759,608955.152472979,435294784,1,0,0,8,81FFFFFFFFFFFFFF,can0
1140,1786717283.6086051,608955.153320146,435357248,1,0,0,8,F4FFFC00FFFFFFFF,can0
1141,1786717283.6094234,608955.154142062,485490496,1,0,0,8,6699000201000000,can0
1142,1786717283.6102989,608955.155020104,485490496,1,0,0,8,6699020200000000,can0
1143,1786717283.6112044,608955.155919021,485490496,1,0,0,8,6699070200000000,can0
1144,1786717283.6129513,608955.157665687,485490496,1,0,0,8,66991E0300000000,can0
1145,1786717283.6135495,608955.158262146,485490496,1,0,0,8,66991C0300000000,can0
1146,1786717283.6141233,608955.158836021,485490496,1,0,0,8,66998DED7C150000,can0
1147,1786717283.6489239,608955.193644021,485490496,1,0,0,8,66998FED00010000,can0
1148,1786717283.6498668,608955.194581687,485490496,1,0,0,8,6699ECED04740000,can0
1149,1786717283.6529047,608955.197624187,485490496,1,0,0,8,6699DAED00000000,can0
1150,1786717283.6948454,608955.239562937,485490497,1,0,0,8,6699BCED19F50100,can0
1151,1786717283.6959555,608955.240670104,485490497,1,0,0,8,6699B1EDCA94F505,can0
1152,1786717283.6977386,608955.242454687,485490497,1,0,0,8,6699CCEC268A0000,can0
1153,1786717283.698946,608955.243659979,485490497,1,0,0,8,6699CBECC3790000,can0
1154,1786717283.6999948,608955.244707854,485490497,1,0,0,8,6699DCECCADC0000,can0
1155,1786717283.7005296,608955.245242646,485490497,1,0,0,8,6699DBEC42780000,can0
1156,1786717283.701036,608955.245749229,485490497,1,0,0,8,6699ECEC508E0000,can0
1157,1786717283.7014956,608955.246206812,485490497,1,0,0,8,6699EBEC167E0000,can0
1158,1786717283.7056363,608955.250355062,485490497,1,0,0,8,6699FBECAC550000,can0
1159,1786717283.7326565,608955.277376729,502267713,1,0,0,8,E0266699501000E8,can0
1160,1786717283.7337952,608955.278510646,502267713,1,0,0,8,E1000000FFFFFFFF,can0
1161,1786717283.7348318,608955.279547271,502267713,1,0,0,8,E28515AF14000000,can0
1162,1786717283.7381177,608955.282834854,502267713,1,0,0,8,E30000C002000000,can0
1163,1786717283.7389734,608955.283687354,502267713,1,0,0,8,E400350900009F01,can0
1164,1786717283.7397377,608955.284453062,502267713,1,0,0,8,E58A9A1300FFFFFF,can0
1165,1786717283.7519395,608955.296658812,502267713,1,0,0,8,00286699A0100013,can0
1166,1786717283.7529109,608955.297624896,502267713,1,0,0,8,01002B0034003000,can0
1167,1786717283.755251,608955.299975354,502267713,1,0,0,8,0259006601350272,can0
1168,1786717283.7569351,608955.301651062,502267713,1,0,0,8,030148055799FB98,can0
1169,1786717283.7598548,608955.304569187,502267713,1,0,0,8,048A9A9E5CFFFFFF,can0
1170,1786717283.7605765,608955.305290229,502267713,1,0,0,8,05FFFFFFFFFFFFFF,can0
1171,1786717283.7767923,608955.321515062,435295297,1,0,0,8,007C15E00004741F,can0
1172,1786717283.7778652,608955.322577812,435294785,1,0,0,8,A00B1F0000FFFFFF,can0
1173,1786717283.778812,608955.323526479,435294785,1,0,0,8,A1FF4600FFFFFFFF,can0
1174,1786717283.7795033,608955.324216521,435357505,1,0,0,8,1F012D0C720000FF,can0
1175,1786717283.7802587,608955.324970521,435294785,1,0,0,8,A00B1F0103FFFFFF,can0
1176,1786717283.7813003,608955.326014771,435294785,1,0,0,8,A1FFFFFFFFFFFFFF,can0
1177,1786717283.783871,608955.328589271,435357505,1,0,0,8,1F02070CB70000FF,can0
1178,1786717283.7847912,608955.329506562,435294785,1,0,0,8,800B1F0203FFFFFF,can0
1179,1786717283.7859356,608955.330651229,435294785,1,0,0,8,81FFFFFFFFFFFFFF,can0
1180,1786717283.7867475,608955.331461771,435357505,1,0,0,8,1F039C0C700000FF,can0
1181,1786717283.7877374,608955.332452229,435294785,1,0,0,8,800B1F0303FFFFFF,can0
1182,1786717283.7887003,608955.333416062,435294785,1,0,0,8,81FFFFFFFFFFFFFF,can0
1183,1786717283.7894728,608955.334186396,435357505,1,0,0,8,1F049108000000FF,can0
1184,1786717283.7923126,608955.337027812,435294785,1,0,0,8,800B1F0403FFFFFF,can0
1185,1786717283.7974296,608955.342149604,435294785,1,0,0,8,81FFFFFFFFFFFFFF,can0
1186,1786717283.798341,608955.343055312,435357249,1,0,0,8,1FFFFC00FFFFFFFF,can0
1187,1786717283.8085742,608955.353293604,485490496,1,0,0,8,66998FED00010000,can0
1188,1786717283.8525767,608955.397297354,485490496,1,0,0,8,6699B3ED01000000,can0
1189,1786717283.8536565,608955.398371646,485490496,1,0,0,8,6699BCED2AE30100,can0
1190,1786717283.8628232,608955.407544521,485490496,1,0,0,8,6699BCED2AE30100,can0
1191,1786717283.863954,608955.408669813,485490496,1,0,0,8,6699B1EDF1F77900,can0
1192,1786717283.8650308,608955.409745188,485490496,1,0,0,8,6699CCEC997A0000,can0
1193,1786717283.8658993,608955.410614521,485490496,1,0,0,8,6699CBEC44870000,can0
1194,1786717283.8666186,608955.411333771,485490496,1,0,0,8,6699DCECBD710000,can0
1195,1786717283.867368,608955.412082313,485490496,1,0,0,8,6699DBECCF880000,can0
1196,1786717283.868091,608955.412805854,485490496,1,0,0,8,6699ECECFF7C0000,can0
1197,1786717283.8688443,608955.413558896,485490496,1,0,0,8,6699EBEC7F790000,can0
1198,1786717283.869616,608955.414330479,485490496,1,0,0,8,6699FCEC84780000,can0
1199,1786717283.8703787,608955.415093854,485490496,1,0,0,8,6699FBEC66500000,can0
1200,1786717283.9450812,608955.489803146,502267712,1,0,0,8,E0266699501000B2,can0
1201,1786717283.948583,608955.493298813,502267712,1,0,0,8,E1020000FFFFFFFF,can0
1202,1786717283.9496095,608955.494323604,502267712,1,0,0,8,E28515AB14000000,can0
1203,1786717283.9507053,608955.495420396,502267712,1,0,0,8,E30000C102000000,can0
1204,1786717283.9515266,608955.496240938,502267712,1,0,0,8,E400420E00009602,can0
1205,1786717283.9522598,608955.496973938,502267712,1,0,0,8,E5EE9A4001FFFFFF,can0
1206,1786717283.989961,608955.534680979,485490657,1,0,0,8,6699FF0FAC260000,can0
1207,1786717283.9960155,608955.540731479,485490657,1,0,0,8,66991C201C44FFFF,can0
1208,1786717284.101833,608955.646553354,485490496,1,0,0,8,66994E0301000000,can0
1209,1786717284.1833649,608955.728085646,773,0,0,0,8,0000000000000000,can0
1210,1786717284.1844807,608955.729197438,775,0,0,0,8,1234567856494300,can0
1211,1786717284.5824668,608956.127186438,485490497,1,0,0,8,66998FEDE1000000,can0
1212,1786717284.6939516,608956.238671188,485490497,1,0,0,8,6699BCED88F80100,can0
1213,1786717284.6991677,608956.243883688,485490497,1,0,0,8,6699B1ED0ACCF505,can0
1214,1786717284.7000632,608956.244778813,485490497,1,0,0,8,6699CCEC3E8C0000,can0
1215,1786717284.7010632,608956.245778605,485490497,1,0,0,8,6699CBECDE790000,can0
1216,1786717284.701904,608956.246619355,485490497,1,0,0,8,6699DCEC26DE0000,can0
1217,1786717284.7162712,608956.260987938,485490497,1,0,0,8,6699DBEC51780000,can0
1218,1786717284.7171843,608956.261898563,485490497,1,0,0,8,6699ECEC7D8E0000,can0
1219,1786717284.7182608,608956.26297548,485490497,1,0,0,8,6699EBEC1E7E0000,can0
1220,1786717284.7205417,608956.265257271,485490497,1,0,0,8,6699FBECAC550000,can0
1221,1786717284.732467,608956.277186605,502267713,1,0,0,8,20266699501000E8,can0
1222,1786717284.733608,608956.278324438,502267713,1,0,0,8,21000000FFFFFFFF,can0
1223,1786717284.7343864,608956.27909998,502267713,1,0,0,8,228515AF14000000,can0
1224,1786717284.735042,608956.279754771,502267713,1,0,0,8,230000C002000000,can0
1225,1786717284.736203,608956.280917563,502267713,1,0,0,8,2400350900009F01,can0
1226,1786717284.7369223,608956.281636855,502267713,1,0,0,8,258A9A1300FFFFFF,can0
1227,1786717284.739757,608956.284476271,502267713,1,0,0,8,40286699A0100013,can0
1228,1786717284.7406347,608956.285349688,502267713,1,0,0,8,41002B0034003000,can0
1229,1786717284.7417002,608956.28641548,502267713,1,0,0,8,4259006601380272,can0
1230,1786717284.7427225,608956.287438146,502267713,1,0,0,8,430148055799FB98,can0
1231,1786717284.7436545,608956.288370438,502267713,1,0,0,8,448A9A9E5CFFFFFF,can0
1232,1786717284.7446458,608956.289359688,502267713,1,0,0,8,45FFFFFFFFFFFFFF,can0
1233,1786717284.8614311,608956.406148563,485490496,1,0,0,8,6699BCED7EE50100,can0
1234,1786717284.8623288,608956.407043396,485490496,1,0,0,8,6699B1ED08FC7900,can0
1235,1786717284.8631098,608956.40782423,485490496,1,0,0,8,6699CCEC717E0000,can0
1236,1786717284.8638737,608956.408587938,485490496,1,0,0,8,6699CBECA1870000,can0
1237,1786717284.866891,608956.411606563,485490496,1,0,0,8,6699DCECCD710000,can0
1238,1786717284.8677146,608956.41242923,485490496,1,0,0,8,6699DBECE1880000,can0
1239,1786717284.868459,608956.413175396,485490496,1,0,0,8,6699ECEC017D0000,can0
1240,1786717284.8692045,608956.41391873,485490496,1,0,0,8,6699EBEC2C790000,can0
1241,1786717284.8699212,608956.414636271,485490496,1,0,0,8,6699FCEC117A0000,can0
1242,1786717284.87062,608956.415334355,485490496,1,0,0,8,6699FBEC47500000,can0
1243,1786717284.89737,608956.442090355,485490496,1,0,0,8,66998FED01010000,can0
1244,1786717284.9906242,608956.535344105,485490657,1,0,0,8,6699FF0FAC260000,can0
1245,1786717284.9948578,608956.539578146,485490657,1,0,0,8,66991C20FC40FFFF,can0
1246,1786717285.0955875,608956.64030798,435295296,1,0,0,8,007C150101047416,can0
1247,1786717285.0968537,608956.641567563,435294784,1,0,0,8,C00B160000FFFFFF,can0
1248,1786717285.098616,608956.643329896,435294784,1,0,0,8,C1FF4A00FFFFFFFF,can0
1249,1786717285.0994248,608956.64413948,435357504,1,0,0,8,1601960D640000FF,can0
1250,1786717285.1005917,608956.64531298,435294784,1,0,0,8,C00B160103FFFFFF,can0
1251,1786717285.103548,608956.648266313,435294784,1,0,0,8,C1FFFFFFFFFFFFFF,can0
1252,1786717285.1044235,608956.649137521,435357504,1,0,0,8,1602B20D510000FF,can0
1253,1786717285.1051497,608956.649863688,435294784,1,0,0,8,A00B160203FFFFFF,can0
1254,1786717285.1074793,608956.652194855,435294784,1,0,0,8,A1FFFFFFFFFFFFFF,can0
1255,1786717285.108323,608956.653036813,435357504,1,0,0,8,1603290C660000FF,can0
1256,1786717285.1091197,608956.653833646,435294784,1,0,0,8,A00B160303FFFFFF,can0
1257,1786717285.1098623,608956.654578396,435294784,1,0,0,8,A1FFFFFFFFFFFFFF,can0
1258,1786717285.1136084,608956.658327688,435357504,1,0,0,8,16040908990000FF,can0
1259,1786717285.1146936,608956.659408271,435294784,1,0,0,8,A00B160403FFFFFF,can0
1260,1786717285.1158528,608956.660568313,435294784,1,0,0,8,A1FFFFFFFFFFFFFF,can0
1261,1786717285.1167915,608956.661506896,435357248,1,0,0,8,16FFFC00FFFFFFFF,can0
1262,1786717285.129618,608956.674339271,485490497,1,0,0,8,66998FEDE2000000,can0
1263,1786717285.1819203,608956.72664048,773,0,0,0,8,0000000000000000,can0
1264,1786717285.182983,608956.727698438,775,0,0,0,8,1234567856494300,can0
1265,1786717285.279363,608956.824083647,435295297,1,0,0,8,007C15E20004743D,can0
1266,1786717285.2838376,608956.828552063,435294785,1,0,0,8,C00B3D0000FFFFFF,can0
1267,1786717285.2846503,608956.829364813,435294785,1,0,0,8,C1FF4600FFFFFFFF,can0
1268,1786717285.2859156,608956.830631105,435357505,1,0,0,8,3D01350C750000FF,can0
1269,1786717285.287152,608956.831867813,435294785,1,0,0,8,C00B3D0103FFFFFF,can0
1270,1786717285.2893984,608956.834114147,435294785,1,0,0,8,C1FFFFFFFFFFFFFF,can0
1271,1786717285.2903104,608956.835024772,435357505,1,0,0,8,3D02070CBA0000FF,can0
1272,1786717285.291077,608956.835792605,435294785,1,0,0,8,A00B3D0203FFFFFF,can0
1273,1786717285.2918584,608956.836573563,435294785,1,0,0,8,A1FFFFFFFFFFFFFF,can0
1274,1786717285.2926075,608956.837321313,435357505,1,0,0,8,3D039D0C700000FF,can0
1275,1786717285.2999644,608956.844681605,435294785,1,0,0,8,A00B3D0303FFFFFF,can0
1276,1786717285.3014154,608956.846131522,435294785,1,0,0,8,A1FFFFFFFFFFFFFF,can0
1277,1786717285.3022711,608956.846984855,435357505,1,0,0,8,3D049108000000FF,can0
1278,1786717285.302976,608956.84769048,435294785,1,0,0,8,A00B3D0403FFFFFF,can0
1279,1786717285.3036866,608956.848401647,435294785,1,0,0,8,A1FFFFFFFFFFFFFF,can0
1280,1786717285.3048396,608956.849553355,435357249,1,0,0,8,3DFFFC00FFFFFFFF,can0
1281,1786717285.3798454,608956.924566522,485490497,1,0,0,8,6699DBED18100000,can0
1282,1786717285.5004869,608957.045205897,502267712,1,0,0,8,001D6699431001F0,can0
1283,1786717285.5016644,608957.046379355,502267712,1,0,0,8,010B0A00CF3F0000,can0
1284,1786717285.5024338,608957.047147772,502267712,1,0,0,8,0200000000000000,can0
1285,1786717285.504271,608957.048985605,502267712,1,0,0,8,0300000000000000,can0
1286,1786717285.5050802,608957.04979298,502267712,1,0,0,8,040000FFFFFFFFFF,can0
1287,1786717285.5062068,608957.050922688,502267712,1,0,0,8,201D66994210015F,can0
1288,1786717285.5069535,608957.051666813,502267712,1,0,0,8,219AA20132A00400,can0
1289,1786717285.507647,608957.052360772,502267712,1,0,0,8,2200000000000000,can0
1290,1786717285.5083604,608957.053074813,502267712,1,0,0,8,2300110000000000,can0
1291,1786717285.5092926,608957.054006647,502267712,1,0,0,8,240000FFFFFFFFFF,can0
1292,1786717285.6413157,608957.18603548,485490497,1,0,0,8,66998FEDE4000000,can0
1293,1786717285.642399,608957.187113647,485490497,1,0,0,8,6699DBED0E100000,can0
1294,1786717285.6939752,608957.23869498,485490497,1,0,0,8,6699BCED68020200,can0
1295,1786717285.694916,608957.23963023,485490497,1,0,0,8,6699B1ED3CDBF505,can0
1296,1786717285.6960492,608957.240765147,485490497,1,0,0,8,6699CCEC15910000,can0
1297,1786717285.6969755,608957.241691022,485490497,1,0,0,8,6699CBEC597A0000,can0
1298,1786717285.6988437,608957.243558605,485490497,1,0,0,8,6699DCECDFE20000,can0
1299,1786717285.6999307,608957.244645313,485490497,1,0,0,8,6699DBECFB780000,can0
1300,1786717285.7007084,608957.245422897,485490497,1,0,0,8,6699ECEC1B8F0000,can0
1301,1786717285.704015,608957.24873098,485490497,1,0,0,8,6699EBECE17E0000,can0
1302,1786717285.7051806,608957.249893605,485490497,1,0,0,8,6699FBECA8550000,can0
1303,1786717285.7326546,608957.277374438,502267713,1,0,0,8,60266699501000E8,can0
1304,1786717285.7338648,608957.278578022,502267713,1,0,0,8,61000000FFFFFFFF,can0
1305,1786717285.734638,608957.27935148,502267713,1,0,0,8,628515AF14000000,can0
1306,1786717285.7352695,608957.27998248,502267713,1,0,0,8,630000C002000000,can0
1307,1786717285.7369564,608957.281671147,502267713,1,0,0,8,6400350900009F01,can0
1308,1786717285.737781,608957.282494313,502267713,1,0,0,8,658A9A1300FFFFFF,can0
1309,1786717285.7397063,608957.284424313,502267713,1,0,0,8,80286699A0100013,can0
1310,1786717285.7408116,608957.285525813,502267713,1,0,0,8,81002B0034003000,can0
1311,1786717285.7418811,608957.286597772,502267713,1,0,0,8,8259007201430272,can0
1312,1786717285.7427983,608957.287512563,502267713,1,0,0,8,830148055799FB98,can0
1313,1786717285.7434008,608957.28811223,502267713,1,0,0,8,848A9A9E5CFFFFFF,can0
1314,1786717285.7438793,608957.288592313,502267713,1,0,0,8,85FFFFFFFFFFFFFF,can0
1315,1786717285.8079395,608957.352659397,485490496,1,0,0,8,66998FED03010000,can0
1316,1786717285.860584,608957.405303105,485490496,1,0,0,8,6699BCED16F20100,can0
1317,1786717285.8615015,608957.406214688,485490496,1,0,0,8,6699B1ED8DE97900,can0
1318,1786717285.8622782,608957.406998938,485490496,1,0,0,8,6699CCEC2D8A0000,can0
1319,1786717285.8640935,608957.408808813,485490496,1,0,0,8,6699CBEC13880000,can0
1320,1786717285.867342,608957.412057688,485490496,1,0,0,8,6699DCEC16710000,can0
1321,1786717285.8682613,608957.412976647,485490496,1,0,0,8,6699DBEC14890000,can0
1322,1786717285.8691552,608957.41386823,485490496,1,0,0,8,6699ECEC3E7E0000,can0
1323,1786717285.869663,608957.414374563,485490496,1,0,0,8,6699EBEC9B790000,can0
1324,1786717285.8701005,608957.41481273,485490496,1,0,0,8,6699FCEC51770000,can0
1325,1786717285.8705995,608957.415311563,485490496,1,0,0,8,6699FBECAD500000,can0
1326,1786717285.928568,608957.473287522,485490497,1,0,0,8,66998DED7D150000,can0
1327,1786717285.9941747,608957.53889498,485441761,1,0,0,8,6699152030030000,can0
1328,1786717285.995032,608957.539746147,485442017,1,0,0,8,669915201A030000,can0
1329,1786717285.9958892,608957.540604022,485490496,1,0,0,8,6699152030030000,can0
1330,1786717285.9966154,608957.541329897,485490497,1,0,0,8,669915201A030000,can0
1331,1786717286.0058498,608957.550570022,485490657,1,0,0,8,6699FF0FAC260000,can0
1332,1786717286.0069814,608957.551698647,485490657,1,0,0,8,66991C20B843FFFF,can0
1333,1786717286.096602,608957.641321647,485490657,1,0,0,8,669902207C150000,can0
1334,1786717286.1809213,608957.725640939,773,0,0,0,8,0000000000000000,can0
1335,1786717286.181921,608957.726635064,775,0,0,0,8,1234567856494300,can0
1336,1786717286.1867485,608957.731468522,485441761,1,0,0,8,66990100D0EDFCFF,can0
1337,1786717286.187625,608957.732338105,485441761,1,0,0,8,66990100DCEDFEFF,can0
1338,1786717286.188437,608957.733151647,485441761,1,0,0,8,66990100DAEDFFFF,can0
1339,1786717286.1983733,608957.743087897,485441761,1,0,0,8,669901002720FFFF,can0
1340,1786717286.1990123,608957.743725522,485490496,1,0,0,8,6699DAED00000000,can0
1341,1786717286.1995947,608957.744307814,485490496,1,0,0,8,669927207DE30300,can0
1342,1786717286.2362065,608957.780926272,485490497,1,0,0,8,66990102FC000000,can0
1343,1786717286.2370863,608957.781799855,485490497,1,0,0,8,66990A02FC000000,can0
1344,1786717286.265961,608957.810685939,485490496,1,0,0,8,6699DCED7E200000,can0
1345,1786717286.268236,608957.812951397,485490496,1,0,0,8,6699DDEDCF830200,can0
1346,1786717286.2691162,608957.81382948,485490496,1,0,0,8,6699D0ED730E0000,can0
1347,1786717286.269616,608957.81432823,485490496,1,0,0,8,6699D1EDF9030000,can0
1348,1786717286.270053,608957.814764897,485490496,1,0,0,8,6699D2ED420E0000,can0
1349,1786717286.270464,608957.815175772,485490496,1,0,0,8,6699D3EDB2020000,can0
1350,1786717286.2861474,608957.830868064,485490497,1,0,0,8,6699000201000000,can0
1351,1786717286.2896993,608957.83441548,485490497,1,0,0,8,6699020200000000,can0
1352,1786717286.2920585,608957.836776397,485490497,1,0,0,8,6699070200000000,can0
1353,1786717286.2949972,608957.839713105,485490497,1,0,0,8,66991E0300000000,can0
1354,1786717286.2968853,608957.841601939,485490497,1,0,0,8,66991C0300000000,can0
1355,1786717286.2977648,608957.842479147,485490497,1,0,0,8,66998DED7D150000,can0
1356,1786717286.3320153,608957.87673523,485490497,1,0,0,8,66998FEDE9000000,can0
1357,1786717286.333138,608957.877853022,485490497,1,0,0,8,6699ECED04740000,can0
1358,1786717286.3364077,608957.881121897,485490497,1,0,0,8,6699DAED00000000,can0
1359,1786717286.5355592,608958.080280314,485490497,1,0,0,8,6699B3ED01000000,can0
1360,1786717286.536451,608958.081164564,485490497,1,0,0,8,6699BCED84140200,can0
1361,1786717286.5948455,608958.139565314,435295296,1,0,0,8,007C15FF00047434,can0
1362,1786717286.5958745,608958.140589564,435294784,1,0,0,8,E00B340000FFFFFF,can0
1363,1786717286.5966032,608958.141316022,435294784,1,0,0,8,E1FF4A00FFFFFFFF,can0
1364,1786717286.5971708,608958.141884605,435357504,1,0,0,8,3401C90D5B0000FF,can0
1365,1786717286.5981145,608958.142830439,435294784,1,0,0,8,E00B340103FFFFFF,can0
1366,1786717286.599082,608958.143800605,435294784,1,0,0,8,E1FFFFFFFFFFFFFF,can0
1367,1786717286.6002822,608958.144998439,435357504,1,0,0,8,3402C50D4F0000FF,can0
1368,1786717286.6010997,608958.145813855,435294784,1,0,0,8,C00B340203FFFFFF,can0
1369,1786717286.6022751,608958.146989689,435294784,1,0,0,8,C1FFFFFFFFFFFFFF,can0
1370,1786717286.6030622,608958.14777673,435357504,1,0,0,8,3403500C670000FF,can0
1371,1786717286.6039748,608958.148689689,435294784,1,0,0,8,C00B340303FFFFFF,can0
1372,1786717286.6048193,608958.14953323,435294784,1,0,0,8,C1FFFFFFFFFFFFFF,can0
1373,1786717286.6083417,608958.153057105,435357504,1,0,0,8,340437087F0000FF,can0
1374,1786717286.609158,608958.153872147,435294784,1,0,0,8,C00B340403FFFFFF,can0
1375,1786717286.6097724,608958.154485147,435294784,1,0,0,8,C1FFFFFFFFFFFFFF,can0
1376,1786717286.61024,608958.154951855,435357248,1,0,0,8,34FFFC00FFFFFFFF,can0
1377,1786717286.6106632,608958.155375522,233966912,1,0,0,8,0001FDFFFFFFFFFF,can0
1378,1786717286.6269107,608958.171630397,502267713,1,0,0,8,A0266699501000E8,can0
1379,1786717286.6278253,608958.17253923,502267713,1,0,0,8,A1000000FFFFFFFF,can0
1380,1786717286.6284525,608958.173166022,502267713,1,0,0,8,A28515AF14000000,can0
1381,1786717286.629062,608958.173774939,502267713,1,0,0,8,A30000C002000000,can0
1382,1786717286.629605,608958.174318189,502267713,1,0,0,8,A400350900009F01,can0
1383,1786717286.63012,608958.174832647,502267713,1,0,0,8,A58A9A1300FFFFFF,can0
1384,1786717286.6417685,608958.186487689,485490497,1,0,0,8,66998DED7D150000,can0
1385,1786717286.6449964,608958.189715231,485490497,1,0,0,8,66998FEDEB000000,can0
1386,1786717286.6459484,608958.190662314,485490497,1,0,0,8,6699DBED18100000,can0
1387,1786717286.6949332,608958.239653189,485490497,1,0,0,8,6699BCED84140200,can0
1388,1786717286.6959298,608958.240643397,485490497,1,0,0,8,6699B1ED6ADFF505,can0
1389,1786717286.6965919,608958.241305606,485490497,1,0,0,8,6699CCEC06940000,can0
1390,1786717286.697188,608958.241899939,485490497,1,0,0,8,6699CBECBD7E0000,can0
1391,1786717286.6982727,608958.242989606,485490497,1,0,0,8,6699DCEC78F00000,can0
1392,1786717286.6993644,608958.244081147,485490497,1,0,0,8,6699DBEC7F7D0000,can0
1393,1786717286.702563,608958.247277981,485490497,1,0,0,8,6699ECECB9900000,can0
1394,1786717286.7033775,608958.248091106,485490497,1,0,0,8,6699EBEC16830000,can0
1395,1786717286.7040944,608958.248809022,485490497,1,0,0,8,6699FBECAB550000,can0
1396,1786717286.7359247,608958.280642397,502267713,1,0,0,8,C0266699501000E8,can0
1397,1786717286.7369823,608958.281696689,502267713,1,0,0,8,C1000000FFFFFFFF,can0
1398,1786717286.7377625,608958.282477356,502267713,1,0,0,8,C28515AF14000000,can0
1399,1786717286.739942,608958.284662189,502267713,1,0,0,8,C30000C002000000,can0
1400,1786717286.741161,608958.285876106,502267713,1,0,0,8,C400350900009F01,can0
1401,1786717286.743902,608958.288617981,502267713,1,0,0,8,C58A9A1300FFFFFF,can0
1402,1786717286.7449143,608958.289627647,502267713,1,0,0,8,E0286699A0100013,can0
1403,1786717286.7457945,608958.290508689,502267713,1,0,0,8,E1002B0034003000,can0
1404,1786717286.747561,608958.292276189,502267713,1,0,0,8,E259007B01640275,can0
1405,1786717286.7482662,608958.292978856,502267713,1,0,0,8,E30148055799FB98,can0
1406,1786717286.748883,608958.293596939,502267713,1,0,0,8,E48A9A9E5CFFFFFF,can0
1407,1786717286.7494934,608958.294205522,502267713,1,0,0,8,E5FFFFFFFFFFFFFF,can0
1408,1786717286.7783542,608958.323070356,435295297,1,0,0,8,007D15EC0004745B,can0
1409,1786717286.7792978,608958.324011981,435294785,1,0,0,8,E00B5B0000FFFFFF,can0
1410,1786717286.780835,608958.325548272,435294785,1,0,0,8,E1FF4600FFFFFFFF,can0
1411,1786717286.7822163,608958.326930939,435357505,1,0,0,8,5B01AC0C730000FF,can0
1412,1786717286.7843091,608958.329024731,435294785,1,0,0,8,E00B5B0103FFFFFF,can0
1413,1786717286.792201,608958.336920772,435294785,1,0,0,8,E1FFFFFFFFFFFFFF,can0
1414,1786717286.8043687,608958.349085772,435357505,1,0,0,8,5B028D0CC00000FF,can0
1415,1786717286.8052533,608958.349967939,435294785,1,0,0,8,C00B5B0203FFFFFF,can0
1416,1786717286.811251,608958.355965481,435294785,1,0,0,8,C1FFFFFFFFFFFFFF,can0
1417,1786717286.8120492,608958.356763689,435357505,1,0,0,8,5B031C0D6F0000FF,can0
1418,1786717286.8127065,608958.357420814,435294785,1,0,0,8,C00B5B0303FFFFFF,can0
1419,1786717286.8133614,608958.358076356,435294785,1,0,0,8,C1FFFFFFFFFFFFFF,can0
1420,1786717286.8140523,608958.358765689,435357505,1,0,0,8,5B049108000000FF,can0
1421,1786717286.8146846,608958.359400189,435294785,1,0,0,8,C00B5B0403FFFFFF,can0
1422,1786717286.824887,608958.369618272,435294785,1,0,0,8,C1FFFFFFFFFFFFFF,can0
1423,1786717286.8261306,608958.370846022,435357249,1,0,0,8,5BFFFC00FFFFFFFF,can0
1424,1786717286.827135,608958.371850147,485490497,1,0,0,8,66994E0301000000,can0
1425,1786717286.8278587,608958.372572897,485490496,1,0,0,8,66998FEDFD000000,can0
1426,1786717286.8613613,608958.406080564,485490496,1,0,0,8,6699BCED3FD10100,can0
1427,1786717286.8625498,608958.407265064,485490496,1,0,0,8,6699B1ED6B367C00,can0
1428,1786717286.863547,608958.408262064,485490496,1,0,0,8,6699CCEC41810000,can0
1429,1786717286.8645134,608958.409238897,485490496,1,0,0,8,6699CBEC188A0000,can0
1430,1786717286.875832,608958.420549606,485490496,1,0,0,8,6699DCECB26C0000,can0
1431,1786717286.8767207,608958.421435606,485490496,1,0,0,8,6699DBECE2890000,can0
1432,1786717286.877475,608958.422188314,485490496,1,0,0,8,6699ECEC71820000,can0
1433,1786717286.8780992,608958.422813022,485490496,1,0,0,8,6699EBEC867B0000,can0
1434,1786717286.8790379,608958.423751647,485490496,1,0,0,8,6699FCEC35620000,can0
1435,1786717286.8796568,608958.424370606,485490496,1,0,0,8,6699FBEC88520000,can0
1436,1786717287.0058763,608958.550597481,485490657,1,0,0,8,6699FF0FAC260000,can0
1437,1786717287.0068917,608958.551606772,485490657,1,0,0,8,66991C206041FFFF,can0
1438,1786717287.1405103,608958.685228481,502267713,1,0,0,8,001D669942100130,can0
1439,1786717287.1413794,608958.686093939,502267713,1,0,0,8,017B1800C5480000,can0
1440,1786717287.1421385,608958.686851564,502267713,1,0,0,8,0200000000000000,can0
1441,1786717287.1428561,608958.687570481,502267713,1,0,0,8,0300010000000000,can0
1442,1786717287.1435437,608958.688257564,502267713,1,0,0,8,040000FFFFFFFFFF,can0
1443,1786717287.1917534,608958.736472731,773,0,0,0,8,0000000000000000,can0
1444,1786717287.192759,608958.737472814,775,0,0,0,8,1234567856494300,can0
1445,1786717287.3858266,608958.930546314,485490657,1,0,0,8,669901207C150000,can0
1446,1786717287.3905768,608958.935293189,485490657,1,0,0,8,66990E200D000000,can0
1447,1786717287.6407921,608959.185510606,485490497,1,0,0,8,66998FEDED000000,can0
1448,1786717287.6939154,608959.238633481,485490497,1,0,0,8,6699BCEDDE0B0200,can0
1449,1786717287.69688,608959.241616856,485490497,1,0,0,8,6699B1ED90E0F505,can0
1450,1786717287.6978042,608959.242519731,485490497,1,0,0,8,6699CCECCD8E0000,can0
1451,1786717287.6985185,608959.243232731,485490497,1,0,0,8,6699CBEC58830000,can0
1452,1786717287.699179,608959.243892606,485490497,1,0,0,8,6699DCECEF020100,can0
1453,1786717287.7049348,608959.249648939,485490497,1,0,0,8,6699DBEC71820000,can0
1454,1786717287.7058024,608959.250516148,485490497,1,0,0,8,6699ECEC157B0000,can0
1455,1786717287.7064795,608959.251194189,485490497,1,0,0,8,6699EBEC87870000,can0
1456,1786717287.7071044,608959.251818439,485490497,1,0,0,8,6699FBECAB550000,can0
1457,1786717287.7322643,608959.276982398,502267713,1,0,0,8,20266699501000E8,can0
1458,1786717287.7331126,608959.277827273,502267713,1,0,0,8,21000000FFFFFFFF,can0
1459,1786717287.73751,608959.282227231,502267713,1,0,0,8,228515AF14000000,can0
1460,1786717287.7421703,608959.286892481,502267713,1,0,0,8,230000C002000000,can0
1461,1786717287.7542892,608959.299010523,502267713,1,0,0,8,2400350900009F01,can0
1462,1786717287.755088,608959.299802439,502267713,1,0,0,8,258A9A1300FFFFFF,can0
1463,1786717287.7559218,608959.300637273,502267713,1,0,0,8,40286699A0100013,can0
1464,1786717287.7565765,608959.301290439,502267713,1,0,0,8,41002B0034003000,can0
1465,1786717287.757199,608959.301913939,502267713,1,0,0,8,4259007C01920275,can0
1466,1786717287.7578142,608959.302527606,502267713,1,0,0,8,430148055799FB98,can0
1467,1786717287.7584352,608959.303150314,502267713,1,0,0,8,448A9A9E5CFFFFFF,can0
1468,1786717287.7590587,608959.303772939,502267713,1,0,0,8,45FFFFFFFFFFFFFF,can0
1469,1786717287.7836602,608959.328377189,485442017,1,0,0,8,66990100D0EDFCFF,can0
1470,1786717287.7844799,608959.329194856,485442017,1,0,0,8,66990100DCEDFEFF,can0
1471,1786717287.785205,608959.329919606,485442017,1,0,0,8,66990100DAEDFFFF,can0
1472,1786717287.7897015,608959.334416023,485442017,1,0,0,8,669901002720FFFF,can0
1473,1786717287.7957466,608959.340468189,485490497,1,0,0,8,6699DAED00000000,can0
1474,1786717287.7966993,608959.341414606,485490497,1,0,0,8,669927201ADD0300,can0
1475,1786717287.8110995,608959.355819814,485490496,1,0,0,8,66998FEDFD000000,can0
1476,1786717287.8492665,608959.393986564,485490497,1,0,0,8,6699DCED36110000,can0
1477,1786717287.8502378,608959.394953189,485490497,1,0,0,8,6699DDEDBC280000,can0
1478,1786717287.8558183,608959.400533731,485490497,1,0,0,8,6699D0ED38080000,can0
1479,1786717287.856585,608959.401297856,485490497,1,0,0,8,6699D1ED29010000,can0
1480,1786717287.8570833,608959.401795148,485490497,1,0,0,8,6699D2ED35090000,can0
1481,1786717287.8575013,608959.402213189,485490497,1,0,0,8,6699D3EDE8000000,can0
1482,1786717287.8647664,608959.409486106,485490496,1,0,0,8,6699BCED46D80100,can0
1483,1786717287.8660252,608959.410751148,485490496,1,0,0,8,6699B1EDC5947C00,can0
1484,1786717287.867601,608959.412316189,485490496,1,0,0,8,6699CCECEA7B0000,can0
1485,1786717287.8684585,608959.413172189,485490496,1,0,0,8,6699CBEC538C0000,can0
1486,1786717287.869069,608959.413782648,485490496,1,0,0,8,6699DCEC207C0000,can0
1487,1786717287.870532,608959.415247356,485490496,1,0,0,8,6699DBEC288A0000,can0
1488,1786717287.8713715,608959.416085731,485490496,1,0,0,8,6699ECEC498A0000,can0
1489,1786717287.872106,608959.416819814,485490496,1,0,0,8,6699EBECDC7D0000,can0
1490,1786717287.872817,608959.417529273,485490496,1,0,0,8,6699FCECE4550000,can0
1491,1786717287.873612,608959.418325481,485490496,1,0,0,8,6699FBEC43530000,can0
1492,1786717288.0078597,608959.552579314,485490657,1,0,0,8,6699FF0FAC260000,can0
1493,1786717288.0094821,608959.554197189,485490657,1,0,0,8,66991C20F042FFFF,can0
1494,1786717288.0948431,608959.639563148,435295296,1,0,0,8,007C15FE00047452,can0
1495,1786717288.0965695,608959.641284481,435294784,1,0,0,8,000B520000FFFFFF,can0
1496,1786717288.097668,608959.642383273,435294784,1,0,0,8,01FF4A00FFFFFFFF,can0
1497,1786717288.0991437,608959.643859273,435357504,1,0,0,8,5201160E4C0000FF,can0
1498,1786717288.100734,608959.64544944,435294784,1,0,0,8,000B520103FFFFFF,can0
1499,1786717288.1027164,608959.647432273,435294784,1,0,0,8,01FFFFFFFFFFFFFF,can0
1500,1786717288.1037004,608959.648415106,435357504,1,0,0,8,5202DD0D580000FF,can0
1501,1786717288.1076558,608959.652372856,435294784,1,0,0,8,E00B520203FFFFFF,can0
1502,1786717288.1087768,608959.653492856,435294784,1,0,0,8,E1FFFFFFFFFFFFFF,can0
1503,1786717288.1098046,608959.654519481,435357504,1,0,0,8,5203A60C700000FF,can0
1504,1786717288.1107867,608959.655501106,435294784,1,0,0,8,E00B520303FFFFFF,can0
1505,1786717288.1115751,608959.656290148,435294784,1,0,0,8,E1FFFFFFFFFFFFFF,can0
1506,1786717288.112527,608959.657242815,435357504,1,0,0,8,52045508660000FF,can0
1507,1786717288.1138768,608959.658591356,435294784,1,0,0,8,E00B520403FFFFFF,can0
1508,1786717288.1145442,608959.659259106,435294784,1,0,0,8,E1FFFFFFFFFFFFFF,can0
1509,1786717288.1156437,608959.660360315,435357248,1,0,0,8,52FFFC00FFFFFFFF,can0
1510,1786717288.1165085,608959.661223481,485490496,1,0,0,8,66998DED7D150000,can0
1511,1786717288.1777434,608959.722463023,773,0,0,0,8,0000000000000000,can0
1512,1786717288.1786883,608959.723403898,775,0,0,0,8,1234567856494300,can0
1513,1786717288.2767239,608959.821444773,435295297,1,0,0,8,007D15EB00047479,can0
1514,1786717288.2784638,608959.823464106,435294785,1,0,0,8,000B790000FFFFFF,can0
1515,1786717288.2799995,608959.824714731,435294785,1,0,0,8,01FF4600FFFFFFFF,can0
1516,1786717288.281038,608959.825754731,435357505,1,0,0,8,7901600D680000FF,can0
1517,1786717288.2908385,608959.835556106,435294785,1,0,0,8,000B790103FFFFFF,can0
1518,1786717288.291882,608959.836596856,435294785,1,0,0,8,01FFFFFFFFFFFFFF,can0
1519,1786717288.2926667,608959.837380731,435357505,1,0,0,8,79024B0DCB0000FF,can0
1520,1786717288.2934098,608959.83812394,435294785,1,0,0,8,E00B790203FFFFFF,can0
1521,1786717288.3008006,608959.84551544,435294785,1,0,0,8,E1FFFFFFFFFFFFFF,can0
1522,1786717288.3015468,608959.846261523,435357505,1,0,0,8,7903A90D560000FF,can0
1523,1786717288.3026,608959.847315315,435294785,1,0,0,8,E00B790303FFFFFF,can0
1524,1786717288.3033478,608959.848061856,435294785,1,0,0,8,E1FFFFFFFFFFFFFF,can0
1525,1786717288.3040805,608959.84879569,435357505,1,0,0,8,79049108000000FF,can0
1526,1786717288.3047764,608959.849489981,435294785,1,0,0,8,E00B790403FFFFFF,can0
1527,1786717288.315966,608959.860682273,435294785,1,0,0,8,E1FFFFFFFFFFFFFF,can0
1528,1786717288.3168337,608959.861549273,435357249,1,0,0,8,79FFFC00FFFFFFFF,can0
1529,1786717288.3175874,608959.86230194,233966913,1,0,0,8,0001FDFFFFFFFFFF,can0
1530,1786717288.5517972,608960.09651769,485490496,1,0,0,8,66990102FC000000,can0
1531,1786717288.5528917,608960.097606815,485490496,1,0,0,8,66990A02FC000000,can0
1532,1786717288.6010914,608960.14581094,485490496,1,0,0,8,6699000201000000,can0
1533,1786717288.6019824,608960.146695065,485490496,1,0,0,8,6699020200000000,can0
1534,1786717288.6025896,608960.147303231,485490496,1,0,0,8,6699070200000000,can0
1535,1786717288.604854,608960.149570231,485490496,1,0,0,8,66991E0300000000,can0
1536,1786717288.6068263,608960.151541023,485490496,1,0,0,8,66991C0300000000,can0
1537,1786717288.6074483,608960.152161856,485490496,1,0,0,8,66998DED7C150000,can0
1538,1786717288.64159,608960.18631069,485490497,1,0,0,8,66998FEDE6000000,can0
1539,1786717288.6485527,608960.193269606,485490496,1,0,0,8,66998FED00010000,can0
1540,1786717288.64952,608960.194234356,485490496,1,0,0,8,6699ECED04740000,can0
1541,1786717288.652682,608960.197400356,485490496,1,0,0,8,6699DAED00000000,can0
1542,1786717288.6937735,608960.238493523,485490497,1,0,0,8,6699BCED4DE60100,can0
1543,1786717288.69573,608960.24044519,485490497,1,0,0,8,6699B1EDE1E0F505,can0
1544,1786717288.696467,608960.241179606,485490497,1,0,0,8,6699CCECD9750000,can0
1545,1786717288.696983,608960.241695898,485490497,1,0,0,8,6699CBEC33880000,can0
1546,1786717288.697507,608960.242219231,485490497,1,0,0,8,6699DCEC98FA0000,can0
1547,1786717288.6980054,608960.242717981,485490497,1,0,0,8,6699DBEC48890000,can0
1548,1786717288.698905,608960.243619815,485490497,1,0,0,8,6699ECEC15740000,can0
1549,1786717288.6996174,608960.244330648,485490497,1,0,0,8,6699EBEC56890000,can0
1550,1786717288.700752,608960.245465773,485490497,1,0,0,8,6699FBECAB550000,can0
1551,1786717288.7324152,608960.27713469,502267713,1,0,0,8,60266699501000E8,can0
1552,1786717288.7333152,608960.278028731,502267713,1,0,0,8,61000000FFFFFFFF,can0
1553,1786717288.7339172,608960.278630356,502267713,1,0,0,8,628515AF14000000,can0
1554,1786717288.7344694,608960.27918194,502267713,1,0,0,8,630000C002000000,can0
1555,1786717288.7349913,608960.279704023,502267713,1,0,0,8,6400350900009F01,can0
1556,1786717288.7356539,608960.28036644,502267713,1,0,0,8,658A9A1300FFFFFF,can0
1557,1786717288.7398221,608960.284543106,502267713,1,0,0,8,80286699A0100013,can0
1558,1786717288.7418416,608960.286556356,502267713,1,0,0,8,81002B0034003000,can0
1559,1786717288.7434516,608960.288168148,502267713,1,0,0,8,8259007C01B40275,can0
1560,1786717288.7449923,608960.289708148,502267713,1,0,0,8,830148055799FB98,can0
1561,1786717288.7468884,608960.291601898,502267713,1,0,0,8,848A9A9E5CFFFFFF,can0
1562,1786717288.747508,608960.292219898,502267713,1,0,0,8,85FFFFFFFFFFFFFF,can0
1563,1786717288.780242,608960.324959107,485490497,1,0,0,8,66998DED7C150000,can0
1564,1786717288.8074646,608960.352185773,485490496,1,0,0,8,66998DED7C150000,can0
1565,1786717288.8093085,608960.354026482,485490496,1,0,0,8,66998FED02010000,can0
1566,1786717288.8525932,608960.397310607,485490496,1,0,0,8,6699B3ED01000000,can0
1567,1786717288.8534544,608960.398167648,485490496,1,0,0,8,6699BCED61E80100,can0
1568,1786717288.8628602,608960.40758094,485490496,1,0,0,8,6699BCED61E80100,can0
1569,1786717288.8637905,608960.408504023,485490496,1,0,0,8,6699B1EDD55E7C00,can0
1570,1786717288.8645458,608960.409260065,485490496,1,0,0,8,6699CCEC99740000,can0
1571,1786717288.8652656,608960.40997844,485490496,1,0,0,8,6699CBEC958E0000,can0
1572,1786717288.8661807,608960.410894815,485490496,1,0,0,8,6699DCEC307A0000,can0
1573,1786717288.8667874,608960.411500398,485490496,1,0,0,8,6699DBEC248C0000,can0
1574,1786717288.8677473,608960.412461482,485490496,1,0,0,8,6699ECEC73980000,can0
1575,1786717288.8684592,608960.413172982,485490496,1,0,0,8,6699EBEC41800000,can0
1576,1786717288.869505,608960.414218357,485490496,1,0,0,8,6699FCEC46640000,can0
1577,1786717288.8704057,608960.415119148,485490496,1,0,0,8,6699FBEC6C520000,can0
1578,1786717288.945111,608960.489831023,502267712,1,0,0,8,40266699501000B2,can0
1579,1786717288.9461396,608960.490854315,502267712,1,0,0,8,41020000FFFFFFFF,can0
1580,1786717288.9468677,608960.491581565,502267712,1,0,0,8,428515AB14000000,can0
1581,1786717288.947533,608960.492245773,502267712,1,0,0,8,430000C102000000,can0
1582,1786717288.948265,608960.492977607,502267712,1,0,0,8,4400420E00009602,can0
1583,1786717288.94878,608960.493491982,502267712,1,0,0,8,45EE9A4001FFFFFF,can0
1584,1786717288.9921646,608960.536885482,485441761,1,0,0,8,669915202D030000,can0
1585,1786717288.9932654,608960.537980315,485442017,1,0,0,8,669915201D030000,can0
1586,1786717288.9940329,608960.538746357,485490496,1,0,0,8,669915202D030000,can0
1587,1786717288.9997082,608960.544423357,485490497,1,0,0,8,669915201D030000,can0
1588,1786717289.0165622,608960.561282107,485490657,1,0,0,8,6699FF0FAC260000,can0
1589,1786717289.0180225,608960.56274619,485490657,1,0,0,8,66991C20F042FFFF,can0
1590,1786717289.0967708,608960.641490898,485490657,1,0,0,8,669902207C150000,can0
1591,1786717289.1036327,608960.64835269,485490657,1,0,0,8,669903204C090000,can0
1592,1786717289.1046877,608960.649402398,485490496,1,0,0,8,66994E0301000000,can0
1593,1786717289.1846206,608960.729340648,773,0,0,0,8,0000000000000000,can0
1594,1786717289.1858222,608960.730536357,775,0,0,0,8,1234567856494300,can0
1595,1786717289.5952086,608961.13993194,435295296,1,0,0,8,007C150801047470,can0
1596,1786717289.6005657,608961.145284607,435294784,1,0,0,8,200B700000FFFFFF,can0
1597,1786717289.603956,608961.148670482,435294784,1,0,0,8,21FF4A00FFFFFFFF,can0
1598,1786717289.60469,608961.153511857,435357504,1,0,0,8,7001680E560000FF,can0
1599,1786717289.609769,608961.154483107,435294784,1,0,0,8,200B700103FFFFFF,can0
1600,1786717289.6104496,608961.15516369,435294784,1,0,0,8,21FFFFFFFFFFFFFF,can0
1601,1786717289.6130872,608961.157803024,435357504,1,0,0,8,70022D0E4E0000FF,can0
1602,1786717289.6140442,608961.158758232,435294784,1,0,0,8,000B700203FFFFFF,can0
1603,1786717289.6147294,608961.15944319,435294784,1,0,0,8,01FFFFFFFFFFFFFF,can0
1604,1786717289.6194026,608961.164122607,435357504,1,0,0,8,7003F20C830000FF,can0
1605,1786717289.620528,608961.16524319,435294784,1,0,0,8,000B700303FFFFFF,can0
1606,1786717289.6213422,608961.166056982,435294784,1,0,0,8,01FFFFFFFFFFFFFF,can0
1607,1786717289.622348,608961.167062315,435357504,1,0,0,8,700452086A0000FF,can0
1608,1786717289.624987,608961.169701857,435294784,1,0,0,8,000B700403FFFFFF,can0
1609,1786717289.6259737,608961.17068769,435294784,1,0,0,8,01FFFFFFFFFFFFFF,can0
1610,1786717289.6266713,608961.171384107,435357248,1,0,0,8,70FFFC00FFFFFFFF,can0
1611,1786717289.6426687,608961.187393649,485490497,1,0,0,8,66998FEDD6000000,can0
1612,1786717289.693827,608961.238546649,485490497,1,0,0,8,6699BCED36E40100,can0
1613,1786717289.6951792,608961.239894982,485490497,1,0,0,8,6699B1EDF8E0F505,can0
1614,1786717289.7000637,608961.244779149,485490497,1,0,0,8,6699CCEC3B800000,can0
1615,1786717289.7008023,608961.245516774,485490497,1,0,0,8,6699CBEC4A890000,can0
1616,1786717289.7014427,608961.246156232,485490497,1,0,0,8,6699DCECBAF80000,can0
1617,1786717289.702064,608961.24677744,485490497,1,0,0,8,6699DBEC008D0000,can0
1618,1786717289.7028048,608961.24751894,485490497,1,0,0,8,6699ECECFC740000,can0
1619,1786717289.7034523,608961.248166315,485490497,1,0,0,8,6699EBECEF8A0000,can0
1620,1786717289.7766352,608961.321356315,435295297,1,0,0,8,007C15D700047497,can0
1621,1786717289.7777836,608961.32249844,435294785,1,0,0,8,200B970000FFFFFF,can0
1622,1786717289.778848,608961.323564065,435294785,1,0,0,8,21FF4600FFFFFFFF,can0
1623,1786717289.7854664,608961.330192399,435357505,1,0,0,8,9701BB0D600000FF,can0
1624,1786717289.786412,608961.331126274,435294785,1,0,0,8,200B970103FFFFFF,can0
1625,1786717289.7871406,608961.33185369,435294785,1,0,0,8,21FFFFFFFFFFFFFF,can0
1626,1786717289.7878501,608961.332563315,435357505,1,0,0,8,97021A0EA90000FF,can0
1627,1786717289.788549,608961.333263399,435294785,1,0,0,8,000B970203FFFFFF,can0
1628,1786717289.8008409,608961.345556315,435294785,1,0,0,8,01FFFFFFFFFFFFFF,can0
1629,1786717289.8016145,608961.34632819,435357505,1,0,0,8,9703E50D530000FF,can0
1630,1786717289.8023562,608961.347070857,435294785,1,0,0,8,000B970303FFFFFF,can0
1631,1786717289.803155,608961.347870399,435294785,1,0,0,8,01FFFFFFFFFFFFFF,can0
1632,1786717289.803913,608961.348627274,435357505,1,0,0,8,97049108000000FF,can0
1633,1786717289.804633,608961.349347524,435294785,1,0,0,8,000B970403FFFFFF,can0
1634,1786717289.8081143,608961.352833565,435294785,1,0,0,8,01FFFFFFFFFFFFFF,can0
1635,1786717289.812813,608961.357530732,435357249,1,0,0,8,97FFFC00FFFFFFFF,can0
1636,1786717289.8138976,608961.358612857,485490496,1,0,0,8,66998FED07010000,can0
1637,1786717289.8602948,608961.405014732,485490496,1,0,0,8,6699BCED96E00100,can0
1638,1786717289.8613188,608961.40603319,485490496,1,0,0,8,6699B1ED9C4C7E00,can0
1639,1786717289.8622925,608961.40701669,485490496,1,0,0,8,6699CCEC64600000,can0
1640,1786717289.8660097,608961.41072719,485490496,1,0,0,8,6699CBECA9900000,can0
1641,1786717289.866912,608961.41162644,485490496,1,0,0,8,6699DCEC30740000,can0
1642,1786717289.8676825,608961.412398315,485490496,1,0,0,8,6699DBECA98E0000,can0
1643,1786717289.8685656,608961.413280149,485490496,1,0,0,8,6699ECEC5CB30000,can0
1644,1786717289.8693182,608961.414031732,485490496,1,0,0,8,6699EBECC2820000,can0
1645,1786717289.8700428,608961.414757065,485490496,1,0,0,8,6699FCECD0550000,can0
1646,1786717289.8744574,608961.419171565,485490496,1,0,0,8,6699FBEC52530000,can0
1647,1786717289.882161,608961.426881149,485490497,1,0,0,8,6699FBECA9550000,can0
1648,1786717289.9943464,608961.53906644,485490657,1,0,0,8,6699FF0FAC260000,can0
1649,1786717289.998433,608961.543163232,485490657,1,0,0,8,66991C201C44FFFF,can0
1650,1786717290.1808927,608961.725612941,773,0,0,0,8,0000000000000000,can0
1651,1786717290.1823466,608961.727062482,775,0,0,0,8,1234567856494300,can0
1652,1786717290.6408293,608962.185549816,485490497,1,0,0,8,66998FEDDA000000,can0
1653,1786717290.6940136,608962.238734191,485490497,1,0,0,8,6699BCED02D70100,can0
1654,1786717290.6955898,608962.240306399,485490497,1,0,0,8,6699B1EDFEE0F505,can0
1655,1786717290.696681,608962.241394524,485490497,1,0,0,8,6699CCECF7750000,can0
1656,1786717290.697359,608962.242071357,485490497,1,0,0,8,6699CBEC648B0000,can0
1657,1786717290.6987793,608962.243493732,485490497,1,0,0,8,6699DCECA5EF0000,can0
1658,1786717290.699842,608962.244558024,485490497,1,0,0,8,6699DBEC958F0000,can0
1659,1786717290.7006476,608962.245363607,485490497,1,0,0,8,6699ECEC3C700000,can0
1660,1786717290.7020433,608962.246757816,485490497,1,0,0,8,6699EBECBB8C0000,can0
1661,1786717290.7028356,608962.247549566,485490497,1,0,0,8,6699FBECA9550000,can0
1662,1786717290.8076205,608962.352339316,485490496,1,0,0,8,66998FED06010000,can0
1663,1786717290.8603916,608962.405112274,485490496,1,0,0,8,6699BCED13EE0100,can0
1664,1786717290.8619246,608962.406640733,485490496,1,0,0,8,6699B1ED37B97E00,can0
1665,1786717290.8649042,608962.409620358,485490496,1,0,0,8,6699CCEC61550000,can0
1666,1786717290.8674026,608962.412116733,485490496,1,0,0,8,6699CBEC33920000,can0
1667,1786717290.869034,608962.413748191,485490496,1,0,0,8,6699DCEC346E0000,can0
1668,1786717290.869661,608962.414373483,485490496,1,0,0,8,6699DBECBF900000,can0
1669,1786717290.870125,608962.414837024,485490496,1,0,0,8,6699ECECC4D30000,can0
1670,1786717290.8705328,608962.415244941,485490496,1,0,0,8,6699EBEC83850000,can0
1671,1786717290.8709204,608962.415631983,485490496,1,0,0,8,6699FCECEE570000,can0
1672,1786717290.8712978,608962.416008774,485490496,1,0,0,8,6699FBEC43530000,can0
1673,1786717290.9966915,608962.541414066,485490657,1,0,0,8,6699FF0FAC260000,can0
1674,1786717290.9993095,608962.544030608,485490657,1,0,0,8,66991C202842FFFF,can0
1675,1786717291.094746,608962.639465691,435295296,1,0,0,8,007C15070104748E,can0
1676,1786717291.0980365,608962.642760983,435294784,1,0,0,8,400B8E0000FFFFFF,can0
1677,1786717291.0994382,608962.644152691,435294784,1,0,0,8,41FF4A00FFFFFFFF,can0
1678,1786717291.1004682,608962.645183524,435357504,1,0,0,8,8E01A80E360000FF,can0
1679,1786717291.101278,608962.645992774,435294784,1,0,0,8,400B8E0103FFFFFF,can0
1680,1786717291.1020966,608962.646810858,435294784,1,0,0,8,41FFFFFFFFFFFFFF,can0
1681,1786717291.1028004,608962.647514608,435357504,1,0,0,8,8E02890E4B0000FF,can0
1682,1786717291.1035354,608962.648249691,435294784,1,0,0,8,200B8E0203FFFFFF,can0
1683,1786717291.1042805,608962.648995858,435294784,1,0,0,8,21FFFFFFFFFFFFFF,can0
1684,1786717291.10506,608962.649774316,435357504,1,0,0,8,8E03720DA60000FF,can0
1685,1786717291.1062713,608962.650986816,435294784,1,0,0,8,200B8E0303FFFFFF,can0
1686,1786717291.1070678,608962.651782733,435294784,1,0,0,8,21FFFFFFFFFFFFFF,can0
1687,1786717291.1078403,608962.652553816,435357504,1,0,0,8,8E045608670000FF,can0
1688,1786717291.1087968,608962.653513108,435294784,1,0,0,8,200B8E0403FFFFFF,can0
1689,1786717291.1095932,608962.654306691,435294784,1,0,0,8,21FFFFFFFFFFFFFF,can0
1690,1786717291.1103013,608962.655014483,435357248,1,0,0,8,8EFFFC00FFFFFFFF,can0
1691,1786717291.1856425,608962.730363108,773,0,0,0,8,0000000000000000,can0
1692,1786717291.1865757,608962.731289524,775,0,0,0,8,1234567856494300,can0
1693,1786717291.1873071,608962.732020441,485441761,1,0,0,8,66990100D0EDFCFF,can0
1694,1786717291.188913,608962.733628608,485441761,1,0,0,8,66990100DCEDFEFF,can0
1695,1786717291.190148,608962.734862149,485441761,1,0,0,8,66990100DAEDFFFF,can0
1696,1786717291.19101,608962.735724066,485441761,1,0,0,8,669901002720FFFF,can0
1697,1786717291.191784,608962.736497233,485490496,1,0,0,8,6699DAED00000000,can0
1698,1786717291.192928,608962.737641983,485490496,1,0,0,8,6699272009C10300,can0
1699,1786717291.2120073,608962.756728108,485490496,1,0,0,8,6699DCED7E200000,can0
1700,1786717291.216197,608962.760914941,485490496,1,0,0,8,6699DDEDCF830200,can0
1701,1786717291.226994,608962.771710149,485490496,1,0,0,8,6699D0ED730E0000,can0
1702,1786717291.2328825,608962.777598983,485490496,1,0,0,8,6699D1EDF9030000,can0
1703,1786717291.2396786,608962.784394566,485490496,1,0,0,8,6699D2ED420E0000,can0
1704,1786717291.2481382,608962.792853983,485490496,1,0,0,8,6699D3EDB2020000,can0
1705,1786717291.2489378,608962.793651483,485490497,1,0,0,8,66990102FC000000,can0
1706,1786717291.249675,608962.794389149,485490497,1,0,0,8,66990A02FC000000,can0
1707,1786717291.2766175,608962.821336608,435295297,1,0,0,8,007C15D8000474B5,can0
1708,1786717291.2793524,608962.824071108,435294785,1,0,0,8,400BB50000FFFFFF,can0
1709,1786717291.2811007,608962.825823441,435294785,1,0,0,8,41FF4600FFFFFFFF,can0
1710,1786717291.2824297,608962.827143358,435357505,1,0,0,8,B501030E520000FF,can0
1711,1786717291.285109,608962.829827316,435294785,1,0,0,8,400BB50103FFFFFF,can0
1712,1786717291.2865846,608962.831300608,435294785,1,0,0,8,41FFFFFFFFFFFFFF,can0
1713,1786717291.2874162,608962.832130733,435357505,1,0,0,8,B5026D0EBE0000FF,can0
1714,1786717291.2883692,608962.833085608,435294785,1,0,0,8,200BB50203FFFFFF,can0
1715,1786717291.289161,608962.833875191,435294785,1,0,0,8,21FFFFFFFFFFFFFF,can0
1716,1786717291.289913,608962.834627733,435357505,1,0,0,8,B503230E530000FF,can0
1717,1786717291.2906773,608962.835391149,435294785,1,0,0,8,200BB50303FFFFFF,can0
1718,1786717291.2914324,608962.836147566,435294785,1,0,0,8,21FFFFFFFFFFFFFF,can0
1719,1786717291.2924297,608962.837143233,435357505,1,0,0,8,B5049108000000FF,can0
1720,1786717291.2935967,608962.838312483,435294785,1,0,0,8,200BB50403FFFFFF,can0
1721,1786717291.2946537,608962.839368191,435294785,1,0,0,8,21FFFFFFFFFFFFFF,can0
1722,1786717291.2960045,608962.840720024,435357249,1,0,0,8,B5FFFC00FFFFFFFF,can0
1723,1786717291.2970552,608962.841770191,502267713,1,0,0,8,A0266699501000E9,can0
1724,1786717291.297839,608962.842552858,502267713,1,0,0,8,A1000000FFFFFFFF,can0
1725,1786717291.2985914,608962.843305608,502267713,1,0,0,8,A28515AF14000000,can0
1726,1786717291.2996602,608962.844373774,502267713,1,0,0,8,A30000C002000000,can0
1727,1786717291.3006392,608962.845354108,502267713,1,0,0,8,A400350900009F01,can0
1728,1786717291.3014283,608962.846143483,502267713,1,0,0,8,A58A9A1300FFFFFF,can0
1729,1786717291.3022094,608962.846925191,502267713,1,0,0,8,C0286699A0100013,can0
1730,1786717291.3029878,608962.847702108,502267713,1,0,0,8,C1002B0035003000,can0
1731,1786717291.303975,608962.848689024,502267713,1,0,0,8,C259007C01B40275,can0
1732,1786717291.3048728,608962.849587108,502267713,1,0,0,8,C30148055799FB98,can0
1733,1786717291.3060088,608962.850723649,502267713,1,0,0,8,C48A9A9E5CFFFFFF,can0
1734,1786717291.306811,608962.851525733,502267713,1,0,0,8,C5FFFFFFFFFFFFFF,can0
1735,1786717291.3077924,608962.852507774,502267713,1,0,0,8,E02666994F100100,can0
1736,1786717291.3087397,608962.853455524,502267713,1,0,0,8,E143000000371100,can0
1737,1786717291.3095343,608962.854249108,502267713,1,0,0,8,E200BD2800008A9A,can0
1738,1786717291.3104794,608962.855193691,502267713,1,0,0,8,E3ED15088D11FFFF,can0
1739,1786717291.31133,608962.856045316,502267713,1,0,0,8,E4FFFFFFFFFFFFFF,can0
1740,1786717291.3120828,608962.856797899,502267713,1,0,0,8,E5FFFFFFFFFFFFFF,can0
1741,1786717291.3128524,608962.857568399,485490497,1,0,0,8,6699DCED37110000,can0
1742,1786717291.3136272,608962.858342024,485490497,1,0,0,8,6699DDEDBD280000,can0
1743,1786717291.314394,608962.859109108,485490497,1,0,0,8,6699D3EDE9000000,can0
1744,1786717291.315132,608962.859845191,485490497,1,0,0,8,6699000201000000,can0
1745,1786717291.3180647,608962.862778316,485490497,1,0,0,8,6699020200000000,can0
1746,1786717291.318663,608962.863375899,485490497,1,0,0,8,6699070200000000,can0
1747,1786717291.3191206,608962.863832858,485490497,1,0,0,8,66991E0300000000,can0
1748,1786717291.319577,608962.864288899,485490497,1,0,0,8,66991C0300000000,can0
1749,1786717291.3199959,608962.864707358,485490497,1,0,0,8,66998DED7C150000,can0
1750,1786717291.3321419,608962.876861566,485490497,1,0,0,8,66998FEDD8000000,can0
1751,1786717291.3331723,608962.877888191,485490497,1,0,0,8,6699ECED04740000,can0
1752,1786717291.334128,608962.878841816,485490497,1,0,0,8,6699DAED00000000,can0
1753,1786717291.534738,608963.079458358,485490497,1,0,0,8,6699B3ED01000000,can0
1754,1786717291.535817,608963.080531108,485490497,1,0,0,8,6699BCEDD2E10100,can0
1755,1786717291.6276264,608963.172347358,502267713,1,0,0,8,00266699501000E9,can0
1756,1786717291.628832,608963.173547275,502267713,1,0,0,8,01000000FFFFFFFF,can0
1757,1786717291.629859,608963.174572691,502267713,1,0,0,8,028515AF14000000,can0
1758,1786717291.6307347,608963.175449483,502267713,1,0,0,8,030000C002000000,can0
1759,1786717291.6321902,608963.1769054,502267713,1,0,0,8,0400350900009F01,can0
1760,1786717291.6329582,608963.177671983,502267713,1,0,0,8,058A9A1300FFFFFF,can0
1761,1786717291.6428208,608963.187540066,485490497,1,0,0,8,66998FEDD9000000,can0
1762,1786717291.6950767,608963.239797858,485490497,1,0,0,8,6699BCEDD2E10100,can0
1763,1786717291.6963475,608963.241061775,485490497,1,0,0,8,6699B1ED00E1F505,can0
1764,1786717291.6977472,608963.242461775,485490497,1,0,0,8,6699CCEC37720000,can0
1765,1786717291.69921,608963.243926358,485490497,1,0,0,8,6699CBECD98C0000,can0
1766,1786717291.7015758,608963.246293608,485490497,1,0,0,8,6699DCECBCFB0000,can0
1767,1786717291.7036276,608963.24834115,485490497,1,0,0,8,6699DBECFB900000,can0
1768,1786717291.7043793,608963.24909365,485490497,1,0,0,8,6699ECEC57710000,can0
1769,1786717291.704973,608963.2496854,485490497,1,0,0,8,6699EBEC188E0000,can0
1770,1786717291.7057056,608963.2504189,485490497,1,0,0,8,6699FBECA9550000,can0
1771,1786717291.7873068,608963.33202765,485490497,1,0,0,8,66994E0301000000,can0
1772,1786717291.811136,608963.355854441,485490496,1,0,0,8,66998FED04010000,can0
1773,1786717291.8606212,608963.405340816,485490496,1,0,0,8,6699BCED71D80100,can0
1774,1786717291.862855,608963.407570191,485490496,1,0,0,8,6699B1ED0B357F00,can0
1775,1786717291.8641171,608963.408834358,485490496,1,0,0,8,6699CCEC1B480000,can0
1776,1786717291.8648589,608963.409572816,485490496,1,0,0,8,6699CBEC6D930000,can0
1777,1786717291.8683212,608963.413035983,485490496,1,0,0,8,6699DCEC015C0000,can0
1778,1786717291.869058,608963.413772233,485490496,1,0,0,8,6699DBEC9E920000,can0
1779,1786717291.869719,608963.414432858,485490496,1,0,0,8,6699ECECBEE30000,can0
1780,1786717291.8704784,608963.4151924,485490496,1,0,0,8,6699EBEC35890000,can0
1781,1786717291.8711343,608963.4158484,485490496,1,0,0,8,6699FCEC45540000,can0
1782,1786717291.8717675,608963.416481191,485490496,1,0,0,8,6699FBEC77530000,can0
1783,1786717291.9998586,608963.544577941,485441761,1,0,0,8,6699152031030000,can0
1784,1786717292.0007458,608963.545460358,485442017,1,0,0,8,6699152019030000,can0
1785,1786717292.0015988,608963.546312733,485490497,1,0,0,8,6699152019030000,can0
1786,1786717292.002348,608963.547063108,485490496,1,0,0,8,6699152031030000,can0
1787,1786717292.0316591,608963.5763794,485490657,1,0,0,8,6699FF0FAC260000,can0
1788,1786717292.0368538,608963.581574983,485490657,1,0,0,8,66991C20F042FFFF,can0
1789,1786717292.1297932,608963.67451315,485490657,1,0,0,8,669902207B150000,can0
1790,1786717292.1446216,608963.689342733,485490496,1,0,0,8,6699042003000000,can0
1791,1786717292.187267,608963.73198715,773,0,0,0,8,0000000000000000,can0
1792,1786717292.1949136,608963.739632233,775,0,0,0,8,1234567856494300,can0
1793,1786717292.3779628,608963.92268265,485490657,1,0,0,8,669901207C150000,can0
1794,1786717292.379047,608963.923765692,485490657,1,0,0,8,66990E200D000000,can0
1795,1786717292.482018,608964.026759025,502267713,1,0,0,8,201D6699431001B2,can0
1796,1786717292.4830692,608964.027783025,502267713,1,0,0,8,210A0A00DF1E0000,can0
1797,1786717292.483867,608964.028579567,502267713,1,0,0,8,2200000000000000,can0
1798,1786717292.4844372,608964.029149733,502267713,1,0,0,8,2300000000000000,can0
1799,1786717292.4850054,608964.0297234,502267713,1,0,0,8,240000FFFFFFFFFF,can0
1800,1786717292.4859443,608964.030658358,502267713,1,0,0,8,401D669942100135,can0
1801,1786717292.4887269,608964.033441192,502267713,1,0,0,8,417B1800C6480000,can0
1802,1786717292.4897492,608964.034463942,502267713,1,0,0,8,4200000000000000,can0
1803,1786717292.4905112,608964.035225275,502267713,1,0,0,8,4300010000000000,can0
1804,1786717292.491225,608964.035938692,502267713,1,0,0,8,440000FFFFFFFFFF,can0
1805,1786717292.492283,608964.036999692,502267713,1,0,0,8,60266699501000E9,can0
1806,1786717292.4931262,608964.037840233,502267713,1,0,0,8,61000000FFFFFFFF,can0
1807,1786717292.4938855,608964.03860015,502267713,1,0,0,8,628515AF14000000,can0
1808,1786717292.494624,608964.039337192,502267713,1,0,0,8,630000C002000000,can0
1809,1786717292.495478,608964.040193483,502267713,1,0,0,8,6400350900009F01,can0
1810,1786717292.496684,608964.041399233,502267713,1,0,0,8,658A9A1300FFFFFF,can0
1811,1786717292.497501,608964.042216317,502267713,1,0,0,8,80286699A0100013,can0
1812,1786717292.499571,608964.044287317,502267713,1,0,0,8,81002B0035003000,can0
1813,1786717292.5003061,608964.04501915,502267713,1,0,0,8,8259007C01BB0275,can0
1814,1786717292.500941,608964.045654608,502267713,1,0,0,8,830148055799FB98,can0
1815,1786717292.5015645,608964.0462779,502267713,1,0,0,8,848A9A9E5CFFFFFF,can0
1816,1786717292.5022287,608964.046940525,502267713,1,0,0,8,85FFFFFFFFFFFFFF,can0
1817,1786717292.594627,608964.1393504,435295296,1,0,0,8,007C1501010474AC,can0
1818,1786717292.5968766,608964.141595317,435294784,1,0,0,8,600BAC0000FFFFFF,can0
1819,1786717292.597793,608964.142508442,435294784,1,0,0,8,61FF4A00FFFFFFFF,can0
1820,1786717292.598581,608964.14329665,435357504,1,0,0,8,AC01C10E430000FF,can0
1821,1786717292.59933,608964.144043067,435294784,1,0,0,8,600BAC0103FFFFFF,can0
1822,1786717292.600069,608964.144783608,435294784,1,0,0,8,61FFFFFFFFFFFFFF,can0
1823,1786717292.6008115,608964.1455249,435357504,1,0,0,8,AC02AB0E590000FF,can0
1824,1786717292.6017573,608964.14647115,435294784,1,0,0,8,400BAC0203FFFFFF,can0
1825,1786717292.6025355,608964.147249983,435294784,1,0,0,8,41FFFFFFFFFFFFFF,can0
1826,1786717292.6034956,608964.148210942,435357504,1,0,0,8,AC03040E990000FF,can0
1827,1786717292.6042442,608964.148958442,435294784,1,0,0,8,400BAC0303FFFFFF,can0
1828,1786717292.6052344,608964.149951525,435294784,1,0,0,8,41FFFFFFFFFFFFFF,can0
1829,1786717292.6062799,608964.150994608,435357504,1,0,0,8,AC04A1081C0000FF,can0
1830,1786717292.6070461,608964.151760525,435294784,1,0,0,8,400BAC0403FFFFFF,can0
1831,1786717292.6080174,608964.1527379,435294784,1,0,0,8,41FFFFFFFFFFFFFF,can0
1832,1786717292.6095626,608964.154278483,435357248,1,0,0,8,ACFFFC00FFFFFFFF,can0
1833,1786717292.6104763,608964.155190233,233966912,1,0,0,8,0001FDFFFFFFFFFF,can0
1834,1786717292.6411715,608964.185890775,485490497,1,0,0,8,66998FEDDC000000,can0
1835,1786717292.6936805,608964.238400317,485490497,1,0,0,8,6699BCEDFFD20100,can0
1836,1786717292.6948771,608964.239593567,485490497,1,0,0,8,6699CCECBA6F0000,can0
1837,1786717292.6956725,608964.240386567,485490497,1,0,0,8,6699CBECE38D0000,can0
1838,1786717292.6964152,608964.241129233,485490497,1,0,0,8,6699DCECD2F50000,can0
1839,1786717292.6995342,608964.2442494,485490497,1,0,0,8,6699DBEC31920000,can0
1840,1786717292.700466,608964.245179775,485490497,1,0,0,8,6699ECEC516D0000,can0
1841,1786717292.700991,608964.245702983,485490497,1,0,0,8,6699EBEC838F0000,can0
1842,1786717292.7015052,608964.246220525,485490497,1,0,0,8,6699FBECA9550000,can0
1843,1786717292.7323139,608964.277034608,502267713,1,0,0,8,A0266699501000E9,can0
1844,1786717292.73434,608964.279054525,502267713,1,0,0,8,A1000000FFFFFFFF,can0
1845,1786717292.7351038,608964.279817192,502267713,1,0,0,8,A28515AF14000000,can0
1846,1786717292.736061,608964.280775025,502267713,1,0,0,8,A30000C002000000,can0
1847,1786717292.7369187,608964.281632733,502267713,1,0,0,8,A400350900009F01,can0
1848,1786717292.7381008,608964.282816525,502267713,1,0,0,8,A58A9A1300FFFFFF,can0
1849,1786717292.7400079,608964.284726483,502267713,1,0,0,8,C0286699A0100013,can0
1850,1786717292.742662,608964.287378775,502267713,1,0,0,8,C1002B0035003000,can0
1851,1786717292.7434611,608964.288173733,502267713,1,0,0,8,C259007C01C20275,can0
1852,1786717292.7440784,608964.288791067,502267713,1,0,0,8,C30148055799FB98,can0
1853,1786717292.7446525,608964.289365317,502267713,1,0,0,8,C48A9A9E5CFFFFFF,can0
1854,1786717292.7451353,608964.289846983,502267713,1,0,0,8,C5FFFFFFFFFFFFFF,can0
1855,1786717292.7764664,608964.3211859,435295297,1,0,0,8,007C15DC000474D3,can0
1856,1786717292.7775145,608964.322228942,435294785,1,0,0,8,600BD30000FFFFFF,can0
1857,1786717292.778384,608964.323097525,435294785,1,0,0,8,61FF4600FFFFFFFF,can0
1858,1786717292.7791777,608964.323891983,435357505,1,0,0,8,D301300E500000FF,can0
1859,1786717292.782865,608964.327580775,435294785,1,0,0,8,600BD30103FFFFFF,can0
1860,1786717292.7838404,608964.3285559,435294785,1,0,0,8,61FFFFFFFFFFFFFF,can0
1861,1786717292.784808,608964.329523733,435357505,1,0,0,8,D3029F0E9A0000FF,can0
1862,1786717292.7886512,608964.333366567,435294785,1,0,0,8,400BD30203FFFFFF,can0
1863,1786717292.7898967,608964.334611317,435294785,1,0,0,8,41FFFFFFFFFFFFFF,can0
1864,1786717292.7948072,608964.339522692,435357505,1,0,0,8,D3035A0E4B0000FF,can0
1865,1786717292.798257,608964.342972108,435294785,1,0,0,8,400BD30303FFFFFF,can0
1866,1786717292.7990835,608964.343797192,435294785,1,0,0,8,41FFFFFFFFFFFFFF,can0
1867,1786717292.8016958,608964.346410733,435357505,1,0,0,8,D3049108000000FF,can0
1868,1786717292.8025684,608964.347283858,435294785,1,0,0,8,400BD30403FFFFFF,can0
1869,1786717292.8032794,608964.347993858,435294785,1,0,0,8,41FFFFFFFFFFFFFF,can0
1870,1786717292.804008,608964.348721942,435357249,1,0,0,8,D3FFFC00FFFFFFFF,can0
1871,1786717292.8055022,608964.350224692,485442017,1,0,0,8,66990100D0EDFCFF,can0
1872,1786717292.8064337,608964.351148358,485442017,1,0,0,8,66990100DCEDFEFF,can0
1873,1786717292.807552,608964.3522669,485442017,1,0,0,8,66990100DAEDFFFF,can0
1874,1786717292.8082712,608964.352986942,485442017,1,0,0,8,669901002720FFFF,can0
1875,1786717292.8088548,608964.353568067,485490497,1,0,0,8,6699DAED00000000,can0
1876,1786717292.8093035,608964.354015358,485490497,1,0,0,8,6699272043AB0300,can0
1877,1786717292.8097117,608964.354424275,485490496,1,0,0,8,66998FED03010000,can0
1878,1786717292.8523798,608964.397100483,485490497,1,0,0,8,6699DCED37110000,can0
1879,1786717292.8538651,608964.398579858,485490497,1,0,0,8,6699DDEDBD280000,can0
1880,1786717292.8548112,608964.39952615,485490497,1,0,0,8,6699D0ED38080000,can0
1881,1786717292.8561928,608964.400908817,485490497,1,0,0,8,6699D1ED29010000,can0
1882,1786717292.8570082,608964.401721358,485490497,1,0,0,8,6699D2ED35090000,can0
1883,1786717292.857742,608964.402455775,485490497,1,0,0,8,6699D3EDE9000000,can0
1884,1786717292.8606339,608964.4053509,485490496,1,0,0,8,6699BCEDE4FF0100,can0
1885,1786717292.8616502,608964.406364442,485490496,1,0,0,8,6699B1EDD2C57F00,can0
1886,1786717292.862428,608964.407141567,485490496,1,0,0,8,6699CCEC326E0000,can0
1887,1786717292.8634896,608964.408204192,485490496,1,0,0,8,6699CBECA2930000,can0
1888,1786717292.8644218,608964.409136733,485490496,1,0,0,8,6699DCEC968F0000,can0
1889,1786717292.8666103,608964.411326192,485490496,1,0,0,8,6699DBECF0920000,can0
1890,1786717292.867872,608964.4125859,485490496,1,0,0,8,6699ECECECDF0000,can0
1891,1786717292.8686748,608964.413388108,485490496,1,0,0,8,6699EBEC618C0000,can0
1892,1786717292.8692975,608964.414010275,485490496,1,0,0,8,6699FCEC76150000,can0
1893,1786717292.8697326,608964.414444775,485490496,1,0,0,8,6699FBEC34560000,can0
1894,1786717293.0039024,608964.548623817,485490657,1,0,0,8,6699FF0FAC260000,can0
1895,1786717293.0050838,608964.549799817,485490657,1,0,0,8,66991C20C441FFFF,can0
1896,1786717293.18313,608964.727851275,773,0,0,0,8,0000000000000000,can0
1897,1786717293.1864574,608964.731171984,775,0,0,0,8,1234567856494300,can0
1898,1786717293.203861,608964.748580942,485490496,1,0,0,8,66998DED7B150000,can0
1899,1786717293.5515883,608965.0963084,485490496,1,0,0,8,66990102FC000000,can0
1900,1786717293.5526936,608965.097407234,485490496,1,0,0,8,66990A02FC000000,can0
1901,1786717293.6008055,608965.145527817,485490496,1,0,0,8,6699000201000000,can0
1902,1786717293.6025248,608965.147239192,485490496,1,0,0,8,6699020200000000,can0
1903,1786717293.6043406,608965.149055359,485490496,1,0,0,8,6699070200000000,can0
1904,1786717293.6059625,608965.150676275,485490496,1,0,0,8,66991E0300000000,can0
1905,1786717293.6068811,608965.151596025,485490496,1,0,0,8,66991C0300000000,can0
1906,1786717293.6077738,608965.152488317,485490496,1,0,0,8,66998DED7C150000,can0
1907,1786717293.6407092,608965.185429984,485490497,1,0,0,8,66998FEDD3000000,can0
1908,1786717293.6501033,608965.194824109,485490496,1,0,0,8,66998FED07010000,can0
1909,1786717293.651362,608965.196079817,485490496,1,0,0,8,6699ECED04740000,can0
1910,1786717293.6560946,608965.200814567,485490496,1,0,0,8,6699DAED00000000,can0
1911,1786717293.6937006,608965.238420442,485490497,1,0,0,8,6699BCED19D10100,can0
1912,1786717293.6949124,608965.239627484,485490497,1,0,0,8,6699CCEC696C0000,can0
1913,1786717293.6957679,608965.240481776,485490497,1,0,0,8,6699CBEC908E0000,can0
1914,1786717293.696462,608965.241176234,485490497,1,0,0,8,6699DCEC1BF60000,can0
1915,1786717293.697152,608965.241865651,485490497,1,0,0,8,6699DBECD9920000,can0
1916,1786717293.698522,608965.243237192,485490497,1,0,0,8,6699ECECC46E0000,can0
1917,1786717293.6993308,608965.244045151,485490497,1,0,0,8,6699EBEC74900000,can0
1918,1786717293.702323,608965.247039692,485490497,1,0,0,8,6699FBECAB550000,can0
1919,1786717293.8068373,608965.351556859,485490496,1,0,0,8,66998DED7C150000,can0
1920,1786717293.8084497,608965.353167026,485490496,1,0,0,8,66998FED08010000,can0
1921,1786717293.8524227,608965.397143359,485490496,1,0,0,8,6699B3ED01000000,can0
1922,1786717293.8535857,608965.398302692,485490496,1,0,0,8,6699BCEDFAF70100,can0
1923,1786717293.8622098,608965.406928901,485490496,1,0,0,8,6699BCEDFAF70100,can0
1924,1786717293.8631237,608965.407836526,485490496,1,0,0,8,6699B1ED5EAF7D00,can0
1925,1786717293.8639536,608965.408667567,485490496,1,0,0,8,6699CCECB2560000,can0
1926,1786717293.8646061,608965.409318692,485490496,1,0,0,8,6699CBEC4D940000,can0
1927,1786717293.8651524,608965.409865151,485490496,1,0,0,8,6699DCECD5820000,can0
1928,1786717293.866479,608965.411191901,485490496,1,0,0,8,6699DBEC0B940000,can0
1929,1786717293.868014,608965.412795859,485490496,1,0,0,8,6699ECEC69FD0000,can0
1930,1786717293.8697188,608965.414432401,485490496,1,0,0,8,6699EBEC5A8D0000,can0
1931,1786717293.87028,608965.414991984,485490496,1,0,0,8,6699FCECFE0C0000,can0
1932,1786717293.8708506,608965.415564567,485490496,1,0,0,8,6699FBEC6C560000,can0
1933,1786717293.878534,608965.423254484,485490497,1,0,0,8,6699DBED22100000,can0
1934,1786717293.9470234,608965.491743651,502267712,1,0,0,8,60266699501000B2,can0
1935,1786717293.9480226,608965.492737192,502267712,1,0,0,8,61020000FFFFFFFF,can0
1936,1786717293.9487038,608965.493416151,502267712,1,0,0,8,628515AB14000000,can0
1937,1786717293.9499998,608965.494713526,502267712,1,0,0,8,630000C102000000,can0
1938,1786717293.9507978,608965.495512692,502267712,1,0,0,8,6400420E00009602,can0
1939,1786717293.9515548,608965.496268734,502267712,1,0,0,8,65EE9A4001FFFFFF,can0
1940,1786717293.999525,608965.544246026,485490657,1,0,0,8,6699FF0FAC260000,can0
1941,1786717294.0013251,608965.546039984,485490657,1,0,0,8,66991C20F042FFFF,can0
1942,1786717294.0944846,608965.639204526,435295296,1,0,0,8,007C1508010474CA,can0
1943,1786717294.095828,608965.640543109,435294784,1,0,0,8,800BCA0000FFFFFF,can0
1944,1786717294.0968738,608965.641587776,435294784,1,0,0,8,81FF4A00FFFFFFFF,can0
1945,1786717294.0985034,608965.643219567,435357504,1,0,0,8,CA01D80E350000FF,can0
1946,1786717294.1019084,608965.646625734,435294784,1,0,0,8,800BCA0103FFFFFF,can0
1947,1786717294.1050053,608965.649721026,435294784,1,0,0,8,81FFFFFFFFFFFFFF,can0
1948,1786717294.1075633,608965.652276984,435357504,1,0,0,8,CA02D00E5C0000FF,can0
1949,1786717294.1083908,608965.653105401,435294784,1,0,0,8,600BCA0203FFFFFF,can0
1950,1786717294.1091673,608965.653882484,435294784,1,0,0,8,61FFFFFFFFFFFFFF,can0
1951,1786717294.1100683,608965.654783526,435357504,1,0,0,8,CA03220EC00000FF,can0
1952,1786717294.1108205,608965.655534359,435294784,1,0,0,8,600BCA0303FFFFFF,can0
1953,1786717294.1120791,608965.656793692,435294784,1,0,0,8,61FFFFFFFFFFFFFF,can0
1954,1786717294.1127384,608965.657451151,435357504,1,0,0,8,CA04AB08110000FF,can0
1955,1786717294.1132064,608965.657917692,435294784,1,0,0,8,600BCA0403FFFFFF,can0
1956,1786717294.113616,608965.658328609,435294784,1,0,0,8,61FFFFFFFFFFFFFF,can0
1957,1786717294.1139994,608965.658711609,435357248,1,0,0,8,CAFFFC00FFFFFFFF,can0
1958,1786717294.1144822,608965.659194942,485490496,1,0,0,8,66994E0301000000,can0
1959,1786717294.1775184,608965.722238442,773,0,0,0,8,0000000000000000,can0
1960,1786717294.1785023,608965.723216401,775,0,0,0,8,1234567856494300,can0
1961,1786717294.2557228,608965.800443734,485490496,1,0,0,8,6699DBEDFE100000,can0
1962,1786717294.2832227,608965.827942234,435295297,1,0,0,8,007C15D2000474F1,can0
1963,1786717294.2841482,608965.828862859,435294785,1,0,0,8,800BF10000FFFFFF,can0
1964,1786717294.2849374,608965.829651109,435294785,1,0,0,8,81FF4600FFFFFFFF,can0
1965,1786717294.289666,608965.834385984,435357505,1,0,0,8,F101460E4B0000FF,can0
1966,1786717294.2906618,608965.835376901,435294785,1,0,0,8,800BF10103FFFFFF,can0
1967,1786717294.291483,608965.836196317,435294785,1,0,0,8,81FFFFFFFFFFFFFF,can0
1968,1786717294.2924514,608965.837166901,435357505,1,0,0,8,F102B70EAB0000FF,can0
1969,1786717294.2934182,608965.838131484,435294785,1,0,0,8,600BF10203FFFFFF,can0
1970,1786717294.2941945,608965.838909151,435294785,1,0,0,8,61FFFFFFFFFFFFFF,can0
1971,1786717294.2952073,608965.839921609,435357505,1,0,0,8,F103780E540000FF,can0
1972,1786717294.310721,608965.855437276,435294785,1,0,0,8,600BF10303FFFFFF,can0
1973,1786717294.3115606,608965.856276192,435294785,1,0,0,8,61FFFFFFFFFFFFFF,can0
1974,1786717294.31232,608965.857033567,435357505,1,0,0,8,F1049108000000FF,can0
1975,1786717294.3130314,608965.857745442,435294785,1,0,0,8,600BF10403FFFFFF,can0
1976,1786717294.3137238,608965.858437192,435294785,1,0,0,8,61FFFFFFFFFFFFFF,can0
1977,1786717294.3144093,608965.859122234,435357249,1,0,0,8,F1FFFC00FFFFFFFF,can0
1978,1786717294.3150737,608965.859787651,233966913,1,0,0,8,0001FDFFFFFFFFFF,can0
1979,1786717294.6419017,608966.186621984,485490497,1,0,0,8,66998FEDD2000000,can0
1980,1786717294.6442819,608966.189002193,485490497,1,0,0,8,6699DBED22100000,can0
1981,1786717294.69374,608966.238461151,485490497,1,0,0,8,6699BCEDA9CD0100,can0
1982,1786717294.6960475,608966.240763693,485490497,1,0,0,8,6699CCEC8A6A0000,can0
1983,1786717294.6969392,608966.241653776,485490497,1,0,0,8,6699CBECE98E0000,can0
1984,1786717294.6977084,608966.242422443,485490497,1,0,0,8,6699DCEC7DF80000,can0
1985,1786717294.6984267,608966.243141068,485490497,1,0,0,8,6699DBEC2D930000,can0
1986,1786717294.6991591,608966.243872568,485490497,1,0,0,8,6699ECEC72730000,can0
1987,1786717294.7063928,608966.251108484,485490497,1,0,0,8,6699EBECF9900000,can0
1988,1786717294.707091,608966.251804193,485490497,1,0,0,8,6699FBECAD550000,can0
1989,1786717294.8059106,608966.350625901,485490496,1,0,0,8,66998DED7B150000,can0
1990,1786717294.8076591,608966.352376276,485490496,1,0,0,8,66998FED07010000,can0
1991,1786717294.8084671,608966.353180276,485490496,1,0,0,8,6699DBEDF4100000,can0
1992,1786717294.8602405,608966.404959359,485490496,1,0,0,8,6699BCEDCEF40100,can0
1993,1786717294.8610935,608966.405806609,485490496,1,0,0,8,6699B1EDBA237D00,can0
1994,1786717294.8618453,608966.406559651,485490496,1,0,0,8,6699CCECFD4D0000,can0
1995,1786717294.8625336,608966.407246984,485490496,1,0,0,8,6699CBEC98940000,can0
1996,1786717294.8635244,608966.408238068,485490496,1,0,0,8,6699DCEC068D0000,can0
1997,1786717294.8642359,608966.408949859,485490496,1,0,0,8,6699DBEC6E940000,can0
1998,1786717294.8654547,608966.410168818,485490496,1,0,0,8,6699ECEC3E150100,can0
1999,1786717294.8661225,608966.410835443,485490496,1,0,0,8,6699EBECF38D0000,can0
2000,1786717294.8670542,608966.411767943,485490496,1,0,0,8,6699FCEC8D000000,can0
2001,1786717294.8694727,608966.414187568,485490496,1,0,0,8,6699FBEC26570000,can0
2002,1786717295.0064816,608966.551201943,485441761,1,0,0,8,6699152034030000,can0
2003,1786717295.0074246,608966.552139026,485442017,1,0,0,8,6699152016030000,can0
2004,1786717295.0114186,608966.556134151,485490496,1,0,0,8,6699152034030000,can0
2005,1786717295.0125508,608966.557264943,485490497,1,0,0,8,6699152016030000,can0
2006,1786717295.021564,608966.566283026,485490657,1,0,0,8,6699FF0FAC260000,can0
2007,1786717295.0241716,608966.568892026,485490657,1,0,0,8,66991C20F042FFFF,can0
2008,1786717295.1169577,608966.66167736,485490657,1,0,0,8,669902207C150000,can0
2009,1786717295.1864498,608966.731168901,773,0,0,0,8,0000000000000000,can0
2010,1786717295.1873817,608966.732096443,775,0,0,0,8,1234567856494300,can0
2011,1786717295.578578,608967.123298193,485490497,1,0,0,8,66998DED7B150000,can0
2012,1786717295.5943353,608967.139117485,435295296,1,0,0,8,007C1503010474E8,can0
2013,1786717295.5964048,608967.141119235,435294784,1,0,0,8,A00BE80000FFFFFF,can0
2014,1786717295.597225,608967.14194011,435294784,1,0,0,8,A1FF4A00FFFFFFFF,can0
2015,1786717295.5981233,608967.142837485,435357504,1,0,0,8,E801E00E320000FF,can0
2016,1786717295.5988588,608967.143573443,435294784,1,0,0,8,A00BE80103FFFFFF,can0
2017,1786717295.606237,608967.150952151,435294784,1,0,0,8,A1FFFFFFFFFFFFFF,can0
2018,1786717295.607,608967.151714276,435357504,1,0,0,8,E802E10E6A0000FF,can0
2019,1786717295.6076374,608967.15235061,435294784,1,0,0,8,800BE80203FFFFFF,can0
2020,1786717295.6082513,608967.152965235,435294784,1,0,0,8,81FFFFFFFFFFFFFF,can0
2021,1786717295.608999,608967.153712943,435357504,1,0,0,8,E8034B0EC20000FF,can0
2022,1786717295.6096358,608967.154350068,435294784,1,0,0,8,800BE80303FFFFFF,can0
2023,1786717295.610234,608967.154948235,435294784,1,0,0,8,81FFFFFFFFFFFFFF,can0
2024,1786717295.610837,608967.155549818,435357504,1,0,0,8,E804BE08000000FF,can0
2025,1786717295.6114223,608967.156135693,435294784,1,0,0,8,800BE80403FFFFFF,can0
2026,1786717295.6121137,608967.156827276,435294784,1,0,0,8,81FFFFFFFFFFFFFF,can0
2027,1786717295.6127422,608967.157455735,435357248,1,0,0,8,E8FFFC00FFFFFFFF,can0
2028,1786717295.640459,608967.185181651,485490497,1,0,0,8,66998FEDD7000000,can0
2029,1786717295.6417072,608967.186422818,485490497,1,0,0,8,6699DBED22100000,can0
2030,1786717295.67987,608967.224590026,485490497,1,0,0,8,66998DED7C150000,can0
2031,1786717295.6945145,608967.239234401,485490497,1,0,0,8,6699BCED93ED0100,can0
2032,1786717295.6956406,608967.240355943,485490497,1,0,0,8,6699CCECD46A0000,can0
2033,1786717295.6965327,608967.241246068,485490497,1,0,0,8,6699CBEC1D8F0000,can0
2034,1786717295.6973567,608967.24207186,485490497,1,0,0,8,6699DCEC73020100,can0
2035,1786717295.6981866,608967.242901485,485490497,1,0,0,8,6699DBEC42930000,can0
2036,1786717295.6990426,608967.243756151,485490497,1,0,0,8,6699ECEC667D0000,can0
2037,1786717295.6999733,608967.244688485,485490497,1,0,0,8,6699EBEC17910000,can0
2038,1786717295.7008169,608967.245530485,485490497,1,0,0,8,6699FBECAB550000,can0
2039,1786717295.7774243,608967.322195735,435295297,1,0,0,8,007C15D900047413,can0
2040,1786717295.7785342,608967.323249693,435294785,1,0,0,8,A00B130000FFFFFF,can0
2041,1786717295.7802567,608967.324973777,435294785,1,0,0,8,A1FF4600FFFFFFFF,can0
2042,1786717295.7819252,608967.32664036,435357505,1,0,0,8,1301500E4B0000FF,can0
2043,1786717295.7829049,608967.327621652,435294785,1,0,0,8,A00B130103FFFFFF,can0
2044,1786717295.7839153,608967.32863061,435294785,1,0,0,8,A1FFFFFFFFFFFFFF,can0
2045,1786717295.7847848,608967.329499527,435357505,1,0,0,8,1302BA0EBB0000FF,can0
2046,1786717295.7858872,608967.330602943,435294785,1,0,0,8,800B130203FFFFFF,can0
2047,1786717295.7870877,608967.331805027,435294785,1,0,0,8,81FFFFFFFFFFFFFF,can0
2048,1786717295.7879333,608967.332647568,435357505,1,0,0,8,1303820E5C0000FF,can0
2049,1786717295.788647,608967.333360943,435294785,1,0,0,8,800B130303FFFFFF,can0
2050,1786717295.7994974,608967.34421511,435294785,1,0,0,8,81FFFFFFFFFFFFFF,can0
2051,1786717295.8004408,608967.345154902,435357505,1,0,0,8,13049108000000FF,can0
2052,1786717295.8012152,608967.345929735,435294785,1,0,0,8,800B130403FFFFFF,can0
2053,1786717295.8019023,608967.34661636,435294785,1,0,0,8,81FFFFFFFFFFFFFF,can0
2054,1786717295.8024526,608967.347165235,435357249,1,0,0,8,13FFFC00FFFFFFFF,can0
2055,1786717295.8075392,608967.352259693,485490496,1,0,0,8,66998DED7C150000,can0
2056,1786717295.8089285,608967.35364236,485490496,1,0,0,8,66998FEDFD000000,can0
2057,1786717295.8098907,608967.35460511,485490496,1,0,0,8,6699DBEDF4100000,can0
2058,1786717295.860185,608967.404912068,485490496,1,0,0,8,6699BCEDD5C10100,can0
2059,1786717295.861439,608967.406152402,485490496,1,0,0,8,6699B1ED76027D00,can0
2060,1786717295.862201,608967.406915193,485490496,1,0,0,8,6699CCECD0480000,can0
2061,1786717295.8627584,608967.40747111,485490496,1,0,0,8,6699CBECD2940000,can0
2062,1786717295.8633268,608967.408039818,485490496,1,0,0,8,6699DCEC89740000,can0
2063,1786717295.864137,608967.408851402,485490496,1,0,0,8,6699DBEC05950000,can0
2064,1786717295.8708754,608967.415590193,485490496,1,0,0,8,6699ECEC1F0A0100,can0
2065,1786717295.8716676,608967.416380943,485490496,1,0,0,8,6699EBEC048F0000,can0
2066,1786717295.8721683,608967.416879735,485490496,1,0,0,8,6699FCEC00000000,can0
2067,1786717295.8725884,608967.417299193,485490496,1,0,0,8,6699FBEC74570000,can0
2068,1786717296.0046592,608967.549379735,485490657,1,0,0,8,6699FF0FAC260000,can0
2069,1786717296.005834,608967.550548652,485490657,1,0,0,8,66991C20C441FFFF,can0
2070,1786717296.179529,608967.72424861,485441761,1,0,0,8,66990100D0EDFCFF,can0
2071,1786717296.1806283,608967.72534336,485441761,1,0,0,8,66990100DCEDFEFF,can0
2072,1786717296.1817873,608967.726501777,485441761,1,0,0,8,66990100DAEDFFFF,can0
2073,1786717296.1827536,608967.727468193,485441761,1,0,0,8,669901002720FFFF,can0
2074,1786717296.1835256,608967.728238902,773,0,0,0,8,0000000000000000,can0
2075,1786717296.184582,608967.729296152,775,0,0,0,8,1234567856494300,can0
2076,1786717296.1856918,608967.730407527,485490496,1,0,0,8,6699DAED00000000,can0
2077,1786717296.18668,608967.731393235,485490496,1,0,0,8,6699272011CD0300,can0
2078,1786717296.232237,608967.776957943,485490496,1,0,0,8,6699DCED7E200000,can0
2079,1786717296.2332244,608967.777939443,485490496,1,0,0,8,6699DDEDCF830200,can0
2080,1786717296.2340055,608967.77871936,485490496,1,0,0,8,6699D0ED730E0000,can0
2081,1786717296.2347047,608967.779417735,485490496,1,0,0,8,6699D1EDF9030000,can0
2082,1786717296.256685,608967.80140486,485490496,1,0,0,8,6699D2ED420E0000,can0
2083,1786717296.257588,608967.802302693,485490496,1,0,0,8,6699D3EDB2020000,can0
2084,1786717296.2583268,608967.803040235,485490497,1,0,0,8,66990102FC000000,can0
2085,1786717296.266452,608967.811167527,485490497,1,0,0,8,66990A02FC000000,can0
2086,1786717296.28383,608967.828551818,485490497,1,0,0,8,6699000201000000,can0
2087,1786717296.2852116,608967.829926902,485490497,1,0,0,8,6699020200000000,can0
2088,1786717296.286924,608967.831638777,485490497,1,0,0,8,6699070200000000,can0
2089,1786717296.2892625,608967.83397811,485490497,1,0,0,8,66991E0300000000,can0
2090,1786717296.290081,608967.834794443,485490497,1,0,0,8,66991C0300000000,can0
2091,1786717296.2971315,608967.841847735,485490497,1,0,0,8,66998DED7C150000,can0
2092,1786717296.3321495,608967.876867985,485490497,1,0,0,8,66998FEDDB000000,can0
2093,1786717296.3330257,608967.877738277,485490497,1,0,0,8,6699ECED04740000,can0
2094,1786717296.3336227,608967.878336943,485490497,1,0,0,8,6699DAED00000000,can0
2095,1786717296.4817164,608968.02643586,502267713,1,0,0,8,E0266699501000E9,can0
2096,1786717296.4825802,608968.027293777,502267713,1,0,0,8,E1000000FFFFFFFF,can0
2097,1786717296.483179,608968.02789236,502267713,1,0,0,8,E28515AF14000000,can0
2098,1786717296.4837296,608968.028442194,502267713,1,0,0,8,E30000C002000000,can0
2099,1786717296.484241,608968.028953527,502267713,1,0,0,8,E400350900009F01,can0
2100,1786717296.48475,608968.029461777,502267713,1,0,0,8,E58A9A1300FFFFFF,can0
2101,1786717296.487454,608968.032169319,502267713,1,0,0,8,00286699A0100013,can0
2102,1786717296.4883273,608968.033041152,502267713,1,0,0,8,01002B0035003000,can0
2103,1786717296.4890094,608968.033722985,502267713,1,0,0,8,0259007C01C70275,can0
2104,1786717296.4897332,608968.034447569,502267713,1,0,0,8,030148055799FB98,can0
2105,1786717296.4905481,608968.035266069,502267713,1,0,0,8,048A9A9E5CFFFFFF,can0
2106,1786717296.4913454,608968.03606086,502267713,1,0,0,8,05FFFFFFFFFFFFFF,can0
2107,1786717296.5344195,608968.079138902,485490497,1,0,0,8,6699B3ED01000000,can0
2108,1786717296.5352883,608968.080097527,485490497,1,0,0,8,6699BCED000F0200,can0
2109,1786717296.6275182,608968.172239485,502267713,1,0,0,8,20266699501000E9,can0
2110,1786717296.6290758,608968.173791402,502267713,1,0,0,8,21000000FFFFFFFF,can0
2111,1786717296.6314442,608968.176160485,502267713,1,0,0,8,228515AF14000000,can0
2112,1786717296.6322634,608968.176977819,502267713,1,0,0,8,230000C002000000,can0
2113,1786717296.6328428,608968.177554319,502267713,1,0,0,8,2400350900009F01,can0
2114,1786717296.6333022,608968.178015194,502267713,1,0,0,8,258A9A1300FFFFFF,can0
2115,1786717296.645665,608968.190411569,485490497,1,0,0,8,66998FEDDF000000,can0
2116,1786717296.6945305,608968.239250194,485490497,1,0,0,8,6699BCED000F0200,can0
2117,1786717296.6960237,608968.240739735,485490497,1,0,0,8,6699CCECE96C0000,can0
2118,1786717296.6968982,608968.241613277,485490497,1,0,0,8,6699CBEC3F8F0000,can0
2119,1786717296.6976619,608968.242374985,485490497,1,0,0,8,6699DCECAB0D0100,can0
2120,1786717296.6982985,608968.243011235,485490497,1,0,0,8,6699DBEC3E930000,can0
2121,1786717296.7034175,608968.248137152,485490497,1,0,0,8,6699ECECC2820000,can0
2122,1786717296.7043667,608968.24908086,485490497,1,0,0,8,6699EBEC21910000,can0
2123,1786717296.7049053,608968.24961786,485490497,1,0,0,8,6699FBECAC550000,can0
2124,1786717296.7323482,608968.277067819,502267713,1,0,0,8,40266699501000E9,can0
2125,1786717296.7333455,608968.278061235,502267713,1,0,0,8,41000000FFFFFFFF,can0
2126,1786717296.7341027,608968.27881761,502267713,1,0,0,8,428515AF14000000,can0
2127,1786717296.734803,608968.279516194,502267713,1,0,0,8,430000C002000000,can0
2128,1786717296.7360775,608968.280790985,502267713,1,0,0,8,4400350900009F01,can0
2129,1786717296.7367287,608968.281442235,502267713,1,0,0,8,458A9A1300FFFFFF,can0
2130,1786717296.741412,608968.286132444,502267713,1,0,0,8,60286699A0100013,can0
2131,1786717296.743811,608968.288537944,502267713,1,0,0,8,61002B0035003000,can0
2132,1786717296.7447407,608968.289454944,502267713,1,0,0,8,6259007C01CE0275,can0
2133,1786717296.74564,608968.290359152,502267713,1,0,0,8,630148055799FB98,can0
2134,1786717296.7465816,608968.291296277,502267713,1,0,0,8,648A9A9E5CFFFFFF,can0
2135,1786717296.7473397,608968.292054277,502267713,1,0,0,8,65FFFFFFFFFFFFFF,can0
2136,1786717296.7901583,608968.334877777,485490497,1,0,0,8,66994E0301000000,can0
2137,1786717296.8065243,608968.351243819,485490496,1,0,0,8,66998DED7D150000,can0
2138,1786717296.808032,608968.35274861,485490496,1,0,0,8,66998FEDF7000000,can0
2139,1786717296.808853,608968.353566652,485490496,1,0,0,8,6699DBEDFE100000,can0
2140,1786717296.871226,608968.415944944,485490496,1,0,0,8,6699BCED53EA0100,can0
2141,1786717296.8720424,608968.41675461,485490496,1,0,0,8,6699B1EDE7587C00,can0
2142,1786717296.87256,608968.417272819,485490496,1,0,0,8,6699CCEC1C4B0000,can0
2143,1786717296.8767495,608968.421465944,485490496,1,0,0,8,6699CBECE8940000,can0
2144,1786717296.879318,608968.424035485,485490496,1,0,0,8,6699DCEC538F0000,can0
2145,1786717296.8810954,608968.425810944,485490496,1,0,0,8,6699DBECD2940000,can0
2146,1786717296.8822072,608968.426922777,485490496,1,0,0,8,6699ECECE40E0100,can0
2147,1786717296.8837342,608968.428449027,485490496,1,0,0,8,6699EBEC358F0000,can0
2148,1786717296.8847704,608968.429485319,485490496,1,0,0,8,6699FBEC86570000,can0
2149,1786717297.0068357,608968.551555235,485490657,1,0,0,8,6699FF0FAC260000,can0
2150,1786717297.0174785,608968.562198902,485490657,1,0,0,8,66991C205443FFFF,can0
2151,1786717297.0797813,608968.624501152,485490497,1,0,0,8,66998DED7B150000,can0
2152,1786717297.0956633,608968.640388735,435295296,1,0,0,8,007C15F90004740A,can0
2153,1786717297.1014104,608968.646126944,435294784,1,0,0,8,C00B0A0000FFFFFF,can0
2154,1786717297.1024578,608968.647173152,435294784,1,0,0,8,C1FF4A00FFFFFFFF,can0
2155,1786717297.1031044,608968.647818402,435357504,1,0,0,8,0A01E40E340000FF,can0
2156,1786717297.1190393,608968.663754902,435294784,1,0,0,8,C00B0A0103FFFFFF,can0
2157,1786717297.1199608,608968.664683694,435294784,1,0,0,8,C1FFFFFFFFFFFFFF,can0
2158,1786717297.1207874,608968.665501444,435357504,1,0,0,8,0A02DE0E510000FF,can0
2159,1786717297.1274796,608968.672195277,435294784,1,0,0,8,A00B0A0203FFFFFF,can0
2160,1786717297.128337,608968.673050194,435294784,1,0,0,8,A1FFFFFFFFFFFFFF,can0
2161,1786717297.1291034,608968.673816735,435357504,1,0,0,8,0A03550EAA0000FF,can0
2162,1786717297.1297612,608968.674474652,435294784,1,0,0,8,A00B0A0303FFFFFF,can0
2163,1786717297.1304326,608968.675145777,435294784,1,0,0,8,A1FFFFFFFFFFFFFF,can0
2164,1786717297.1310735,608968.675787361,435357504,1,0,0,8,0A04C108000000FF,can0
2165,1786717297.1317217,608968.676435611,435294784,1,0,0,8,A00B0A0403FFFFFF,can0
2166,1786717297.1325347,608968.677249319,435294784,1,0,0,8,A1FFFFFFFFFFFFFF,can0
2167,1786717297.133349,608968.678064569,435357248,1,0,0,8,0AFFFC00FFFFFFFF,can0
2168,1786717297.1810126,608968.725737319,773,0,0,0,8,0000000000000000,can0
2169,1786717297.183067,608968.727785069,775,0,0,0,8,1234567856494300,can0
2170,1786717297.2811725,608968.825892569,435295297,1,0,0,8,007C15DE00047431,can0
2171,1786717297.2878168,608968.832535236,435294785,1,0,0,8,C00B310000FFFFFF,can0
2172,1786717297.288761,608968.833475611,435294785,1,0,0,8,C1FF4600FFFFFFFF,can0
2173,1786717297.2895396,608968.834253736,435357505,1,0,0,8,3101570E4A0000FF,can0
2174,1786717297.2903273,608968.835042402,435294785,1,0,0,8,C00B310103FFFFFF,can0
2175,1786717297.301726,608968.846440444,435294785,1,0,0,8,C1FFFFFFFFFFFFFF,can0
2176,1786717297.3025274,608968.847242902,435357505,1,0,0,8,3102C30E9C0000FF,can0
2177,1786717297.3032377,608968.847952194,435294785,1,0,0,8,A00B310203FFFFFF,can0
2178,1786717297.3038323,608968.848546277,435294785,1,0,0,8,A1FFFFFFFFFFFFFF,can0
2179,1786717297.304465,608968.849180152,435357505,1,0,0,8,3103860E590000FF,can0
2180,1786717297.310362,608968.855084569,435294785,1,0,0,8,A00B310303FFFFFF,can0
2181,1786717297.311486,608968.856201069,435294785,1,0,0,8,A1FFFFFFFFFFFFFF,can0
2182,1786717297.3125434,608968.857259069,435357505,1,0,0,8,31049108000000FF,can0
2183,1786717297.3135724,608968.858286486,435294785,1,0,0,8,A00B310403FFFFFF,can0
2184,1786717297.314382,608968.859097152,435294785,1,0,0,8,A1FFFFFFFFFFFFFF,can0
2185,1786717297.3214731,608968.866191986,435357249,1,0,0,8,31FFFC00FFFFFFFF,can0
2186,1786717297.3798425,608968.924562361,485490657,1,0,0,8,669901207C150000,can0
2187,1786717297.382369,608968.927087986,485490657,1,0,0,8,66990E200D000000,can0
2188,1786717297.6390996,608969.183814902,485490497,1,0,0,8,66998DED7C150000,can0
2189,1786717297.6406968,608969.185411319,485490497,1,0,0,8,66998FEDE1000000,can0
2190,1786717297.6957908,608969.240511611,485490497,1,0,0,8,6699BCEDABF10100,can0
2191,1786717297.6970916,608969.241805944,485490497,1,0,0,8,6699CCEC1B6B0000,can0
2192,1786717297.6983263,608969.243046277,485490497,1,0,0,8,6699CBEC648F0000,can0
2193,1786717297.7008185,608969.245532777,485490497,1,0,0,8,6699DCECA6FD0000,can0
2194,1786717297.7014878,608969.246200611,485490497,1,0,0,8,6699DBEC90930000,can0
2195,1786717297.7020175,608969.246730236,485490497,1,0,0,8,6699ECEC647F0000,can0
2196,1786717297.7024972,608969.247208486,485490497,1,0,0,8,6699EBEC63910000,can0
2197,1786717297.703027,608969.247739736,485490497,1,0,0,8,6699FBECA8550000,can0
2198,1786717297.7778084,608969.322530027,485442017,1,0,0,8,66990100D0EDFCFF,can0
2199,1786717297.779013,608969.323728069,485442017,1,0,0,8,66990100DCEDFEFF,can0
2200,1786717297.7799911,608969.324705444,485442017,1,0,0,8,66990100DAEDFFFF,can0
2201,1786717297.7833674,608969.328083111,485442017,1,0,0,8,669901002720FFFF,can0
2202,1786717297.784382,608969.329096902,485490497,1,0,0,8,6699DAED00000000,can0
2203,1786717297.8007545,608969.345482902,485490497,1,0,0,8,66992720E7DB0300,can0
2204,1786717297.8060234,608969.350744069,485490496,1,0,0,8,66998DED7C150000,can0
2205,1786717297.8076897,608969.352406902,485490496,1,0,0,8,66998FEDF9000000,can0
2206,1786717297.8084512,608969.353164486,485490496,1,0,0,8,6699DBEDFE100000,can0
2207,1786717297.8459609,608969.390681028,485490497,1,0,0,8,6699DCED37110000,can0
2208,1786717297.8473346,608969.392049278,485490497,1,0,0,8,6699DDEDBD280000,can0
2209,1786717297.8481262,608969.392840944,485490497,1,0,0,8,6699D0ED38080000,can0
2210,1786717297.850861,608969.395578611,485490497,1,0,0,8,6699D1ED29010000,can0
2211,1786717297.8519292,608969.396643361,485490497,1,0,0,8,6699D2ED35090000,can0
2212,1786717297.852701,608969.397413819,485490497,1,0,0,8,6699D3EDE9000000,can0
2213,1786717297.860475,608969.405195819,485490496,1,0,0,8,6699BCEDC4C40100,can0
2214,1786717297.861456,608969.406170778,485490496,1,0,0,8,6699B1EDD7EB7B00,can0
2215,1786717297.8624792,608969.407194153,485490496,1,0,0,8,6699CCEC6D480000,can0
2216,1786717297.8634276,608969.408141361,485490496,1,0,0,8,6699CBECFC940000,can0
2217,1786717297.8640728,608969.408785236,485490496,1,0,0,8,6699DCEC39800000,can0
2218,1786717297.864618,608969.409330778,485490496,1,0,0,8,6699DBEC1E950000,can0
2219,1786717297.8657792,608969.410496778,485490496,1,0,0,8,6699ECECEB070100,can0
2220,1786717297.8667254,608969.411439819,485490496,1,0,0,8,6699EBEC9A8F0000,can0
2221,1786717297.8675077,608969.412221986,485490496,1,0,0,8,6699FBEC93570000,can0
2222,1786717298.0087082,608969.553428486,485441761,1,0,0,8,6699152032030000,can0
2223,1786717298.0096378,608969.554352153,485490496,1,0,0,8,6699152032030000,can0
2224,1786717298.0125566,608969.557276069,485442017,1,0,0,8,6699152018030000,can0
2225,1786717298.013496,608969.558210069,485490497,1,0,0,8,6699152018030000,can0
2226,1786717298.0280046,608969.572724069,485490657,1,0,0,8,6699FF0FAC260000,can0
2227,1786717298.029132,608969.573846361,485490657,1,0,0,8,66991C202842FFFF,can0
2228,1786717298.1211066,608969.665826611,485490657,1,0,0,8,669902207B150000,can0
2229,1786717298.1304526,608969.675172653,485490657,1,0,0,8,669903204C090000,can0
2230,1786717298.1786063,608969.723330069,773,0,0,0,8,0000000000000000,can0
2231,1786717298.1798203,608969.724535736,775,0,0,0,8,1234567856494300,can0
2232,1786717298.3471713,608969.891888028,485490496,1,0,0,8,66998BED4B000000,can0
2233,1786717298.55125,608970.095968903,485490496,1,0,0,8,66990102FC000000,can0
2234,1786717298.5521548,608970.096867653,485490496,1,0,0,8,66990A02FC000000,can0
2235,1786717298.5940468,608970.138767111,435295296,1,0,0,8,007C15F900047428,can0
2236,1786717298.5952706,608970.139986445,435294784,1,0,0,8,E00B280000FFFFFF,can0
2237,1786717298.5992234,608970.143947236,435294784,1,0,0,8,E1FF4B00FFFFFFFF,can0
2238,1786717298.6025915,608970.147308028,435357504,1,0,0,8,2801E50E310000FF,can0
2239,1786717298.6038275,608970.14854307,435294784,1,0,0,8,E00B280103FFFFFF,can0
2240,1786717298.6060894,608970.15080382,435294784,1,0,0,8,E1FFFFFFFFFFFFFF,can0
2241,1786717298.60685,608970.151562653,435357504,1,0,0,8,2802EA0E6F0000FF,can0
2242,1786717298.6073835,608970.152096195,435294784,1,0,0,8,C00B280203FFFFFF,can0
2243,1786717298.607827,608970.15253957,435294784,1,0,0,8,C1FFFFFFFFFFFFFF,can0
2244,1786717298.6082282,608970.152939903,435357504,1,0,0,8,28035C0ECC0000FF,can0
2245,1786717298.6086135,608970.153325153,435294784,1,0,0,8,C00B280303FFFFFF,can0
2246,1786717298.6090496,608970.153761986,435294784,1,0,0,8,C1FFFFFFFFFFFFFF,can0
2247,1786717298.609453,608970.154165028,435357504,1,0,0,8,2804C308000000FF,can0
2248,1786717298.6098375,608970.154549195,435294784,1,0,0,8,C00B280403FFFFFF,can0
2249,1786717298.6102185,608970.154930403,435294784,1,0,0,8,C1FFFFFFFFFFFFFF,can0
2250,1786717298.6112645,608970.15597882,435357248,1,0,0,8,28FFFC00FFFFFFFF,can0
2251,1786717298.612019,608970.15673307,233966912,1,0,0,8,0001FDFFFFFFFFFF,can0
2252,1786717298.6137133,608970.158427361,485490496,1,0,0,8,6699000201000000,can0
2253,1786717298.6145031,608970.159218945,485490496,1,0,0,8,6699020200000000,can0
2254,1786717298.6156054,608970.16032007,485490496,1,0,0,8,6699070200000000,can0
2255,1786717298.616774,608970.161487986,485490496,1,0,0,8,66991E0300000000,can0
2256,1786717298.6175694,608970.162284361,485490496,1,0,0,8,66991C0300000000,can0
2257,1786717298.6190045,608970.163721195,485490496,1,0,0,8,66998DED7C150000,can0
2258,1786717298.6405542,608970.185273445,485490497,1,0,0,8,66998FEDE2000000,can0
2259,1786717298.6479673,608970.192689278,485490496,1,0,0,8,66998FEDFA000000,can0
2260,1786717298.6498852,608970.19460257,485490496,1,0,0,8,6699ECED04740000,can0
2261,1786717298.652338,608970.19705507,485490496,1,0,0,8,6699DAED00000000,can0
2262,1786717298.6935587,608970.238278153,485490497,1,0,0,8,6699BCED21E40100,can0
2263,1786717298.6963062,608970.24102557,485490497,1,0,0,8,6699CCEC946A0000,can0
2264,1786717298.697397,608970.242111861,485490497,1,0,0,8,6699CBEC6C8F0000,can0
2265,1786717298.6985517,608970.243267195,485490497,1,0,0,8,6699DCECDCF10000,can0
2266,1786717298.7009215,608970.245657111,485490497,1,0,0,8,6699DBECCC930000,can0
2267,1786717298.7024949,608970.247210153,485490497,1,0,0,8,6699ECEC9B750000,can0
2268,1786717298.7036016,608970.248314736,485490497,1,0,0,8,6699EBECBE910000,can0
2269,1786717298.7041981,608970.248911445,485490497,1,0,0,8,6699FBECAB550000,can0
2270,1786717298.7764075,608970.321128861,435295297,1,0,0,8,007C15E10004744F,can0
2271,1786717298.7775588,608970.322273861,435294785,1,0,0,8,E00B4F0000FFFFFF,can0
2272,1786717298.778539,608970.323254611,435294785,1,0,0,8,E1FF4600FFFFFFFF,can0
2273,1786717298.7800174,608970.324733486,435357505,1,0,0,8,4F01580E490000FF,can0
2274,1786717298.782006,608970.326723861,435294785,1,0,0,8,E00B4F0103FFFFFF,can0
2275,1786717298.7877803,608970.332502028,435294785,1,0,0,8,E1FFFFFFFFFFFFFF,can0
2276,1786717298.7887228,608970.333437111,435357505,1,0,0,8,4F02C80EBC0000FF,can0
2277,1786717298.7895038,608970.334218986,435294785,1,0,0,8,C00B4F0203FFFFFF,can0
2278,1786717298.7902641,608970.334978736,435294785,1,0,0,8,C1FFFFFFFFFFFFFF,can0
2279,1786717298.7909746,608970.335687986,435357505,1,0,0,8,4F03930E5B0000FF,can0
2280,1786717298.7916605,608970.336374861,435294785,1,0,0,8,C00B4F0303FFFFFF,can0
2281,1786717298.79232,608970.337033986,435294785,1,0,0,8,C1FFFFFFFFFFFFFF,can0
2282,1786717298.792996,608970.337709528,435357505,1,0,0,8,4F049108000000FF,can0
2283,1786717298.7936554,608970.338368361,435294785,1,0,0,8,C00B4F0403FFFFFF,can0
2284,1786717298.8004613,608970.345176111,435294785,1,0,0,8,C1FFFFFFFFFFFFFF,can0
2285,1786717298.8012269,608970.345941111,435357249,1,0,0,8,4FFFFC00FFFFFFFF,can0
2286,1786717298.8078737,608970.35259507,485490496,1,0,0,8,66998FEDFC000000,can0
2287,1786717298.8091888,608970.353908195,485490496,1,0,0,8,6699DBEDFE100000,can0
2288,1786717298.846315,608970.391035653,485490496,1,0,0,8,66998DED7B150000,can0
2289,1786717298.8524632,608970.39718157,485490496,1,0,0,8,6699B3ED01000000,can0
2290,1786717298.853377,608970.39809032,485490496,1,0,0,8,6699BCED40EC0100,can0
2291,1786717298.864343,608970.409061903,485490496,1,0,0,8,6699BCED40EC0100,can0
2292,1786717298.8656754,608970.410391236,485490496,1,0,0,8,6699B1EDEA237B00,can0
2293,1786717298.8667147,608970.411428736,485490496,1,0,0,8,6699CCEC8D4A0000,can0
2294,1786717298.867558,608970.412272528,485490496,1,0,0,8,6699CBECE9940000,can0
2295,1786717298.868441,608970.41315532,485490496,1,0,0,8,6699DCEC328A0000,can0
2296,1786717298.8693695,608970.414084403,485490496,1,0,0,8,6699DBEC10950000,can0
2297,1786717298.8701108,608970.414824611,485490496,1,0,0,8,6699ECEC72180100,can0
2298,1786717298.8722253,608970.41693982,485490496,1,0,0,8,6699EBEC628F0000,can0
2299,1786717298.8731036,608970.417816278,485490496,1,0,0,8,6699FBECA3570000,can0
2300,1786717298.9447827,608970.489502195,502267712,1,0,0,8,80266699501000B2,can0
2301,1786717298.9483268,608970.49304282,502267712,1,0,0,8,81020000FFFFFFFF,can0
2302,1786717298.9494321,608970.494145736,502267712,1,0,0,8,828515AB14000000,can0
2303,1786717298.9504545,608970.495171986,502267712,1,0,0,8,830000C102000000,can0
2304,1786717298.9514403,608970.496155111,502267712,1,0,0,8,8400420E00009602,can0
2305,1786717298.9522324,608970.496946028,502267712,1,0,0,8,85EE9A4001FFFFFF,can0
2306,1786717299.0094008,608970.554120278,485490657,1,0,0,8,6699FF0FAC260000,can0
2307,1786717299.010345,608970.55505882,485490657,1,0,0,8,66991C20A43EFFFF,can0
2308,1786717299.1012712,608970.645991611,485490496,1,0,0,8,66994E0301000000,can0
2309,1786717299.1890378,608970.733757945,773,0,0,0,8,0000000000000000,can0
2310,1786717299.189947,608970.734661361,775,0,0,0,8,1234567856494300,can0
2311,1786717299.500974,608971.045697862,502267712,1,0,0,8,A01D6699431001FE,can0
2312,1786717299.5064147,608971.051129237,502267712,1,0,0,8,A10B0A00D03F0000,can0
2313,1786717299.5071225,608971.051836528,502267712,1,0,0,8,A200000000000000,can0
2314,1786717299.5077698,608971.052483695,502267712,1,0,0,8,A300000000000000,can0
2315,1786717299.5083916,608971.053106112,502267712,1,0,0,8,A40000FFFFFFFFFF,can0
2316,1786717299.5090077,608971.053721612,502267712,1,0,0,8,C01D66994210016D,can0
2317,1786717299.5096266,608971.054340612,502267712,1,0,0,8,C19AA20133A00400,can0
2318,1786717299.510242,608971.054956237,502267712,1,0,0,8,C200000000000000,can0
2319,1786717299.51085,608971.055563028,502267712,1,0,0,8,C300110000000000,can0
2320,1786717299.5114522,608971.056166653,502267712,1,0,0,8,C40000FFFFFFFFFF,can0
2321,1786717299.640328,608971.18504757,485490497,1,0,0,8,66998FEDE0000000,can0
2322,1786717299.693359,608971.238078028,485490497,1,0,0,8,6699BCEDB1FF0100,can0
2323,1786717299.694557,608971.239270987,485490497,1,0,0,8,6699CCEC366A0000,can0
2324,1786717299.6951945,608971.239908278,485490497,1,0,0,8,6699CBEC5E8F0000,can0
2325,1786717299.6960883,608971.240803237,485490497,1,0,0,8,6699DCEC3E080100,can0
2326,1786717299.6969292,608971.241643653,485490497,1,0,0,8,6699DBEC86930000,can0
2327,1786717299.7003863,608971.245106612,485490497,1,0,0,8,6699ECEC66850000,can0
2328,1786717299.7014878,608971.246202028,485490497,1,0,0,8,6699EBEC5C910000,can0
2329,1786717299.7021449,608971.246857153,485490497,1,0,0,8,6699FBECAA550000,can0
2330,1786717299.8057127,608971.350434903,485490496,1,0,0,8,66998DED7C150000,can0
2331,1786717299.8073707,608971.352089987,485490496,1,0,0,8,66998FED00010000,can0
2332,1786717299.8598242,608971.404541362,485490496,1,0,0,8,6699BCED5CE10100,can0
2333,1786717299.8606596,608971.405372778,485490496,1,0,0,8,6699B1ED6D627B00,can0
2334,1786717299.8613172,608971.406030778,485490496,1,0,0,8,6699CCEC69480000,can0
2335,1786717299.8619812,608971.40669457,485490496,1,0,0,8,6699CBECCE940000,can0
2336,1786717299.8627813,608971.407495237,485490496,1,0,0,8,6699DCEC49900000,can0
2337,1786717299.863586,608971.408301945,485490496,1,0,0,8,6699DBEC00950000,can0
2338,1786717299.8705275,608971.415243153,485490496,1,0,0,8,6699ECECFF110100,can0
2339,1786717299.8712358,608971.415948612,485490496,1,0,0,8,6699EBEC9E8F0000,can0
2340,1786717299.8717434,608971.416455862,485490496,1,0,0,8,6699FBECAF570000,can0
2341,1786717300.0121605,608971.556879445,485490657,1,0,0,8,6699FF0FAC260000,can0
2342,1786717300.0130246,608971.557739029,485490657,1,0,0,8,66991C20F042FFFF,can0
2343,1786717300.0935817,608971.63830132,435295296,1,0,0,8,007C15FE00047446,can0
2344,1786717300.097116,608971.64183332,435294784,1,0,0,8,000B460000FFFFFF,can0
2345,1786717300.1018834,608971.64659857,435294784,1,0,0,8,01FF4B00FFFFFFFF,can0
2346,1786717300.1027153,608971.647429737,435357504,1,0,0,8,4601E00E310000FF,can0
2347,1786717300.1034665,608971.648180904,435294784,1,0,0,8,000B460103FFFFFF,can0
2348,1786717300.1042156,608971.648929237,435294784,1,0,0,8,01FFFFFFFFFFFFFF,can0
2349,1786717300.1050234,608971.649739695,435357504,1,0,0,8,4602E80E660000FF,can0
2350,1786717300.1094105,608971.65412657,435294784,1,0,0,8,E00B460203FFFFFF,can0
2351,1786717300.1102552,608971.654970737,435294784,1,0,0,8,E1FFFFFFFFFFFFFF,can0
2352,1786717300.111006,608971.655720695,435357504,1,0,0,8,4603630EB90000FF,can0
2353,1786717300.113578,608971.658298529,435294784,1,0,0,8,E00B460303FFFFFF,can0
2354,1786717300.1146116,608971.659326612,435294784,1,0,0,8,E1FFFFFFFFFFFFFF,can0
2355,1786717300.117745,608971.66246482,435357504,1,0,0,8,4604C508000000FF,can0
2356,1786717300.118709,608971.663424237,435294784,1,0,0,8,E00B460403FFFFFF,can0
2357,1786717300.120844,608971.665558195,435294784,1,0,0,8,E1FFFFFFFFFFFFFF,can0
2358,1786717300.121786,608971.666501237,435357248,1,0,0,8,46FFFC00FFFFFFFF,can0
2359,1786717300.179097,608971.723819154,773,0,0,0,8,0000000000000000,can0
2360,1786717300.179942,608971.724654987,775,0,0,0,8,1234567856494300,can0
2361,1786717300.2764368,608971.821157279,435295297,1,0,0,8,007C15E50004746D,can0
2362,1786717300.279305,608971.82402132,435294785,1,0,0,8,000B6D0000FFFFFF,can0
2363,1786717300.2888432,608971.833560945,435294785,1,0,0,8,01FF4600FFFFFFFF,can0
2364,1786717300.2901785,608971.834892987,435357505,1,0,0,8,6D01540E4A0000FF,can0
2365,1786717300.2909484,608971.83566282,435294785,1,0,0,8,000B6D0103FFFFFF,can0
2366,1786717300.291672,608971.836386695,435294785,1,0,0,8,01FFFFFFFFFFFFFF,can0
2367,1786717300.2946937,608971.839409779,435357505,1,0,0,8,6D02C10EA70000FF,can0
2368,1786717300.2960587,608971.840772404,435294785,1,0,0,8,E00B6D0203FFFFFF,can0
2369,1786717300.296696,608971.84140807,435294785,1,0,0,8,E1FFFFFFFFFFFFFF,can0
2370,1786717300.2972016,608971.841913862,435357505,1,0,0,8,6D03870E560000FF,can0
2371,1786717300.2976286,608971.84234057,435294785,1,0,0,8,E00B6D0303FFFFFF,can0
2372,1786717300.2993217,608971.844053487,435294785,1,0,0,8,E1FFFFFFFFFFFFFF,can0
2373,1786717300.301089,608971.845804695,435357505,1,0,0,8,6D049108000000FF,can0
2374,1786717300.302109,608971.846823112,435294785,1,0,0,8,E00B6D0403FFFFFF,can0
2375,1786717300.303071,608971.847785404,435294785,1,0,0,8,E1FFFFFFFFFFFFFF,can0
2376,1786717300.3044152,608971.849139654,435357249,1,0,0,8,6DFFFC00FFFFFFFF,can0
2377,1786717300.3060744,608971.850789529,233966913,1,0,0,8,0001FDFFFFFFFFFF,can0
2378,1786717300.6410854,608972.185805446,485490497,1,0,0,8,66998FEDE5000000,can0
2379,1786717300.6935637,608972.238283571,485490497,1,0,0,8,6699BCEDEFFE0100,can0
2380,1786717300.6947508,608972.239464487,485490497,1,0,0,8,6699CCEC0A6B0000,can0
2381,1786717300.6957777,608972.240491321,485490497,1,0,0,8,6699CBEC278F0000,can0
2382,1786717300.6965284,608972.241242654,485490497,1,0,0,8,6699DCEC2B040100,can0
2383,1786717300.697236,608972.241949237,485490497,1,0,0,8,6699DBEC7F930000,can0
2384,1786717300.6981425,608972.242857571,485490497,1,0,0,8,6699ECECEF850000,can0
2385,1786717300.698922,608972.243636571,485490497,1,0,0,8,6699EBEC49910000,can0
2386,1786717300.7001739,608972.244898612,485490497,1,0,0,8,6699FBECAB550000,can0
2387,1786717300.8069074,608972.351626946,485490496,1,0,0,8,66998FEDFD000000,can0
2388,1786717300.8597984,608972.404517696,485490496,1,0,0,8,6699BCED09EC0100,can0
2389,1786717300.8608048,608972.405518487,485490496,1,0,0,8,6699B1ED4A087B00,can0
2390,1786717300.8616588,608972.406374571,485490496,1,0,0,8,6699CCEC3C480000,can0
2391,1786717300.8623626,608972.407076779,485490496,1,0,0,8,6699CBEC8C940000,can0
2392,1786717300.8629563,608972.407669654,485490496,1,0,0,8,6699DCECFE9C0000,can0
2393,1786717300.8636298,608972.408344154,485490496,1,0,0,8,6699DBECC7940000,can0
2394,1786717300.864582,608972.409295571,485490496,1,0,0,8,6699ECEC9A0A0100,can0
2395,1786717300.8654075,608972.410122362,485490496,1,0,0,8,6699EBECC78F0000,can0
2396,1786717300.866562,608972.411279362,485490496,1,0,0,8,6699FBECBC570000,can0
2397,1786717301.0097246,608972.554444321,485441761,1,0,0,8,669915202F030000,can0
2398,1786717301.010724,608972.555438821,485490496,1,0,0,8,669915202F030000,can0
2399,1786717301.0116642,608972.556378946,485442017,1,0,0,8,669915201B030000,can0
2400,1786717301.0124085,608972.557122362,485490497,1,0,0,8,669915201B030000,can0
2401,1786717301.0231712,608972.567891446,485490657,1,0,0,8,6699FF0FAC260000,can0
2402,1786717301.0326293,608972.577350404,485490657,1,0,0,8,66991C20B843FFFF,can0
2403,1786717301.1298263,608972.674545946,485490657,1,0,0,8,669902207C150000,can0
2404,1786717301.1767802,608972.721499612,485441761,1,0,0,8,66990100D0EDFCFF,can0
2405,1786717301.1777418,608972.722457529,485441761,1,0,0,8,66990100DCEDFEFF,can0
2406,1786717301.1784978,608972.723213029,485441761,1,0,0,8,66990100DAEDFFFF,can0
2407,1786717301.17925,608972.723964279,485441761,1,0,0,8,669901002720FFFF,can0
2408,1786717301.180012,608972.724727946,773,0,0,0,8,0000000000000000,can0
2409,1786717301.18079,608972.725503446,775,0,0,0,8,1234567856494300,can0
2410,1786717301.1815376,608972.726251196,485490496,1,0,0,8,6699DAED00000000,can0
2411,1786717301.1822913,608972.727005946,485490496,1,0,0,8,669927209FE20300,can0
2412,1786717301.2313914,608972.776111196,502267713,1,0,0,8,80266699501000E9,can0
2413,1786717301.232289,608972.777003071,502267713,1,0,0,8,81000000FFFFFFFF,can0
2414,1786717301.2330036,608972.777718862,502267713,1,0,0,8,828515AF14000000,can0
2415,1786717301.2336879,608972.778401987,502267713,1,0,0,8,830000C002000000,can0
2416,1786717301.238348,608972.783062279,502267713,1,0,0,8,8400350900009F01,can0
2417,1786717301.239603,608972.784318571,502267713,1,0,0,8,858A9A1300FFFFFF,can0
2418,1786717301.2499638,608972.794678446,502267713,1,0,0,8,A0286699A0100013,can0
2419,1786717301.2507432,608972.795457487,502267713,1,0,0,8,A1002B0035003000,can0
2420,1786717301.251448,608972.796162946,502267713,1,0,0,8,A259007C01CE0278,can0
2421,1786717301.2521274,608972.796840571,502267713,1,0,0,8,A30148055799FB98,can0
2422,1786717301.252799,608972.797512321,502267713,1,0,0,8,A48A9A9E5CFFFFFF,can0
2423,1786717301.2535148,608972.798228362,502267713,1,0,0,8,A5FFFFFFFFFFFFFF,can0
2424,1786717301.2579532,608972.802669862,485490497,1,0,0,8,66990102FC000000,can0
2425,1786717301.2615795,608972.806297654,485490497,1,0,0,8,66990A02FC000000,can0
2426,1786717301.2627602,608972.807473862,485490496,1,0,0,8,6699DCED7E200000,can0
2427,1786717301.2634895,608972.808203279,485490496,1,0,0,8,6699DDEDCF830200,can0
2428,1786717301.2649786,608972.809697321,485490496,1,0,0,8,6699D0ED730E0000,can0
2429,1786717301.2662249,608972.810939071,485490496,1,0,0,8,6699D1EDF9030000,can0
2430,1786717301.267012,608972.811727487,485490496,1,0,0,8,6699D2ED420E0000,can0
2431,1786717301.2735484,608972.818264987,485490496,1,0,0,8,6699D3EDB2020000,can0
2432,1786717301.2824783,608972.827199362,485490497,1,0,0,8,6699000201000000,can0
2433,1786717301.2834585,608972.828171571,485490497,1,0,0,8,6699020200000000,can0
2434,1786717301.2842832,608972.828997987,485490497,1,0,0,8,6699070200000000,can0
2435,1786717301.286579,608972.831303446,485490497,1,0,0,8,66991E0300000000,can0
2436,1786717301.287841,608972.832556446,485490497,1,0,0,8,66991C0300000000,can0
2437,1786717301.2905412,608972.835265654,485490497,1,0,0,8,66998DED7C150000,can0
2438,1786717301.331882,608972.876601238,485490497,1,0,0,8,66998FEDE5000000,can0
2439,1786717301.332786,608972.877499404,485490497,1,0,0,8,6699ECED04740000,can0
2440,1786717301.3333495,608972.878062821,485490497,1,0,0,8,6699DAED00000000,can0
2441,1786717301.5343914,608973.079111279,485490497,1,0,0,8,6699B3ED01000000,can0
2442,1786717301.5355177,608973.080232196,485490497,1,0,0,8,6699BCEDB2FF0100,can0
2443,1786717301.59394,608973.138698488,435295296,1,0,0,8,007C15FC00047464,can0
2444,1786717301.594928,608973.139642363,435294784,1,0,0,8,200B640000FFFFFF,can0
2445,1786717301.59605,608973.140764488,435294784,1,0,0,8,21FF4B00FFFFFFFF,can0
2446,1786717301.5968401,608973.141555363,435357504,1,0,0,8,6401D20E340000FF,can0
2447,1786717301.5976017,608973.142315988,435294784,1,0,0,8,200B640103FFFFFF,can0
2448,1786717301.5983303,608973.143044613,435294784,1,0,0,8,21FFFFFFFFFFFFFF,can0
2449,1786717301.5990467,608973.143760946,435357504,1,0,0,8,6402E30E560000FF,can0
2450,1786717301.5997832,608973.144497696,435294784,1,0,0,8,000B640203FFFFFF,can0
2451,1786717301.6011012,608973.145815738,435294784,1,0,0,8,01FFFFFFFFFFFFFF,can0
2452,1786717301.6019082,608973.146622071,435357504,1,0,0,8,6403600EA90000FF,can0
2453,1786717301.6026733,608973.147387821,435294784,1,0,0,8,000B640303FFFFFF,can0
2454,1786717301.603408,608973.148122404,435294784,1,0,0,8,01FFFFFFFFFFFFFF,can0
2455,1786717301.6041358,608973.148848821,435357504,1,0,0,8,6404C608000000FF,can0
2456,1786717301.604679,608973.149391238,435294784,1,0,0,8,000B640403FFFFFF,can0
2457,1786717301.6051223,608973.149834321,435294784,1,0,0,8,01FFFFFFFFFFFFFF,can0
2458,1786717301.605832,608973.150546863,435357248,1,0,0,8,64FFFC00FFFFFFFF,can0
2459,1786717301.627897,608973.172617613,502267713,1,0,0,8,C0266699501000E9,can0
2460,1786717301.6305993,608973.175320863,502267713,1,0,0,8,C1000000FFFFFFFF,can0
2461,1786717301.6349583,608973.179672029,502267713,1,0,0,8,C28515AF14000000,can0
2462,1786717301.6357067,608973.180419279,502267713,1,0,0,8,C30000C002000000,can0
2463,1786717301.636249,608973.180961904,502267713,1,0,0,8,C400350900009F01,can0
2464,1786717301.6373243,608973.182040571,502267713,1,0,0,8,C58A9A1300FFFFFF,can0
2465,1786717301.6430597,608973.187778488,485490497,1,0,0,8,66998FEDE7000000,can0
2466,1786717301.6948855,608973.239604821,485490497,1,0,0,8,6699BCEDB2FF0100,can0
2467,1786717301.6961365,608973.240851779,485490497,1,0,0,8,6699CCEC1F6A0000,can0
2468,1786717301.6968741,608973.241587821,485490497,1,0,0,8,6699CBECD88E0000,can0
2469,1786717301.6975691,608973.242283738,485490497,1,0,0,8,6699DCEC50070100,can0
2470,1786717301.6982708,608973.242984238,485490497,1,0,0,8,6699DBEC53930000,can0
2471,1786717301.6989214,608973.243635363,485490497,1,0,0,8,6699ECEC72910000,can0
2472,1786717301.6997237,608973.244438738,485490497,1,0,0,8,6699EBECCC900000,can0
2473,1786717301.7043853,608973.249104863,485490497,1,0,0,8,6699FBECAA550000,can0
2474,1786717301.7325308,608973.277251654,502267713,1,0,0,8,E0266699501000E9,can0
2475,1786717301.7337642,608973.278480321,502267713,1,0,0,8,E1000000FFFFFFFF,can0
2476,1786717301.735059,608973.279774613,502267713,1,0,0,8,E28515AF14000000,can0
2477,1786717301.7375166,608973.282232279,502267713,1,0,0,8,E30000C002000000,can0
2478,1786717301.7410412,608973.285754904,502267713,1,0,0,8,E400350900009F01,can0
2479,1786717301.7434623,608973.288178904,502267713,1,0,0,8,E58A9A1300FFFFFF,can0
2480,1786717301.7445,608973.289224238,502267713,1,0,0,8,00286699A0100013,can0
2481,1786717301.7473376,608973.292053488,502267713,1,0,0,8,01002B0035003000,can0
2482,1786717301.7480643,608973.292777863,502267713,1,0,0,8,0259007C01CE027B,can0
2483,1786717301.748624,608973.293337238,502267713,1,0,0,8,030148055799FB98,can0
2484,1786717301.7492027,608973.293916904,502267713,1,0,0,8,048A9A9E5CFFFFFF,can0
2485,1786717301.7498586,608973.294572571,502267713,1,0,0,8,05FFFFFFFFFFFFFF,can0
2486,1786717301.7785513,608973.323270071,435295297,1,0,0,8,007C15E70004748B,can0
2487,1786717301.7795546,608973.324269446,435294785,1,0,0,8,200B8B0000FFFFFF,can0
2488,1786717301.780416,608973.325130363,435294785,1,0,0,8,21FF4600FFFFFFFF,can0
2489,1786717301.7812696,608973.325985238,435357505,1,0,0,8,8B01490E4B0000FF,can0
2490,1786717301.7820196,608973.326734154,435294785,1,0,0,8,200B8B0103FFFFFF,can0
2491,1786717301.7828195,608973.327535071,435294785,1,0,0,8,21FFFFFFFFFFFFFF,can0
2492,1786717301.7835617,608973.328275946,435357505,1,0,0,8,8B02BB0E9E0000FF,can0
2493,1786717301.7842915,608973.329006779,435294785,1,0,0,8,000B8B0203FFFFFF,can0
2494,1786717301.7860055,608973.330722738,435294785,1,0,0,8,01FFFFFFFFFFFFFF,can0
2495,1786717301.7876515,608973.332364446,435357505,1,0,0,8,8B037B0E5D0000FF,can0
2496,1786717301.7885883,608973.333303238,435294785,1,0,0,8,000B8B0303FFFFFF,can0
2497,1786717301.7895887,608973.334303821,435294785,1,0,0,8,01FFFFFFFFFFFFFF,can0
2498,1786717301.790577,608973.335292321,435357505,1,0,0,8,8B049108000000FF,can0
2499,1786717301.7918406,608973.336556696,435294785,1,0,0,8,000B8B0403FFFFFF,can0
2500,1786717301.7933254,608973.338040696,435294785,1,0,0,8,01FFFFFFFFFFFFFF,can0
2501,1786717301.7961104,608973.340827238,435357249,1,0,0,8,8BFFFC00FFFFFFFF,can0
2502,1786717301.7971675,608973.341883321,485490497,1,0,0,8,66994E0301000000,can0
2503,1786717301.806976,608973.351696363,485490496,1,0,0,8,66998FEDFC000000,can0
2504,1786717301.8633163,608973.408036238,485490496,1,0,0,8,6699BCEDD1E30100,can0
2505,1786717301.867335,608973.412051113,485490496,1,0,0,8,6699B1ED84B37A00,can0
2506,1786717301.8681536,608973.412868279,485490496,1,0,0,8,6699CCEC334E0000,can0
2507,1786717301.8731463,608973.417861529,485490496,1,0,0,8,6699CBEC1D940000,can0
2508,1786717301.8738468,608973.418560988,485490496,1,0,0,8,6699DCEC298F0000,can0
2509,1786717301.8746161,608973.419330071,485490496,1,0,0,8,6699DBECD3940000,can0
2510,1786717301.8752635,608973.419976321,485490496,1,0,0,8,6699ECEC91020100,can0
2511,1786717301.8935747,608973.438295196,485490496,1,0,0,8,6699EBECC48F0000,can0
2512,1786717301.8980849,608973.442800696,485490496,1,0,0,8,6699FBECBB570000,can0
2513,1786717302.0161073,608973.560826529,485490657,1,0,0,8,6699FF0FAC260000,can0
2514,1786717302.0220869,608973.566806571,485490657,1,0,0,8,66991C201C44FFFF,can0
2515,1786717302.1864498,608973.731168946,773,0,0,0,8,0000000000000000,can0
2516,1786717302.188481,608973.733195363,775,0,0,0,8,1234567856494300,can0
2517,1786717302.384237,608973.928957571,485490657,1,0,0,8,669901207C150000,can0
2518,1786717302.3851628,608973.92987678,485490657,1,0,0,8,66990E200D000000,can0
2519,1786717302.578419,608974.123139071,485490497,1,0,0,8,6699DBED2C100000,can0
2520,1786717302.6405694,608974.185290488,485490497,1,0,0,8,66998FEDE6000000,can0
2521,1786717302.6785264,608974.223246071,485490497,1,0,0,8,6699DBED22100000,can0
2522,1786717302.694531,608974.239250738,485490497,1,0,0,8,6699BCED9DE40100,can0
2523,1786717302.695808,608974.240524655,485490497,1,0,0,8,6699CCECBB680000,can0
2524,1786717302.6966357,608974.241350155,485490497,1,0,0,8,6699CBEC6B8E0000,can0
2525,1786717302.698446,608974.243159821,485490497,1,0,0,8,6699DCEC01EC0000,can0
2526,1786717302.6994596,608974.244176321,485490497,1,0,0,8,6699DBEC99930000,can0
2527,1786717302.7005875,608974.245303238,485490497,1,0,0,8,6699ECEC2B890000,can0
2528,1786717302.7012227,608974.245936446,485490497,1,0,0,8,6699EBECC7900000,can0
2529,1786717302.7016928,608974.246405446,485490497,1,0,0,8,6699FBECA9550000,can0
2530,1786717302.7781503,608974.322869905,485442017,1,0,0,8,66990100D0EDFCFF,can0
2531,1786717302.779349,608974.324063822,485442017,1,0,0,8,66990100DCEDFEFF,can0
2532,1786717302.780092,608974.32480528,485442017,1,0,0,8,66990100DAEDFFFF,can0
2533,1786717302.780635,608974.325348322,485442017,1,0,0,8,669901002720FFFF,can0
2534,1786717302.7885883,608974.333309322,485490497,1,0,0,8,6699DAED00000000,can0
2535,1786717302.7895405,608974.334255363,485490497,1,0,0,8,6699272035C80300,can0
2536,1786717302.8066149,608974.351335322,485490496,1,0,0,8,66998FEDFE000000,can0
2537,1786717302.8163395,608974.361057863,485490497,1,0,0,8,6699DCED37110000,can0
2538,1786717302.8173091,608974.362023613,485490497,1,0,0,8,6699DDEDBD280000,can0
2539,1786717302.817967,608974.362680155,485490497,1,0,0,8,6699D0ED38080000,can0
2540,1786717302.818548,608974.363261572,485490497,1,0,0,8,6699D1ED29010000,can0
2541,1786717302.819113,608974.36382603,485490497,1,0,0,8,6699D2ED35090000,can0
2542,1786717302.81958,608974.364292655,485490497,1,0,0,8,6699D3EDE9000000,can0
2543,1786717302.8595908,608974.404310988,485490496,1,0,0,8,6699BCED54FB0100,can0
2544,1786717302.8614807,608974.406198905,485490496,1,0,0,8,6699B1ED03897A00,can0
2545,1786717302.862749,608974.407462238,485490496,1,0,0,8,6699CCEC904E0000,can0
2546,1786717302.8635159,608974.40822853,485490496,1,0,0,8,6699CBECB2930000,can0
2547,1786717302.8640091,608974.40872103,485490496,1,0,0,8,6699DCEC0C9F0000,can0
2548,1786717302.8646343,608974.409346447,485490496,1,0,0,8,6699DBEC64940000,can0
2549,1786717302.865213,608974.409925405,485490496,1,0,0,8,6699ECECCFF90000,can0
2550,1786717302.866034,608974.410748363,485490496,1,0,0,8,6699EBECA98F0000,can0
2551,1786717302.8665955,608974.411308822,485490496,1,0,0,8,6699FBECB6570000,can0
2552,1786717302.949281,608974.494001447,502267712,1,0,0,8,E0266699501000B3,can0
2553,1786717302.9502285,608974.494941988,502267712,1,0,0,8,E1020000FFFFFFFF,can0
2554,1786717302.9511976,608974.495912405,502267712,1,0,0,8,E28515AB14000000,can0
2555,1786717302.9519522,608974.49666553,502267712,1,0,0,8,E30000C102000000,can0
2556,1786717302.9525442,608974.497257738,502267712,1,0,0,8,E400420E00009602,can0
2557,1786717302.953067,608974.49777978,502267712,1,0,0,8,E5EE9A4001FFFFFF,can0
2558,1786717302.9538882,608974.49860178,502267712,1,0,0,8,00286699A0100040,can0
2559,1786717302.954672,608974.499387113,502267712,1,0,0,8,0101380088002101,can0
2560,1786717302.955622,608974.50033678,502267712,1,0,0,8,02D200FB014A044E,can0
2561,1786717302.956487,608974.501201113,502267712,1,0,0,8,030D750AB5980E9A,can0
2562,1786717302.9574533,608974.502170113,502267712,1,0,0,8,04EE9A9C5FFFFFFF,can0
2563,1786717302.9582224,608974.502937072,502267712,1,0,0,8,05FFFFFFFFFFFFFF,can0
2564,1786717302.9606023,608974.505317822,502267712,1,0,0,8,202666994F100100,can0
2565,1786717302.9614522,608974.506166863,502267712,1,0,0,8,21430000007F2000,can0
2566,1786717302.9633942,608974.508109613,502267712,1,0,0,8,2200D0830200EE9A,can0
2567,1786717302.9650528,608974.50976778,502267712,1,0,0,8,23EE1508DE11FFFF,can0
2568,1786717302.966256,608974.510969697,502267712,1,0,0,8,24FFFFFFFFFFFFFF,can0
2569,1786717302.9668365,608974.51154928,502267712,1,0,0,8,25FFFFFFFFFFFFFF,can0
2570,1786717302.967288,608974.512000947,485490496,1,0,0,8,6699DCED7F200000,can0
2571,1786717302.9677012,608974.512412322,485490496,1,0,0,8,6699DDEDD0830200,can0
2572,1786717302.9680917,608974.512803863,485490496,1,0,0,8,6699D3EDB3020000,can0
2573,1786717303.0301912,608974.574910697,485490657,1,0,0,8,6699FF0FAC260000,can0
2574,1786717303.0345137,608974.57923353,485490657,1,0,0,8,66991C201C44FFFF,can0
2575,1786717303.0938883,608974.63860828,435295296,1,0,0,8,007C15FE00047482,can0
2576,1786717303.0991125,608974.643828322,435294784,1,0,0,8,400B820000FFFFFF,can0
2577,1786717303.1072884,608974.65200528,435294784,1,0,0,8,41FF4B00FFFFFFFF,can0
2578,1786717303.1082513,608974.652966155,435357504,1,0,0,8,8201C30E340000FF,can0
2579,1786717303.1092298,608974.653945197,435294784,1,0,0,8,400B820103FFFFFF,can0
2580,1786717303.1102362,608974.654950155,435294784,1,0,0,8,41FFFFFFFFFFFFFF,can0
2581,1786717303.1109402,608974.655655738,435357504,1,0,0,8,8202D80E7C0000FF,can0
2582,1786717303.111799,608974.656514863,435294784,1,0,0,8,200B820203FFFFFF,can0
2583,1786717303.124623,608974.669337363,435294784,1,0,0,8,21FFFFFFFFFFFFFF,can0
2584,1786717303.132425,608974.67714253,435357504,1,0,0,8,82035E0EBA0000FF,can0
2585,1786717303.1334088,608974.67812453,435294784,1,0,0,8,200B820303FFFFFF,can0
2586,1786717303.134201,608974.678914988,435294784,1,0,0,8,21FFFFFFFFFFFFFF,can0
2587,1786717303.1349485,608974.679664113,435357504,1,0,0,8,8204C508000000FF,can0
2588,1786717303.1460378,608974.69075378,435294784,1,0,0,8,200B820403FFFFFF,can0
2589,1786717303.147025,608974.691739822,435294784,1,0,0,8,21FFFFFFFFFFFFFF,can0
2590,1786717303.1480858,608974.692801697,435357248,1,0,0,8,82FFFC00FFFFFFFF,can0
2591,1786717303.1782937,608974.723014113,773,0,0,0,8,0000000000000000,can0
2592,1786717303.1794772,608974.72419128,775,0,0,0,8,1234567856494300,can0
2593,1786717303.278657,608974.823407905,435295297,1,0,0,8,007C15E3000474A9,can0
2594,1786717303.282699,608974.827416405,435294785,1,0,0,8,400BA90000FFFFFF,can0
2595,1786717303.2837389,608974.828453488,435294785,1,0,0,8,41FF4600FFFFFFFF,can0
2596,1786717303.2893167,608974.834030238,435357505,1,0,0,8,A901370E4A0000FF,can0
2597,1786717303.2899513,608974.834663197,435294785,1,0,0,8,400BA90103FFFFFF,can0
2598,1786717303.2904937,608974.83520628,435294785,1,0,0,8,41FFFFFFFFFFFFFF,can0
2599,1786717303.2957,608974.840414947,435357505,1,0,0,8,A902B80EC50000FF,can0
2600,1786717303.2966518,608974.841367488,435294785,1,0,0,8,200BA90203FFFFFF,can0
2601,1786717303.2999167,608974.844633363,435294785,1,0,0,8,21FFFFFFFFFFFFFF,can0
2602,1786717303.3103833,608974.855099488,435357505,1,0,0,8,A903710E680000FF,can0
2603,1786717303.3112233,608974.855937738,435294785,1,0,0,8,200BA90303FFFFFF,can0
2604,1786717303.3146117,608974.859329905,435294785,1,0,0,8,21FFFFFFFFFFFFFF,can0
2605,1786717303.3203714,608974.86508753,435357505,1,0,0,8,A9049108000000FF,can0
2606,1786717303.321242,608974.865956197,435294785,1,0,0,8,200BA90403FFFFFF,can0
2607,1786717303.3218727,608974.86658453,435294785,1,0,0,8,21FFFFFFFFFFFFFF,can0
2608,1786717303.3334365,608974.878152072,435357249,1,0,0,8,A9FFFC00FFFFFFFF,can0
2609,1786717303.5508409,608975.095561364,485490496,1,0,0,8,66990102FC000000,can0
2610,1786717303.552307,608975.097022405,485490496,1,0,0,8,66990A02FC000000,can0
2611,1786717303.60003,608975.144750364,485490496,1,0,0,8,6699000201000000,can0
2612,1786717303.6012921,608975.14600728,485490496,1,0,0,8,6699020200000000,can0
2613,1786717303.605221,608975.14993553,485490496,1,0,0,8,6699070200000000,can0
2614,1786717303.608399,608975.153117322,485490496,1,0,0,8,66991E0300000000,can0
2615,1786717303.6092446,608975.15395828,485490496,1,0,0,8,66991C0300000000,can0
2616,1786717303.6099715,608975.154683655,485490496,1,0,0,8,66998DED7C150000,can0
2617,1786717303.6404922,608975.185212239,485490497,1,0,0,8,66998FEDE3000000,can0
2618,1786717303.6454751,608975.190193322,485490497,1,0,0,8,6699DBED2C100000,can0
2619,1786717303.6477668,608975.192483989,485490496,1,0,0,8,66998FED01010000,can0
2620,1786717303.648801,608975.193514989,485490496,1,0,0,8,6699ECED04740000,can0
2621,1786717303.6528618,608975.19758178,485490496,1,0,0,8,6699DAED00000000,can0
2622,1786717303.6937103,608975.238432239,485490497,1,0,0,8,6699BCEDD9F60100,can0
2623,1786717303.6947942,608975.23951028,485490497,1,0,0,8,6699CCECB2580000,can0
2624,1786717303.704058,608975.248772947,485490497,1,0,0,8,6699CBEC618E0000,can0
2625,1786717303.7049255,608975.249638739,485490497,1,0,0,8,6699DCECCC160100,can0
2626,1786717303.7061918,608975.250907114,485490497,1,0,0,8,6699DBECF3920000,can0
2627,1786717303.70702,608975.251733739,485490497,1,0,0,8,6699ECECE8950000,can0
2628,1786717303.7078457,608975.252559864,485490497,1,0,0,8,6699EBECF88F0000,can0
2629,1786717303.7092052,608975.254114364,485490497,1,0,0,8,6699FBECA8550000,can0
2630,1786717303.8079953,608975.352716572,485490496,1,0,0,8,66998FED00010000,can0
2631,1786717303.8516505,608975.396371114,485490496,1,0,0,8,6699B3ED01000000,can0
2632,1786717303.8525064,608975.397219322,485490496,1,0,0,8,6699BCED30E70100,can0
2633,1786717303.8618398,608975.406559572,485490496,1,0,0,8,6699BCED30E70100,can0
2634,1786717303.8632762,608975.407991905,485490496,1,0,0,8,6699B1ED626E7A00,can0
2635,1786717303.8641517,608975.408866197,485490496,1,0,0,8,6699CCEC654D0000,can0
2636,1786717303.8648927,608975.409607989,485490496,1,0,0,8,6699CBEC52930000,can0
2637,1786717303.866277,608975.410991489,485490496,1,0,0,8,6699DCEC9E9D0000,can0
2638,1786717303.8670735,608975.411788197,485490496,1,0,0,8,6699DBEC36940000,can0
2639,1786717303.8678193,608975.412534114,485490496,1,0,0,8,6699ECECAEF50000,can0
2640,1786717303.868649,608975.413362489,485490496,1,0,0,8,6699EBEC468F0000,can0
2641,1786717303.8693745,608975.414087822,485490496,1,0,0,8,6699FBECB3570000,can0
2642,1786717303.9451497,608975.489870197,502267712,1,0,0,8,40266699501000B3,can0
2643,1786717303.9461572,608975.490871239,502267712,1,0,0,8,41020000FFFFFFFF,can0
2644,1786717303.9469237,608975.491638155,502267712,1,0,0,8,428515AB14000000,can0
2645,1786717303.9490056,608975.493720489,502267712,1,0,0,8,430000C102000000,can0
2646,1786717303.9498284,608975.494541655,502267712,1,0,0,8,4400420E00009602,can0
2647,1786717303.950554,608975.495268155,502267712,1,0,0,8,45EE9A4001FFFFFF,can0
2648,1786717304.020499,608975.565219822,485441761,1,0,0,8,669915202E030000,can0
2649,1786717304.0214062,608975.566120697,485442017,1,0,0,8,669915201C030000,can0
2650,1786717304.0221105,608975.566824864,485490496,1,0,0,8,669915202E030000,can0
2651,1786717304.0228038,608975.567516822,485490497,1,0,0,8,669915201C030000,can0
2652,1786717304.0520709,608975.596790364,485490657,1,0,0,8,6699FF0FAC260000,can0
2653,1786717304.0533535,608975.598068072,485490657,1,0,0,8,66991C208044FFFF,can0
2654,1786717304.1093795,608975.65410003,485490496,1,0,0,8,66994E0301000000,can0
2655,1786717304.1526423,608975.697365156,485490657,1,0,0,8,669902207C150000,can0
2656,1786717304.1841788,608975.728901614,773,0,0,0,8,0000000000000000,can0
2657,1786717304.1854382,608975.730156614,775,0,0,0,8,1234567856494300,can0
2658,1786717304.496968,608976.041688614,485490496,1,0,0,8,66998DED7D150000,can0
2659,1786717304.5956285,608976.140350114,435295296,1,0,0,8,007D150A010474A0,can0
2660,1786717304.597493,608976.142207447,435294784,1,0,0,8,600BA00000FFFFFF,can0
2661,1786717304.598737,608976.143453572,435294784,1,0,0,8,61FF4B00FFFFFFFF,can0
2662,1786717304.5995831,608976.144295864,435357504,1,0,0,8,A001B20E350000FF,can0
2663,1786717304.6083639,608976.153079031,435294784,1,0,0,8,600BA00103FFFFFF,can0
2664,1786717304.6112757,608976.155990947,435294784,1,0,0,8,61FFFFFFFFFFFFFF,can0
2665,1786717304.611969,608976.156683739,435357504,1,0,0,8,A002CE0E5F0000FF,can0
2666,1786717304.612591,608976.157304406,435294784,1,0,0,8,400BA00203FFFFFF,can0
2667,1786717304.6131587,608976.157871322,435294784,1,0,0,8,41FFFFFFFFFFFFFF,can0
2668,1786717304.613847,608976.158561322,435357504,1,0,0,8,A003450EA80000FF,can0
2669,1786717304.6199708,608976.164686114,435294784,1,0,0,8,400BA00303FFFFFF,can0
2670,1786717304.62076,608976.165473864,435294784,1,0,0,8,41FFFFFFFFFFFFFF,can0
2671,1786717304.6246836,608976.169405114,435357504,1,0,0,8,A004C508000000FF,can0
2672,1786717304.628693,608976.173411156,435294784,1,0,0,8,400BA00403FFFFFF,can0
2673,1786717304.63132,608976.176036906,435294784,1,0,0,8,41FFFFFFFFFFFFFF,can0
2674,1786717304.6340482,608976.178765864,435357248,1,0,0,8,A0FFFC00FFFFFFFF,can0
2675,1786717304.6370132,608976.181727406,233966912,1,0,0,8,0001FDFFFFFFFFFF,can0
2676,1786717304.6406062,608976.185325031,485490497,1,0,0,8,66998FEDDD000000,can0
2677,1786717304.6933377,608976.238058697,485490497,1,0,0,8,6699BCEDD6FD0100,can0
2678,1786717304.695057,608976.239772531,485490497,1,0,0,8,6699CCEC226F0000,can0
2679,1786717304.696361,608976.241077739,485490497,1,0,0,8,6699CBEC288D0000,can0
2680,1786717304.6974819,608976.242197281,485490497,1,0,0,8,6699DCECDA0E0100,can0
2681,1786717304.6985037,608976.243218322,485490497,1,0,0,8,6699DBECE2920000,can0
2682,1786717304.6990876,608976.243799697,485490497,1,0,0,8,6699ECEC748F0000,can0
2683,1786717304.6997175,608976.244430864,485490497,1,0,0,8,6699EBECA68F0000,can0
2684,1786717304.7014537,608976.246169447,485490497,1,0,0,8,6699FBECAA550000,can0
2685,1786717304.7761211,608976.320841364,435295297,1,0,0,8,007C15DE000474C7,can0
2686,1786717304.7770703,608976.321785697,435294785,1,0,0,8,600BC70000FFFFFF,can0
2687,1786717304.7778556,608976.322570697,435294785,1,0,0,8,61FF4600FFFFFFFF,can0
2688,1786717304.7794468,608976.324165114,435357505,1,0,0,8,C7011E0E500000FF,can0
2689,1786717304.7807438,608976.325472281,435294785,1,0,0,8,600BC70103FFFFFF,can0
2690,1786717304.7821283,608976.326848947,435294785,1,0,0,8,61FFFFFFFFFFFFFF,can0
2691,1786717304.7835133,608976.328228572,435357505,1,0,0,8,C702B00EA10000FF,can0
2692,1786717304.7857022,608976.330417406,435294785,1,0,0,8,400BC70203FFFFFF,can0
2693,1786717304.786474,608976.331188864,435294785,1,0,0,8,41FFFFFFFFFFFFFF,can0
2694,1786717304.78948,608976.334197322,435357505,1,0,0,8,C7035D0E5A0000FF,can0
2695,1786717304.7906024,608976.335316364,435294785,1,0,0,8,400BC70303FFFFFF,can0
2696,1786717304.7915626,608976.336275864,435294785,1,0,0,8,41FFFFFFFFFFFFFF,can0
2697,1786717304.7923205,608976.337035406,435357505,1,0,0,8,C7049108000000FF,can0
2698,1786717304.7934105,608976.338124822,435294785,1,0,0,8,400BC70403FFFFFF,can0
2699,1786717304.7943134,608976.339027197,435294785,1,0,0,8,41FFFFFFFFFFFFFF,can0
2700,1786717304.795107,608976.339821156,435357249,1,0,0,8,C7FFFC00FFFFFFFF,can0
2701,1786717304.8065379,608976.351497656,485490496,1,0,0,8,66998DED7C150000,can0
2702,1786717304.807942,608976.352659822,485490496,1,0,0,8,66998FED06010000,can0
2703,1786717304.8594666,608976.404186406,485490496,1,0,0,8,6699BCEDC1E10100,can0
2704,1786717304.8605297,608976.405245114,485490496,1,0,0,8,6699B1ED835B7A00,can0
2705,1786717304.862812,608976.407530573,485490496,1,0,0,8,6699CCECD14D0000,can0
2706,1786717304.8636656,608976.408380114,485490496,1,0,0,8,6699CBECD7920000,can0
2707,1786717304.8644338,608976.409146364,485490496,1,0,0,8,6699DCEC8C940000,can0
2708,1786717304.864933,608976.409645614,485490496,1,0,0,8,6699DBEC19940000,can0
2709,1786717304.8659635,608976.410677323,485490496,1,0,0,8,6699ECEC91F70000,can0
2710,1786717304.8667471,608976.411460323,485490496,1,0,0,8,6699EBECAF8E0000,can0
2711,1786717304.8674736,608976.412187281,485490496,1,0,0,8,6699FBECB6570000,can0
2712,1786717305.0344772,608976.579197031,485490657,1,0,0,8,6699FF0FAC260000,can0
2713,1786717305.0354617,608976.580179739,485490657,1,0,0,8,66991C20C441FFFF,can0
2714,1786717305.1282735,608976.672993448,485490497,1,0,0,8,6699DBED22100000,can0
2715,1786717305.1822271,608976.726979573,773,0,0,0,8,0000000000000000,can0
2716,1786717305.1836793,608976.728394364,775,0,0,0,8,1234567856494300,can0
2717,1786717305.6403346,608977.185054531,485490497,1,0,0,8,66998FEDDF000000,can0
2718,1786717305.641404,608977.18611649,485490497,1,0,0,8,6699DBED2C100000,can0
2719,1786717305.6933887,608977.23810849,485490497,1,0,0,8,6699BCED24F00100,can0
2720,1786717305.694476,608977.239191781,485490497,1,0,0,8,6699CCEC6F6F0000,can0
2721,1786717305.6952183,608977.23993174,485490497,1,0,0,8,6699CBEC828C0000,can0
2722,1786717305.6960847,608977.240798948,485490497,1,0,0,8,6699DCEC2BFB0000,can0
2723,1786717305.6968112,608977.241525698,485490497,1,0,0,8,6699DBECCF920000,can0
2724,1786717305.6987455,608977.243465865,485490497,1,0,0,8,6699ECEC3A8E0000,can0
2725,1786717305.699746,608977.244460531,485490497,1,0,0,8,6699EBEC2A8F0000,can0
2726,1786717305.700741,608977.245454365,485490497,1,0,0,8,6699FBECA6550000,can0
2727,1786717305.8055844,608977.350305531,485490496,1,0,0,8,66998DED7D150000,can0
2728,1786717305.8110976,608977.355816906,485490496,1,0,0,8,66998FED00010000,can0
2729,1786717305.8594372,608977.404156948,485490496,1,0,0,8,6699BCED88EF0100,can0
2730,1786717305.8602824,608977.404995781,485490496,1,0,0,8,6699B1ED62D57900,can0
2731,1786717305.8610082,608977.405722865,485490496,1,0,0,8,6699CCECDF4E0000,can0
2732,1786717305.8618572,608977.406571656,485490496,1,0,0,8,6699CBEC31920000,can0
2733,1786717305.8627746,608977.407490573,485490496,1,0,0,8,6699DCEC34940000,can0
2734,1786717305.86366,608977.408375031,485490496,1,0,0,8,6699DBECD2930000,can0
2735,1786717305.8645415,608977.409256115,485490496,1,0,0,8,6699ECEC19FF0000,can0
2736,1786717305.8655813,608977.410309948,485490496,1,0,0,8,6699EBECD68D0000,can0
2737,1786717305.8668282,608977.411542865,485490496,1,0,0,8,6699FBECB0570000,can0
2738,1786717306.026364,608977.571081573,485490657,1,0,0,8,6699FF0FAC260000,can0
2739,1786717306.0274642,608977.572179781,485490657,1,0,0,8,66991C206041FFFF,can0
2740,1786717306.093803,608977.638523948,435295296,1,0,0,8,007D15FE000474BE,can0
2741,1786717306.0949352,608977.639651406,435294784,1,0,0,8,800BBE0000FFFFFF,can0
2742,1786717306.1012723,608977.645988281,435294784,1,0,0,8,81FF4B00FFFFFFFF,can0
2743,1786717306.1021101,608977.646825115,435357504,1,0,0,8,BE01990E360000FF,can0
2744,1786717306.1031978,608977.647916573,435294784,1,0,0,8,800BBE0103FFFFFF,can0
2745,1786717306.106514,608977.651229698,435294784,1,0,0,8,81FFFFFFFFFFFFFF,can0
2746,1786717306.1073217,608977.652036115,435357504,1,0,0,8,BE02C40E590000FF,can0
2747,1786717306.108061,608977.652775031,435294784,1,0,0,8,600BBE0203FFFFFF,can0
2748,1786717306.10881,608977.653524448,435294784,1,0,0,8,61FFFFFFFFFFFFFF,can0
2749,1786717306.1095777,608977.654292823,435357504,1,0,0,8,BE032B0EAD0000FF,can0
2750,1786717306.1103272,608977.655041365,435294784,1,0,0,8,600BBE0303FFFFFF,can0
2751,1786717306.1110759,608977.655789906,435294784,1,0,0,8,61FFFFFFFFFFFFFF,can0
2752,1786717306.1118398,608977.656554156,435357504,1,0,0,8,BE04C408000000FF,can0
2753,1786717306.117856,608977.662571156,435294784,1,0,0,8,600BBE0403FFFFFF,can0
2754,1786717306.1186733,608977.663386531,435294784,1,0,0,8,61FFFFFFFFFFFFFF,can0
2755,1786717306.119408,608977.664122031,435357248,1,0,0,8,BEFFFC00FFFFFFFF,can0
2756,1786717306.1856382,608977.730359448,485441761,1,0,0,8,66990100D0EDFCFF,can0
2757,1786717306.1867206,608977.731434656,485441761,1,0,0,8,66990100DCEDFEFF,can0
2758,1786717306.1877568,608977.73247099,773,0,0,0,8,0000000000000000,can0
2759,1786717306.1885166,608977.733230781,485441761,1,0,0,8,66990100DAEDFFFF,can0
2760,1786717306.18927,608977.733984365,775,0,0,0,8,1234567856494300,can0
2761,1786717306.1900403,608977.73475449,485441761,1,0,0,8,669901002720FFFF,can0
2762,1786717306.1908023,608977.735517156,485490496,1,0,0,8,6699DAED00000000,can0
2763,1786717306.1915424,608977.736256281,485490496,1,0,0,8,669927207BCF0300,can0
2764,1786717306.2056344,608977.750354448,485490496,1,0,0,8,6699DCED7F200000,can0
2765,1786717306.2065902,608977.751305156,485490496,1,0,0,8,6699DDEDD0830200,can0
2766,1786717306.2073348,608977.752048531,485490496,1,0,0,8,6699D0ED730E0000,can0
2767,1786717306.2080517,608977.752765073,485490496,1,0,0,8,6699D1EDF9030000,can0
2768,1786717306.2087324,608977.753446656,485490496,1,0,0,8,6699D2ED420E0000,can0
2769,1786717306.2094123,608977.754126865,485490496,1,0,0,8,6699D3EDB3020000,can0
2770,1786717306.2313046,608977.77602549,502267713,1,0,0,8,20266699501000E9,can0
2771,1786717306.2324486,608977.77716324,502267713,1,0,0,8,21000000FFFFFFFF,can0
2772,1786717306.23339,608977.77810474,502267713,1,0,0,8,228515AF14000000,can0
2773,1786717306.2342796,608977.778995323,502267713,1,0,0,8,230000C002000000,can0
2774,1786717306.2439156,608977.788633907,502267713,1,0,0,8,2400350900009F01,can0
2775,1786717306.2448208,608977.789535365,502267713,1,0,0,8,258A9A1300FFFFFF,can0
2776,1786717306.246141,608977.790855823,502267713,1,0,0,8,40286699A0100013,can0
2777,1786717306.2468963,608977.791609448,502267713,1,0,0,8,41002B0035003000,can0
2778,1786717306.2476923,608977.792406157,502267713,1,0,0,8,4259007C01CE027C,can0
2779,1786717306.2484782,608977.793191448,502267713,1,0,0,8,430148055799FB98,can0
2780,1786717306.2492146,608977.793928907,502267713,1,0,0,8,448A9A9E5CFFFFFF,can0
2781,1786717306.2499053,608977.794618365,502267713,1,0,0,8,45FFFFFFFFFFFFFF,can0
2782,1786717306.2559116,608977.800626157,485490497,1,0,0,8,66990102FC000000,can0
2783,1786717306.25666,608977.801374032,485490497,1,0,0,8,66990A02FC000000,can0
2784,1786717306.2794628,608977.824183448,435295297,1,0,0,8,007C15E5000474E5,can0
2785,1786717306.28076,608977.825475407,435294785,1,0,0,8,800BE50000FFFFFF,can0
2786,1786717306.2819054,608977.826621115,435294785,1,0,0,8,81FF4600FFFFFFFF,can0
2787,1786717306.2829297,608977.82764374,435357505,1,0,0,8,E501020E4F0000FF,can0
2788,1786717306.2838836,608977.828598407,435294785,1,0,0,8,800BE50103FFFFFF,can0
2789,1786717306.284808,608977.829523032,435294785,1,0,0,8,81FFFFFFFFFFFFFF,can0
2790,1786717306.3009121,608977.845629407,435357505,1,0,0,8,E502A60EC10000FF,can0
2791,1786717306.302067,608977.846782365,435294785,1,0,0,8,600BE50203FFFFFF,can0
2792,1786717306.305631,608977.850350657,435294785,1,0,0,8,61FFFFFFFFFFFFFF,can0
2793,1786717306.3065736,608977.851288532,435357505,1,0,0,8,E503420E720000FF,can0
2794,1786717306.3073356,608977.852049157,435294785,1,0,0,8,600BE50303FFFFFF,can0
2795,1786717306.3080504,608977.852764448,435294785,1,0,0,8,61FFFFFFFFFFFFFF,can0
2796,1786717306.3087335,608977.853446782,435357505,1,0,0,8,E5049008000000FF,can0
2797,1786717306.3094244,608977.854138573,435294785,1,0,0,8,600BE50403FFFFFF,can0
2798,1786717306.3100944,608977.854807448,435294785,1,0,0,8,61FFFFFFFFFFFFFF,can0
2799,1786717306.3105779,608977.855290365,435357249,1,0,0,8,E5FFFC00FFFFFFFF,can0
2800,1786717306.3109996,608977.855712657,233966913,1,0,0,8,0001FDFFFFFFFFFF,can0
2801,1786717306.3239417,608977.868657448,485490497,1,0,0,8,6699000201000000,can0
2802,1786717306.3265262,608977.87124174,485490497,1,0,0,8,6699020200000000,can0
2803,1786717306.3274815,608977.87219549,485490497,1,0,0,8,6699070200000000,can0
2804,1786717306.3287148,608977.873430073,485490497,1,0,0,8,66991E0300000000,can0
2805,1786717306.3324096,608977.877127282,485490497,1,0,0,8,66991C0300000000,can0
2806,1786717306.3348095,608977.879525115,485490497,1,0,0,8,66998DED7C150000,can0
2807,1786717306.3391998,608977.88391549,485490497,1,0,0,8,66998FEDE6000000,can0
2808,1786717306.3420725,608977.886787198,485490497,1,0,0,8,6699ECED04740000,can0
2809,1786717306.342845,608977.887558073,485490497,1,0,0,8,6699DAED00000000,can0
2810,1786717306.5356157,608978.080336198,485490497,1,0,0,8,6699B3ED01000000,can0
2811,1786717306.5369875,608978.081713365,485490497,1,0,0,8,6699BCED57F50100,can0
2812,1786717306.6272805,608978.17200074,502267713,1,0,0,8,60266699501000E9,can0
2813,1786717306.6282766,608978.172990407,502267713,1,0,0,8,61000000FFFFFFFF,can0
2814,1786717306.6289809,608978.173695157,502267713,1,0,0,8,628515AF14000000,can0
2815,1786717306.6296139,608978.174327823,502267713,1,0,0,8,630000C002000000,can0
2816,1786717306.6323469,608978.177063407,502267713,1,0,0,8,6400350900009F01,can0
2817,1786717306.6347635,608978.179483448,502267713,1,0,0,8,658A9A1300FFFFFF,can0
2818,1786717306.6432009,608978.187921073,485490497,1,0,0,8,66998FEDE6000000,can0
2819,1786717306.6942592,608978.238978407,485490497,1,0,0,8,6699BCED57F50100,can0
2820,1786717306.6957173,608978.24043449,485490497,1,0,0,8,6699CCECEE6F0000,can0
2821,1786717306.6966326,608978.241345865,485490497,1,0,0,8,6699CBECA28B0000,can0
2822,1786717306.6997712,608978.244490657,485490497,1,0,0,8,6699DCEC16F90000,can0
2823,1786717306.7007809,608978.245496407,485490497,1,0,0,8,6699DBEC3E920000,can0
2824,1786717306.7025146,608978.247230198,485490497,1,0,0,8,6699ECEC61950000,can0
2825,1786717306.7032285,608978.247942448,485490497,1,0,0,8,6699EBEC498E0000,can0
2826,1786717306.7038853,608978.248598323,485490497,1,0,0,8,6699FBECA2550000,can0
2827,1786717306.7323008,608978.277021407,502267713,1,0,0,8,80266699501000E9,can0
2828,1786717306.7335699,608978.27828549,502267713,1,0,0,8,81000000FFFFFFFF,can0
2829,1786717306.734507,608978.279221657,502267713,1,0,0,8,828515AF14000000,can0
2830,1786717306.735292,608978.285663948,502267713,1,0,0,8,830000C002000000,can0
2831,1786717306.7434347,608978.28815149,502267713,1,0,0,8,8400350900009F01,can0
2832,1786717306.7460995,608978.290823823,502267713,1,0,0,8,858A9A1300FFFFFF,can0
2833,1786717306.7470121,608978.291725907,502267713,1,0,0,8,A0286699A0100013,can0
2834,1786717306.7477405,608978.292455698,502267713,1,0,0,8,A1002B0035003000,can0
2835,1786717306.7484186,608978.29313349,502267713,1,0,0,8,A259007C01CE027F,can0
2836,1786717306.7490642,608978.293777698,502267713,1,0,0,8,A30148055799FB98,can0
2837,1786717306.7609456,608978.305664615,502267713,1,0,0,8,A48A9A9E5CFFFFFF,can0
2838,1786717306.7618487,608978.306562865,502267713,1,0,0,8,A5FFFFFFFFFFFFFF,can0
2839,1786717306.7837307,608978.32845099,485490497,1,0,0,8,66994E0301000000,can0
2840,1786717306.8089547,608978.35367574,485490496,1,0,0,8,66998FEDFD000000,can0
2841,1786717306.859481,608978.404201448,485490496,1,0,0,8,6699BCEDB8E80100,can0
2842,1786717306.8605359,608978.405251407,485490496,1,0,0,8,6699B1EDDCAE7900,can0
2843,1786717306.863841,608978.40855624,485490496,1,0,0,8,6699CCEC774F0000,can0
2844,1786717306.8646774,608978.409391532,485490496,1,0,0,8,6699CBEC40910000,can0
2845,1786717306.8684518,608978.413171823,485490496,1,0,0,8,6699DCEC31960000,can0
2846,1786717306.8695776,608978.414292073,485490496,1,0,0,8,6699DBEC56930000,can0
2847,1786717306.8704548,608978.415170032,485490496,1,0,0,8,6699ECECCCF60000,can0
2848,1786717306.8711143,608978.415827865,485490496,1,0,0,8,6699EBEC5A8D0000,can0
2849,1786717306.8717222,608978.416435532,485490496,1,0,0,8,6699FBEC9B570000,can0
2850,1786717307.0257528,608978.570474032,485441761,1,0,0,8,669915202F030000,can0
2851,1786717307.037257,608978.58197699,485490496,1,0,0,8,669915202F030000,can0
2852,1786717307.0384312,608978.583150449,485442017,1,0,0,8,669915201B030000,can0
2853,1786717307.0464802,608978.591195865,485490497,1,0,0,8,669915201B030000,can0
2854,1786717307.047284,608978.591997365,485490657,1,0,0,8,6699FF0FAC260000,can0
2855,1786717307.0503044,608978.595022657,485490657,1,0,0,8,66991C206C3FFFFF,can0
2856,1786717307.1558955,608978.700615449,485490657,1,0,0,8,669902207B150000,can0
2857,1786717307.1589808,608978.703700824,485490657,1,0,0,8,669903204C090000,can0
2858,1786717307.179899,608978.724618407,773,0,0,0,8,0000000000000000,can0
2859,1786717307.185831,608978.73055274,775,0,0,0,8,1234567856494300,can0
2860,1786717307.2464206,608978.791141157,485490496,1,0,0,8,66998DED7C150000,can0
2861,1786717307.3831484,608978.927868365,485490657,1,0,0,8,669901207C150000,can0
2862,1786717307.384101,608978.928817199,485490657,1,0,0,8,66990E200D000000,can0
2863,1786717307.5937068,608979.138426407,435295296,1,0,0,8,007C15F5000474DC,can0
2864,1786717307.5946345,608979.139350157,435294784,1,0,0,8,A00BDC0000FFFFFF,can0
2865,1786717307.5954218,608979.140136615,435294784,1,0,0,8,A1FF4B00FFFFFFFF,can0
2866,1786717307.596141,608979.14085424,435357504,1,0,0,8,DC01600E4E0000FF,can0
2867,1786717307.5967515,608979.141463657,435294784,1,0,0,8,A00BDC0103FFFFFF,can0
2868,1786717307.5972943,608979.14200599,435294784,1,0,0,8,A1FFFFFFFFFFFFFF,can0
2869,1786717307.597808,608979.142520074,435357504,1,0,0,8,DC02B90E610000FF,can0
2870,1786717307.5982964,608979.14300874,435294784,1,0,0,8,800BDC0203FFFFFF,can0
2871,1786717307.5989013,608979.143613782,435294784,1,0,0,8,81FFFFFFFFFFFFFF,can0
2872,1786717307.5996623,608979.144375407,435357504,1,0,0,8,DC031A0EAA0000FF,can0
2873,1786717307.6010776,608979.145796699,435294784,1,0,0,8,800BDC0303FFFFFF,can0
2874,1786717307.6022363,608979.14695174,435294784,1,0,0,8,81FFFFFFFFFFFFFF,can0
2875,1786717307.6030476,608979.147764782,435357504,1,0,0,8,DC04C108000000FF,can0
2876,1786717307.6040118,608979.148726449,435294784,1,0,0,8,800BDC0403FFFFFF,can0
2877,1786717307.6049893,608979.149704365,435294784,1,0,0,8,81FFFFFFFFFFFFFF,can0
2878,1786717307.607241,608979.151957907,435357248,1,0,0,8,DCFFFC00FFFFFFFF,can0
2879,1786717307.6439488,608979.188669282,485490497,1,0,0,8,66998FEDE9000000,can0
2880,1786717307.6941497,608979.238869449,485490497,1,0,0,8,6699BCEDF7030200,can0
2881,1786717307.6954138,608979.240129949,485490497,1,0,0,8,6699CCEC05710000,can0
2882,1786717307.6961462,608979.240859199,485490497,1,0,0,8,6699CBEC848A0000,can0
2883,1786717307.6968591,608979.241573199,485490497,1,0,0,8,6699DCEC67F40000,can0
2884,1786717307.6975255,608979.242239074,485490497,1,0,0,8,6699DBEC73910000,can0
2885,1786717307.6986723,608979.243386241,485490497,1,0,0,8,6699ECECBA9E0000,can0
2886,1786717307.6993697,608979.244084241,485490497,1,0,0,8,6699EBEC148D0000,can0
2887,1786717307.7017283,608979.246455907,485490497,1,0,0,8,6699FBECA1550000,can0
2888,1786717307.7318432,608979.276563824,502267713,1,0,0,8,C0266699501000E9,can0
2889,1786717307.7333114,608979.278027824,502267713,1,0,0,8,C1000000FFFFFFFF,can0
2890,1786717307.7343447,608979.279062282,502267713,1,0,0,8,C28515AF14000000,can0
2891,1786717307.7375066,608979.282221991,502267713,1,0,0,8,C30000C002000000,can0
2892,1786717307.7383368,608979.283052324,502267713,1,0,0,8,C400350900009F01,can0
2893,1786717307.7437668,608979.288485657,502267713,1,0,0,8,C58A9A1300FFFFFF,can0
2894,1786717307.7449863,608979.289701741,502267713,1,0,0,8,E0286699A0100013,can0
2895,1786717307.7461746,608979.290888866,502267713,1,0,0,8,E1002B0035003000,can0
2896,1786717307.7473302,608979.292048199,502267713,1,0,0,8,E259007C01CE0298,can0
2897,1786717307.7482152,608979.292928741,502267713,1,0,0,8,E30148055799FB98,can0
2898,1786717307.7489514,608979.293665449,502267713,1,0,0,8,E48A9A9E5CFFFFFF,can0
2899,1786717307.7499938,608979.294710782,502267713,1,0,0,8,E5FFFFFFFFFFFFFF,can0
2900,1786717307.7760355,608979.320756032,435295297,1,0,0,8,007C15E900047407,can0
2901,1786717307.778819,608979.323534532,435294785,1,0,0,8,A00B070000FFFFFF,can0
2902,1786717307.7797189,608979.324432116,435294785,1,0,0,8,A1FF4600FFFFFFFF,can0
2903,1786717307.7803156,608979.325029157,435357505,1,0,0,8,0701DA0D510000FF,can0
2904,1786717307.7808566,608979.325569574,435294785,1,0,0,8,A00B070103FFFFFF,can0
2905,1786717307.781396,608979.326109366,435294785,1,0,0,8,A1FFFFFFFFFFFFFF,can0
2906,1786717307.7819157,608979.326629116,435357505,1,0,0,8,07028B0E9F0000FF,can0
2907,1786717307.7824414,608979.327153824,435294785,1,0,0,8,800B070203FFFFFF,can0
2908,1786717307.7830858,608979.327799324,435294785,1,0,0,8,81FFFFFFFFFFFFFF,can0
2909,1786717307.7864428,608979.331157491,435357505,1,0,0,8,07031C0E6D0000FF,can0
2910,1786717307.7872908,608979.332005324,435294785,1,0,0,8,800B070303FFFFFF,can0
2911,1786717307.7880826,608979.332796949,435294785,1,0,0,8,81FFFFFFFFFFFFFF,can0
2912,1786717307.7888498,608979.333564449,435357505,1,0,0,8,07049008000000FF,can0
2913,1786717307.7896073,608979.334322032,435294785,1,0,0,8,800B070403FFFFFF,can0
2914,1786717307.7903576,608979.335071574,435294785,1,0,0,8,81FFFFFFFFFFFFFF,can0
2915,1786717307.7911003,608979.335814157,435357249,1,0,0,8,07FFFC00FFFFFFFF,can0
2916,1786717307.7918105,608979.336525532,485442017,1,0,0,8,66990100D0EDFCFF,can0
2917,1786717307.8104281,608979.355143741,485442017,1,0,0,8,66990100DCEDFEFF,can0
2918,1786717307.8112187,608979.355933366,485442017,1,0,0,8,66990100DAEDFFFF,can0
2919,1786717307.8119495,608979.356662991,485442017,1,0,0,8,669901002720FFFF,can0
2920,1786717307.812652,608979.357364991,485490497,1,0,0,8,6699DAED00000000,can0
2921,1786717307.8133419,608979.358055491,485490497,1,0,0,8,66992720A3EC0300,can0
2922,1786717307.8140361,608979.358749616,485490497,1,0,0,8,6699DCED37110000,can0
2923,1786717307.8231285,608979.367845741,485490497,1,0,0,8,6699DDEDBD280000,can0
2924,1786717307.8240006,608979.368713699,485490497,1,0,0,8,6699D0ED38080000,can0
2925,1786717307.8251204,608979.369834449,485490496,1,0,0,8,66998FEDF5000000,can0
2926,1786717307.825873,608979.370586449,485490497,1,0,0,8,6699D1ED29010000,can0
2927,1786717307.827037,608979.371753157,485490497,1,0,0,8,6699D2ED35090000,can0
2928,1786717307.8277524,608979.372465199,485490497,1,0,0,8,6699D3EDE9000000,can0
2929,1786717307.8594716,608979.404193074,485490496,1,0,0,8,6699BCEDC7E20100,can0
2930,1786717307.8605125,608979.405227616,485490496,1,0,0,8,6699B1ED8C7E7900,can0
2931,1786717307.8615947,608979.406309741,485490496,1,0,0,8,6699CCEC06710000,can0
2932,1786717307.8623624,608979.407076616,485490496,1,0,0,8,6699CBEC808F0000,can0
2933,1786717307.8631797,608979.407893574,485490496,1,0,0,8,6699DCEC387E0000,can0
2934,1786717307.864103,608979.408818574,485490496,1,0,0,8,6699DBEC15930000,can0
2935,1786717307.8648522,608979.409565574,485490496,1,0,0,8,6699ECEC1CED0000,can0
2936,1786717307.8661585,608979.410873824,485490496,1,0,0,8,6699EBECA08C0000,can0
2937,1786717307.8671293,608979.411843282,485490496,1,0,0,8,6699FBEC87570000,can0
2938,1786717308.0291646,608979.573884032,485490657,1,0,0,8,6699FF0FAC260000,can0
2939,1786717308.0314586,608979.576173907,485490657,1,0,0,8,66991C205443FFFF,can0
2940,1786717308.1823456,608979.727065907,773,0,0,0,8,0000000000000000,can0
2941,1786717308.1840174,608979.728732574,775,0,0,0,8,1234567856494300,can0
2942,1786717308.550442,608980.095162991,485490496,1,0,0,8,66990102FC000000,can0
2943,1786717308.5512974,608980.096011366,485490496,1,0,0,8,66990A02FC000000,can0
2944,1786717308.5812674,608980.125987408,502267713,1,0,0,8,001D6699431001C2,can0
2945,1786717308.5821316,608980.126846491,502267713,1,0,0,8,010A0A00E01E0000,can0
2946,1786717308.5827577,608980.127471824,502267713,1,0,0,8,0200000000000000,can0
2947,1786717308.5833008,608980.128014366,502267713,1,0,0,8,0300000000000000,can0
2948,1786717308.583871,608980.128583991,502267713,1,0,0,8,040000FFFFFFFFFF,can0
2949,1786717308.5845473,608980.129260033,502267713,1,0,0,8,201D669942100145,can0
2950,1786717308.5855215,608980.130237824,502267713,1,0,0,8,217B1800C7480000,can0
2951,1786717308.586342,608980.131054908,502267713,1,0,0,8,2200000000000000,can0
2952,1786717308.5887845,608980.133522658,502267713,1,0,0,8,2300010000000000,can0
2953,1786717308.5902007,608980.134914491,502267713,1,0,0,8,240000FFFFFFFFFF,can0
2954,1786717308.5996337,608980.144352699,485490496,1,0,0,8,6699000201000000,can0
2955,1786717308.6006331,608980.145346408,485490496,1,0,0,8,6699020200000000,can0
2956,1786717308.6014004,608980.146113241,485490496,1,0,0,8,6699070200000000,can0
2957,1786717308.6032417,608980.147959074,485490496,1,0,0,8,66991E0300000000,can0
2958,1786717308.604123,608980.148837241,485490496,1,0,0,8,66991C0300000000,can0
2959,1786717308.6064343,608980.151148158,485490496,1,0,0,8,66998DED7C150000,can0
2960,1786717308.6399195,608980.184639199,485490497,1,0,0,8,66998FEDE2000000,can0
2961,1786717308.647147,608980.191867116,485490496,1,0,0,8,66998FED00010000,can0
2962,1786717308.648462,608980.193179783,485490496,1,0,0,8,6699ECED04740000,can0
2963,1786717308.651479,608980.196196616,485490496,1,0,0,8,6699DAED00000000,can0
2964,1786717308.6931524,608980.237872158,485490497,1,0,0,8,6699BCED6CE00100,can0
2965,1786717308.6947646,608980.239483283,485490497,1,0,0,8,6699CCEC2C790000,can0
2966,1786717308.6960027,608980.240718699,485490497,1,0,0,8,6699CBECCA880000,can0
2967,1786717308.69682,608980.241533949,485490497,1,0,0,8,6699DCEC27D70000,can0
2968,1786717308.6975746,608980.242288741,485490497,1,0,0,8,6699DBECDC900000,can0
2969,1786717308.6983094,608980.243023408,485490497,1,0,0,8,6699ECEC09970000,can0
2970,1786717308.69932,608980.244034824,485490497,1,0,0,8,6699EBEC648C0000,can0
2971,1786717308.700099,608980.244814324,485490497,1,0,0,8,6699FBECA2550000,can0
2972,1786717308.8070078,608980.351728158,485490496,1,0,0,8,66998FED01010000,can0
2973,1786717308.8314514,608980.376171824,502267713,1,0,0,8,40266699501000E9,can0
2974,1786717308.8324819,608980.377195408,502267713,1,0,0,8,41000000FFFFFFFF,can0
2975,1786717308.833154,608980.377866658,502267713,1,0,0,8,428515AF14000000,can0
2976,1786717308.8337886,608980.378501116,502267713,1,0,0,8,430000C102000000,can0
2977,1786717308.8343875,608980.379099324,502267713,1,0,0,8,4400350900009F01,can0
2978,1786717308.834971,608980.379683324,502267713,1,0,0,8,458A9A1300FFFFFF,can0
2979,1786717308.8359113,608980.380626991,502267713,1,0,0,8,60286699A0100013,can0
2980,1786717308.8369565,608980.381672283,502267713,1,0,0,8,61002B0035003000,can0
2981,1786717308.840072,608980.384795366,502267713,1,0,0,8,6259007C01CE0298,can0
2982,1786717308.8410938,608980.385806366,502267713,1,0,0,8,630148055799FB98,can0
2983,1786717308.84165,608980.386363158,502267713,1,0,0,8,648A9A9E5CFFFFFF,can0
2984,1786717308.8421707,608980.386883241,502267713,1,0,0,8,65FFFFFFFFFFFFFF,can0
2985,1786717308.851182,608980.395901491,485490496,1,0,0,8,6699B3ED01000000,can0
2986,1786717308.8521125,608980.396827199,485490496,1,0,0,8,6699BCEDB6EA0100,can0
2987,1786717308.8614984,608980.406219158,485490496,1,0,0,8,6699BCEDB6EA0100,can0
2988,1786717308.862443,608980.407158949,485490496,1,0,0,8,6699B1ED35A07800,can0
2989,1786717308.863221,608980.407935741,485490496,1,0,0,8,6699CCECCE660000,can0
2990,1786717308.864078,608980.408791533,485490496,1,0,0,8,6699CBEC6D8E0000,can0
2991,1786717308.8648162,608980.409530283,485490496,1,0,0,8,6699DCEC5E930000,can0
2992,1786717308.8668406,608980.411558158,485490496,1,0,0,8,6699DBECDB910000,can0
2993,1786717308.8768854,608980.421606199,485490496,1,0,0,8,6699ECECB1E90000,can0
2994,1786717308.8777847,608980.422499616,485490496,1,0,0,8,6699EBEC488B0000,can0
2995,1786717308.8785088,608980.423222824,485490496,1,0,0,8,6699FBEC74570000,can0
2996,1786717308.9436736,608980.488393908,502267712,1,0,0,8,60266699501000B3,can0
2997,1786717308.9447362,608980.489451116,502267712,1,0,0,8,61020000FFFFFFFF,can0
2998,1786717308.9469433,608980.491664658,502267712,1,0,0,8,628515AB14000000,can0
2999,1786717308.951696,608980.496412158,502267712,1,0,0,8,630000C102000000,can0
3000,1786717308.9593954,608980.504109574,502267712,1,0,0,8,6400420E00009602,can0
3001,1786717308.9634423,608980.508158241,502267712,1,0,0,8,65EE9A4001FFFFFF,can0
3002,1786717309.0310102,608980.575730033,485490657,1,0,0,8,6699FF0FAC260000,can0
3003,1786717309.032135,608980.5768507,485490657,1,0,0,8,66991C20F042FFFF,can0
3004,1786717309.094155,608980.638880616,435295296,1,0,0,8,007C1504010474FA,can0
3005,1786717309.095249,608980.639963866,435294784,1,0,0,8,C00BFA0000FFFFFF,can0
3006,1786717309.0964646,608980.641179908,435294784,1,0,0,8,C1FF4B00FFFFFFFF,can0
3007,1786717309.0974505,608980.642165033,435357504,1,0,0,8,FA01310E580000FF,can0
3008,1786717309.0983074,608980.643021741,435294784,1,0,0,8,C00BFA0103FFFFFF,can0
3009,1786717309.0993662,608980.644081783,435294784,1,0,0,8,C1FFFFFFFFFFFFFF,can0
3010,1786717309.1121466,608980.656863866,435357504,1,0,0,8,FA02830E650000FF,can0
3011,1786717309.1129756,608980.657690283,435294784,1,0,0,8,A00BFA0203FFFFFF,can0
3012,1786717309.1136618,608980.658375991,435294784,1,0,0,8,A1FFFFFFFFFFFFFF,can0
3013,1786717309.1142974,608980.659010866,435357504,1,0,0,8,FA03DD0DA10000FF,can0
3014,1786717309.1148574,608980.65957045,435294784,1,0,0,8,A00BFA0303FFFFFF,can0
3015,1786717309.1230392,608980.667756575,435294784,1,0,0,8,A1FFFFFFFFFFFFFF,can0
3016,1786717309.1238637,608980.668578075,435357504,1,0,0,8,FA04BE08000000FF,can0
3017,1786717309.124529,608980.669243366,435294784,1,0,0,8,A00BFA0403FFFFFF,can0
3018,1786717309.1251776,608980.669892241,435294784,1,0,0,8,A1FFFFFFFFFFFFFF,can0
3019,1786717309.1310086,608980.6757292,435357248,1,0,0,8,FAFFFC00FFFFFFFF,can0
3020,1786717309.1321967,608980.676912325,485490496,1,0,0,8,66994E0301000000,can0
3021,1786717309.1789656,608980.723685783,773,0,0,0,8,0000000000000000,can0
3022,1786717309.1800447,608980.724770283,775,0,0,0,8,1234567856494300,can0
3023,1786717309.2761366,608980.820857158,435295297,1,0,0,8,007C15DB00047425,can0
3024,1786717309.2780633,608980.822777991,435294785,1,0,0,8,C00B250000FFFFFF,can0
3025,1786717309.27917,608980.823884366,435294785,1,0,0,8,C1FF4600FFFFFFFF,can0
3026,1786717309.2802014,608980.824916033,435357505,1,0,0,8,25019E0D590000FF,can0
3027,1786717309.2811563,608980.825870991,435294785,1,0,0,8,C00B250103FFFFFF,can0
3028,1786717309.2925096,608980.837224908,435294785,1,0,0,8,C1FFFFFFFFFFFFFF,can0
3029,1786717309.2933276,608980.838041491,435357505,1,0,0,8,25026E0E8C0000FF,can0
3030,1786717309.2940066,608980.838719991,435294785,1,0,0,8,A00B250203FFFFFF,can0
3031,1786717309.2946625,608980.8393767,435294785,1,0,0,8,A1FFFFFFFFFFFFFF,can0
3032,1786717309.2952855,608980.840242283,435357505,1,0,0,8,2503F70D6A0000FF,can0
3033,1786717309.299277,608980.843995866,435294785,1,0,0,8,A00B250303FFFFFF,can0
3034,1786717309.3022404,608980.846966741,435294785,1,0,0,8,A1FFFFFFFFFFFFFF,can0
3035,1786717309.3035758,608980.848293825,435357505,1,0,0,8,25049008000000FF,can0
3036,1786717309.304359,608980.849072533,435294785,1,0,0,8,A00B250403FFFFFF,can0
3037,1786717309.3052366,608980.849952533,435294785,1,0,0,8,A1FFFFFFFFFFFFFF,can0
3038,1786717309.3157218,608980.860438241,435357249,1,0,0,8,25FFFC00FFFFFFFF,can0
3039,1786717309.408112,608980.9528332,485490496,1,0,0,8,66998DED7B150000,can0
3040,1786717309.4090047,608980.953718158,502267712,1,0,0,8,801D669943100108,can0
3041,1786717309.4096313,608980.95434445,502267712,1,0,0,8,810C0A00D03F0000,can0
3042,1786717309.4102068,608980.95491995,502267712,1,0,0,8,8200000000000000,can0
3043,1786717309.4108605,608980.955575033,502267712,1,0,0,8,8300000000000000,can0
3044,1786717309.4116085,608980.956323158,502267712,1,0,0,8,840000FFFFFFFFFF,can0
3045,1786717309.6398869,608981.184606658,485490497,1,0,0,8,66998FEDD9000000,can0
3046,1786717309.6931753,608981.2378947,485490497,1,0,0,8,6699BCEDC9E40100,can0
3047,1786717309.694517,608981.239231991,485490497,1,0,0,8,6699CCECF4770000,can0
3048,1786717309.6961105,608981.240823408,485490497,1,0,0,8,6699CBEC93870000,can0
3049,1786717309.697655,608981.242376116,485490497,1,0,0,8,6699DCECBBD80000,can0
3050,1786717309.698894,608981.243609116,485490497,1,0,0,8,6699DBECC88F0000,can0
3051,1786717309.7000916,608981.244807033,485490497,1,0,0,8,6699ECEC86920000,can0
3052,1786717309.7008698,608981.245583408,485490497,1,0,0,8,6699EBEC6E8B0000,can0
3053,1786717309.7016096,608981.24632395,485490497,1,0,0,8,6699FBECA1550000,can0
3054,1786717309.7780802,608981.322800867,485490497,1,0,0,8,66998BED47000000,can0
3055,1786717309.8055477,608981.350268283,485490496,1,0,0,8,66998DED7C150000,can0
3056,1786717309.8071506,608981.351869325,485490496,1,0,0,8,66998FED06010000,can0
3057,1786717309.8592582,608981.40397795,485490496,1,0,0,8,6699BCEDEC0B0200,can0
3058,1786717309.8604264,608981.405140325,485490496,1,0,0,8,6699B1EDAC317800,can0
3059,1786717309.861508,608981.406228325,485490496,1,0,0,8,6699CCEC83760000,can0
3060,1786717309.8631449,608981.4078602,485490496,1,0,0,8,6699CBECBA8C0000,can0
3061,1786717309.8640914,608981.408804408,485490496,1,0,0,8,6699DCEC6BB40000,can0
3062,1786717309.864832,608981.409545242,485490496,1,0,0,8,6699DBEC10900000,can0
3063,1786717309.8670855,608981.411802575,485490496,1,0,0,8,6699ECECD8E10000,can0
3064,1786717309.8680859,608981.412800117,485490496,1,0,0,8,6699EBEC85890000,can0
3065,1786717309.8689382,608981.413652742,485490496,1,0,0,8,6699FBEC61570000,can0
3066,1786717310.0291471,608981.573885658,485441761,1,0,0,8,669915202F030000,can0
3067,1786717310.030115,608981.5748297,485442017,1,0,0,8,669915201B030000,can0
3068,1786717310.0310178,608981.575731325,485490496,1,0,0,8,669915202F030000,can0
3069,1786717310.0317707,608981.576484992,485490497,1,0,0,8,669915201B030000,can0
3070,1786717310.043644,608981.588364533,485490657,1,0,0,8,6699FF0FAC260000,can0
3071,1786717310.0484195,608981.593139408,485490657,1,0,0,8,66991C201C44FFFF,can0
3072,1786717310.0520551,608981.596773617,502267712,1,0,0,8,A0266699501000B3,can0
3073,1786717310.0529413,608981.597655325,502267712,1,0,0,8,A1020000FFFFFFFF,can0
3074,1786717310.053708,608981.598428283,502267712,1,0,0,8,A28515AB14000000,can0
3075,1786717310.0546048,608981.599318867,502267712,1,0,0,8,A30000C202000000,can0
3076,1786717310.0562165,608981.600931658,502267712,1,0,0,8,A400420E00009602,can0
3077,1786717310.0589185,608981.603640867,502267712,1,0,0,8,A5EE9A4001FFFFFF,can0
3078,1786717310.0598783,608981.604592492,502267712,1,0,0,8,C0286699A0100040,can0
3079,1786717310.0606508,608981.605364283,502267712,1,0,0,8,C101380088002101,can0
3080,1786717310.061543,608981.6062567,502267712,1,0,0,8,C2D200FB014A044E,can0
3081,1786717310.0624146,608981.607129908,502267712,1,0,0,8,C30D750AB5980E9A,can0
3082,1786717310.0631425,608981.607856992,502267712,1,0,0,8,C4EE9A9C5FFFFFFF,can0
3083,1786717310.0638366,608981.608551575,502267712,1,0,0,8,C5FFFFFFFFFFFFFF,can0
3084,1786717310.1524725,608981.697192575,485490657,1,0,0,8,669902207C150000,can0
3085,1786717310.183066,608981.72778545,773,0,0,0,8,0000000000000000,can0
3086,1786717310.1842175,608981.728931617,775,0,0,0,8,1234567856494300,can0
3087,1786717310.5782373,608982.1229572,485490497,1,0,0,8,6699DBED36100000,can0
3088,1786717310.5935192,608982.138239409,435295296,1,0,0,8,007D150C0104741C,can0
3089,1786717310.594776,608982.139491159,435294784,1,0,0,8,E00B1C0000FFFFFF,can0
3090,1786717310.5959308,608982.140646492,435294784,1,0,0,8,E1FF4B00FFFFFFFF,can0
3091,1786717310.5971081,608982.141822242,435357504,1,0,0,8,1C01FE0D4E0000FF,can0
3092,1786717310.5978873,608982.142601575,435294784,1,0,0,8,E00B1C0103FFFFFF,can0
3093,1786717310.5988402,608982.143554409,435294784,1,0,0,8,E1FFFFFFFFFFFFFF,can0
3094,1786717310.599618,608982.144331575,435357504,1,0,0,8,1C02590E7B0000FF,can0
3095,1786717310.6003869,608982.145100534,435294784,1,0,0,8,C00B1C0203FFFFFF,can0
3096,1786717310.6019967,608982.146710784,435294784,1,0,0,8,C1FFFFFFFFFFFFFF,can0
3097,1786717310.6027477,608982.147461909,435357504,1,0,0,8,1C03A80D9F0000FF,can0
3098,1786717310.6037335,608982.148446242,435294784,1,0,0,8,C00B1C0303FFFFFF,can0
3099,1786717310.6043406,608982.149052617,435294784,1,0,0,8,C1FFFFFFFFFFFFFF,can0
3100,1786717310.6047995,608982.149511659,435357504,1,0,0,8,1C04BC08000000FF,can0
3101,1786717310.6075528,608982.152268825,435294784,1,0,0,8,C00B1C0403FFFFFF,can0
3102,1786717310.6087565,608982.153471992,435294784,1,0,0,8,C1FFFFFFFFFFFFFF,can0
3103,1786717310.610271,608982.154986159,435357248,1,0,0,8,1CFFFC00FFFFFFFF,can0
3104,1786717310.6110659,608982.155781617,233966912,1,0,0,8,0001FDFFFFFFFFFF,can0
3105,1786717310.6121585,608982.156873909,485490496,1,0,0,8,6699DBED08110000,can0
3106,1786717310.6396973,608982.18441745,485490497,1,0,0,8,66998FEDD6000000,can0
3107,1786717310.6407886,608982.185502909,485490497,1,0,0,8,6699DBED2C100000,can0
3108,1786717310.69473,608982.239465617,485490497,1,0,0,8,6699BCED45F00100,can0
3109,1786717310.6967452,608982.241460117,485490497,1,0,0,8,6699CCECF5790000,can0
3110,1786717310.698561,608982.243280617,485490497,1,0,0,8,6699CBEC1F860000,can0
3111,1786717310.7000744,608982.244792367,485490497,1,0,0,8,6699DCEC58E10000,can0
3112,1786717310.7008338,608982.24554595,485490497,1,0,0,8,6699DBEC808E0000,can0
3113,1786717310.7013447,608982.246057659,485490497,1,0,0,8,6699ECEC33940000,can0
3114,1786717310.7019212,608982.246633534,485490497,1,0,0,8,6699EBECE0890000,can0
3115,1786717310.7024972,608982.247209909,485490497,1,0,0,8,6699FBECA3550000,can0
3116,1786717310.7761703,608982.320889159,435295297,1,0,0,8,007C15D800047443,can0
3117,1786717310.7775671,608982.322283159,435294785,1,0,0,8,E00B430000FFFFFF,can0
3118,1786717310.778594,608982.323308617,435294785,1,0,0,8,E1FF4700FFFFFFFF,can0
3119,1786717310.7792914,608982.3240057,435357505,1,0,0,8,4301690D5A0000FF,can0
3120,1786717310.779958,608982.3246717,435294785,1,0,0,8,E00B430103FFFFFF,can0
3121,1786717310.781999,608982.326715784,435294785,1,0,0,8,E1FFFFFFFFFFFFFF,can0
3122,1786717310.7829347,608982.327649034,435357505,1,0,0,8,4302400EAC0000FF,can0
3123,1786717310.7838802,608982.328593992,435294785,1,0,0,8,C00B430203FFFFFF,can0
3124,1786717310.7846978,608982.329411742,435294785,1,0,0,8,C1FFFFFFFFFFFFFF,can0
3125,1786717310.7860138,608982.330732159,435357505,1,0,0,8,4303CA0D700000FF,can0
3126,1786717310.7868488,608982.3315632,435294785,1,0,0,8,C00B430303FFFFFF,can0
3127,1786717310.790434,608982.335153534,435294785,1,0,0,8,C1FFFFFFFFFFFFFF,can0
3128,1786717310.7913795,608982.336094575,435357505,1,0,0,8,43049008000000FF,can0
3129,1786717310.7921176,608982.336831784,435294785,1,0,0,8,C00B430403FFFFFF,can0
3130,1786717310.7992892,608982.344004825,435294785,1,0,0,8,C1FFFFFFFFFFFFFF,can0
3131,1786717310.8001761,608982.344891492,435357249,1,0,0,8,43FFFC00FFFFFFFF,can0
3132,1786717310.8056448,608982.350365075,485490496,1,0,0,8,66998DED7D150000,can0
3133,1786717310.8077905,608982.35250895,485490496,1,0,0,8,66998FED06010000,can0
3134,1786717310.8086884,608982.353403825,485490496,1,0,0,8,6699DBEDFE100000,can0
3135,1786717310.8611798,608982.405900075,485490496,1,0,0,8,6699BCEDB9D90100,can0
3136,1786717310.8623378,608982.40705195,485490496,1,0,0,8,6699B1ED20B67800,can0
3137,1786717310.8630817,608982.407795617,485490496,1,0,0,8,6699CCECAA720000,can0
3138,1786717310.8637292,608982.408443325,485490496,1,0,0,8,6699CBECC98B0000,can0
3139,1786717310.8654275,608982.410147575,485490496,1,0,0,8,6699DCECB99C0000,can0
3140,1786717310.8663523,608982.41106745,485490496,1,0,0,8,6699DBEC5D8F0000,can0
3141,1786717310.867251,608982.411964409,485490496,1,0,0,8,6699ECEC32CB0000,can0
3142,1786717310.8680093,608982.412723659,485490496,1,0,0,8,6699EBEC61880000,can0
3143,1786717310.8687449,608982.413458075,485490496,1,0,0,8,6699FBEC5D570000,can0
3144,1786717311.0301335,608982.575231742,485490657,1,0,0,8,6699FF0FAC260000,can0
3145,1786717311.0362468,608982.58096745,485490657,1,0,0,8,66991C208C42FFFF,can0
3146,1786717311.1861854,608982.730905909,773,0,0,0,8,0000000000000000,can0
3147,1786717311.187559,608982.732273159,775,0,0,0,8,1234567856494300,can0
3148,1786717311.1884646,608982.733178409,485441761,1,0,0,8,66990100D0EDFCFF,can0
3149,1786717311.1894052,608982.734121992,485441761,1,0,0,8,66990100DCEDFEFF,can0
3150,1786717311.1901748,608982.734887909,485441761,1,0,0,8,66990100DAEDFFFF,can0
3151,1786717311.1969204,608982.741635326,485441761,1,0,0,8,669901002720FFFF,can0
3152,1786717311.1978827,608982.742597534,485490496,1,0,0,8,6699DAED00000000,can0
3153,1786717311.1985345,608982.743247117,485490496,1,0,0,8,669927202ECC0300,can0
3154,1786717311.2140574,608982.758778409,485490496,1,0,0,8,6699DCED7F200000,can0
3155,1786717311.2149498,608982.759663326,485490496,1,0,0,8,6699DDEDD0830200,can0
3156,1786717311.21998,608982.764696201,485490496,1,0,0,8,6699D0ED730E0000,can0
3157,1786717311.2207255,608982.765438284,485490496,1,0,0,8,6699D1EDF9030000,can0
3158,1786717311.221275,608982.765988784,485490496,1,0,0,8,6699D2ED420E0000,can0
3159,1786717311.2284486,608982.773169076,485490496,1,0,0,8,6699D3EDB3020000,can0
3160,1786717311.2354035,608982.780130576,485490497,1,0,0,8,66990102FC000000,can0
3161,1786717311.2363641,608982.781077909,485490497,1,0,0,8,66990A02FC000000,can0
3162,1786717311.2823918,608982.827107367,485490497,1,0,0,8,6699000201000000,can0
3163,1786717311.285076,608982.829789242,485490497,1,0,0,8,6699020200000000,can0
3164,1786717311.2900362,608982.834755909,485490497,1,0,0,8,6699070200000000,can0
3165,1786717311.2935572,608982.838274326,485490497,1,0,0,8,66991E0300000000,can0
3166,1786717311.2956278,608982.840349201,485490497,1,0,0,8,66991C0300000000,can0
3167,1786717311.2964368,608982.841149742,485490497,1,0,0,8,66998DED7C150000,can0
3168,1786717311.3318646,608982.876590409,485490497,1,0,0,8,66998FEDDE000000,can0
3169,1786717311.3344169,608982.879132784,485490497,1,0,0,8,6699ECED04740000,can0
3170,1786717311.3352368,608982.879951909,485490497,1,0,0,8,6699DAED00000000,can0
3171,1786717311.5354888,608983.080208784,485490497,1,0,0,8,6699B3ED01000000,can0
3172,1786717311.539439,608983.084153784,485490497,1,0,0,8,6699BCED99E80100,can0
3173,1786717311.6290362,608983.173755826,502267713,1,0,0,8,80266699501000E9,can0
3174,1786717311.6349533,608983.179670784,502267713,1,0,0,8,81000000FFFFFFFF,can0
3175,1786717311.636281,608983.180994909,502267713,1,0,0,8,828515AF14000000,can0
3176,1786717311.6370196,608983.181734534,502267713,1,0,0,8,830000C102000000,can0
3177,1786717311.6377037,608983.182416867,502267713,1,0,0,8,8400350900009F01,can0
3178,1786717311.6383493,608983.183062576,502267713,1,0,0,8,858A9A1300FFFFFF,can0
3179,1786717311.651458,608983.196178034,485490497,1,0,0,8,66998FEDDF000000,can0
3180,1786717311.6524794,608983.197194617,485490497,1,0,0,8,6699DBED36100000,can0
3181,1786717311.6990118,608983.243732826,485490497,1,0,0,8,6699BCED99E80100,can0
3182,1786717311.7003417,608983.245056659,485490497,1,0,0,8,6699CCEC327B0000,can0
3183,1786717311.7013187,608983.246033701,485490497,1,0,0,8,6699CBEC21850000,can0
3184,1786717311.7024865,608983.247199659,485490497,1,0,0,8,6699DCEC8AD40000,can0
3185,1786717311.703392,608983.248108867,485490497,1,0,0,8,6699DBECB88D0000,can0
3186,1786717311.7041066,608983.248820909,485490497,1,0,0,8,6699ECEC948D0000,can0
3187,1786717311.7048092,608983.249523951,485490497,1,0,0,8,6699EBECF1880000,can0
3188,1786717311.7181115,608983.262828701,485490497,1,0,0,8,6699FBECA2550000,can0
3189,1786717311.7858722,608983.330592201,485490497,1,0,0,8,66994E0301000000,can0
3190,1786717311.8056002,608983.350320367,485490496,1,0,0,8,66998DED7C150000,can0
3191,1786717311.806815,608983.351531409,485490496,1,0,0,8,66998FEDFD000000,can0
3192,1786717311.8077157,608983.352429576,485490496,1,0,0,8,6699DBED08110000,can0
3193,1786717311.8630025,608983.407722076,485490496,1,0,0,8,6699BCEDDCE30100,can0
3194,1786717311.8639114,608983.408626993,485490496,1,0,0,8,6699B1ED703E7800,can0
3195,1786717311.864918,608983.409632534,485490496,1,0,0,8,6699CCEC67840000,can0
3196,1786717311.8685043,608983.413219409,485490496,1,0,0,8,6699CBEC588A0000,can0
3197,1786717311.869419,608983.414133493,485490496,1,0,0,8,6699DCEC07AA0000,can0
3198,1786717311.8701365,608983.414850409,485490496,1,0,0,8,6699DBECCF8D0000,can0
3199,1786717311.87077,608983.415483118,485490496,1,0,0,8,6699ECEC62BA0000,can0
3200,1786717311.8712928,608983.416006076,485490496,1,0,0,8,6699EBECBC860000,can0
3201,1786717311.8738437,608983.418559451,485490496,1,0,0,8,6699FBEC54570000,can0
3202,1786717312.0294402,608983.574165743,485490657,1,0,0,8,6699FF0FAC260000,can0
3203,1786717312.0332737,608983.577993534,485490657,1,0,0,8,66991C20C441FFFF,can0
3204,1786717312.0934455,608983.638165159,435295296,1,0,0,8,007C15FD0004743A,can0
3205,1786717312.098401,608983.643118451,435294784,1,0,0,8,000B3A0000FFFFFF,can0
3206,1786717312.0996623,608983.644378034,435294784,1,0,0,8,01FF4B00FFFFFFFF,can0
3207,1786717312.1094418,608983.654157451,435357504,1,0,0,8,3A01D10D6A0000FF,can0
3208,1786717312.112789,608983.657509534,435294784,1,0,0,8,000B3A0103FFFFFF,can0
3209,1786717312.1137238,608983.658438284,435294784,1,0,0,8,01FFFFFFFFFFFFFF,can0
3210,1786717312.114486,608983.659199743,435357504,1,0,0,8,3A022A0E6D0000FF,can0
3211,1786717312.115233,608983.659947784,435294784,1,0,0,8,E00B3A0203FFFFFF,can0
3212,1786717312.1161766,608983.660890826,435294784,1,0,0,8,E1FFFFFFFFFFFFFF,can0
3213,1786717312.1168242,608983.661537701,435357504,1,0,0,8,3A036C0D840000FF,can0
3214,1786717312.117501,608983.662214784,435294784,1,0,0,8,E00B3A0303FFFFFF,can0
3215,1786717312.1181853,608983.662899993,435294784,1,0,0,8,E1FFFFFFFFFFFFFF,can0
3216,1786717312.1188445,608983.663558701,435357504,1,0,0,8,3A04BB08000000FF,can0
3217,1786717312.1195846,608983.664299076,435294784,1,0,0,8,E00B3A0403FFFFFF,can0
3218,1786717312.1203249,608983.665038743,435294784,1,0,0,8,E1FFFFFFFFFFFFFF,can0
3219,1786717312.1210697,608983.665784118,435357248,1,0,0,8,3AFFFC00FFFFFFFF,can0
3220,1786717312.1850111,608983.729731576,773,0,0,0,8,0000000000000000,can0
3221,1786717312.1878412,608983.732557118,775,0,0,0,8,1234567856494300,can0
3222,1786717312.276056,608983.820777409,435295297,1,0,0,8,007C15DD00047461,can0
3223,1786717312.2859488,608983.830669868,435294785,1,0,0,8,000B610000FFFFFF,can0
3224,1786717312.2870433,608983.831756868,435294785,1,0,0,8,01FF4700FFFFFFFF,can0
3225,1786717312.2877243,608983.832437909,435357505,1,0,0,8,6101420D5E0000FF,can0
3226,1786717312.2927752,608983.837496576,435294785,1,0,0,8,000B610103FFFFFF,can0
3227,1786717312.2956991,608983.840417701,435294785,1,0,0,8,01FFFFFFFFFFFFFF,can0
3228,1786717312.296626,608983.841340118,435357505,1,0,0,8,6102160E940000FF,can0
3229,1786717312.2975025,608983.842216993,435294785,1,0,0,8,E00B610203FFFFFF,can0
3230,1786717312.2982373,608983.842950659,435294785,1,0,0,8,E1FFFFFFFFFFFFFF,can0
3231,1786717312.2989194,608983.843633909,435357505,1,0,0,8,6103930D690000FF,can0
3232,1786717312.2996106,608983.844324576,435294785,1,0,0,8,E00B610303FFFFFF,can0
3233,1786717312.3025503,608983.847265993,435294785,1,0,0,8,E1FFFFFFFFFFFFFF,can0
3234,1786717312.3050473,608983.849767784,435357505,1,0,0,8,61049008000000FF,can0
3235,1786717312.3065166,608983.851232659,435294785,1,0,0,8,E00B610403FFFFFF,can0
3236,1786717312.3075156,608983.852230284,435294785,1,0,0,8,E1FFFFFFFFFFFFFF,can0
3237,1786717312.308324,608983.853041201,435357249,1,0,0,8,61FFFC00FFFFFFFF,can0
3238,1786717312.3098106,608983.854527659,233966913,1,0,0,8,0001FDFFFFFFFFFF,can0
3239,1786717312.382632,608983.927351451,485490657,1,0,0,8,669901207C150000,can0
3240,1786717312.3842702,608983.928984868,485490657,1,0,0,8,66990E200D000000,can0
3241,1786717312.6407268,608984.185447368,485490497,1,0,0,8,66998FEDE0000000,can0
3242,1786717312.6417158,608984.186429618,485490497,1,0,0,8,6699DBED36100000,can0
3243,1786717312.6933167,608984.238036076,485490497,1,0,0,8,6699BCED1E010200,can0
3244,1786717312.6945388,608984.239254451,485490497,1,0,0,8,6699CCEC5E7E0000,can0
3245,1786717312.6954784,608984.240193285,485490497,1,0,0,8,6699CBECED830000,can0
3246,1786717312.6962953,608984.241009701,485490497,1,0,0,8,6699DCEC72E60000,can0
3247,1786717312.6971805,608984.241893785,485490497,1,0,0,8,6699DBEC158C0000,can0
3248,1786717312.699047,608984.243776368,485490497,1,0,0,8,6699ECECA0960000,can0
3249,1786717312.700153,608984.244865701,485490497,1,0,0,8,6699EBECB5860000,can0
3250,1786717312.701015,608984.245728535,485490497,1,0,0,8,6699FBECA2550000,can0
3251,1786717312.787592,608984.332312201,485442017,1,0,0,8,66990100D0EDFCFF,can0
3252,1786717312.7886083,608984.33332316,485442017,1,0,0,8,66990100DCEDFEFF,can0
3253,1786717312.7957578,608984.34047566,485442017,1,0,0,8,66990100DAEDFFFF,can0
3254,1786717312.796593,608984.341307743,485442017,1,0,0,8,669901002720FFFF,can0
3255,1786717312.7973602,608984.34207366,485490497,1,0,0,8,6699DAED00000000,can0
3256,1786717312.7979586,608984.342672785,485490497,1,0,0,8,66992720B6E40300,can0
3257,1786717312.80555,608984.350269576,485490496,1,0,0,8,66998DED7D150000,can0
3258,1786717312.807087,608984.351805118,485490496,1,0,0,8,66998FEDFA000000,can0
3259,1786717312.80794,608984.352655826,485490496,1,0,0,8,6699DBED08110000,can0
3260,1786717312.856705,608984.401425285,485490497,1,0,0,8,6699DCED37110000,can0
3261,1786717312.857616,608984.402330993,485490497,1,0,0,8,6699DDEDBD280000,can0
3262,1786717312.858324,608984.403037076,485490497,1,0,0,8,6699D0ED38080000,can0
3263,1786717312.8589842,608984.403697701,485490497,1,0,0,8,6699D1ED29010000,can0
3264,1786717312.8596075,608984.404321618,485490497,1,0,0,8,6699D2ED35090000,can0
3265,1786717312.8601687,608984.404881451,485490497,1,0,0,8,6699D3EDE9000000,can0
3266,1786717312.862132,608984.406847618,485490496,1,0,0,8,6699BCED84D90100,can0
3267,1786717312.8629572,608984.407671368,485490496,1,0,0,8,6699B1ED08447800,can0
3268,1786717312.8640313,608984.408748451,485490496,1,0,0,8,6699CCEC40840000,can0
3269,1786717312.86488,608984.409595035,485490496,1,0,0,8,6699CBEC95890000,can0
3270,1786717312.8670704,608984.411785076,485490496,1,0,0,8,6699DCEC37AA0000,can0
3271,1786717312.8679366,608984.412651326,485490496,1,0,0,8,6699DBECA58C0000,can0
3272,1786717312.8689249,608984.413639493,485490496,1,0,0,8,6699ECEC80AD0000,can0
3273,1786717312.8698533,608984.414570118,485490496,1,0,0,8,6699EBEC26850000,can0
3274,1786717312.8706214,608984.41533466,485490496,1,0,0,8,6699FBEC4F570000,can0
3275,1786717313.0303338,608984.575053118,485441761,1,0,0,8,6699152031030000,can0
3276,1786717313.0350037,608984.57973291,485442017,1,0,0,8,6699152019030000,can0
3277,1786717313.038864,608984.583578701,485490496,1,0,0,8,6699152031030000,can0
3278,1786717313.03957,608984.584284201,485490497,1,0,0,8,6699152019030000,can0
3279,1786717313.0482757,608984.592995701,485490657,1,0,0,8,6699FF0FAC260000,can0
3280,1786717313.0493836,608984.594098743,485490657,1,0,0,8,66991C20B843FFFF,can0
3281,1786717313.1499028,608984.694622701,485490657,1,0,0,8,669902207B150000,can0
3282,1786717313.1816962,608984.726417076,773,0,0,0,8,0000000000000000,can0
3283,1786717313.1829793,608984.727693285,775,0,0,0,8,1234567856494300,can0
3284,1786717313.2494256,608984.794145785,502267712,1,0,0,8,E0266699501000B4,can0
3285,1786717313.2544708,608984.799189452,502267712,1,0,0,8,E1020000FFFFFFFF,can0
3286,1786717313.2560954,608984.800818827,502267712,1,0,0,8,E28515AB14000000,can0
3287,1786717313.25735,608984.80206566,502267712,1,0,0,8,E30000C202000000,can0
3288,1786717313.2663443,608984.811064993,502267712,1,0,0,8,E400420E00009602,can0
3289,1786717313.2675838,608984.812301702,502267712,1,0,0,8,E5EE9A4001FFFFFF,can0
3290,1786717313.2688622,608984.813576743,502267712,1,0,0,8,00286699A0100040,can0
3291,1786717313.269645,608984.814358702,502267712,1,0,0,8,0101390088002101,can0
3292,1786717313.2703545,608984.815069785,502267712,1,0,0,8,02D200FB014A044E,can0
3293,1786717313.2710636,608984.815778618,502267712,1,0,0,8,030D750AB5980E9A,can0
3294,1786717313.2717297,608984.816443868,502267712,1,0,0,8,04EE9A9C5FFFFFFF,can0
3295,1786717313.2724102,608984.817125077,502267712,1,0,0,8,05FFFFFFFFFFFFFF,can0
3296,1786717313.2731736,608984.817887993,502267712,1,0,0,8,202666994F100100,can0
3297,1786717313.2739818,608984.818697368,502267712,1,0,0,8,2143000000802000,can0
3298,1786717313.2747726,608984.819488368,502267712,1,0,0,8,2200D1830200EE9A,can0
3299,1786717313.2756393,608984.820354952,502267712,1,0,0,8,23EE1508DE11FFFF,can0
3300,1786717313.2764387,608984.82115341,502267712,1,0,0,8,24FFFFFFFFFFFFFF,can0
3301,1786717313.279743,608984.824458993,502267712,1,0,0,8,25FFFFFFFFFFFFFF,can0
3302,1786717313.2829983,608984.82771566,485490496,1,0,0,8,6699DCED80200000,can0
3303,1786717313.283918,608984.828632743,485490496,1,0,0,8,6699DDEDD1830200,can0
3304,1786717313.2849708,608984.829685452,485490496,1,0,0,8,6699D3EDB4020000,can0
3305,1786717313.5547125,608985.099433702,485490496,1,0,0,8,66990102FC000000,can0
3306,1786717313.5568683,608985.10158366,485490496,1,0,0,8,66990A02FC000000,can0
3307,1786717313.5931804,608985.137901118,435295296,1,0,0,8,007C15F500047458,can0
3308,1786717313.594031,608985.138745243,435294784,1,0,0,8,200B580000FFFFFF,can0
3309,1786717313.5946405,608985.139353327,435294784,1,0,0,8,21FF4B00FFFFFFFF,can0
3310,1786717313.595172,608985.139884827,435357504,1,0,0,8,5801AB0D660000FF,can0
3311,1786717313.5960145,608985.140728785,435294784,1,0,0,8,200B580103FFFFFF,can0
3312,1786717313.59674,608985.14145416,435294784,1,0,0,8,21FFFFFFFFFFFFFF,can0
3313,1786717313.5975764,608985.14229566,435357504,1,0,0,8,5802F90D780000FF,can0
3314,1786717313.59841,608985.143124743,435294784,1,0,0,8,000B580203FFFFFF,can0
3315,1786717313.5991633,608985.14387816,435294784,1,0,0,8,01FFFFFFFFFFFFFF,can0
3316,1786717313.6000082,608985.144721952,435357504,1,0,0,8,58032E0D7F0000FF,can0
3317,1786717313.6010344,608985.145749868,435294784,1,0,0,8,000B580303FFFFFF,can0
3318,1786717313.6018293,608985.146543035,435294784,1,0,0,8,01FFFFFFFFFFFFFF,can0
3319,1786717313.6027594,608985.14747491,435357504,1,0,0,8,5804BA08000000FF,can0
3320,1786717313.6035903,608985.148308952,435294784,1,0,0,8,000B580403FFFFFF,can0
3321,1786717313.6045153,608985.149229702,435294784,1,0,0,8,01FFFFFFFFFFFFFF,can0
3322,1786717313.6063309,608985.151046785,435357248,1,0,0,8,58FFFC00FFFFFFFF,can0
3323,1786717313.6072261,608985.151940077,485490496,1,0,0,8,6699000201000000,can0
3324,1786717313.607971,608985.152685118,485490496,1,0,0,8,6699020200000000,can0
3325,1786717313.6087441,608985.153457743,485490496,1,0,0,8,6699070200000000,can0
3326,1786717313.6096873,608985.154400993,485490496,1,0,0,8,66991E0300000000,can0
3327,1786717313.6103027,608985.155015368,485490496,1,0,0,8,66991C0300000000,can0
3328,1786717313.610765,608985.155476535,485490496,1,0,0,8,66998DED7C150000,can0
3329,1786717313.6393752,608985.184094827,485490497,1,0,0,8,66998FEDE5000000,can0
3330,1786717313.6465976,608985.191317077,485490496,1,0,0,8,66998FEDF5000000,can0
3331,1786717313.647991,608985.192708035,485490496,1,0,0,8,6699ECED04740000,can0
3332,1786717313.6493943,608985.194114452,502267712,1,0,0,8,401D66994310010C,can0
3333,1786717313.6507034,608985.195418743,502267712,1,0,0,8,410C0A00D13F0000,can0
3334,1786717313.6519136,608985.196630118,502267712,1,0,0,8,4200000000000000,can0
3335,1786717313.6530974,608985.197812327,502267712,1,0,0,8,4300000000000000,can0
3336,1786717313.654704,608985.199419535,502267712,1,0,0,8,440000FFFFFFFFFF,can0
3337,1786717313.656092,608985.200807827,502267712,1,0,0,8,601D66994210017B,can0
3338,1786717313.6569505,608985.201665618,502267712,1,0,0,8,619AA20134A00400,can0
3339,1786717313.6578732,608985.202587785,502267712,1,0,0,8,6200000000000000,can0
3340,1786717313.6586022,608985.203316118,502267712,1,0,0,8,6300110000000000,can0
3341,1786717313.6595557,608985.204270618,502267712,1,0,0,8,640000FFFFFFFFFF,can0
3342,1786717313.6603231,608985.205038327,485490496,1,0,0,8,6699DAED00000000,can0
3343,1786717313.69294,608985.23765991,485490497,1,0,0,8,6699BCED4EFB0100,can0
3344,1786717313.69415,608985.238864618,485490497,1,0,0,8,6699CCECFE7F0000,can0
3345,1786717313.6948085,608985.239522035,485490497,1,0,0,8,6699CBECDB820000,can0
3346,1786717313.695629,608985.240342327,485490497,1,0,0,8,6699DCEC34DE0000,can0
3347,1786717313.696339,608985.241053702,485490497,1,0,0,8,6699DBEC318B0000,can0
3348,1786717313.6975183,608985.242232535,485490497,1,0,0,8,6699ECEC99980000,can0
3349,1786717313.698222,608985.242936077,485490497,1,0,0,8,6699EBEC28850000,can0
3350,1786717313.6999605,608985.24467966,485490497,1,0,0,8,6699FBECA0550000,can0
3351,1786717313.775709,608985.320429368,435295297,1,0,0,8,007C15E50004747F,can0
3352,1786717313.776688,608985.321402493,435294785,1,0,0,8,200B7F0000FFFFFF,can0
3353,1786717313.77742,608985.32213366,435294785,1,0,0,8,21FF4700FFFFFFFF,can0
3354,1786717313.7780344,608985.322746452,435357505,1,0,0,8,7F01160D610000FF,can0
3355,1786717313.7786462,608985.323358743,435294785,1,0,0,8,200B7F0103FFFFFF,can0
3356,1786717313.7792249,608985.323938785,435294785,1,0,0,8,21FFFFFFFFFFFFFF,can0
3357,1786717313.7798162,608985.324528452,435357505,1,0,0,8,7F02EB0DA50000FF,can0
3358,1786717313.7811553,608985.325872785,435294785,1,0,0,8,000B7F0203FFFFFF,can0
3359,1786717313.7822511,608985.326966243,435294785,1,0,0,8,01FFFFFFFFFFFFFF,can0
3360,1786717313.7832792,608985.327994452,435357505,1,0,0,8,7F03510D740000FF,can0
3361,1786717313.784341,608985.329056952,435294785,1,0,0,8,000B7F0303FFFFFF,can0
3362,1786717313.795276,608985.33999891,435294785,1,0,0,8,01FFFFFFFFFFFFFF,can0
3363,1786717313.7967455,608985.341460827,435357505,1,0,0,8,7F049008000000FF,can0
3364,1786717313.797476,608985.342189577,435294785,1,0,0,8,000B7F0403FFFFFF,can0
3365,1786717313.798379,608985.343095327,435294785,1,0,0,8,01FFFFFFFFFFFFFF,can0
3366,1786717313.7998629,608985.344579493,435357249,1,0,0,8,7FFFFC00FFFFFFFF,can0
3367,1786717313.8058887,608985.350607535,485490496,1,0,0,8,66998DED7C150000,can0
3368,1786717313.8075473,608985.35226241,485490496,1,0,0,8,66998FEDF7000000,can0
3369,1786717313.808335,608985.353047952,485490496,1,0,0,8,6699DBED08110000,can0
3370,1786717313.8513305,608985.396052577,485490496,1,0,0,8,6699B3ED01000000,can0
3371,1786717313.852514,608985.397236035,485490496,1,0,0,8,6699BCEDF1E10100,can0
3372,1786717313.8640935,608985.40881191,485490496,1,0,0,8,6699BCEDF1E10100,can0
3373,1786717313.8661742,608985.410889618,485490496,1,0,0,8,6699B1EDB3B17700,can0
3374,1786717313.8679774,608985.412698535,485490496,1,0,0,8,6699CCEC028C0000,can0
3375,1786717313.8692875,608985.414002327,485490496,1,0,0,8,6699CBEC44880000,can0
3376,1786717313.8700235,608985.414735952,485490496,1,0,0,8,6699DCECC5B10000,can0
3377,1786717313.870689,608985.415401077,485490496,1,0,0,8,6699DBEC478B0000,can0
3378,1786717313.8713346,608985.416049327,485490496,1,0,0,8,6699ECEC82A70000,can0
3379,1786717313.8719213,608985.416633577,485490496,1,0,0,8,6699EBEC3C830000,can0
3380,1786717313.8729384,608985.417651327,485490496,1,0,0,8,6699FBEC47570000,can0
3381,1786717313.944531,608985.489249244,502267712,1,0,0,8,80266699501000B4,can0
3382,1786717313.9456997,608985.490416077,502267712,1,0,0,8,81020000FFFFFFFF,can0
3383,1786717313.9465814,608985.491295619,502267712,1,0,0,8,828515AB14000000,can0
3384,1786717313.947285,608985.491999827,502267712,1,0,0,8,830000C202000000,can0
3385,1786717313.9479485,608985.49266241,502267712,1,0,0,8,8400420E00009602,can0
3386,1786717313.9504793,608985.495195369,502267712,1,0,0,8,85EE9A4001FFFFFF,can0
3387,1786717314.0329914,608985.577716869,485490657,1,0,0,8,6699FF0FAC260000,can0
3388,1786717314.0365837,608985.581299369,485490657,1,0,0,8,66991C201C44FFFF,can0
3389,1786717314.100904,608985.645623577,485490496,1,0,0,8,66994E0301000000,can0
3390,1786717314.1847034,608985.729423494,773,0,0,0,8,0000000000000000,can0
3391,1786717314.1857684,608985.730482994,775,0,0,0,8,1234567856494300,can0
3392,1786717314.642547,608986.187267661,485490497,1,0,0,8,66998FEDDE000000,can0
3393,1786717314.693225,608986.237944786,485490497,1,0,0,8,6699BCED8AE90100,can0
3394,1786717314.6945214,608986.239236952,485490497,1,0,0,8,6699CCEC2D810000,can0
3395,1786717314.6959143,608986.240631286,485490497,1,0,0,8,6699CBECDD810000,can0
3396,1786717314.696977,608986.241690744,485490497,1,0,0,8,6699DCEC22CF0000,can0
3397,1786717314.697879,608986.242594161,485490497,1,0,0,8,6699DBEC428A0000,can0
3398,1786717314.698766,608986.243481452,485490497,1,0,0,8,6699ECECD7970000,can0
3399,1786717314.6996605,608986.244375869,485490497,1,0,0,8,6699EBEC1C840000,can0
3400,1786717314.7009704,608986.245685369,485490497,1,0,0,8,6699FBECA0550000,can0
3401,1786717314.8050985,608986.349818952,485490496,1,0,0,8,66998DED7C150000,can0
3402,1786717314.8068037,608986.351520994,485490496,1,0,0,8,66998FED01010000,can0
3403,1786717314.8084803,608986.353195286,485490496,1,0,0,8,6699DBED08110000,can0
3404,1786717314.8616009,608986.406321786,485490496,1,0,0,8,6699BCED1BE90100,can0
3405,1786717314.8624868,608986.407200286,485490496,1,0,0,8,6699B1EDD7137700,can0
3406,1786717314.8633828,608986.408097202,485490496,1,0,0,8,6699CCEC998F0000,can0
3407,1786717314.864032,608986.408745036,485490496,1,0,0,8,6699CBEC23870000,can0
3408,1786717314.8649788,608986.409692744,485490496,1,0,0,8,6699DCEC55B90000,can0
3409,1786717314.8656852,608986.410398577,485490496,1,0,0,8,6699DBECBF890000,can0
3410,1786717314.8664055,608986.411119161,485490496,1,0,0,8,6699ECECD1A20000,can0
3411,1786717314.8670523,608986.411765577,485490496,1,0,0,8,6699EBEC02810000,can0
3412,1786717314.8683465,608986.413064577,485490496,1,0,0,8,6699FBEC42570000,can0
3413,1786717315.0336535,608986.578373577,485490657,1,0,0,8,6699FF0FAC260000,can0
3414,1786717315.0363798,608986.581097619,485490657,1,0,0,8,66991C205443FFFF,can0
3415,1786717315.093292,608986.638012744,435295296,1,0,0,8,007C150101047476,can0
3416,1786717315.09616,608986.640875869,435294784,1,0,0,8,400B760000FFFFFF,can0
3417,1786717315.0971115,608986.641827286,435294784,1,0,0,8,41FF4B00FFFFFFFF,can0
3418,1786717315.0978851,608986.642599577,435357504,1,0,0,8,7601790D690000FF,can0
3419,1786717315.0986426,608986.643357202,435294784,1,0,0,8,400B760103FFFFFF,can0
3420,1786717315.0994072,608986.644120494,435294784,1,0,0,8,41FFFFFFFFFFFFFF,can0
3421,1786717315.1058114,608986.650528744,435357504,1,0,0,8,7602BB0D8C0000FF,can0
3422,1786717315.106714,608986.651429369,435294784,1,0,0,8,200B760203FFFFFF,can0
3423,1786717315.109897,608986.654612119,435294784,1,0,0,8,21FFFFFFFFFFFFFF,can0
3424,1786717315.1109822,608986.655698119,435357504,1,0,0,8,7603D50C7F0000FF,can0
3425,1786717315.1119797,608986.656693827,435294784,1,0,0,8,200B760303FFFFFF,can0
3426,1786717315.1127212,608986.657433619,435294784,1,0,0,8,21FFFFFFFFFFFFFF,can0
3427,1786717315.113245,608986.657958202,435357504,1,0,0,8,7604BA08000000FF,can0
3428,1786717315.1138408,608986.658553869,435294784,1,0,0,8,200B760403FFFFFF,can0
3429,1786717315.1149275,608986.659642869,435294784,1,0,0,8,21FFFFFFFFFFFFFF,can0
3430,1786717315.1158817,608986.660596161,435357248,1,0,0,8,76FFFC00FFFFFFFF,can0
3431,1786717315.1841843,608986.728905994,773,0,0,0,8,0000000000000000,can0
3432,1786717315.1858048,608986.730521286,775,0,0,0,8,1234567856494300,can0
3433,1786717315.276331,608986.821056536,435295297,1,0,0,8,007C15DD0004749D,can0
3434,1786717315.2773504,608986.822065702,435294785,1,0,0,8,400B9D0000FFFFFF,can0
3435,1786717315.2788312,608986.823545619,435294785,1,0,0,8,41FF4700FFFFFFFF,can0
3436,1786717315.2800298,608986.824744452,435357505,1,0,0,8,9D01E90C650000FF,can0
3437,1786717315.2816842,608986.826400536,435294785,1,0,0,8,400B9D0103FFFFFF,can0
3438,1786717315.283039,608986.827752494,435294785,1,0,0,8,41FFFFFFFFFFFFFF,can0
3439,1786717315.2839885,608986.828703077,435357505,1,0,0,8,9D02BA0D9D0000FF,can0
3440,1786717315.2855449,608986.830262577,435294785,1,0,0,8,200B9D0203FFFFFF,can0
3441,1786717315.2920206,608986.836735327,435294785,1,0,0,8,21FFFFFFFFFFFFFF,can0
3442,1786717315.3059273,608986.850656828,435357505,1,0,0,8,9D030F0D730000FF,can0
3443,1786717315.3069134,608986.851627994,435294785,1,0,0,8,200B9D0303FFFFFF,can0
3444,1786717315.307668,608986.852383244,435294785,1,0,0,8,21FFFFFFFFFFFFFF,can0
3445,1786717315.3085194,608986.853234619,435357505,1,0,0,8,9D049008000000FF,can0
3446,1786717315.3092282,608986.853942869,435294785,1,0,0,8,200B9D0403FFFFFF,can0
3447,1786717315.3099177,608986.854631869,435294785,1,0,0,8,21FFFFFFFFFFFFFF,can0
3448,1786717315.3106534,608986.855366619,435357249,1,0,0,8,9DFFFC00FFFFFFFF,can0
3449,1786717315.5337048,608987.078424786,485490497,1,0,0,8,6699B1EDED1CF205,can0
3450,1786717315.6410575,608987.185778328,485490497,1,0,0,8,66998FEDD9000000,can0
3451,1786717315.6931884,608987.237908453,485490497,1,0,0,8,6699BCED93DF0100,can0
3452,1786717315.6944556,608987.239171994,485490497,1,0,0,8,6699CCEC88820000,can0
3453,1786717315.6954584,608987.240173703,485490497,1,0,0,8,6699CBECD6800000,can0
3454,1786717315.6962845,608987.240998869,485490497,1,0,0,8,6699DCEC72C90000,can0
3455,1786717315.6973796,608987.242092328,485490497,1,0,0,8,6699DBEC90880000,can0
3456,1786717315.698031,608987.242743619,485490497,1,0,0,8,6699ECECFD960000,can0
3457,1786717315.6986246,608987.243336328,485490497,1,0,0,8,6699EBEC45820000,can0
3458,1786717315.699625,608987.244338703,485490497,1,0,0,8,6699FBECA2550000,can0
3459,1786717315.7338698,608987.278588703,485490497,1,0,0,8,6699B1ED86D6E905,can0
3460,1786717315.805288,608987.350403369,485490496,1,0,0,8,66998DED7B150000,can0
3461,1786717315.8069005,608987.351614619,485490496,1,0,0,8,66998FED05010000,can0
3462,1786717315.8439527,608987.388672994,485490496,1,0,0,8,6699DBEDFE100000,can0
3463,1786717315.8620863,608987.406807286,485490496,1,0,0,8,6699BCED31F80100,can0
3464,1786717315.863048,608987.407763036,485490496,1,0,0,8,6699B1ED79E57600,can0
3465,1786717315.863963,608987.408677828,485490496,1,0,0,8,6699CCEC779F0000,can0
3466,1786717315.8647547,608987.409469036,485490496,1,0,0,8,6699CBEC32850000,can0
3467,1786717315.8657796,608987.410494911,485490496,1,0,0,8,6699DCEC36BF0000,can0
3468,1786717315.8667412,608987.411456661,485490496,1,0,0,8,6699DBECB9870000,can0
3469,1786717315.8677258,608987.412440369,485490496,1,0,0,8,6699ECEC699C0000,can0
3470,1786717315.8685443,608987.413258619,485490496,1,0,0,8,6699EBEC797E0000,can0
3471,1786717315.8693519,608987.414066328,485490496,1,0,0,8,6699FBEC41570000,can0
3472,1786717316.0341334,608987.578853161,485441761,1,0,0,8,6699152030030000,can0
3473,1786717316.0350244,608987.57973837,485442017,1,0,0,8,669915201A030000,can0
3474,1786717316.0358906,608987.580604745,485490496,1,0,0,8,6699152030030000,can0
3475,1786717316.0366228,608987.581336828,485490497,1,0,0,8,669915201A030000,can0
3476,1786717316.052452,608987.59717162,485490657,1,0,0,8,6699FF0FAC260000,can0
3477,1786717316.0533605,608987.598074286,485490657,1,0,0,8,66991C20C441FFFF,can0
3478,1786717316.1522794,608987.696999911,485490657,1,0,0,8,669902207C150000,can0
3479,1786717316.157133,608987.701853245,485490657,1,0,0,8,669903204C090000,can0
3480,1786717316.1789129,608987.723635328,773,0,0,0,8,0000000000000000,can0
3481,1786717316.1800225,608987.724736745,775,0,0,0,8,1234567856494300,can0
3482,1786717316.1856246,608987.730344703,485441761,1,0,0,8,66990100D0EDFCFF,can0
3483,1786717316.1865478,608987.731262245,485441761,1,0,0,8,66990100DCEDFEFF,can0
3484,1786717316.1876454,608987.732360578,485441761,1,0,0,8,66990100DAEDFFFF,can0
3485,1786717316.1921885,608987.736908536,485441761,1,0,0,8,669901002720FFFF,can0
3486,1786717316.193325,608987.738040703,485490496,1,0,0,8,6699DAED00000000,can0
3487,1786717316.1940846,608987.738798411,485490496,1,0,0,8,6699272027E90300,can0
3488,1786717316.2189674,608987.763687203,485490496,1,0,0,8,6699DCED80200000,can0
3489,1786717316.2198827,608987.764597995,485490496,1,0,0,8,6699DDEDD1830200,can0
3490,1786717316.223988,608987.76870787,485490496,1,0,0,8,6699D0ED730E0000,can0
3491,1786717316.2326043,608987.777322078,485490496,1,0,0,8,6699D1EDF9030000,can0
3492,1786717316.2335043,608987.778218036,485490496,1,0,0,8,6699D2ED420E0000,can0
3493,1786717316.2342381,608987.778953078,485490496,1,0,0,8,6699D3EDB4020000,can0
3494,1786717316.2596252,608987.80434512,485490497,1,0,0,8,66990102FC000000,can0
3495,1786717316.2605603,608987.80527487,485490497,1,0,0,8,66990A02FC000000,can0
3496,1786717316.2850513,608987.829771078,485490497,1,0,0,8,6699000201000000,can0
3497,1786717316.2890553,608987.833769286,485490497,1,0,0,8,6699020200000000,can0
3498,1786717316.290024,608987.834737286,485490497,1,0,0,8,6699070200000000,can0
3499,1786717316.292293,608987.837007828,485490497,1,0,0,8,66991E0300000000,can0
3500,1786717316.2946799,608987.83939512,485490497,1,0,0,8,66991C0300000000,can0
3501,1786717316.3016047,608987.846320245,485490497,1,0,0,8,66998DED7C150000,can0
3502,1786717316.3303428,608987.875060953,485490497,1,0,0,8,66998FEDD8000000,can0
3503,1786717316.33562,608987.880341203,485490497,1,0,0,8,6699ECED04740000,can0
3504,1786717316.3365552,608987.881270661,485490497,1,0,0,8,6699DAED00000000,can0
3505,1786717316.5376534,608988.08237262,485490497,1,0,0,8,6699B3ED01000000,can0
3506,1786717316.5400314,608988.084751703,485490497,1,0,0,8,6699BCEDEEE30100,can0
3507,1786717316.59365,608988.138371495,435295296,1,0,0,8,007C150801047494,can0
3508,1786717316.5995543,608988.144274036,435294784,1,0,0,8,600B940000FFFFFF,can0
3509,1786717316.60197,608988.146685745,435294784,1,0,0,8,61FF4B00FFFFFFFF,can0
3510,1786717316.6052582,608988.149973453,435357504,1,0,0,8,9401280D870000FF,can0
3511,1786717316.6062539,608988.150968203,435294784,1,0,0,8,600B940103FFFFFF,can0
3512,1786717316.6069493,608988.15166437,435294784,1,0,0,8,61FFFFFFFFFFFFFF,can0
3513,1786717316.6086671,608988.153382661,435357504,1,0,0,8,9402690D850000FF,can0
3514,1786717316.6094513,608988.154165828,435294784,1,0,0,8,400B940203FFFFFF,can0
3515,1786717316.6103156,608988.15503012,435294784,1,0,0,8,41FFFFFFFFFFFFFF,can0
3516,1786717316.6110003,608988.155714203,435357504,1,0,0,8,9403740C770000FF,can0
3517,1786717316.6116235,608988.156337245,435294784,1,0,0,8,400B940303FFFFFF,can0
3518,1786717316.6122591,608988.156972453,435294784,1,0,0,8,41FFFFFFFFFFFFFF,can0
3519,1786717316.6128788,608988.15759312,435357504,1,0,0,8,9404BA08000000FF,can0
3520,1786717316.6134942,608988.158208536,435294784,1,0,0,8,400B940403FFFFFF,can0
3521,1786717316.6141021,608988.15881487,435294784,1,0,0,8,41FFFFFFFFFFFFFF,can0
3522,1786717316.6147168,608988.159430495,435357248,1,0,0,8,94FFFC00FFFFFFFF,can0
3523,1786717316.6154737,608988.160190078,233966912,1,0,0,8,0001FDFFFFFFFFFF,can0
3524,1786717316.6271348,608988.171854786,502267713,1,0,0,8,A0266699501000E9,can0
3525,1786717316.6287642,608988.173479661,502267713,1,0,0,8,A1000000FFFFFFFF,can0
3526,1786717316.6295407,608988.174254245,502267713,1,0,0,8,A28515AF14000000,can0
3527,1786717316.6311886,608988.175903328,502267713,1,0,0,8,A30000C102000000,can0
3528,1786717316.6321168,608988.176832036,502267713,1,0,0,8,A400350900009F01,can0
3529,1786717316.6328535,608988.177567536,502267713,1,0,0,8,A58A9A1300FFFFFF,can0
3530,1786717316.6456046,608988.190324828,485490497,1,0,0,8,66998FEDD8000000,can0
3531,1786717316.6940541,608988.23877612,485490497,1,0,0,8,6699BCEDEEE30100,can0
3532,1786717316.6973977,608988.242117453,485490497,1,0,0,8,6699B1ED3D4EF105,can0
3533,1786717316.698557,608988.243270786,485490497,1,0,0,8,6699CCECD0860000,can0
3534,1786717316.6994183,608988.24413262,485490497,1,0,0,8,6699CBECE17E0000,can0
3535,1786717316.7002382,608988.244952578,485490497,1,0,0,8,6699DCEC82CB0000,can0
3536,1786717316.7014039,608988.246118328,485490497,1,0,0,8,6699DBEC0D860000,can0
3537,1786717316.7021406,608988.246853953,485490497,1,0,0,8,6699ECEC73930000,can0
3538,1786717316.702884,608988.247598286,485490497,1,0,0,8,6699EBEC7A7F0000,can0
3539,1786717316.7035613,608988.248275203,485490497,1,0,0,8,6699FBECA3550000,can0
3540,1786717316.7763996,608988.321119578,435295297,1,0,0,8,007C15D8000474BB,can0
3541,1786717316.7775948,608988.322308537,435294785,1,0,0,8,600BBB0000FFFFFF,can0
3542,1786717316.7784376,608988.323152787,435294785,1,0,0,8,61FF4700FFFFFFFF,can0
3543,1786717316.7843726,608988.329090828,435357505,1,0,0,8,BB01B00C6B0000FF,can0
3544,1786717316.7862756,608988.330988787,435294785,1,0,0,8,600BBB0103FFFFFF,can0
3545,1786717316.7870476,608988.331762745,435294785,1,0,0,8,61FFFFFFFFFFFFFF,can0
3546,1786717316.791902,608988.33661762,435357505,1,0,0,8,BB02680D970000FF,can0
3547,1786717316.7928154,608988.337528787,435294785,1,0,0,8,400BBB0203FFFFFF,can0
3548,1786717316.7950063,608988.339723203,435294785,1,0,0,8,41FFFFFFFFFFFFFF,can0
3549,1786717316.7998064,608988.344521287,435357505,1,0,0,8,BB03BF0C730000FF,can0
3550,1786717316.8005455,608988.345260078,435294785,1,0,0,8,400BBB0303FFFFFF,can0
3551,1786717316.8039367,608988.348651995,435294785,1,0,0,8,41FFFFFFFFFFFFFF,can0
3552,1786717316.8144996,608988.359218203,435357505,1,0,0,8,BB049008000000FF,can0
3553,1786717316.8155277,608988.360243328,435294785,1,0,0,8,400BBB0403FFFFFF,can0
3554,1786717316.8162718,608988.360986787,435294785,1,0,0,8,41FFFFFFFFFFFFFF,can0
3555,1786717316.8169243,608988.361638662,435357249,1,0,0,8,BBFFFC00FFFFFFFF,can0
3556,1786717316.8175585,608988.36227162,485490497,1,0,0,8,66994E0301000000,can0
3557,1786717316.8183684,608988.363081995,485490496,1,0,0,8,66998DED7C150000,can0
3558,1786717316.8190327,608988.363746912,485490496,1,0,0,8,66998FED05010000,can0
3559,1786717316.819669,608988.364382412,485490496,1,0,0,8,6699DBED08110000,can0
3560,1786717316.8617575,608988.406483537,485490496,1,0,0,8,6699BCEDFEEF0100,can0
3561,1786717316.863127,608988.40784387,485490496,1,0,0,8,6699B1ED7E7A7700,can0
3562,1786717316.8640196,608988.40873412,485490496,1,0,0,8,6699CCECD7A50000,can0
3563,1786717316.8689682,608988.413685037,485490496,1,0,0,8,6699CBEC11840000,can0
3564,1786717316.8697712,608988.414485203,485490496,1,0,0,8,6699DCEC03B60000,can0
3565,1786717316.8745136,608988.419233787,485490496,1,0,0,8,6699DBEC55860000,can0
3566,1786717316.8755503,608988.420265662,485490496,1,0,0,8,6699ECEC4E930000,can0
3567,1786717316.8779325,608988.422649828,485490496,1,0,0,8,6699EBECB77C0000,can0
3568,1786717316.879043,608988.423757953,485490496,1,0,0,8,6699FBEC43570000,can0
3569,1786717317.0362215,608988.580940787,485490657,1,0,0,8,6699FF0FAC260000,can0
3570,1786717317.0383432,608988.583061995,485490657,1,0,0,8,66991C209840FFFF,can0
3571,1786717317.1798692,608988.72458962,773,0,0,0,8,0000000000000000,can0
3572,1786717317.1808102,608988.725524203,775,0,0,0,8,1234567856494300,can0
3573,1786717317.3880208,608988.932741162,485490657,1,0,0,8,669901207C150000,can0
3574,1786717317.3889966,608988.933710787,485490657,1,0,0,8,66990E200D000000,can0
3575,1786717317.6395848,608989.184304995,485490497,1,0,0,8,66998FEDDD000000,can0
3576,1786717317.6932657,608989.237995995,485490497,1,0,0,8,6699BCED62F20100,can0
3577,1786717317.6945424,608989.239257787,485490497,1,0,0,8,6699B1ED5697C505,can0
3578,1786717317.6958566,608989.240573745,485490497,1,0,0,8,6699CCECD28A0000,can0
3579,1786717317.6967223,608989.24143512,485490497,1,0,0,8,6699CBECC77B0000,can0
3580,1786717317.6974,608989.242112287,485490497,1,0,0,8,6699DCEC7BD60000,can0
3581,1786717317.697947,608989.24265887,485490497,1,0,0,8,6699DBECE8820000,can0
3582,1786717317.6986375,608989.243357954,485490497,1,0,0,8,6699ECEC3A910000,can0
3583,1786717317.699519,608989.24423362,485490497,1,0,0,8,6699EBEC217E0000,can0
3584,1786717317.7002585,608989.244973037,485490497,1,0,0,8,6699FBECA1550000,can0
3585,1786717317.7785316,608989.323250495,485442017,1,0,0,8,66990100D0EDFCFF,can0
3586,1786717317.7796483,608989.324363412,485442017,1,0,0,8,66990100DCEDFEFF,can0
3587,1786717317.780288,608989.325002329,485442017,1,0,0,8,66990100DAEDFFFF,can0
3588,1786717317.7811131,608989.325827995,485442017,1,0,0,8,669901002720FFFF,can0
3589,1786717317.7827818,608989.327495662,485490497,1,0,0,8,6699DAED00000000,can0
3590,1786717317.7844563,608989.329174412,485490497,1,0,0,8,6699272049E50300,can0
3591,1786717317.806216,608989.350936037,485490496,1,0,0,8,66998FEDFD000000,can0
3592,1786717317.8403053,608989.385024954,485490497,1,0,0,8,6699DCED37110000,can0
3593,1786717317.8414607,608989.386174995,485490497,1,0,0,8,6699DDEDBD280000,can0
3594,1786717317.842439,608989.387153745,485490497,1,0,0,8,6699D0ED38080000,can0
3595,1786717317.8433108,608989.388024454,485490497,1,0,0,8,6699D1ED29010000,can0
3596,1786717317.8458395,608989.390553787,485490497,1,0,0,8,6699D2ED35090000,can0
3597,1786717317.8467252,608989.391438829,485490497,1,0,0,8,6699D3EDE9000000,can0
3598,1786717317.861789,608989.406508329,485490496,1,0,0,8,6699BCEDC3E80100,can0
3599,1786717317.8629115,608989.40762462,485490496,1,0,0,8,6699B1EDAFF37700,can0
3600,1786717317.8635857,608989.408298995,485490496,1,0,0,8,6699CCEC00AC0000,can0
3601,1786717317.8673713,608989.412087287,485490496,1,0,0,8,6699CBEC09830000,can0
3602,1786717317.868579,608989.413294745,485490496,1,0,0,8,6699DCEC71B10000,can0
3603,1786717317.8693578,608989.414071745,485490496,1,0,0,8,6699DBECCE840000,can0
3604,1786717317.8700535,608989.414767954,485490496,1,0,0,8,6699ECECEA8A0000,can0
3605,1786717317.870771,608989.415485995,485490496,1,0,0,8,6699EBECFF7A0000,can0
3606,1786717317.871518,608989.416232495,485490496,1,0,0,8,6699FBEC42570000,can0
3607,1786717318.0406988,608989.585418495,485490657,1,0,0,8,6699FF0FAC260000,can0
3608,1786717318.0425901,608989.587325995,485490657,1,0,0,8,66991C20C441FFFF,can0
3609,1786717318.0987027,608989.643427329,435295296,1,0,0,8,007C15FC000474B2,can0
3610,1786717318.0997589,608989.644473954,435294784,1,0,0,8,800BB20000FFFFFF,can0
3611,1786717318.1005557,608989.645269995,435294784,1,0,0,8,81FF4B00FFFFFFFF,can0
3612,1786717318.106146,608989.650865579,435357504,1,0,0,8,B201160D810000FF,can0
3613,1786717318.1069977,608989.651711412,435294784,1,0,0,8,800BB20103FFFFFF,can0
3614,1786717318.115889,608989.660603746,435294784,1,0,0,8,81FFFFFFFFFFFFFF,can0
3615,1786717318.1167855,608989.661499662,435357504,1,0,0,8,B2023D0D8B0000FF,can0
3616,1786717318.1175706,608989.662284704,435294784,1,0,0,8,600BB20203FFFFFF,can0
3617,1786717318.1183007,608989.663013704,435294784,1,0,0,8,61FFFFFFFFFFFFFF,can0
3618,1786717318.1190047,608989.663718746,435357504,1,0,0,8,B203410C700000FF,can0
3619,1786717318.119689,608989.664402871,435294784,1,0,0,8,600BB20303FFFFFF,can0
3620,1786717318.1204605,608989.665175579,435294784,1,0,0,8,61FFFFFFFFFFFFFF,can0
3621,1786717318.1334393,608989.678153246,435357504,1,0,0,8,B204BA08000000FF,can0
3622,1786717318.1341534,608989.678867412,435294784,1,0,0,8,600BB20403FFFFFF,can0
3623,1786717318.1351717,608989.679886329,435294784,1,0,0,8,61FFFFFFFFFFFFFF,can0
3624,1786717318.136235,608989.680950454,435357248,1,0,0,8,B2FFFC00FFFFFFFF,can0
3625,1786717318.1371264,608989.681840746,485490496,1,0,0,8,66998DED7D150000,can0
3626,1786717318.1782937,608989.723014287,773,0,0,0,8,0000000000000000,can0
3627,1786717318.1792586,608989.723975996,775,0,0,0,8,1234567856494300,can0
3628,1786717318.2828577,608989.827578704,435295297,1,0,0,8,007C15E0000474D9,can0
3629,1786717318.2840447,608989.828760704,435294785,1,0,0,8,800BD90000FFFFFF,can0
3630,1786717318.2851782,608989.829892579,435294785,1,0,0,8,81FF4700FFFFFFFF,can0
3631,1786717318.2964818,608989.841196496,435357505,1,0,0,8,D901330C720000FF,can0
3632,1786717318.3006644,608989.845379412,435294785,1,0,0,8,800BD90103FFFFFF,can0
3633,1786717318.3015094,608989.846226329,435294785,1,0,0,8,81FFFFFFFFFFFFFF,can0
3634,1786717318.3026557,608989.847369871,435357505,1,0,0,8,D902F00CAB0000FF,can0
3635,1786717318.3034844,608989.848199162,435294785,1,0,0,8,600BD90203FFFFFF,can0
3636,1786717318.3043182,608989.849038996,435294785,1,0,0,8,61FFFFFFFFFFFFFF,can0
3637,1786717318.3052855,608989.859099496,435357505,1,0,0,8,D9039E0C730000FF,can0
3638,1786717318.315711,608989.860427662,435294785,1,0,0,8,600BD90303FFFFFF,can0
3639,1786717318.3166003,608989.861314412,435294785,1,0,0,8,61FFFFFFFFFFFFFF,can0
3640,1786717318.317351,608989.862066371,435357505,1,0,0,8,D9049008000000FF,can0
3641,1786717318.3180656,608989.862779412,435294785,1,0,0,8,600BD90403FFFFFF,can0
3642,1786717318.3187838,608989.863498621,435294785,1,0,0,8,61FFFFFFFFFFFFFF,can0
3643,1786717318.3195374,608989.864251621,435357249,1,0,0,8,D9FFFC00FFFFFFFF,can0
3644,1786717318.3377447,608989.882464662,233966913,1,0,0,8,0001FDFFFFFFFFFF,can0
3645,1786717318.550191,608990.094911537,485490496,1,0,0,8,66990102FC000000,can0
3646,1786717318.5511327,608990.095848621,485490496,1,0,0,8,66990A02FC000000,can0
3647,1786717318.6019938,608990.146712246,485490496,1,0,0,8,6699000201000000,can0
3648,1786717318.6029088,608990.147622787,485490496,1,0,0,8,6699020200000000,can0
3649,1786717318.603546,608990.148258537,485490496,1,0,0,8,6699070200000000,can0
3650,1786717318.6054857,608990.150202121,485490496,1,0,0,8,66991E0300000000,can0
3651,1786717318.606316,608990.151028454,485490496,1,0,0,8,66991C0300000000,can0
3652,1786717318.6071758,608990.151889329,485490496,1,0,0,8,66998DED7C150000,can0
3653,1786717318.639193,608990.183912371,485490497,1,0,0,8,66998FEDE0000000,can0
3654,1786717318.6507215,608990.195440787,485490496,1,0,0,8,66998FEDFB000000,can0
3655,1786717318.6518455,608990.196560371,485490496,1,0,0,8,6699ECED04740000,can0
3656,1786717318.6533527,608990.198067287,485490496,1,0,0,8,6699DAED00000000,can0
3657,1786717318.6928842,608990.237603704,485490497,1,0,0,8,6699BCED63F70100,can0
3658,1786717318.693946,608990.238659162,485490497,1,0,0,8,6699B1EDD198E805,can0
3659,1786717318.6947408,608990.239456454,485490497,1,0,0,8,6699CCEC908A0000,can0
3660,1786717318.6960948,608990.240811954,485490497,1,0,0,8,6699CBECE0790000,can0
3661,1786717318.6975381,608990.242252412,485490497,1,0,0,8,6699DCEC05DD0000,can0
3662,1786717318.6986785,608990.243395204,485490497,1,0,0,8,6699DBEC12800000,can0
3663,1786717318.6998343,608990.244550287,485490497,1,0,0,8,6699ECEC95900000,can0
3664,1786717318.7011847,608990.245901621,485490497,1,0,0,8,6699EBEC177E0000,can0
3665,1786717318.7020047,608990.246719287,485490497,1,0,0,8,6699FBECA3550000,can0
3666,1786717318.8056986,608990.350418288,485490496,1,0,0,8,66998DED7D150000,can0
3667,1786717318.8073606,608990.352075788,485490496,1,0,0,8,66998FEDFA000000,can0
3668,1786717318.8539453,608990.398664954,485490496,1,0,0,8,6699B3ED01000000,can0
3669,1786717318.8548005,608990.399513538,485490496,1,0,0,8,6699BCEDE2E70100,can0
3670,1786717318.8647158,608990.409436621,485490496,1,0,0,8,6699BCEDE2E70100,can0
3671,1786717318.8659935,608990.410708538,485490496,1,0,0,8,6699B1ED3AF47700,can0
3672,1786717318.8668003,608990.411515204,485490496,1,0,0,8,6699CCEC9BB10000,can0
3673,1786717318.8681917,608990.412907163,485490496,1,0,0,8,6699CBEC29820000,can0
3674,1786717318.869075,608990.413789579,485490496,1,0,0,8,6699DCECEDAF0000,can0
3675,1786717318.8698244,608990.414538954,485490496,1,0,0,8,6699DBECC8830000,can0
3676,1786717318.8705497,608990.415263038,485490496,1,0,0,8,6699ECEC7B850000,can0
3677,1786717318.871273,608990.415986204,485490496,1,0,0,8,6699EBECEF790000,can0
3678,1786717318.87247,608990.417183371,485490496,1,0,0,8,6699FBEC42570000,can0
3679,1786717318.943448,608990.488167454,502267712,1,0,0,8,A0266699501000B4,can0
3680,1786717318.9478111,608990.492531204,502267712,1,0,0,8,A1020000FFFFFFFF,can0
3681,1786717318.9486892,608990.493403788,502267712,1,0,0,8,A28515AB14000000,can0
3682,1786717318.9494102,608990.494124121,502267712,1,0,0,8,A30000C202000000,can0
3683,1786717318.9500592,608990.494773079,502267712,1,0,0,8,A400420E00009602,can0
3684,1786717318.9507625,608990.495476663,502267712,1,0,0,8,A5EE9A4001FFFFFF,can0
3685,1786717319.047363,608990.592083663,485441761,1,0,0,8,6699152031030000,can0
3686,1786717319.0520732,608990.596787663,485490496,1,0,0,8,6699152031030000,can0
3687,1786717319.0661156,608990.610831204,485442017,1,0,0,8,6699152019030000,can0
3688,1786717319.0669196,608990.611634163,485490497,1,0,0,8,6699152019030000,can0
3689,1786717319.0867858,608990.631504788,485490657,1,0,0,8,6699FF0FAC260000,can0
3690,1786717319.098021,608990.642741038,485490657,1,0,0,8,66991C201C44FFFF,can0
3691,1786717319.1046243,608990.649344913,485490496,1,0,0,8,66994E0301000000,can0
3692,1786717319.158441,608990.703162329,485490657,1,0,0,8,669902207B150000,can0
3693,1786717319.1792116,608990.723930996,773,0,0,0,8,0000000000000000,can0
3694,1786717319.181698,608990.726413121,775,0,0,0,8,1234567856494300,can0
3695,1786717319.3282356,608990.872953538,485490497,1,0,0,8,6699DBED40100000,can0
3696,1786717319.5960696,608991.140796038,435295296,1,0,0,8,007C15F8000474D0,can0
3697,1786717319.5972164,608991.141930621,435294784,1,0,0,8,A00BD00000FFFFFF,can0
3698,1786717319.5980084,608991.14273533,435294784,1,0,0,8,A1FF4B00FFFFFFFF,can0
3699,1786717319.5988827,608991.143597288,435357504,1,0,0,8,D0010F0D830000FF,can0
3700,1786717319.6108794,608991.155594205,435294784,1,0,0,8,A00BD00103FFFFFF,can0
3701,1786717319.6150336,608991.159749788,435294784,1,0,0,8,A1FFFFFFFFFFFFFF,can0
3702,1786717319.6162157,608991.160930788,435357504,1,0,0,8,D002270D810000FF,can0
3703,1786717319.6169934,608991.161707746,435294784,1,0,0,8,800BD00203FFFFFF,can0
3704,1786717319.6177886,608991.162503038,435294784,1,0,0,8,81FFFFFFFFFFFFFF,can0
3705,1786717319.6185544,608991.163267746,435357504,1,0,0,8,D003290C6B0000FF,can0
3706,1786717319.630326,608991.17504208,435294784,1,0,0,8,800BD00303FFFFFF,can0
3707,1786717319.6313198,608991.176033413,435294784,1,0,0,8,81FFFFFFFFFFFFFF,can0
3708,1786717319.632065,608991.176780038,435357504,1,0,0,8,D004BA08000000FF,can0
3709,1786717319.6328886,608991.17760283,435294784,1,0,0,8,800BD00403FFFFFF,can0
3710,1786717319.6335554,608991.178269371,435294784,1,0,0,8,81FFFFFFFFFFFFFF,can0
3711,1786717319.6343842,608991.179098246,435357248,1,0,0,8,D0FFFC00FFFFFFFF,can0
3712,1786717319.6434422,608991.188157621,485490497,1,0,0,8,66998FEDE3000000,can0
3713,1786717319.6465135,608991.191228663,485490497,1,0,0,8,6699DBED36100000,can0
3714,1786717319.694411,608991.239132246,485490497,1,0,0,8,6699BCED25FC0100,can0
3715,1786717319.6965823,608991.241297663,485490497,1,0,0,8,6699B1EDDD61C505,can0
3716,1786717319.6973283,608991.242041871,485490497,1,0,0,8,6699CCEC3D8A0000,can0
3717,1786717319.698067,608991.24278208,485490497,1,0,0,8,6699CBECCF790000,can0
3718,1786717319.6987417,608991.243455413,485490497,1,0,0,8,6699DCECB3E10000,can0
3719,1786717319.69941,608991.244124205,485490497,1,0,0,8,6699DBEC3F780000,can0
3720,1786717319.7116656,608991.256385205,485490497,1,0,0,8,6699ECECF98F0000,can0
3721,1786717319.7126322,608991.257347788,485490497,1,0,0,8,6699EBEC107E0000,can0
3722,1786717319.7133625,608991.258076871,485490497,1,0,0,8,6699FBECA0550000,can0
3723,1786717319.7751756,608991.319894371,435295297,1,0,0,8,007C15E3000474F7,can0
3724,1786717319.776158,608991.320872538,435294785,1,0,0,8,A00BF70000FFFFFF,can0
3725,1786717319.77678,608991.321492705,435294785,1,0,0,8,A1FF4700FFFFFFFF,can0
3726,1786717319.7774894,608991.322204871,435357505,1,0,0,8,F7012D0C710000FF,can0
3727,1786717319.7782032,608991.32291783,435294785,1,0,0,8,A00BF70103FFFFFF,can0
3728,1786717319.7789674,608991.323682621,435294785,1,0,0,8,A1FFFFFFFFFFFFFF,can0
3729,1786717319.779941,608991.32465558,435357505,1,0,0,8,F702060CBA0000FF,can0
3730,1786717319.7806723,608991.325386038,435294785,1,0,0,8,800BF70203FFFFFF,can0
3731,1786717319.7814405,608991.326156121,435294785,1,0,0,8,81FFFFFFFFFFFFFF,can0
3732,1786717319.7821698,608991.326884496,435357505,1,0,0,8,F7039C0C720000FF,can0
3733,1786717319.782901,608991.32761483,435294785,1,0,0,8,800BF70303FFFFFF,can0
3734,1786717319.7836022,608991.328315413,435294785,1,0,0,8,81FFFFFFFFFFFFFF,can0
3735,1786717319.7842796,608991.32899308,435357505,1,0,0,8,F7049008000000FF,can0
3736,1786717319.8001494,608991.344864371,435294785,1,0,0,8,800BF70403FFFFFF,can0
3737,1786717319.8010266,608991.345740371,435294785,1,0,0,8,81FFFFFFFFFFFFFF,can0
3738,1786717319.8058002,608991.350517496,435357249,1,0,0,8,F7FFFC00FFFFFFFF,can0
3739,1786717319.8066008,608991.351315163,485490496,1,0,0,8,66998DED7C150000,can0
3740,1786717319.8073401,608991.352054538,485490496,1,0,0,8,66998FEDF8000000,can0
3741,1786717319.8615417,608991.406261413,485490496,1,0,0,8,6699BCEDCFF30100,can0
3742,1786717319.8623965,608991.407109205,485490496,1,0,0,8,6699B1EDFF607700,can0
3743,1786717319.8630698,608991.407785288,485490496,1,0,0,8,6699CCEC90BC0000,can0
3744,1786717319.8637574,608991.408470955,485490496,1,0,0,8,6699CBEC75800000,can0
3745,1786717319.8658946,608991.410620205,485490496,1,0,0,8,6699DCEC95B10000,can0
3746,1786717319.8671832,608991.411898038,485490496,1,0,0,8,6699DBEC95820000,can0
3747,1786717319.8680754,608991.412787788,485490496,1,0,0,8,6699ECECA5800000,can0
3748,1786717319.8686798,608991.413392913,485490496,1,0,0,8,6699EBECBC780000,can0
3749,1786717319.8692627,608991.413974913,485490496,1,0,0,8,6699FBEC4A570000,can0
3750,1786717320.0419402,608991.586659538,485490657,1,0,0,8,6699FF0FAC260000,can0
3751,1786717320.0470302,608991.591750163,485490657,1,0,0,8,66991C20B843FFFF,can0
3752,1786717320.180322,608991.725042455,773,0,0,0,8,0000000000000000,can0
3753,1786717320.1812482,608991.725962538,775,0,0,0,8,1234567856494300,can0
3754,1786717320.639425,608992.184145705,485490497,1,0,0,8,66998FEDE2000000,can0
3755,1786717320.6403558,608992.185069372,485490497,1,0,0,8,6699DBED36100000,can0
3756,1786717320.6924646,608992.237183413,485490497,1,0,0,8,6699BCED43F70100,can0
3757,1786717320.6933935,608992.23810733,485490497,1,0,0,8,6699B1ED1C8AE805,can0
3758,1786717320.6940546,608992.238767622,485490497,1,0,0,8,6699CCECDD890000,can0
3759,1786717320.6947005,608992.239413872,485490497,1,0,0,8,6699CBECC6790000,can0
3760,1786717320.6955538,608992.240269122,485490497,1,0,0,8,6699DCEC39DE0000,can0
3761,1786717320.6963065,608992.241020372,485490497,1,0,0,8,6699DBEC39780000,can0
3762,1786717320.6973433,608992.242058163,485490497,1,0,0,8,6699ECEC6E8F0000,can0
3763,1786717320.6979814,608992.242695997,485490497,1,0,0,8,6699EBEC107E0000,can0
3764,1786717320.6992998,608992.244016913,485490497,1,0,0,8,6699FBECA7550000,can0
3765,1786717320.8067586,608992.351478497,485490496,1,0,0,8,66998FED00010000,can0
3766,1786717320.8611748,608992.405894913,485490496,1,0,0,8,6699BCED11030200,can0
3767,1786717320.862088,608992.406800913,485490496,1,0,0,8,6699B1EDDB2B7600,can0
3768,1786717320.8628097,608992.407523122,485490496,1,0,0,8,6699CCEC96C80000,can0
3769,1786717320.8634152,608992.408127747,485490496,1,0,0,8,6699CBECB67D0000,can0
3770,1786717320.8641286,608992.408841872,485490496,1,0,0,8,6699DCEC2DBB0000,can0
3771,1786717320.8648796,608992.409593622,485490496,1,0,0,8,6699DBEC3E7F0000,can0
3772,1786717320.866488,608992.411206247,485490496,1,0,0,8,6699ECEC827E0000,can0
3773,1786717320.8674574,608992.412170955,485490496,1,0,0,8,6699EBECB7780000,can0
3774,1786717320.8681345,608992.412847413,485490496,1,0,0,8,6699FBEC58570000,can0
3775,1786717320.948276,608992.492995289,502267712,1,0,0,8,C0266699501000B4,can0
3776,1786717320.9491327,608992.493846789,502267712,1,0,0,8,C1020000FFFFFFFF,can0
3777,1786717320.9497318,608992.49444433,502267712,1,0,0,8,C28515AB14000000,can0
3778,1786717320.9502666,608992.494979789,502267712,1,0,0,8,C30000C202000000,can0
3779,1786717320.950814,608992.495526622,502267712,1,0,0,8,C400420E00009602,can0
3780,1786717320.9513547,608992.496068664,502267712,1,0,0,8,C5EE9A4001FFFFFF,can0
3781,1786717320.9518535,608992.49656533,502267712,1,0,0,8,E0286699A0100040,can0
3782,1786717320.9523358,608992.497048414,502267712,1,0,0,8,E101390088002101,can0
3783,1786717320.9528105,608992.497523705,502267712,1,0,0,8,E2D200FD014A044E,can0
3784,1786717320.9532878,608992.497999872,502267712,1,0,0,8,E30D750AB5980E9A,can0
3785,1786717320.953747,608992.498459789,502267712,1,0,0,8,E4EE9A9C5FFFFFFF,can0
3786,1786717320.954568,608992.499284205,502267712,1,0,0,8,E5FFFFFFFFFFFFFF,can0
3787,1786717321.0474865,608992.592205622,485490657,1,0,0,8,6699FF0FAC260000,can0
3788,1786717321.0515797,608992.596295705,485490657,1,0,0,8,66991C20C441FFFF,can0
3789,1786717321.0967414,608992.641459122,435295296,1,0,0,8,007C1502010474EE,can0
3790,1786717321.097899,608992.64261433,435294784,1,0,0,8,C00BEE0000FFFFFF,can0
3791,1786717321.0989304,608992.643645455,435294784,1,0,0,8,C1FF4B00FFFFFFFF,can0
3792,1786717321.1010678,608992.645787539,435357504,1,0,0,8,EE01920C9E0000FF,can0
3793,1786717321.101975,608992.646690122,435294784,1,0,0,8,C00BEE0103FFFFFF,can0
3794,1786717321.1027553,608992.64746983,435294784,1,0,0,8,C1FFFFFFFFFFFFFF,can0
3795,1786717321.1035094,608992.648225039,435357504,1,0,0,8,EE02AA0C940000FF,can0
3796,1786717321.1042883,608992.64900308,435294784,1,0,0,8,A00BEE0203FFFFFF,can0
3797,1786717321.105084,608992.649799247,435294784,1,0,0,8,A1FFFFFFFFFFFFFF,can0
3798,1786717321.1063657,608992.65108108,435357504,1,0,0,8,EE03110C690000FF,can0
3799,1786717321.1071804,608992.651894455,435294784,1,0,0,8,A00BEE0303FFFFFF,can0
3800,1786717321.107924,608992.652639372,435294784,1,0,0,8,A1FFFFFFFFFFFFFF,can0
3801,1786717321.1109724,608992.655688289,435357504,1,0,0,8,EE04BC08000000FF,can0
3802,1786717321.1120136,608992.656728789,435294784,1,0,0,8,A00BEE0403FFFFFF,can0
3803,1786717321.1128032,608992.657516539,435294784,1,0,0,8,A1FFFFFFFFFFFFFF,can0
3804,1786717321.1134894,608992.658202664,435357248,1,0,0,8,EEFFFC00FFFFFFFF,can0
3805,1786717321.1267772,608992.671497455,485490497,1,0,0,8,66998DED7D150000,can0
3806,1786717321.1801767,608992.72489733,485441761,1,0,0,8,66990100D0EDFCFF,can0
3807,1786717321.1811168,608992.725831289,485441761,1,0,0,8,66990100DCEDFEFF,can0
3808,1786717321.1819956,608992.726709914,485441761,1,0,0,8,66990100DAEDFFFF,can0
3809,1786717321.1833906,608992.728105372,485441761,1,0,0,8,669901002720FFFF,can0
3810,1786717321.1844006,608992.729115914,773,0,0,0,8,0000000000000000,can0
3811,1786717321.1851463,608992.729860289,775,0,0,0,8,1234567856494300,can0
3812,1786717321.1863883,608992.731103414,485490496,1,0,0,8,6699DAED00000000,can0
3813,1786717321.1883037,608992.733018164,485490496,1,0,0,8,6699272040FB0300,can0
3814,1786717321.225683,608992.770403539,485490496,1,0,0,8,6699DCED80200000,can0
3815,1786717321.2265987,608992.771313122,485490496,1,0,0,8,6699DDEDD1830200,can0
3816,1786717321.2273118,608992.772025622,485490496,1,0,0,8,6699D0ED730E0000,can0
3817,1786717321.2279997,608992.77271433,485490496,1,0,0,8,6699D1EDF9030000,can0
3818,1786717321.2286184,608992.773331955,485490496,1,0,0,8,6699D2ED420E0000,can0
3819,1786717321.2292333,608992.773946539,485490496,1,0,0,8,6699D3EDB4020000,can0
3820,1786717321.252143,608992.796862372,485490497,1,0,0,8,66990102FC000000,can0
3821,1786717321.2530553,608992.797768872,485490497,1,0,0,8,66990A02FC000000,can0
3822,1786717321.2761765,608992.820897455,435295297,1,0,0,8,007C15E100047419,can0
3823,1786717321.2789574,608992.823676955,435294785,1,0,0,8,C00B190000FFFFFF,can0
3824,1786717321.2825289,608992.827247789,435294785,1,0,0,8,C1FF4700FFFFFFFF,can0
3825,1786717321.2847407,608992.829456497,435357505,1,0,0,8,1901310C720000FF,can0
3826,1786717321.2861683,608992.830884372,435294785,1,0,0,8,C00B190103FFFFFF,can0
3827,1786717321.2875686,608992.832286289,435294785,1,0,0,8,C1FFFFFFFFFFFFFF,can0
3828,1786717321.288813,608992.833527122,435357505,1,0,0,8,1902080CBA0000FF,can0
3829,1786717321.2896109,608992.834324622,435294785,1,0,0,8,A00B190203FFFFFF,can0
3830,1786717321.2906222,608992.835335164,435294785,1,0,0,8,A1FFFFFFFFFFFFFF,can0
3831,1786717321.2913392,608992.836053914,435357505,1,0,0,8,19039E0C720000FF,can0
3832,1786717321.292031,608992.836745955,435294785,1,0,0,8,A00B190303FFFFFF,can0
3833,1786717321.292828,608992.837542289,435294785,1,0,0,8,A1FFFFFFFFFFFFFF,can0
3834,1786717321.2935991,608992.83831458,435357505,1,0,0,8,19049008000000FF,can0
3835,1786717321.2944663,608992.839180414,435294785,1,0,0,8,A00B190403FFFFFF,can0
3836,1786717321.2952054,608992.83992008,435294785,1,0,0,8,A1FFFFFFFFFFFFFF,can0
3837,1786717321.2961419,608992.840858289,435357249,1,0,0,8,19FFFC00FFFFFFFF,can0
3838,1786717321.2971654,608992.841879622,485490497,1,0,0,8,6699000201000000,can0
3839,1786717321.2985415,608992.843271414,485490497,1,0,0,8,6699020200000000,can0
3840,1786717321.3000243,608992.844740997,485490497,1,0,0,8,6699070200000000,can0
3841,1786717321.301408,608992.846123372,485490497,1,0,0,8,66991E0300000000,can0
3842,1786717321.302426,608992.84714133,485490497,1,0,0,8,66991C0300000000,can0
3843,1786717321.3032403,608992.847954872,485490497,1,0,0,8,66998DED7C150000,can0
3844,1786717321.3296373,608992.874358455,485490497,1,0,0,8,66998FEDE1000000,can0
3845,1786717321.3327408,608992.877464539,485490497,1,0,0,8,6699ECED04740000,can0
3846,1786717321.3365362,608992.88125483,485490497,1,0,0,8,6699DAED00000000,can0
3847,1786717321.5346706,608993.079389997,485490497,1,0,0,8,6699B3ED01000000,can0
3848,1786717321.539544,608993.084259455,485490497,1,0,0,8,6699BCEDC7F50100,can0
3849,1786717321.6304376,608993.175158164,502267713,1,0,0,8,C0266699501000E9,can0
3850,1786717321.6429713,608993.187690914,502267713,1,0,0,8,C1000000FFFFFFFF,can0
3851,1786717321.6524665,608993.197185997,502267713,1,0,0,8,C28515AF14000000,can0
3852,1786717321.6534345,608993.198150039,502267713,1,0,0,8,C30000C102000000,can0
3853,1786717321.654252,608993.198965622,502267713,1,0,0,8,C400350900009F01,can0
3854,1786717321.655035,608993.199748997,502267713,1,0,0,8,C58A9A1300FFFFFF,can0
3855,1786717321.658838,608993.203553122,485490497,1,0,0,8,66998DED7D150000,can0
3856,1786717321.659493,608993.204204789,485490497,1,0,0,8,66998FEDE1000000,can0
3857,1786717321.660136,608993.204856914,485490497,1,0,0,8,6699DBED40100000,can0
3858,1786717321.6939557,608993.238695456,485490497,1,0,0,8,6699BCEDC7F50100,can0
3859,1786717321.695771,608993.240487789,485490497,1,0,0,8,6699B1EDB435F205,can0
3860,1786717321.696866,608993.241591081,485490497,1,0,0,8,6699CCECE9890000,can0
3861,1786717321.6990032,608993.243719872,485490497,1,0,0,8,6699CBECFD790000,can0
3862,1786717321.7000558,608993.244770456,485490497,1,0,0,8,6699DCEC69DC0000,can0
3863,1786717321.7036376,608993.248353289,485490497,1,0,0,8,6699DBECDB780000,can0
3864,1786717321.7044685,608993.249181997,485490497,1,0,0,8,6699ECEC638F0000,can0
3865,1786717321.7069385,608993.251668497,485490497,1,0,0,8,6699EBEC8A7E0000,can0
3866,1786717321.7081685,608993.258568997,485490497,1,0,0,8,6699FBECA1550000,can0
3867,1786717321.7836995,608993.328419539,485490497,1,0,0,8,66994E0301000000,can0
3868,1786717321.8064318,608993.351152122,485490496,1,0,0,8,66998FED05010000,can0
3869,1786717321.8599458,608993.404665539,485490496,1,0,0,8,6699BCED3F060200,can0
3870,1786717321.860893,608993.405606997,485490496,1,0,0,8,6699B1EDFEED7600,can0
3871,1786717321.8616598,608993.406372831,485490496,1,0,0,8,6699CCECF3CB0000,can0
3872,1786717321.8624058,608993.407119622,485490496,1,0,0,8,6699CBEC4A7C0000,can0
3873,1786717321.863124,608993.407836914,485490496,1,0,0,8,6699DCECA6BC0000,can0
3874,1786717321.8637726,608993.408485331,485490496,1,0,0,8,6699DBECB77D0000,can0
3875,1786717321.8679645,608993.412683997,485490496,1,0,0,8,6699ECECC57D0000,can0
3876,1786717321.8688107,608993.413524664,485490496,1,0,0,8,6699EBECBD780000,can0
3877,1786717321.8693914,608993.414104164,485490496,1,0,0,8,6699FBEC69570000,can0
3878,1786717321.899487,608993.444206706,502267712,1,0,0,8,00266699501000B4,can0
3879,1786717321.9005604,608993.445274914,502267712,1,0,0,8,01020000FFFFFFFF,can0
3880,1786717321.9013078,608993.446021831,502267712,1,0,0,8,028515AB14000000,can0
3881,1786717321.9021957,608993.446909747,502267712,1,0,0,8,030000C202000000,can0
3882,1786717321.9081814,608993.452901497,502267712,1,0,0,8,0400420E00009602,can0
3883,1786717321.9121213,608993.456835831,502267712,1,0,0,8,05EE9A4001FFFFFF,can0
3884,1786717321.9129076,608993.457621622,502267712,1,0,0,8,20286699A0100040,can0
3885,1786717321.9136374,608993.458351622,502267712,1,0,0,8,2101390088002101,can0
3886,1786717321.9143286,608993.459042872,502267712,1,0,0,8,22D20009024A044E,can0
3887,1786717321.9150016,608993.459715289,502267712,1,0,0,8,230D750AB5980E9A,can0
3888,1786717321.9163759,608993.461090247,502267712,1,0,0,8,24EE9A9C5FFFFFFF,can0
3889,1786717321.9171038,608993.461816081,502267712,1,0,0,8,25FFFFFFFFFFFFFF,can0
3890,1786717322.0390627,608993.583782831,485441761,1,0,0,8,669915202F030000,can0
3891,1786717322.0401883,608993.584902664,485442017,1,0,0,8,669915201B030000,can0
3892,1786717322.0414774,608993.586192331,485490496,1,0,0,8,669915202F030000,can0
3893,1786717322.0425491,608993.587263414,485490497,1,0,0,8,669915201B030000,can0
3894,1786717322.0614216,608993.606140164,485490657,1,0,0,8,6699FF0FAC260000,can0
3895,1786717322.0644116,608993.609126414,485490657,1,0,0,8,66991C208044FFFF,can0
3896,1786717322.1698635,608993.714585956,485490657,1,0,0,8,669902207C150000,can0
3897,1786717322.181982,608993.726703247,773,0,0,0,8,0000000000000000,can0
3898,1786717322.1886375,608993.733357622,775,0,0,0,8,1234567856494300,can0
3899,1786717322.3858666,608993.930585998,485490657,1,0,0,8,669901207C150000,can0
3900,1786717322.3866987,608993.931412498,485490657,1,0,0,8,66990E200D000000,can0
3901,1786717322.5972424,608994.141962331,435295296,1,0,0,8,007C150701047410,can0
3902,1786717322.5983047,608994.143020414,435294784,1,0,0,8,E00B100000FFFFFF,can0
3903,1786717322.5991025,608994.143816289,435294784,1,0,0,8,E1FF4B00FFFFFFFF,can0
3904,1786717322.6144464,608994.159165164,435357504,1,0,0,8,10015A0CA60000FF,can0
3905,1786717322.6154165,608994.160131581,435294784,1,0,0,8,E00B100103FFFFFF,can0
3906,1786717322.6168675,608994.161582748,435294784,1,0,0,8,E1FFFFFFFFFFFFFF,can0
3907,1786717322.618208,608994.162922873,435357504,1,0,0,8,10026A0C990000FF,can0
3908,1786717322.6190166,608994.163730581,435294784,1,0,0,8,C00B100203FFFFFF,can0
3909,1786717322.620359,608994.165072873,435294784,1,0,0,8,C1FFFFFFFFFFFFFF,can0
3910,1786717322.6211534,608994.165867789,435357504,1,0,0,8,1003110C660000FF,can0
3911,1786717322.6219115,608994.166625956,435294784,1,0,0,8,C00B100303FFFFFF,can0
3912,1786717322.6227462,608994.167461331,435294784,1,0,0,8,C1FFFFFFFFFFFFFF,can0
3913,1786717322.623458,608994.168171789,435357504,1,0,0,8,1004C008000000FF,can0
3914,1786717322.6244738,608994.169188914,435294784,1,0,0,8,C00B100403FFFFFF,can0
3915,1786717322.6259353,608994.170650748,435294784,1,0,0,8,C1FFFFFFFFFFFFFF,can0
3916,1786717322.6268146,608994.171530248,435357248,1,0,0,8,10FFFC00FFFFFFFF,can0
3917,1786717322.6342325,608994.178952039,233966912,1,0,0,8,0001FDFFFFFFFFFF,can0
3918,1786717322.6396496,608994.184368414,485490497,1,0,0,8,66998FEDDF000000,can0
3919,1786717322.6934533,608994.238173289,485490497,1,0,0,8,6699BCED34EB0100,can0
3920,1786717322.694689,608994.239403623,485490497,1,0,0,8,6699B1EDA3DEF405,can0
3921,1786717322.6962695,608994.240986206,485490497,1,0,0,8,6699CCEC03860000,can0
3922,1786717322.6980786,608994.242795789,485490497,1,0,0,8,6699CBECC47D0000,can0
3923,1786717322.6992257,608994.243940331,485490497,1,0,0,8,6699DCEC58D80000,can0
3924,1786717322.7003915,608994.245106248,485490497,1,0,0,8,6699DBEC967D0000,can0
3925,1786717322.7011755,608994.245890248,485490497,1,0,0,8,6699ECEC0B8B0000,can0
3926,1786717322.7019377,608994.246651706,485490497,1,0,0,8,6699EBECCE820000,can0
3927,1786717322.7027645,608994.247478331,485490497,1,0,0,8,6699FBECA2550000,can0
3928,1786717322.7757404,608994.320460164,435295297,1,0,0,8,007D15DE00047437,can0
3929,1786717322.777204,608994.321918831,435294785,1,0,0,8,E00B370000FFFFFF,can0
3930,1786717322.7780766,608994.322791164,435294785,1,0,0,8,E1FF4700FFFFFFFF,can0
3931,1786717322.779027,608994.323742373,435357505,1,0,0,8,3701B30C680000FF,can0
3932,1786717322.7800095,608994.324724206,435294785,1,0,0,8,E00B370103FFFFFF,can0
3933,1786717322.791628,608994.336347248,435294785,1,0,0,8,E1FFFFFFFFFFFFFF,can0
3934,1786717322.7926266,608994.337340456,435357505,1,0,0,8,37028F0CAC0000FF,can0
3935,1786717322.7933812,608994.338094664,435294785,1,0,0,8,C00B370203FFFFFF,can0
3936,1786717322.7956994,608994.340415373,435294785,1,0,0,8,C1FFFFFFFFFFFFFF,can0
3937,1786717322.797602,608994.342317998,435357505,1,0,0,8,3703320D650000FF,can0
3938,1786717322.7985957,608994.343310623,435294785,1,0,0,8,C00B370303FFFFFF,can0
3939,1786717322.7995524,608994.344267956,435294785,1,0,0,8,C1FFFFFFFFFFFFFF,can0
3940,1786717322.8004408,608994.345160331,435357505,1,0,0,8,37049008000000FF,can0
3941,1786717322.8013072,608994.346022373,435294785,1,0,0,8,C00B370403FFFFFF,can0
3942,1786717322.801972,608994.346684081,435294785,1,0,0,8,C1FFFFFFFFFFFFFF,can0
3943,1786717322.8026063,608994.347321789,435357249,1,0,0,8,37FFFC00FFFFFFFF,can0
3944,1786717322.8042712,608994.348987248,485442017,1,0,0,8,66990100D0EDFCFF,can0
3945,1786717322.8050811,608994.349795206,485442017,1,0,0,8,66990100DCEDFEFF,can0
3946,1786717322.8061774,608994.350893248,485442017,1,0,0,8,66990100DAEDFFFF,can0
3947,1786717322.8069804,608994.351694248,485442017,1,0,0,8,669901002720FFFF,can0
3948,1786717322.8076835,608994.352398831,485490497,1,0,0,8,6699DAED00000000,can0
3949,1786717322.8083863,608994.353099706,485490497,1,0,0,8,669927202CE50300,can0
3950,1786717322.8091073,608994.353822331,485490496,1,0,0,8,66998FED07010000,can0
3951,1786717322.8233879,608994.368108039,485490497,1,0,0,8,6699DCED37110000,can0
3952,1786717322.8245773,608994.369292498,485490497,1,0,0,8,6699DDEDBD280000,can0
3953,1786717322.8265371,608994.371250039,485490497,1,0,0,8,6699D0ED38080000,can0
3954,1786717322.8271785,608994.371893039,485490497,1,0,0,8,6699D1ED29010000,can0
3955,1786717322.8277316,608994.372445081,485490497,1,0,0,8,6699D2ED35090000,can0
3956,1786717322.8286266,608994.373341581,485490497,1,0,0,8,6699D3EDE9000000,can0
3957,1786717322.85864,608994.403359373,485490496,1,0,0,8,6699BCED69070200,can0
3958,1786717322.8596928,608994.404406206,485490496,1,0,0,8,6699B1ED74727600,can0
3959,1786717322.8612545,608994.405969914,485490496,1,0,0,8,6699CCEC7DCD0000,can0
3960,1786717322.862257,608994.407051831,485490496,1,0,0,8,6699CBEC3C7B0000,can0
3961,1786717322.8632553,608994.407969789,485490496,1,0,0,8,6699DCEC6ABD0000,can0
3962,1786717322.86411,608994.408824164,485490496,1,0,0,8,6699DBECB17B0000,can0
3963,1786717322.864843,608994.409557623,485490496,1,0,0,8,6699ECEC7D7C0000,can0
3964,1786717322.8665178,608994.411231373,485490496,1,0,0,8,6699EBECBA780000,can0
3965,1786717322.8672822,608994.411995998,485490496,1,0,0,8,6699FBEC80570000,can0
3966,1786717322.8787482,608994.423468414,485490497,1,0,0,8,66998DED7C150000,can0
3967,1786717322.8987474,608994.443466623,502267712,1,0,0,8,40266699501000B4,can0
3968,1786717322.8997316,608994.444445664,502267712,1,0,0,8,41020000FFFFFFFF,can0
3969,1786717322.9004006,608994.445113039,502267712,1,0,0,8,428515AB14000000,can0
3970,1786717322.9009826,608994.445696456,502267712,1,0,0,8,430000C202000000,can0
3971,1786717322.9015439,608994.446257206,502267712,1,0,0,8,4400420E00009602,can0
3972,1786717322.9020205,608994.446733164,502267712,1,0,0,8,45EE9A4001FFFFFF,can0
3973,1786717322.906605,608994.451326831,502267712,1,0,0,8,60286699A0100040,can0
3974,1786717322.9076912,608994.452404664,502267712,1,0,0,8,6101390088002101,can0
3975,1786717322.9082613,608994.452976414,502267712,1,0,0,8,62D2000E024A044E,can0
3976,1786717322.9089556,608994.453668414,502267712,1,0,0,8,630D750AB5980E9A,can0
3977,1786717322.9094644,608994.454177039,502267712,1,0,0,8,64EE9A9C5FFFFFFF,can0
3978,1786717322.9098978,608994.454610081,502267712,1,0,0,8,65FFFFFFFFFFFFFF,can0
3979,1786717322.9418538,608994.486591623,418316096,1,0,0,8,D81EC82C00A046C0,can0
3980,1786717323.0452254,608994.589945748,485490657,1,0,0,8,6699FF0FAC260000,can0
3981,1786717323.0465047,608994.591219373,485490657,1,0,0,8,66991C20C441FFFF,can0
3982,1786717323.18346,608994.728180915,773,0,0,0,8,0000000000000000,can0
3983,1786717323.1845756,608994.729290165,775,0,0,0,8,1234567856494300,can0
3984,1786717323.549744,608995.094463165,485490496,1,0,0,8,66990102FC000000,can0
3985,1786717323.5506356,608995.095348581,485490496,1,0,0,8,66990A02FC000000,can0
3986,1786717323.6001577,608995.144879206,485490496,1,0,0,8,6699000201000000,can0
3987,1786717323.601147,608995.14586179,485490496,1,0,0,8,6699020200000000,can0
3988,1786717323.6021757,608995.146889498,485490496,1,0,0,8,6699070200000000,can0
3989,1786717323.6067576,608995.151476123,485490496,1,0,0,8,66991E0300000000,can0
3990,1786717323.6111548,608995.155893456,485490496,1,0,0,8,66991C0300000000,can0
3991,1786717323.6123674,608995.157082123,485490496,1,0,0,8,66998DED7C150000,can0
3992,1786717323.6416306,608995.186350456,485490497,1,0,0,8,66998FEDD5000000,can0
3993,1786717323.6479106,608995.192628706,485490496,1,0,0,8,66998FED07010000,can0
3994,1786717323.649829,608995.194545706,485490496,1,0,0,8,6699ECED04740000,can0
3995,1786717323.6506667,608995.195380373,485490496,1,0,0,8,6699DAED00000000,can0
3996,1786717323.692828,608995.237548373,485490497,1,0,0,8,6699BCEDBDD80100,can0
3997,1786717323.69396,608995.238738165,485490497,1,0,0,8,6699B1EDEF99F505,can0
3998,1786717323.6948197,608995.239532207,485490497,1,0,0,8,6699CCECE6810000,can0
3999,1786717323.696785,608995.24150204,485490497,1,0,0,8,6699CBEC757F0000,can0
4000,1786717323.6987314,608995.243448998,485490497,1,0,0,8,6699DCECB1D30000,can0
4001,1786717323.7024677,608995.247183165,485490497,1,0,0,8,6699DBEC227F0000,can0
4002,1786717323.7037742,608995.24848954,485490497,1,0,0,8,6699ECECD8840000,can0
4003,1786717323.7045305,608995.249244082,485490497,1,0,0,8,6699EBEC0A840000,can0
4004,1786717323.7051747,608995.249887248,485490497,1,0,0,8,6699FBECA2550000,can0
4005,1786717323.8503883,608995.395108373,485490496,1,0,0,8,6699B3ED01000000,can0
4006,1786717323.8513067,608995.396019582,485490496,1,0,0,8,6699BCEDF7060200,can0
4007,1786717323.8607643,608995.405505373,485490496,1,0,0,8,6699BCEDF7060200,can0
4008,1786717323.8619342,608995.406650165,485490496,1,0,0,8,6699B1ED7F6E7600,can0
4009,1786717323.8635836,608995.408300207,485490496,1,0,0,8,6699CCEC93CF0000,can0
4010,1786717323.8645995,608995.409313998,485490496,1,0,0,8,6699CBECF5780000,can0
4011,1786717323.8661454,608995.410860957,485490496,1,0,0,8,6699DCECA5BB0000,can0
4012,1786717323.8668468,608995.411558707,485490496,1,0,0,8,6699DBEC4E7A0000,can0
4013,1786717323.8675103,608995.412223623,485490496,1,0,0,8,6699ECEC617C0000,can0
4014,1786717323.8681087,608995.412821248,485490496,1,0,0,8,6699EBECB9780000,can0
4015,1786717323.8685834,608995.413295957,485490496,1,0,0,8,6699FBEC91570000,can0
4016,1786717323.8988404,608995.443559582,502267712,1,0,0,8,80266699501000B4,can0
4017,1786717323.8998225,608995.44453829,502267712,1,0,0,8,81020000FFFFFFFF,can0
4018,1786717323.9005067,608995.44521954,502267712,1,0,0,8,828515AB14000000,can0
4019,1786717323.9011116,608995.445823915,502267712,1,0,0,8,830000C202000000,can0
4020,1786717323.9016871,608995.446399623,502267712,1,0,0,8,8400420E00009602,can0
4021,1786717323.9021509,608995.446863457,502267712,1,0,0,8,85EE9A4001FFFFFF,can0
4022,1786717323.9072998,608995.452018915,502267712,1,0,0,8,A0286699A0100040,can0
4023,1786717323.9093266,608995.454043998,502267712,1,0,0,8,A101390088002101,can0
4024,1786717323.910454,608995.455168582,502267712,1,0,0,8,A2D20013024A044E,can0
4025,1786717323.9114795,608995.456199957,502267712,1,0,0,8,A30D750AB5980E9A,can0
4026,1786717323.912459,608995.457173498,502267712,1,0,0,8,A4EE9A9C5FFFFFFF,can0
4027,1786717323.9131877,608995.457901832,502267712,1,0,0,8,A5FFFFFFFFFFFFFF,can0
4028,1786717323.94288,608995.487599832,502267712,1,0,0,8,C0266699501000B4,can0
4029,1786717323.9500966,608995.494817623,502267712,1,0,0,8,C1020000FFFFFFFF,can0
4030,1786717323.95118,608995.495892707,502267712,1,0,0,8,C28515AB14000000,can0
4031,1786717323.951729,608995.496440915,502267712,1,0,0,8,C30000C202000000,can0
4032,1786717323.952418,608995.497135082,502267712,1,0,0,8,C400420E00009602,can0
4033,1786717323.9531176,608995.49783029,502267712,1,0,0,8,C5EE9A4001FFFFFF,can0
4034,1786717324.0541995,608995.598919373,485490657,1,0,0,8,6699FF0FAC260000,can0
4035,1786717324.0551317,608995.599846373,485490657,1,0,0,8,66991C202842FFFF,can0
4036,1786717324.0925694,608995.637288248,435295296,1,0,0,8,007C15070104742E,can0
4037,1786717324.093505,608995.638220873,435294784,1,0,0,8,000B2E0000FFFFFF,can0
4038,1786717324.0942605,608995.638976332,435294784,1,0,0,8,01FF4B00FFFFFFFF,can0
4039,1786717324.095021,608995.639736165,435357504,1,0,0,8,2E01190CAD0000FF,can0
4040,1786717324.1012943,608995.646009207,435294784,1,0,0,8,000B2E0103FFFFFF,can0
4041,1786717324.1020484,608995.64676154,435294784,1,0,0,8,01FFFFFFFFFFFFFF,can0
4042,1786717324.1026988,608995.64741354,435357504,1,0,0,8,2E022C0C9D0000FF,can0
4043,1786717324.103324,608995.648037623,435294784,1,0,0,8,E00B2E0203FFFFFF,can0
4044,1786717324.103946,608995.648658957,435294784,1,0,0,8,E1FFFFFFFFFFFFFF,can0
4045,1786717324.1045525,608995.649266248,435357504,1,0,0,8,2E03110C650000FF,can0
4046,1786717324.1051805,608995.649894415,435294784,1,0,0,8,E00B2E0303FFFFFF,can0
4047,1786717324.1211646,608995.665879957,435294784,1,0,0,8,E1FFFFFFFFFFFFFF,can0
4048,1786717324.1218865,608995.666601415,435357504,1,0,0,8,2E04C208000000FF,can0
4049,1786717324.1225405,608995.667254832,435294784,1,0,0,8,E00B2E0403FFFFFF,can0
4050,1786717324.123192,608995.667906748,435294784,1,0,0,8,E1FFFFFFFFFFFFFF,can0
4051,1786717324.123945,608995.66866054,435357248,1,0,0,8,2EFFFC00FFFFFFFF,can0
4052,1786717324.1246924,608995.669407082,485490496,1,0,0,8,66994E0301000000,can0
4053,1786717324.1767926,608995.72171279,773,0,0,0,8,0000000000000000,can0
4054,1786717324.178323,608995.723040582,775,0,0,0,8,1234567856494300,can0
4055,1786717324.2756038,608995.820322832,435295297,1,0,0,8,007C15D700047455,can0
4056,1786717324.2856748,608995.830424498,435294785,1,0,0,8,000B550000FFFFFF,can0
4057,1786717324.2869067,608995.831620123,435294785,1,0,0,8,01FF4700FFFFFFFF,can0
4058,1786717324.2878358,608995.832551373,435357505,1,0,0,8,55019B0C680000FF,can0
4059,1786717324.2962282,608995.840942707,435294785,1,0,0,8,000B550103FFFFFF,can0
4060,1786717324.2969227,608995.841636082,435294785,1,0,0,8,01FFFFFFFFFFFFFF,can0
4061,1786717324.297581,608995.842294582,435357505,1,0,0,8,55028F0CA90000FF,can0
4062,1786717324.298137,608995.842848957,435294785,1,0,0,8,E00B550203FFFFFF,can0
4063,1786717324.2986412,608995.843352998,435294785,1,0,0,8,E1FFFFFFFFFFFFFF,can0
4064,1786717324.2991216,608995.843833957,435357505,1,0,0,8,55030F0D6B0000FF,can0
4065,1786717324.303805,608995.84852204,435294785,1,0,0,8,E00B550303FFFFFF,can0
4066,1786717324.3093045,608995.854035832,435294785,1,0,0,8,E1FFFFFFFFFFFFFF,can0
4067,1786717324.310485,608995.855199332,435357505,1,0,0,8,55049008000000FF,can0
4068,1786717324.3111918,608995.855906665,435294785,1,0,0,8,E00B550403FFFFFF,can0
4069,1786717324.3119977,608995.856717207,435294785,1,0,0,8,E1FFFFFFFFFFFFFF,can0
4070,1786717324.322826,608995.867541207,435357249,1,0,0,8,55FFFC00FFFFFFFF,can0
4071,1786717324.3235567,608995.86827079,233966913,1,0,0,8,0001FDFFFFFFFFFF,can0
4072,1786717324.639944,608996.184663415,485490497,1,0,0,8,66998FEDD8000000,can0
4073,1786717324.649459,608996.194175207,485490496,1,0,0,8,66998FED06010000,can0
4074,1786717324.6929853,608996.237705582,485490497,1,0,0,8,6699BCED59DE0100,can0
4075,1786717324.6940365,608996.238753915,485490497,1,0,0,8,6699B1ED74CDF505,can0
4076,1786717324.6950686,608996.23978354,485490497,1,0,0,8,6699CCEC4D820000,can0
4077,1786717324.6962826,608996.241000749,485490497,1,0,0,8,6699CBEC317F0000,can0
4078,1786717324.6972525,608996.241967165,485490497,1,0,0,8,6699DCEC29D30000,can0
4079,1786717324.6980147,608996.242728665,485490497,1,0,0,8,6699DBEC0E7F0000,can0
4080,1786717324.6986496,608996.243362874,485490497,1,0,0,8,6699ECEC1C870000,can0
4081,1786717324.6995018,608996.244219207,485490497,1,0,0,8,6699EBEC87830000,can0
4082,1786717324.7003593,608996.24507429,485490497,1,0,0,8,6699FBEC9F550000,can0
4083,1786717324.8306196,608996.375337207,502267713,1,0,0,8,E01D6699431001D2,can0
4084,1786717324.8318868,608996.376601665,502267713,1,0,0,8,E10A0A00E11E0000,can0
4085,1786717324.83301,608996.377724374,502267713,1,0,0,8,E200000000000000,can0
4086,1786717324.834752,608996.379467749,502267713,1,0,0,8,E300000000000000,can0
4087,1786717324.835729,608996.380442999,502267713,1,0,0,8,E40000FFFFFFFFFF,can0
4088,1786717324.8365273,608996.381241832,502267713,1,0,0,8,001D669942100155,can0
4089,1786717324.8372824,608996.381995415,502267713,1,0,0,8,017B1800C8480000,can0
4090,1786717324.8380034,608996.382718374,502267713,1,0,0,8,0200000000000000,can0
4091,1786717324.8387263,608996.383439624,502267713,1,0,0,8,0300010000000000,can0
4092,1786717324.8395565,608996.384269665,502267713,1,0,0,8,040000FFFFFFFFFF,can0
4093,1786717324.8584251,608996.403145374,485490496,1,0,0,8,6699BCED44030200,can0
4094,1786717324.8593483,608996.40406179,485490496,1,0,0,8,6699B1EDC69F7600,can0
4095,1786717324.8601048,608996.404819624,485490496,1,0,0,8,6699CCEC2ECD0000,can0
4096,1786717324.8608496,608996.40556429,485490496,1,0,0,8,6699CBEC33750000,can0
4097,1786717324.8617377,608996.406453124,485490496,1,0,0,8,6699DCEC9CBA0000,can0
4098,1786717324.8626995,608996.40741404,485490496,1,0,0,8,6699DBECAE790000,can0
4099,1786717324.863597,608996.408311499,485490496,1,0,0,8,6699ECECC57B0000,can0
4100,1786717324.864619,608996.409334582,485490496,1,0,0,8,6699EBEC9E780000,can0
4101,1786717324.8684893,608996.413204499,485490496,1,0,0,8,6699FBECA0570000,can0
4102,1786717324.8986866,608996.443408374,502267712,1,0,0,8,E0266699501000B4,can0
4103,1786717324.899793,608996.444507832,502267712,1,0,0,8,E1020000FFFFFFFF,can0
4104,1786717324.900679,608996.445392499,502267712,1,0,0,8,E28515AB14000000,can0
4105,1786717324.9014955,608996.446211082,502267712,1,0,0,8,E30000C202000000,can0
4106,1786717324.9022694,608996.446983665,502267712,1,0,0,8,E400420E00009602,can0
4107,1786717324.9031148,608996.44782979,502267712,1,0,0,8,E5EE9A4001FFFFFF,can0
4108,1786717324.9061089,608996.45082679,502267712,1,0,0,8,00286699A0100040,can0
4109,1786717324.907177,608996.45189179,502267712,1,0,0,8,0101390088002101,can0
4110,1786717324.9080245,608996.452738874,502267712,1,0,0,8,02D20015024A044E,can0
4111,1786717324.9098055,608996.454521749,502267712,1,0,0,8,030D750AB5980E9A,can0
4112,1786717324.911368,608996.45614079,502267712,1,0,0,8,04EE9A9C5FFFFFFF,can0
4113,1786717324.9125383,608996.457252707,502267712,1,0,0,8,05FFFFFFFFFFFFFF,can0
4114,1786717325.0394757,608996.584194832,485441761,1,0,0,8,6699152032030000,can0
4115,1786717325.0407066,608996.585420832,485490496,1,0,0,8,6699152032030000,can0
4116,1786717325.045529,608996.590257624,485442017,1,0,0,8,6699152018030000,can0
4117,1786717325.0464962,608996.59121029,485490497,1,0,0,8,6699152018030000,can0
4118,1786717325.0610502,608996.605769665,485490657,1,0,0,8,6699FF0FAC260000,can0
4119,1786717325.0624065,608996.60712204,485490657,1,0,0,8,66991C208C42FFFF,can0
4120,1786717325.1446178,608996.689338124,485490496,1,0,0,8,66998FED05010000,can0
4121,1786717325.1574192,608996.702139166,485490657,1,0,0,8,669902207C150000,can0
4122,1786717325.160275,608996.704990707,485490657,1,0,0,8,669903204C090000,can0
4123,1786717325.181622,608996.726341707,773,0,0,0,8,0000000000000000,can0
4124,1786717325.182771,608996.727485666,775,0,0,0,8,1234567856494300,can0
4125,1786717325.5308306,608997.075547999,502267713,1,0,0,8,20266699501000EA,can0
4126,1786717325.531899,608997.076612541,502267713,1,0,0,8,21000000FFFFFFFF,can0
4127,1786717325.5326872,608997.077399957,502267713,1,0,0,8,228515AF14000000,can0
4128,1786717325.5336905,608997.078403916,502267713,1,0,0,8,230000C102000000,can0
4129,1786717325.5344198,608997.079133541,502267713,1,0,0,8,2400350900009F01,can0
4130,1786717325.5370522,608997.081773791,502267713,1,0,0,8,258A9A1300FFFFFF,can0
4131,1786717325.5388272,608997.083543582,502267713,1,0,0,8,40286699A0100013,can0
4132,1786717325.5411346,608997.085852416,502267713,1,0,0,8,41002B0035003100,can0
4133,1786717325.542631,608997.087346416,502267713,1,0,0,8,4259007C01CE0298,can0
4134,1786717325.5441778,608997.088892541,502267713,1,0,0,8,430148055799FB98,can0
4135,1786717325.5452008,608997.089917832,502267713,1,0,0,8,448A9A9E5CFFFFFF,can0
4136,1786717325.547219,608997.091933374,502267713,1,0,0,8,45FFFFFFFFFFFFFF,can0
4137,1786717325.5480747,608997.092798249,502267713,1,0,0,8,602666994F100100,can0
4138,1786717325.549059,608997.093775374,502267713,1,0,0,8,6143000000381100,can0
4139,1786717325.5504873,608997.095201457,502267713,1,0,0,8,6200BE2800008A9A,can0
4140,1786717325.5514224,608997.096138499,502267713,1,0,0,8,63ED15088D11FFFF,can0
4141,1786717325.5527909,608997.097505374,502267713,1,0,0,8,64FFFFFFFFFFFFFF,can0
4142,1786717325.553567,608997.098281499,502267713,1,0,0,8,65FFFFFFFFFFFFFF,can0
4143,1786717325.5545154,608997.099227916,485490497,1,0,0,8,6699DCED38110000,can0
4144,1786717325.5551682,608997.099880707,485490497,1,0,0,8,6699DDEDBE280000,can0
4145,1786717325.5558476,608997.100560457,485490497,1,0,0,8,6699D3EDEA000000,can0
4146,1786717325.5923982,608997.137117124,435295296,1,0,0,8,007C15050104744C,can0
4147,1786717325.5932865,608997.138000707,435294784,1,0,0,8,200B4C0000FFFFFF,can0
4148,1786717325.5962865,608997.141001707,435294784,1,0,0,8,21FF4B00FFFFFFFF,can0
4149,1786717325.597074,608997.141788332,435357504,1,0,0,8,4C01B20BB00000FF,can0
4150,1786717325.5991466,608997.143861666,435294784,1,0,0,8,200B4C0103FFFFFF,can0
4151,1786717325.600394,608997.145121999,435294784,1,0,0,8,21FFFFFFFFFFFFFF,can0
4152,1786717325.6022322,608997.146946832,435357504,1,0,0,8,4C022C0C990000FF,can0
4153,1786717325.6030116,608997.147724874,435294784,1,0,0,8,000B4C0203FFFFFF,can0
4154,1786717325.6037169,608997.148430374,435294784,1,0,0,8,01FFFFFFFFFFFFFF,can0
4155,1786717325.6044831,608997.149196832,435357504,1,0,0,8,4C03110C650000FF,can0
4156,1786717325.6052582,608997.149972916,435294784,1,0,0,8,000B4C0303FFFFFF,can0
4157,1786717325.606164,608997.150876874,435294784,1,0,0,8,01FFFFFFFFFFFFFF,can0
4158,1786717325.6067066,608997.151418874,435357504,1,0,0,8,4C04C408000000FF,can0
4159,1786717325.6073604,608997.152074041,435294784,1,0,0,8,000B4C0403FFFFFF,can0
4160,1786717325.6079028,608997.152614916,435294784,1,0,0,8,01FFFFFFFFFFFFFF,can0
4161,1786717325.6083624,608997.153074791,435357248,1,0,0,8,4CFFFC00FFFFFFFF,can0
4162,1786717325.6393335,608997.184051666,485490497,1,0,0,8,66998FEDD9000000,can0
4163,1786717325.64482,608997.189540207,485490496,1,0,0,8,66998DED7D150000,can0
4164,1786717325.6925461,608997.237265582,485490497,1,0,0,8,6699BCEDDDEC0100,can0
4165,1786717325.6934278,608997.238141416,485490497,1,0,0,8,6699B1ED4CA6DE05,can0
4166,1786717325.6941776,608997.238892874,485490497,1,0,0,8,6699CCEC00860000,can0
4167,1786717325.6950755,608997.239790082,485490497,1,0,0,8,6699CBEC877D0000,can0
4168,1786717325.696079,608997.240793499,485490497,1,0,0,8,6699DCECBFD70000,can0
4169,1786717325.6968524,608997.241567457,485490497,1,0,0,8,6699DBECF57C0000,can0
4170,1786717325.6983895,608997.243103957,485490497,1,0,0,8,6699ECECEA8E0000,can0
4171,1786717325.699302,608997.244016832,485490497,1,0,0,8,6699EBEC4C810000,can0
4172,1786717325.7000535,608997.244767416,485490497,1,0,0,8,6699FBEC9E550000,can0
4173,1786717325.7755764,608997.320296332,435295297,1,0,0,8,007C15D900047473,can0
4174,1786717325.776447,608997.321160249,435294785,1,0,0,8,200B730000FFFFFF,can0
4175,1786717325.7771807,608997.321894457,435294785,1,0,0,8,21FF4700FFFFFFFF,can0
4176,1786717325.7781963,608997.322909874,435357505,1,0,0,8,7301830C6B0000FF,can0
4177,1786717325.7789693,608997.323685082,435294785,1,0,0,8,200B730103FFFFFF,can0
4178,1786717325.7813444,608997.326075916,435294785,1,0,0,8,21FFFFFFFFFFFFFF,can0
4179,1786717325.782937,608997.327656666,435357505,1,0,0,8,73027F0CAC0000FF,can0
4180,1786717325.7839854,608997.328699791,435294785,1,0,0,8,000B730203FFFFFF,can0
4181,1786717325.7870557,608997.331784499,435294785,1,0,0,8,01FFFFFFFFFFFFFF,can0
4182,1786717325.788165,608997.332880457,435357505,1,0,0,8,7303E20C6F0000FF,can0
4183,1786717325.7965758,608997.341291249,435294785,1,0,0,8,000B730303FFFFFF,can0
4184,1786717325.7976317,608997.342346249,435294785,1,0,0,8,01FFFFFFFFFFFFFF,can0
4185,1786717325.7985456,608997.343260208,435357505,1,0,0,8,73049008000000FF,can0
4186,1786717325.79941,608997.344124333,435294785,1,0,0,8,000B730403FFFFFF,can0
4187,1786717325.8002477,608997.344961499,435294785,1,0,0,8,01FFFFFFFFFFFFFF,can0
4188,1786717325.8007696,608997.345481541,435357249,1,0,0,8,73FFFC00FFFFFFFF,can0
4189,1786717325.805676,608997.350396249,485490496,1,0,0,8,66998FED04010000,can0
4190,1786717325.858351,608997.403070583,485490496,1,0,0,8,6699BCED1E020200,can0
4191,1786717325.8592072,608997.403919708,485490496,1,0,0,8,6699B1ED8FC17800,can0
4192,1786717325.8599024,608997.404616708,485490496,1,0,0,8,6699CCEC9FCC0000,can0
4193,1786717325.8605912,608997.405304499,485490496,1,0,0,8,6699CBECF8740000,can0
4194,1786717325.8616757,608997.406393583,485490496,1,0,0,8,6699DCEC17BA0000,can0
4195,1786717325.8626304,608997.407345999,485490496,1,0,0,8,6699DBECB0790000,can0
4196,1786717325.8634424,608997.408156166,485490496,1,0,0,8,6699ECEC467B0000,can0
4197,1786717325.8641796,608997.408895958,485490496,1,0,0,8,6699EBECA4780000,can0
4198,1786717325.8669395,608997.411658416,485490496,1,0,0,8,6699FBECA3570000,can0
4199,1786717326.0570846,608997.601804416,485490657,1,0,0,8,6699FF0FAC260000,can0
4200,1786717326.058009,608997.602723291,485490657,1,0,0,8,66991C20B843FFFF,can0
4201,1786717326.180412,608997.725153791,773,0,0,0,8,0000000000000000,can0
4202,1786717326.1822643,608997.726979541,775,0,0,0,8,1234567856494300,can0
4203,1786717326.1867359,608997.731450749,485441761,1,0,0,8,66990100D0EDFCFF,can0
4204,1786717326.1875184,608997.732232666,485441761,1,0,0,8,66990100DCEDFEFF,can0
4205,1786717326.1882617,608997.732976666,485441761,1,0,0,8,66990100DAEDFFFF,can0
4206,1786717326.1890156,608997.733729624,485441761,1,0,0,8,669901002720FFFF,can0
4207,1786717326.1942685,608997.738986249,485490496,1,0,0,8,6699DAED00000000,can0
4208,1786717326.1954684,608997.740185333,485490496,1,0,0,8,66992720B0EE0300,can0
4209,1786717326.2407615,608997.785477291,485490497,1,0,0,8,66990102FC000000,can0
4210,1786717326.242047,608997.786762708,485490497,1,0,0,8,66990A02FC000000,can0
4211,1786717326.2427917,608997.787505499,485490496,1,0,0,8,6699DCED80200000,can0
4212,1786717326.243686,608997.788399124,485490496,1,0,0,8,6699DDEDD1830200,can0
4213,1786717326.244412,608997.789125249,485490496,1,0,0,8,6699D0ED730E0000,can0
4214,1786717326.2451212,608997.789833833,485490496,1,0,0,8,6699D1EDF9030000,can0
4215,1786717326.2462687,608997.790982791,485490496,1,0,0,8,6699D2ED420E0000,can0
4216,1786717326.2470484,608997.791761958,485490496,1,0,0,8,6699D3EDB4020000,can0
4217,1786717326.2826214,608997.827341916,485490497,1,0,0,8,6699000201000000,can0
4218,1786717326.284242,608997.828956124,485490497,1,0,0,8,6699020200000000,can0
4219,1786717326.2858016,608997.830518666,485490497,1,0,0,8,6699070200000000,can0
4220,1786717326.2886412,608997.833355708,485490497,1,0,0,8,66991E0300000000,can0
4221,1786717326.2911053,608997.835820666,485490497,1,0,0,8,66991C0300000000,can0
4222,1786717326.2934358,608997.838149583,485490497,1,0,0,8,66998DED7C150000,can0
4223,1786717326.3314052,608997.876125666,485490497,1,0,0,8,66998FEDDC000000,can0
4224,1786717326.3392878,608997.884007833,485490497,1,0,0,8,6699ECED04740000,can0
4225,1786717326.3401864,608997.884900624,485490497,1,0,0,8,6699DAED00000000,can0
4226,1786717326.534963,608998.079683541,485490497,1,0,0,8,6699B3ED01000000,can0
4227,1786717326.536641,608998.081357,485490497,1,0,0,8,6699BCEDB2F00100,can0
4228,1786717326.6269097,608998.171630083,502267713,1,0,0,8,80266699501000EA,can0
4229,1786717326.6278791,608998.172593833,502267713,1,0,0,8,81000000FFFFFFFF,can0
4230,1786717326.6287584,608998.173473375,502267713,1,0,0,8,828515AF14000000,can0
4231,1786717326.633523,608998.178243958,502267713,1,0,0,8,830000C102000000,can0
4232,1786717326.6371157,608998.181836208,502267713,1,0,0,8,8400350900009F01,can0
4233,1786717326.640302,608998.185021458,502267713,1,0,0,8,858A9A1300FFFFFF,can0
4234,1786717326.6469624,608998.191678,485490497,1,0,0,8,66998FEDDD000000,can0
4235,1786717326.6943727,608998.239092958,485490497,1,0,0,8,6699BCEDB2F00100,can0
4236,1786717326.6980288,608998.242744166,485490497,1,0,0,8,6699B1ED4E7DEF05,can0
4237,1786717326.6988847,608998.243598333,485490497,1,0,0,8,6699CCEC2D880000,can0
4238,1786717326.6997075,608998.244421291,485490497,1,0,0,8,6699CBEC0D7C0000,can0
4239,1786717326.7037923,608998.248510125,485490497,1,0,0,8,6699DCEC31D90000,can0
4240,1786717326.7046664,608998.249381458,485490497,1,0,0,8,6699DBEC287B0000,can0
4241,1786717326.705284,608998.249996708,485490497,1,0,0,8,6699ECEC118F0000,can0
4242,1786717326.7100708,608998.254785625,485490497,1,0,0,8,6699EBEC947F0000,can0
4243,1786717326.7109296,608998.255643666,485490497,1,0,0,8,6699FBEC9D550000,can0
4244,1786717326.7852297,608998.329949833,485490497,1,0,0,8,66994E0301000000,can0
4245,1786717326.8581,608998.402819291,485490496,1,0,0,8,6699BCED36010200,can0
4246,1786717326.8589594,608998.403672583,485490496,1,0,0,8,6699B1EDAE5D7900,can0
4247,1786717326.8596656,608998.40438025,485490496,1,0,0,8,6699CCECA4CC0000,can0
4248,1786717326.8602445,608998.40495725,485490496,1,0,0,8,6699CBECFD740000,can0
4249,1786717326.8610823,608998.405797875,485490496,1,0,0,8,6699DCECCCB90000,can0
4250,1786717326.861744,608998.406457541,485490496,1,0,0,8,6699DBECAF790000,can0
4251,1786717326.8629599,608998.407676125,485490496,1,0,0,8,6699ECEC187B0000,can0
4252,1786717326.8638716,608998.408586458,485490496,1,0,0,8,6699EBECA5780000,can0
4253,1786717326.864935,608998.409651291,485490496,1,0,0,8,6699FBEC93570000,can0
4254,1786717327.0447564,608998.589476166,485490657,1,0,0,8,6699FF0FAC260000,can0
4255,1786717327.0458484,608998.590563083,485490657,1,0,0,8,66991C202842FFFF,can0
4256,1786717327.0929224,608998.637642583,435295296,1,0,0,8,007D15040104746A,can0
4257,1786717327.095002,608998.639718166,435294784,1,0,0,8,400B6A0000FFFFFF,can0
4258,1786717327.1132386,608998.657953916,435294784,1,0,0,8,41FF4B00FFFFFFFF,can0
4259,1786717327.113973,608998.658687708,435357504,1,0,0,8,6A01B30BAF0000FF,can0
4260,1786717327.1146195,608998.65933325,435294784,1,0,0,8,400B6A0103FFFFFF,can0
4261,1786717327.1152236,608998.659938083,435294784,1,0,0,8,41FFFFFFFFFFFFFF,can0
4262,1786717327.1163695,608998.661084666,435357504,1,0,0,8,6A022A0C970000FF,can0
4263,1786717327.1171358,608998.661849833,435294784,1,0,0,8,200B6A0203FFFFFF,can0
4264,1786717327.1178744,608998.662589375,435294784,1,0,0,8,21FFFFFFFFFFFFFF,can0
4265,1786717327.118575,608998.66328775,435357504,1,0,0,8,6A03100C650000FF,can0
4266,1786717327.119246,608998.66395925,435294784,1,0,0,8,200B6A0303FFFFFF,can0
4267,1786717327.1199224,608998.664635375,435294784,1,0,0,8,21FFFFFFFFFFFFFF,can0
4268,1786717327.1206338,608998.665348791,435357504,1,0,0,8,6A04C208000000FF,can0
4269,1786717327.1213648,608998.666078333,435294784,1,0,0,8,200B6A0403FFFFFF,can0
4270,1786717327.1220384,608998.666752291,435294784,1,0,0,8,21FFFFFFFFFFFFFF,can0
4271,1786717327.1226537,608998.667367416,435357248,1,0,0,8,6AFFFC00FFFFFFFF,can0
4272,1786717327.1788,608998.723520458,773,0,0,0,8,0000000000000000,can0
4273,1786717327.1801727,608998.724889708,775,0,0,0,8,1234567856494300,can0
4274,1786717327.2756,608998.82032,435295297,1,0,0,8,007C15DE00047491,can0
4275,1786717327.2765083,608998.821222708,435294785,1,0,0,8,400B910000FFFFFF,can0
4276,1786717327.2771888,608998.821902875,435294785,1,0,0,8,41FF4700FFFFFFFF,can0
4277,1786717327.2778172,608998.82253025,435357505,1,0,0,8,91015A0C6F0000FF,can0
4278,1786717327.2784438,608998.823157042,435294785,1,0,0,8,400B910103FFFFFF,can0
4279,1786717327.2791805,608998.823895125,435294785,1,0,0,8,41FFFFFFFFFFFFFF,can0
4280,1786717327.280126,608998.824842083,435357505,1,0,0,8,9102480CB10000FF,can0
4281,1786717327.281023,608998.825738375,435294785,1,0,0,8,200B910203FFFFFF,can0
4282,1786717327.2817638,608998.826477542,435294785,1,0,0,8,21FFFFFFFFFFFFFF,can0
4283,1786717327.2824514,608998.827165125,435357505,1,0,0,8,9103AB0C6F0000FF,can0
4284,1786717327.2834737,608998.82818875,435294785,1,0,0,8,200B910303FFFFFF,can0
4285,1786717327.2843473,608998.829060958,435294785,1,0,0,8,21FFFFFFFFFFFFFF,can0
4286,1786717327.2850988,608998.8298155,435357505,1,0,0,8,91049008000000FF,can0
4287,1786717327.285933,608998.83064775,435294785,1,0,0,8,200B910403FFFFFF,can0
4288,1786717327.287307,608998.832021292,435294785,1,0,0,8,21FFFFFFFFFFFFFF,can0
4289,1786717327.288101,608998.832814667,435357249,1,0,0,8,91FFFC00FFFFFFFF,can0
4290,1786717327.3837178,608998.928438875,485490657,1,0,0,8,669901207C150000,can0
4291,1786717327.3848512,608998.929567917,485490657,1,0,0,8,66990E200D000000,can0
4292,1786717327.5949862,608999.139706042,485490496,1,0,0,8,6699DBED12110000,can0
4293,1786717327.5986311,608999.143350333,502267712,1,0,0,8,201D66994310011A,can0
4294,1786717327.5995696,608999.144284417,502267712,1,0,0,8,210C0A00D23F0000,can0
4295,1786717327.6058443,608999.150561958,502267712,1,0,0,8,2200000000000000,can0
4296,1786717327.606941,608999.151656625,502267712,1,0,0,8,2300000000000000,can0
4297,1786717327.6075108,608999.152223375,502267712,1,0,0,8,240000FFFFFFFFFF,can0
4298,1786717327.608071,608999.152783208,502267712,1,0,0,8,401D669942100189,can0
4299,1786717327.6084895,608999.153201625,502267712,1,0,0,8,419AA20135A00400,can0
4300,1786717327.608887,608999.153598667,502267712,1,0,0,8,4200000000000000,can0
4301,1786717327.6121156,608999.156830833,502267712,1,0,0,8,4300110000000000,can0
4302,1786717327.613137,608999.157850792,502267712,1,0,0,8,440000FFFFFFFFFF,can0
4303,1786717327.625475,608999.170195625,418316097,1,0,0,8,4FE5C92C00A046C0,can0
4304,1786717327.639787,608999.184506833,485490497,1,0,0,8,66998FEDDE000000,can0
4305,1786717327.6928654,608999.237585792,485490497,1,0,0,8,6699BCED2EF00100,can0
4306,1786717327.6938517,608999.238567125,485490497,1,0,0,8,6699B1ED171FF405,can0
4307,1786717327.6950412,608999.239757208,485490497,1,0,0,8,6699CCEC95880000,can0
4308,1786717327.6960452,608999.240760208,485490497,1,0,0,8,6699CBEC5F7B0000,can0
4309,1786717327.6968505,608999.241565917,485490497,1,0,0,8,6699DCEC42D90000,can0
4310,1786717327.6976264,608999.242340958,485490497,1,0,0,8,6699DBECA87A0000,can0
4311,1786717327.6984017,608999.243116583,485490497,1,0,0,8,6699ECEC068E0000,can0
4312,1786717327.700261,608999.244976417,485490497,1,0,0,8,6699EBEC787E0000,can0
4313,1786717327.701316,608999.246030958,485490497,1,0,0,8,6699FBEC9E550000,can0
4314,1786717327.7839515,608999.328671542,485442017,1,0,0,8,66990100D0EDFCFF,can0
4315,1786717327.7851756,608999.329890458,485442017,1,0,0,8,66990100DCEDFEFF,can0
4316,1786717327.7941709,608999.33889075,485442017,1,0,0,8,66990100DAEDFFFF,can0
4317,1786717327.795797,608999.340514917,485442017,1,0,0,8,669901002720FFFF,can0
4318,1786717327.7980213,608999.342736125,485490497,1,0,0,8,6699DAED00000000,can0
4319,1786717327.7994745,608999.344193292,485490497,1,0,0,8,66992720C8F00300,can0
4320,1786717327.8056986,608999.350419458,485490496,1,0,0,8,6699DBED08110000,can0
4321,1786717327.8303394,608999.375059417,485490497,1,0,0,8,6699DCED38110000,can0
4322,1786717327.8312693,608999.375983375,485490497,1,0,0,8,6699DDEDBE280000,can0
4323,1786717327.8319116,608999.37662575,485490497,1,0,0,8,6699D0ED38080000,can0
4324,1786717327.8325527,608999.377266042,485490497,1,0,0,8,6699D1ED29010000,can0
4325,1786717327.8364692,608999.38118375,485490497,1,0,0,8,6699D2ED35090000,can0
4326,1786717327.8372257,608999.381939708,485490497,1,0,0,8,6699D3EDEA000000,can0
4327,1786717327.844428,608999.389147583,485490496,1,0,0,8,66998FED03010000,can0
4328,1786717327.858795,608999.403515125,485490496,1,0,0,8,6699BCED47010200,can0
4329,1786717327.859737,608999.404451542,485490496,1,0,0,8,6699B1EDD2A97900,can0
4330,1786717327.86047,608999.405184,485490496,1,0,0,8,6699CCEC88CC0000,can0
4331,1786717327.8613524,608999.406066417,485490496,1,0,0,8,6699CBECFE740000,can0
4332,1786717327.8621414,608999.406856167,485490496,1,0,0,8,6699DCEC97B90000,can0
4333,1786717327.8628983,608999.407612875,485490496,1,0,0,8,6699DBECAD790000,can0
4334,1786717327.8639152,608999.408630583,485490496,1,0,0,8,6699ECECD47A0000,can0
4335,1786717327.8647175,608999.40943125,485490496,1,0,0,8,6699EBECA4780000,can0
4336,1786717327.865695,608999.410411083,485490496,1,0,0,8,6699FBEC85570000,can0
4337,1786717328.0468807,608999.591600625,485441761,1,0,0,8,6699152033030000,can0
4338,1786717328.0478292,608999.592544584,485490496,1,0,0,8,6699152033030000,can0
4339,1786717328.0567224,608999.601437459,485442017,1,0,0,8,6699152017030000,can0
4340,1786717328.0575657,608999.602280375,485490497,1,0,0,8,6699152017030000,can0
4341,1786717328.0777702,608999.622489667,485490657,1,0,0,8,6699FF0FAC260000,can0
4342,1786717328.0787742,608999.623489042,485490657,1,0,0,8,66991C202842FFFF,can0
4343,1786717328.1669614,608999.711686,485490657,1,0,0,8,669902207C150000,can0
4344,1786717328.1805525,608999.725296875,773,0,0,0,8,0000000000000000,can0
4345,1786717328.1818159,608999.726530625,775,0,0,0,8,1234567856494300,can0
4346,1786717328.549287,609000.094008584,485490496,1,0,0,8,66990102FC000000,can0
4347,1786717328.5505488,609000.095262209,485490496,1,0,0,8,66990A02FC000000,can0
4348,1786717328.577714,609000.122436334,485490497,1,0,0,8,66998DED7D150000,can0
4349,1786717328.591883,609000.136603667,435295296,1,0,0,8,007D150401047488,can0
4350,1786717328.592944,609000.137661042,435294784,1,0,0,8,600B880000FFFFFF,can0
4351,1786717328.5937545,609000.138468167,435294784,1,0,0,8,61FF4B00FFFFFFFF,can0
4352,1786717328.5944989,609000.139213251,435357504,1,0,0,8,8801E10BAF0000FF,can0
4353,1786717328.5952346,609000.139948292,435294784,1,0,0,8,600B880103FFFFFF,can0
4354,1786717328.5976715,609000.142388792,435294784,1,0,0,8,61FFFFFFFFFFFFFF,can0
4355,1786717328.5988767,609000.143591209,435357504,1,0,0,8,88025C0C970000FF,can0
4356,1786717328.5999854,609000.144699959,435294784,1,0,0,8,400B880203FFFFFF,can0
4357,1786717328.6006489,609000.145362501,435294784,1,0,0,8,41FFFFFFFFFFFFFF,can0
4358,1786717328.6012366,609000.145950167,435357504,1,0,0,8,8803440C650000FF,can0
4359,1786717328.6019683,609000.146683584,435294784,1,0,0,8,400B880303FFFFFF,can0
4360,1786717328.6029,609000.147615751,435294784,1,0,0,8,41FFFFFFFFFFFFFF,can0
4361,1786717328.6047525,609000.149469417,435357504,1,0,0,8,8804BE08000000FF,can0
4362,1786717328.6057997,609000.150515084,435294784,1,0,0,8,400B880403FFFFFF,can0
4363,1786717328.6073692,609000.152084209,435294784,1,0,0,8,41FFFFFFFFFFFFFF,can0
4364,1786717328.608184,609000.152897709,435357248,1,0,0,8,88FFFC00FFFFFFFF,can0
4365,1786717328.6096883,609000.154403417,233966912,1,0,0,8,0001FDFFFFFFFFFF,can0
4366,1786717328.610608,609000.155322584,485490496,1,0,0,8,6699000201000000,can0
4367,1786717328.6134956,609000.158210251,485490496,1,0,0,8,6699020200000000,can0
4368,1786717328.6143296,609000.159043959,485490496,1,0,0,8,6699070200000000,can0
4369,1786717328.6150937,609000.159808501,485490496,1,0,0,8,66991E0300000000,can0
4370,1786717328.6162066,609000.160920292,485490496,1,0,0,8,66991C0300000000,can0
4371,1786717328.6167498,609000.161463209,485490496,1,0,0,8,66998DED7D150000,can0
4372,1786717328.6388686,609000.183588167,485490497,1,0,0,8,66998DED7C150000,can0
4373,1786717328.6405735,609000.185290751,485490497,1,0,0,8,66998FEDDD000000,can0
4374,1786717328.647596,609000.192315209,485490496,1,0,0,8,66998FED05010000,can0
4375,1786717328.6489544,609000.193668959,485490496,1,0,0,8,6699ECED04740000,can0
4376,1786717328.6508224,609000.195538834,485490496,1,0,0,8,6699DAED00000000,can0
4377,1786717328.6928184,609000.237540792,485490497,1,0,0,8,6699BCEDC4EE0100,can0
4378,1786717328.6959207,609000.240635376,485490497,1,0,0,8,6699B1ED3F65F505,can0
4379,1786717328.69672,609000.241433751,485490497,1,0,0,8,6699CCEC44870000,can0
4380,1786717328.6974714,609000.242184376,485490497,1,0,0,8,6699CBEC987C0000,can0
4381,1786717328.6982021,609000.242915501,485490497,1,0,0,8,6699DCEC95D70000,can0
4382,1786717328.6989071,609000.243620542,485490497,1,0,0,8,6699DBEC947C0000,can0
4383,1786717328.6996114,609000.244324959,485490497,1,0,0,8,6699ECEC5C8F0000,can0
4384,1786717328.7013416,609000.246056417,485490497,1,0,0,8,6699EBEC89800000,can0
4385,1786717328.702058,609000.246770667,485490497,1,0,0,8,6699FBEC9A550000,can0
4386,1786717328.778722,609000.323441084,435295297,1,0,0,8,007C15DD000474AF,can0
4387,1786717328.779771,609000.324486834,435294785,1,0,0,8,600BAF0000FFFFFF,can0
4388,1786717328.782269,609000.326985834,435294785,1,0,0,8,61FF4700FFFFFFFF,can0
4389,1786717328.783403,609000.328118709,435357505,1,0,0,8,AF01A00C6A0000FF,can0
4390,1786717328.7843213,609000.329036209,435294785,1,0,0,8,600BAF0103FFFFFF,can0
4391,1786717328.785486,609000.330201834,435294785,1,0,0,8,61FFFFFFFFFFFFFF,can0
4392,1786717328.7952597,609000.339977167,435357505,1,0,0,8,AF02750CAB0000FF,can0
4393,1786717328.7964697,609000.341186459,435294785,1,0,0,8,400BAF0203FFFFFF,can0
4394,1786717328.797337,609000.342050459,435294785,1,0,0,8,41FFFFFFFFFFFFFF,can0
4395,1786717328.797838,609000.342549876,435357505,1,0,0,8,AF03020D6A0000FF,can0
4396,1786717328.7983809,609000.343092959,435294785,1,0,0,8,400BAF0303FFFFFF,can0
4397,1786717328.7989106,609000.343624459,435294785,1,0,0,8,41FFFFFFFFFFFFFF,can0
4398,1786717328.7995372,609000.344251126,435357505,1,0,0,8,AF048F08000000FF,can0
4399,1786717328.8002532,609000.344966792,435294785,1,0,0,8,400BAF0403FFFFFF,can0
4400,1786717328.8013198,609000.346035834,435294785,1,0,0,8,41FFFFFFFFFFFFFF,can0
4401,1786717328.8105023,609000.355219376,435357249,1,0,0,8,AFFFFC00FFFFFFFF,can0
4402,1786717328.811586,609000.356299126,485490497,1,0,0,8,6699DBED4A100000,can0
4403,1786717328.8122551,609000.356968501,485490496,1,0,0,8,66998FED05010000,can0
4404,1786717328.8127773,609000.357488876,485490496,1,0,0,8,6699DBED08110000,can0
4405,1786717328.8502781,609000.394998751,485490496,1,0,0,8,6699B3ED01000000,can0
4406,1786717328.8513253,609000.396038917,485490496,1,0,0,8,6699BCED13FD0100,can0
4407,1786717328.8607824,609000.405502917,485490496,1,0,0,8,6699BCED13FD0100,can0
4408,1786717328.8618555,609000.406571417,485490496,1,0,0,8,6699B1EDCEF87F00,can0
4409,1786717328.862809,609000.407523876,485490496,1,0,0,8,6699CCEC7BCD0000,can0
4410,1786717328.8636777,609000.408392584,485490496,1,0,0,8,6699CBEC657A0000,can0
4411,1786717328.8645275,609000.409240001,485490496,1,0,0,8,6699DCEC3ABA0000,can0
4412,1786717328.8681672,609000.412886334,485490496,1,0,0,8,6699DBECDB7C0000,can0
4413,1786717328.8712137,609000.415929209,485490496,1,0,0,8,6699ECECB37B0000,can0
4414,1786717328.8721342,609000.416848876,485490496,1,0,0,8,6699EBECFA7B0000,can0
4415,1786717328.8728287,609000.417542126,485490496,1,0,0,8,6699FBEC68570000,can0
4416,1786717328.9455047,609000.490224751,502267712,1,0,0,8,60266699501000B4,can0
4417,1786717328.9488509,609000.493566251,502267712,1,0,0,8,61020000FFFFFFFF,can0
4418,1786717328.949587,609000.494301167,502267712,1,0,0,8,628515AB14000000,can0
4419,1786717328.9502378,609000.494951876,502267712,1,0,0,8,630000C202000000,can0
4420,1786717328.9508646,609000.495578334,502267712,1,0,0,8,6400420E00009602,can0
4421,1786717328.9514868,609000.496201084,502267712,1,0,0,8,65EE9A4001FFFFFF,can0
4422,1786717329.0585656,609000.603285459,485490657,1,0,0,8,6699FF0FAC260000,can0
4423,1786717329.0594375,609000.604151626,485490657,1,0,0,8,66991C205443FFFF,can0
4424,1786717329.1000493,609000.644769459,485490496,1,0,0,8,66994E0301000000,can0
4425,1786717329.1932929,609000.738012209,773,0,0,0,8,0000000000000000,can0
4426,1786717329.1941383,609000.738852167,775,0,0,0,8,1234567856494300,can0
4427,1786717329.1949909,609000.739704751,485490496,1,0,0,8,66998DED7C150000,can0
4428,1786717329.6386068,609001.183327293,485490497,1,0,0,8,66998DED7B150000,can0
4429,1786717329.6399722,609001.184691793,485490497,1,0,0,8,66998FEDD8000000,can0
4430,1786717329.6416447,609001.186378168,485490497,1,0,0,8,6699DBED4A100000,can0
4431,1786717329.6925373,609001.237255709,485490497,1,0,0,8,6699BCEDF8E70100,can0
4432,1786717329.693485,609001.238198793,485490497,1,0,0,8,6699B1EDF98DBE05,can0
4433,1786717329.6968896,609001.241605418,485490497,1,0,0,8,6699CCECEE840000,can0
4434,1786717329.6978183,609001.242533209,485490497,1,0,0,8,6699CBEC1F7E0000,can0
4435,1786717329.6986556,609001.243369918,485490497,1,0,0,8,6699DCEC9ED50000,can0
4436,1786717329.6993747,609001.244088418,485490497,1,0,0,8,6699DBECAB7D0000,can0
4437,1786717329.701164,609001.245878751,485490497,1,0,0,8,6699ECEC328F0000,can0
4438,1786717329.7017372,609001.246450126,485490497,1,0,0,8,6699EBEC2A810000,can0
4439,1786717329.7021966,609001.246908293,485490497,1,0,0,8,6699FBEC98550000,can0
4440,1786717329.8057053,609001.350426209,485490496,1,0,0,8,66998FEDFB000000,can0
4441,1786717329.8067062,609001.351421751,485490496,1,0,0,8,6699DBED12110000,can0
4442,1786717329.8580647,609001.402785001,485490496,1,0,0,8,6699BCEDCAD70100,can0
4443,1786717329.8591137,609001.403827501,485490496,1,0,0,8,6699B1ED7EDF8200,can0
4444,1786717329.859707,609001.404419709,485490496,1,0,0,8,6699CCECF0C20000,can0
4445,1786717329.8602488,609001.404961043,485490496,1,0,0,8,6699CBECAC7E0000,can0
4446,1786717329.8609562,609001.405669043,485490496,1,0,0,8,6699DCECFCA60000,can0
4447,1786717329.863165,609001.407879001,485490496,1,0,0,8,6699DBEC09830000,can0
4448,1786717329.8640459,609001.408759918,485490496,1,0,0,8,6699ECEC3B6F0000,can0
4449,1786717329.8648636,609001.409580126,485490496,1,0,0,8,6699EBEC0A820000,can0
4450,1786717329.865961,609001.410675001,485490496,1,0,0,8,6699FBEC52570000,can0
4451,1786717330.0518653,609001.596584918,485490657,1,0,0,8,6699FF0FAC260000,can0
4452,1786717330.052931,609001.59764596,485490657,1,0,0,8,66991C20B843FFFF,can0
4453,1786717330.0932043,609001.637923085,435295296,1,0,0,8,007C15F9000474A6,can0
4454,1786717330.1030176,609001.647738376,435294784,1,0,0,8,800BA60000FFFFFF,can0
4455,1786717330.1042671,609001.648989376,435294784,1,0,0,8,81FF4B00FFFFFFFF,can0
4456,1786717330.1137483,609001.658462918,435357504,1,0,0,8,A601AB0C9A0000FF,can0
4457,1786717330.1145751,609001.659288501,435294784,1,0,0,8,800BA60103FFFFFF,can0
4458,1786717330.118379,609001.663102001,435294784,1,0,0,8,81FFFFFFFFFFFFFF,can0
4459,1786717330.1194847,609001.664200376,435357504,1,0,0,8,A602150D820000FF,can0
4460,1786717330.1202636,609001.664978668,435294784,1,0,0,8,600BA60203FFFFFF,can0
4461,1786717330.121005,609001.66571946,435294784,1,0,0,8,61FFFFFFFFFFFFFF,can0
4462,1786717330.125896,609001.670611251,435357504,1,0,0,8,A603FC0C570000FF,can0
4463,1786717330.1266189,609001.67133246,435294784,1,0,0,8,600BA60303FFFFFF,can0
4464,1786717330.1271784,609001.671891668,435294784,1,0,0,8,61FFFFFFFFFFFFFF,can0
4465,1786717330.1277692,609001.672483251,435357504,1,0,0,8,A604BB08000000FF,can0
4466,1786717330.1321442,609001.676862085,435294784,1,0,0,8,600BA60403FFFFFF,can0
4467,1786717330.1344805,609001.679198835,435294784,1,0,0,8,61FFFFFFFFFFFFFF,can0
4468,1786717330.1387596,609001.683477126,435357248,1,0,0,8,A6FFFC00FFFFFFFF,can0
4469,1786717330.1910102,609001.735730585,773,0,0,0,8,0000000000000000,can0
4470,1786717330.1952026,609001.739918335,775,0,0,0,8,1234567856494300,can0
4471,1786717330.2775126,609001.822233793,435295297,1,0,0,8,007B15DB000474CD,can0
4472,1786717330.278729,609001.823443918,435294785,1,0,0,8,800BCD0000FFFFFF,can0
4473,1786717330.2796233,609001.824339085,435294785,1,0,0,8,81FF4700FFFFFFFF,can0
4474,1786717330.2868876,609001.831895376,435357505,1,0,0,8,CD012A0C700000FF,can0
4475,1786717330.2881782,609001.83289321,435294785,1,0,0,8,800BCD0103FFFFFF,can0
4476,1786717330.2891138,609001.833827835,435294785,1,0,0,8,81FFFFFFFFFFFFFF,can0
4477,1786717330.2898948,609001.83460871,435357505,1,0,0,8,CD024D0CAF0000FF,can0
4478,1786717330.2906785,609001.835393085,435294785,1,0,0,8,600BCD0203FFFFFF,can0
4479,1786717330.2914484,609001.836161626,435294785,1,0,0,8,61FFFFFFFFFFFFFF,can0
4480,1786717330.2921894,609001.83690346,435357505,1,0,0,8,CD039C0C700000FF,can0
4481,1786717330.2930377,609001.837751793,435294785,1,0,0,8,600BCD0303FFFFFF,can0
4482,1786717330.2937653,609001.838480043,435294785,1,0,0,8,61FFFFFFFFFFFFFF,can0
4483,1786717330.2944865,609001.839200876,435357505,1,0,0,8,CD048F08000000FF,can0
4484,1786717330.2951941,609001.839908626,435294785,1,0,0,8,600BCD0403FFFFFF,can0
4485,1786717330.3040285,609001.848742585,435294785,1,0,0,8,61FFFFFFFFFFFFFF,can0
4486,1786717330.3049316,609001.849646418,435357249,1,0,0,8,CDFFFC00FFFFFFFF,can0
4487,1786717330.3058026,609001.850515918,233966913,1,0,0,8,0001FDFFFFFFFFFF,can0
4488,1786717330.6382647,609002.182984126,485490497,1,0,0,8,66998DED7C150000,can0
4489,1786717330.6400013,609002.184719418,485490497,1,0,0,8,66998FEDDC000000,can0
4490,1786717330.6409829,609002.185696918,485490497,1,0,0,8,6699DBED4A100000,can0
4491,1786717330.6928928,609002.237612668,485490497,1,0,0,8,6699BCEDBFEE0100,can0
4492,1786717330.6945295,609002.239244252,485490497,1,0,0,8,6699B1ED04E7D804,can0
4493,1786717330.6959598,609002.240676127,485490497,1,0,0,8,6699CCECB9880000,can0
4494,1786717330.6972694,609002.241984127,485490497,1,0,0,8,6699CBECB3790000,can0
4495,1786717330.6981232,609002.242837168,485490497,1,0,0,8,6699DCEC60D80000,can0
4496,1786717330.6997857,609002.244499752,485490497,1,0,0,8,6699DBEC29780000,can0
4497,1786717330.7004218,609002.24513596,485490497,1,0,0,8,6699ECECC28D0000,can0
4498,1786717330.701002,609002.24571521,485490497,1,0,0,8,6699EBEC057E0000,can0
4499,1786717330.701598,609002.246311627,485490497,1,0,0,8,6699FBEC9B550000,can0
4500,1786717330.8055854,609002.350304835,485490496,1,0,0,8,66998FEDFA000000,can0
4501,1786717330.8573217,609002.402036502,485490496,1,0,0,8,6699DBED08110000,can0
4502,1786717330.8583417,609002.403055002,485490496,1,0,0,8,6699BCEDD8ED0100,can0
4503,1786717330.859034,609002.40374671,485490496,1,0,0,8,6699B1ED01547B00,can0
4504,1786717330.8598146,609002.404529835,485490496,1,0,0,8,6699CCECA4C80000,can0
4505,1786717330.8605494,609002.405263043,485490496,1,0,0,8,6699CBECEB7C0000,can0
4506,1786717330.8612087,609002.405923002,485490496,1,0,0,8,6699DCEC9AAF0000,can0
4507,1786717330.861929,609002.40664246,485490496,1,0,0,8,6699DBEC43810000,can0
4508,1786717330.8642118,609002.408948293,485490496,1,0,0,8,6699ECEC9B740000,can0
4509,1786717330.8652475,609002.409961627,485490496,1,0,0,8,6699EBEC4E800000,can0
4510,1786717330.8666317,609002.411347418,485490496,1,0,0,8,6699FBEC3C570000,can0
4511,1786717331.0450568,609002.58977696,485441761,1,0,0,8,6699152031030000,can0
4512,1786717331.0555737,609002.60029021,485490496,1,0,0,8,6699152031030000,can0
4513,1786717331.0563087,609002.601023127,485442017,1,0,0,8,6699152019030000,can0
4514,1786717331.0569952,609002.60170871,485490497,1,0,0,8,6699152019030000,can0
4515,1786717331.0600705,609002.604791168,485490657,1,0,0,8,6699FF0FAC260000,can0
4516,1786717331.0611875,609002.605904585,485490657,1,0,0,8,66991C20B843FFFF,can0
4517,1786717331.1559336,609002.700654002,485490657,1,0,0,8,669902207B150000,can0
4518,1786717331.1773741,609002.722096168,773,0,0,0,8,0000000000000000,can0
4519,1786717331.178974,609002.723698377,775,0,0,0,8,1234567856494300,can0
4520,1786717331.184277,609002.728996543,485441761,1,0,0,8,66990100D0EDFCFF,can0
4521,1786717331.1852837,609002.729997127,485441761,1,0,0,8,66990100DCEDFEFF,can0
4522,1786717331.1862395,609002.730951877,485441761,1,0,0,8,66990100DAEDFFFF,can0
4523,1786717331.1869197,609002.731633085,485441761,1,0,0,8,669901002720FFFF,can0
4524,1786717331.1876178,609002.732330502,485490496,1,0,0,8,6699DAED00000000,can0
4525,1786717331.188389,609002.733102168,485490496,1,0,0,8,6699272023DE0300,can0
4526,1786717331.232476,609002.777196418,485490497,1,0,0,8,66990102FC000000,can0
4527,1786717331.2335415,609002.778255585,485490497,1,0,0,8,66990A02FC000000,can0
4528,1786717331.2555776,609002.800298252,485490496,1,0,0,8,6699DCED80200000,can0
4529,1786717331.256487,609002.801201668,485490496,1,0,0,8,6699DDEDD1830200,can0
4530,1786717331.257197,609002.801910335,485490496,1,0,0,8,6699D0ED730E0000,can0
4531,1786717331.2578344,609002.802548168,485490496,1,0,0,8,6699D1EDF9030000,can0
4532,1786717331.2587144,609002.803429127,485490496,1,0,0,8,6699D2ED420E0000,can0
4533,1786717331.264261,609002.808976293,485490496,1,0,0,8,6699D3EDB4020000,can0
4534,1786717331.283835,609002.828576252,485490497,1,0,0,8,6699000201000000,can0
4535,1786717331.2929966,609002.837716252,485490497,1,0,0,8,6699020200000000,can0
4536,1786717331.2945273,609002.839244168,485490497,1,0,0,8,6699070200000000,can0
4537,1786717331.300346,609002.845062668,485490497,1,0,0,8,66991E0300000000,can0
4538,1786717331.301444,609002.846159043,485490497,1,0,0,8,66991C0300000000,can0
4539,1786717331.3021948,609002.846907918,485490497,1,0,0,8,66998DED7C150000,can0
4540,1786717331.3292162,609002.873936752,485490497,1,0,0,8,66998FEDDD000000,can0
4541,1786717331.3332644,609002.877982543,485490497,1,0,0,8,6699ECED04740000,can0
4542,1786717331.3343375,609002.879050835,485490497,1,0,0,8,6699DAED00000000,can0
4543,1786717331.5355277,609003.080259169,485490497,1,0,0,8,6699B3ED01000000,can0
4544,1786717331.5365515,609003.081266502,485490497,1,0,0,8,6699BCEDAAEE0100,can0
4545,1786717331.5947227,609003.139443919,435295296,1,0,0,8,007C15FE000474C4,can0
4546,1786717331.5978193,609003.14253421,435294784,1,0,0,8,A00BC40000FFFFFF,can0
4547,1786717331.598645,609003.143358877,435294784,1,0,0,8,A1FF4B00FFFFFFFF,can0
4548,1786717331.6057658,609003.15048221,435357504,1,0,0,8,C4016E0CA30000FF,can0
4549,1786717331.6066372,609003.151351252,435294784,1,0,0,8,A00BC40103FFFFFF,can0
4550,1786717331.6073437,609003.152057669,435294784,1,0,0,8,A1FFFFFFFFFFFFFF,can0
4551,1786717331.6079347,609003.152648419,435357504,1,0,0,8,C402D40C8A0000FF,can0
4552,1786717331.6097705,609003.15449446,435294784,1,0,0,8,800BC40203FFFFFF,can0
4553,1786717331.6115744,609003.156288794,435294784,1,0,0,8,81FFFFFFFFFFFFFF,can0
4554,1786717331.612209,609003.15692421,435357504,1,0,0,8,C403B00C5D0000FF,can0
4555,1786717331.613049,609003.157763127,435294784,1,0,0,8,800BC40303FFFFFF,can0
4556,1786717331.6136692,609003.158386252,435294784,1,0,0,8,81FFFFFFFFFFFFFF,can0
4557,1786717331.6145527,609003.159266919,435357504,1,0,0,8,C404B808000000FF,can0
4558,1786717331.6230814,609003.167799502,435294784,1,0,0,8,800BC40403FFFFFF,can0
4559,1786717331.623959,609003.168673835,435294784,1,0,0,8,81FFFFFFFFFFFFFF,can0
4560,1786717331.6246278,609003.169341877,435357248,1,0,0,8,C4FFFC00FFFFFFFF,can0
4561,1786717331.6288896,609003.17360696,502267713,1,0,0,8,A0266699501000EA,can0
4562,1786717331.6318085,609003.176525294,502267713,1,0,0,8,A1000000FFFFFFFF,can0
4563,1786717331.632555,609003.177268835,502267713,1,0,0,8,A28515AF14000000,can0
4564,1786717331.6372638,609003.181983419,502267713,1,0,0,8,A30000C102000000,can0
4565,1786717331.6381671,609003.182883127,502267713,1,0,0,8,A400350900009F01,can0
4566,1786717331.6388528,609003.183566669,502267713,1,0,0,8,A58A9A1300FFFFFF,can0
4567,1786717331.6395373,609003.184251294,418316257,1,0,0,8,F401C02C0082F0C0,can0
4568,1786717331.6439488,609003.188669002,485490497,1,0,0,8,66998FEDDD000000,can0
4569,1786717331.6937869,609003.238527127,485490497,1,0,0,8,6699BCEDAAEE0100,can0
4570,1786717331.6951692,609003.239883169,485490497,1,0,0,8,6699B1ED5D7EA705,can0
4571,1786717331.697254,609003.241971335,485490497,1,0,0,8,6699CCECBD880000,can0
4572,1786717331.6978772,609003.24258996,485490497,1,0,0,8,6699CBECA0790000,can0
4573,1786717331.6986015,609003.243314877,485490497,1,0,0,8,6699DCEC0BD80000,can0
4574,1786717331.6997423,609003.244455835,485490497,1,0,0,8,6699DBEC2A780000,can0
4575,1786717331.7006369,609003.245351044,485490497,1,0,0,8,6699ECEC8D8D0000,can0
4576,1786717331.7012875,609003.246001544,485490497,1,0,0,8,6699EBEC087E0000,can0
4577,1786717331.7019026,609003.246616252,485490497,1,0,0,8,6699FBEC99550000,can0
4578,1786717331.7755594,609003.320280085,435295297,1,0,0,8,007C15DD000474EB,can0
4579,1786717331.7768004,609003.321516169,435294785,1,0,0,8,A00BEB0000FFFFFF,can0
4580,1786717331.777707,609003.322422419,435294785,1,0,0,8,A1FF4700FFFFFFFF,can0
4581,1786717331.779234,609003.32394971,435357505,1,0,0,8,EB01290C700000FF,can0
4582,1786717331.7819657,609003.326680877,435294785,1,0,0,8,A00BEB0103FFFFFF,can0
4583,1786717331.7835913,609003.32832496,435294785,1,0,0,8,A1FFFFFFFFFFFFFF,can0
4584,1786717331.7883165,609003.333032002,435357505,1,0,0,8,EB02040CB40000FF,can0
4585,1786717331.789175,609003.333889335,435294785,1,0,0,8,800BEB0203FFFFFF,can0
4586,1786717331.7899299,609003.334644585,435294785,1,0,0,8,81FFFFFFFFFFFFFF,can0
4587,1786717331.7906754,609003.335390085,435357505,1,0,0,8,EB039C0C700000FF,can0
4588,1786717331.7913792,609003.336094002,435294785,1,0,0,8,800BEB0303FFFFFF,can0
4589,1786717331.7920556,609003.336769169,435294785,1,0,0,8,81FFFFFFFFFFFFFF,can0
4590,1786717331.7985623,609003.343277585,435357505,1,0,0,8,EB048F08000000FF,can0
4591,1786717331.7993777,609003.344093377,435294785,1,0,0,8,800BEB0403FFFFFF,can0
4592,1786717331.800408,609003.345121794,435294785,1,0,0,8,81FFFFFFFFFFFFFF,can0
4593,1786717331.8013637,609003.346078335,435357249,1,0,0,8,EBFFFC00FFFFFFFF,can0
4594,1786717331.802169,609003.346884627,485490497,1,0,0,8,66994E0301000000,can0
4595,1786717331.805203,609003.349920877,485490496,1,0,0,8,66998FED00010000,can0
4596,1786717331.8066678,609003.351383127,485490496,1,0,0,8,6699DBED12110000,can0
4597,1786717331.8579528,609003.402672752,485490496,1,0,0,8,6699BCED8AFF0100,can0
4598,1786717331.8588843,609003.403598044,485490496,1,0,0,8,6699B1EDFDA47600,can0
4599,1786717331.8599575,609003.404671169,485490496,1,0,0,8,6699CCEC3CCD0000,can0
4600,1786717331.860937,609003.405653169,485490496,1,0,0,8,6699CBECFC790000,can0
4601,1786717331.867411,609003.412128585,485490496,1,0,0,8,6699DCEC4AB60000,can0
4602,1786717331.8685133,609003.413228294,485490496,1,0,0,8,6699DBEC247F0000,can0
4603,1786717331.8693204,609003.414035252,485490496,1,0,0,8,6699ECEC527A0000,can0
4604,1786717331.870092,609003.414807044,485490496,1,0,0,8,6699EBEC9A7D0000,can0
4605,1786717331.8708324,609003.41554671,485490496,1,0,0,8,6699FBEC2D570000,can0
4606,1786717332.052245,609003.596964794,485490657,1,0,0,8,6699FF0FAC260000,can0
4607,1786717332.0578089,609003.602529335,485490657,1,0,0,8,66991C205443FFFF,can0
4608,1786717332.1857424,609003.730464877,773,0,0,0,8,0000000000000000,can0
4609,1786717332.187643,609003.732360169,775,0,0,0,8,1234567856494300,can0
4610,1786717332.3963275,609003.941047502,485490657,1,0,0,8,669901207C150000,can0
4611,1786717332.3974476,609003.942163836,485490657,1,0,0,8,66990E200D000000,can0
4612,1786717332.692694,609004.237413544,485490497,1,0,0,8,6699BCED39ED0100,can0
4613,1786717332.6935532,609004.238266919,485490497,1,0,0,8,6699B1ED7F51E005,can0
4614,1786717332.6943362,609004.239050002,485490497,1,0,0,8,6699CCEC68880000,can0
4615,1786717332.695249,609004.239964627,485490497,1,0,0,8,6699CBECAD790000,can0
4616,1786717332.6961925,609004.240906711,485490497,1,0,0,8,6699DCEC46D70000,can0
4617,1786717332.6969423,609004.241656002,485490497,1,0,0,8,6699DBEC3C780000,can0
4618,1786717332.6995816,609004.244296544,485490497,1,0,0,8,6699ECEC8D8D0000,can0
4619,1786717332.7002428,609004.244955252,485490497,1,0,0,8,6699EBEC0D7E0000,can0
4620,1786717332.701126,609004.245841752,485490497,1,0,0,8,6699FBEC95550000,can0
4621,1786717332.7272642,609004.271982461,485490497,1,0,0,8,66998FEDDC000000,can0
4622,1786717332.7839785,609004.328698544,485442017,1,0,0,8,66990100D0EDFCFF,can0
4623,1786717332.785208,609004.329922544,485442017,1,0,0,8,66990100DCEDFEFF,can0
4624,1786717332.7934957,609004.338209503,485442017,1,0,0,8,66990100DAEDFFFF,can0
4625,1786717332.794283,609004.338997836,485442017,1,0,0,8,669901002720FFFF,can0
4626,1786717332.7950299,609004.339744044,485490497,1,0,0,8,6699DAED00000000,can0
4627,1786717332.7982364,609004.342952253,485490497,1,0,0,8,66992720DFEC0300,can0
4628,1786717332.804973,609004.349690794,485490496,1,0,0,8,66998FED05010000,can0
4629,1786717332.805911,609004.350624211,485490496,1,0,0,8,6699DBED12110000,can0
4630,1786717332.8198647,609004.364585086,485490497,1,0,0,8,6699DCED38110000,can0
4631,1786717332.822184,609004.366899836,485490497,1,0,0,8,6699DDEDBE280000,can0
4632,1786717332.8229213,609004.367635753,485490497,1,0,0,8,6699D0ED38080000,can0
4633,1786717332.8241203,609004.368834336,485490497,1,0,0,8,6699D1ED29010000,can0
4634,1786717332.8249578,609004.369672711,485490497,1,0,0,8,6699D2ED35090000,can0
4635,1786717332.8327625,609004.377477336,485490497,1,0,0,8,6699D3EDEA000000,can0
4636,1786717332.8579404,609004.402661294,485490496,1,0,0,8,6699BCEDEA010200,can0
4637,1786717332.8590043,609004.403717711,485490496,1,0,0,8,6699B1ED6FDD7300,can0
4638,1786717332.859651,609004.404364711,485490496,1,0,0,8,6699CCEC5FCD0000,can0
4639,1786717332.8617067,609004.406421044,485490496,1,0,0,8,6699CBECD2760000,can0
4640,1786717332.8630464,609004.407763669,485490496,1,0,0,8,6699DCEC0ABA0000,can0
4641,1786717332.864004,609004.408718044,485490496,1,0,0,8,6699DBEC4A7B0000,can0
4642,1786717332.8677065,609004.412437544,485490496,1,0,0,8,6699ECEC4B7B0000,can0
4643,1786717332.868896,609004.413612336,485490496,1,0,0,8,6699EBEC94790000,can0
4644,1786717332.8699818,609004.414695711,485490496,1,0,0,8,6699FBEC26570000,can0
4645,1786717333.0539436,609004.598666044,485490657,1,0,0,8,6699FF0FAC260000,can0
4646,1786717333.0560083,609004.600728044,485490657,1,0,0,8,66991C201C44FFFF,can0
4647,1786717333.0978613,609004.642581628,435295296,1,0,0,8,007C1504010474E2,can0
4648,1786717333.0989397,609004.643654419,435294784,1,0,0,8,C00BE20000FFFFFF,can0
4649,1786717333.0997097,609004.644422669,435294784,1,0,0,8,C1FF4B00FFFFFFFF,can0
4650,1786717333.1002629,609004.644975461,435357504,1,0,0,8,E201E20BAB0000FF,can0
4651,1786717333.100708,609004.645420919,435294784,1,0,0,8,C00BE20103FFFFFF,can0
4652,1786717333.1011128,609004.645824586,435294784,1,0,0,8,C1FFFFFFFFFFFFFF,can0
4653,1786717333.1015508,609004.646263336,435357504,1,0,0,8,E202430C980000FF,can0
4654,1786717333.1019564,609004.646668211,435294784,1,0,0,8,A00BE20203FFFFFF,can0
4655,1786717333.1023426,609004.647055086,435294784,1,0,0,8,A1FFFFFFFFFFFFFF,can0
4656,1786717333.1027226,609004.647434044,435357504,1,0,0,8,E203140C650000FF,can0
4657,1786717333.10314,609004.647852544,435294784,1,0,0,8,A00BE20303FFFFFF,can0
4658,1786717333.1035306,609004.648242878,435294784,1,0,0,8,A1FFFFFFFFFFFFFF,can0
4659,1786717333.10391,609004.648621878,435357504,1,0,0,8,E204B708000000FF,can0
4660,1786717333.1044352,609004.649147211,435294784,1,0,0,8,A00BE20403FFFFFF,can0
4661,1786717333.1048522,609004.649564336,435294784,1,0,0,8,A1FFFFFFFFFFFFFF,can0
4662,1786717333.105893,609004.650608836,435357248,1,0,0,8,E2FFFC00FFFFFFFF,can0
4663,1786717333.1769326,609004.721651628,773,0,0,0,8,0000000000000000,can0
4664,1786717333.1778734,609004.722586461,775,0,0,0,8,1234567856494300,can0
4665,1786717333.275053,609004.819773419,435295297,1,0,0,8,007C15DC0004740D,can0
4666,1786717333.2761624,609004.820877086,435294785,1,0,0,8,C00B0D0000FFFFFF,can0
4667,1786717333.2769616,609004.821676086,435294785,1,0,0,8,C1FF4700FFFFFFFF,can0
4668,1786717333.2777092,609004.822422878,435357505,1,0,0,8,0D012A0C710000FF,can0
4669,1786717333.278421,609004.823135794,435294785,1,0,0,8,C00B0D0103FFFFFF,can0
4670,1786717333.2791626,609004.823877586,435294785,1,0,0,8,C1FFFFFFFFFFFFFF,can0
4671,1786717333.2827823,609004.827502253,435357505,1,0,0,8,0D02060CB20000FF,can0
4672,1786717333.283757,609004.828472628,435294785,1,0,0,8,A00B0D0203FFFFFF,can0
4673,1786717333.2847278,609004.829441919,435294785,1,0,0,8,A1FFFFFFFFFFFFFF,can0
4674,1786717333.2974083,609004.842130669,435357505,1,0,0,8,0D039B0C700000FF,can0
4675,1786717333.303117,609004.847834378,435294785,1,0,0,8,A00B0D0303FFFFFF,can0
4676,1786717333.3039842,609004.848700086,435294785,1,0,0,8,A1FFFFFFFFFFFFFF,can0
4677,1786717333.3047862,609004.849500586,435357505,1,0,0,8,0D048F08000000FF,can0
4678,1786717333.3127372,609004.857456253,435294785,1,0,0,8,A00B0D0403FFFFFF,can0
4679,1786717333.3136647,609004.858378086,435294785,1,0,0,8,A1FFFFFFFFFFFFFF,can0
4680,1786717333.3142023,609004.858914211,435357249,1,0,0,8,0DFFFC00FFFFFFFF,can0
4681,1786717333.5492146,609005.09393617,485490496,1,0,0,8,66990102FC000000,can0
4682,1786717333.550358,609005.095072045,485490496,1,0,0,8,66990A02FC000000,can0
4683,1786717333.5984106,609005.143131878,485490496,1,0,0,8,6699000201000000,can0
4684,1786717333.6015024,609005.146226295,485490496,1,0,0,8,6699020200000000,can0
4685,1786717333.6023095,609005.147024336,485490496,1,0,0,8,6699070200000000,can0
4686,1786717333.602955,609005.14766892,485490496,1,0,0,8,66991E0300000000,can0
4687,1786717333.6037502,609005.148640628,485490496,1,0,0,8,66991C0300000000,can0
4688,1786717333.605265,609005.149981003,485490496,1,0,0,8,66998DED7C150000,can0
4689,1786717333.6468675,609005.191587003,485490496,1,0,0,8,66998FED03010000,can0
4690,1786717333.648815,609005.193533711,485490496,1,0,0,8,6699ECED04740000,can0
4691,1786717333.65086,609005.195574295,485490496,1,0,0,8,6699DAED00000000,can0
4692,1786717333.6927428,609005.237462586,485490497,1,0,0,8,6699BCED78EC0100,can0
4693,1786717333.6935952,609005.23830842,485490497,1,0,0,8,6699B1EDD0F2EF05,can0
4694,1786717333.6943023,609005.23901617,485490497,1,0,0,8,6699CCEC2C880000,can0
4695,1786717333.6950896,609005.239804128,485490497,1,0,0,8,6699CBEC8F790000,can0
4696,1786717333.6960478,609005.24076192,485490497,1,0,0,8,6699DCECE3D60000,can0
4697,1786717333.6967444,609005.241459045,485490497,1,0,0,8,6699DBEC35780000,can0
4698,1786717333.6979308,609005.24264642,485490497,1,0,0,8,6699ECEC968D0000,can0
4699,1786717333.6987686,609005.24348392,485490497,1,0,0,8,6699EBEC0B7E0000,can0
4700,1786717333.70005,609005.244767795,485490497,1,0,0,8,6699FBEC97550000,can0
4701,1786717333.8105881,609005.355307336,485490496,1,0,0,8,66998FED03010000,can0
4702,1786717333.850735,609005.395459795,485490496,1,0,0,8,6699B3ED01000000,can0
4703,1786717333.8518462,609005.396560003,485490496,1,0,0,8,6699BCED41FC0100,can0
4704,1786717333.860298,609005.405017545,485490496,1,0,0,8,6699BCED41FC0100,can0
4705,1786717333.8612664,609005.405980336,485490496,1,0,0,8,6699B1ED68027600,can0
4706,1786717333.8623338,609005.407048295,485490496,1,0,0,8,6699CCEC43CA0000,can0
4707,1786717333.8675017,609005.412217128,485490496,1,0,0,8,6699CBECE6740000,can0
4708,1786717333.8683522,609005.41306692,485490496,1,0,0,8,6699DCEC03B80000,can0
4709,1786717333.879204,609005.42394292,485490496,1,0,0,8,6699DBECB7790000,can0
4710,1786717333.88029,609005.425005961,485490496,1,0,0,8,6699ECECAE7A0000,can0
4711,1786717333.881102,609005.425815336,485490496,1,0,0,8,6699EBECA2780000,can0
4712,1786717333.8871186,609005.431839128,485490496,1,0,0,8,6699FBEC20570000,can0
4713,1786717333.9429626,609005.48810517,502267712,1,0,0,8,80266699501000B4,can0
4714,1786717333.9467733,609005.49148892,502267712,1,0,0,8,81020000FFFFFFFF,can0
4715,1786717333.9508724,609005.495591836,502267712,1,0,0,8,828515AB14000000,can0
4716,1786717333.9518013,609005.496515711,502267712,1,0,0,8,830000C202000000,can0
4717,1786717333.952486,609005.497200045,502267712,1,0,0,8,8400420E00009602,can0
4718,1786717333.9531248,609005.497838628,502267712,1,0,0,8,85EE9A4001FFFFFF,can0
4719,1786717334.0710216,609005.61574142,485441761,1,0,0,8,6699152031030000,can0
4720,1786717334.0735765,609005.618292795,485442017,1,0,0,8,6699152019030000,can0
4721,1786717334.074311,609005.619024003,485490496,1,0,0,8,6699152031030000,can0
4722,1786717334.0789413,609005.623658295,485490497,1,0,0,8,6699152019030000,can0
4723,1786717334.0801375,609005.62485192,485490657,1,0,0,8,6699FF0FAC260000,can0
4724,1786717334.0808852,609005.62559867,485490657,1,0,0,8,66991C202842FFFF,can0
4725,1786717334.1016583,609005.646377961,485490496,1,0,0,8,66994E0301000000,can0
4726,1786717334.130958,609005.675678128,502267713,1,0,0,8,C01D6699431001DC,can0
4727,1786717334.1416922,609005.68640742,502267713,1,0,0,8,C10A0A00E11E0000,can0
4728,1786717334.1425424,609005.68725792,502267713,1,0,0,8,C200000000000000,can0
4729,1786717334.143303,609005.68801692,502267713,1,0,0,8,C300000000000000,can0
4730,1786717334.150707,609005.695420878,502267713,1,0,0,8,C40000FFFFFFFFFF,can0
4731,1786717334.1599295,609005.70464917,485490657,1,0,0,8,669902207C150000,can0
4732,1786717334.1656523,609005.710373586,485490657,1,0,0,8,669903204C090000,can0
4733,1786717334.1902747,609005.734995878,773,0,0,0,8,0000000000000000,can0
4734,1786717334.1912012,609005.735915212,775,0,0,0,8,1234567856494300,can0
4735,1786717334.5921726,609006.136893587,435295296,1,0,0,8,007C150201047404,can0
4736,1786717334.5933065,609006.138020878,435294784,1,0,0,8,E00B040000FFFFFF,can0
4737,1786717334.5942304,609006.13894492,435294784,1,0,0,8,E1FF4B00FFFFFFFF,can0
4738,1786717334.5950599,609006.139774045,435357504,1,0,0,8,0401B20BAB0000FF,can0
4739,1786717334.5968034,609006.141517795,435294784,1,0,0,8,E00B040103FFFFFF,can0
4740,1786717334.5976532,609006.142367545,435294784,1,0,0,8,E1FFFFFFFFFFFFFF,can0
4741,1786717334.5983143,609006.14302767,435357504,1,0,0,8,0402290C970000FF,can0
4742,1786717334.5989048,609006.143617087,435294784,1,0,0,8,C00B040203FFFFFF,can0
4743,1786717334.6002398,609006.144955545,435294784,1,0,0,8,C1FFFFFFFFFFFFFF,can0
4744,1786717334.6017869,609006.146505295,435357504,1,0,0,8,04030F0C650000FF,can0
4745,1786717334.6031332,609006.147847795,435294784,1,0,0,8,C00B040303FFFFFF,can0
4746,1786717334.603811,609006.148525087,435294784,1,0,0,8,C1FFFFFFFFFFFFFF,can0
4747,1786717334.6042943,609006.149007295,435357504,1,0,0,8,0404B608000000FF,can0
4748,1786717334.604845,609006.149556795,435294784,1,0,0,8,C00B040403FFFFFF,can0
4749,1786717334.6052542,609006.149965837,435294784,1,0,0,8,C1FFFFFFFFFFFFFF,can0
4750,1786717334.6061432,609006.150855295,435357248,1,0,0,8,04FFFC00FFFFFFFF,can0
4751,1786717334.6066685,609006.151381795,233966912,1,0,0,8,0001FDFFFFFFFFFF,can0
4752,1786717334.6924312,609006.237150462,485490497,1,0,0,8,6699BCEDCDEB0100,can0
4753,1786717334.6933353,609006.238047962,485490497,1,0,0,8,6699B1ED693FF405,can0
4754,1786717334.6939735,609006.238686837,485490497,1,0,0,8,6699CCEC08880000,can0
4755,1786717334.695622,609006.240341712,485490497,1,0,0,8,6699CBEC85790000,can0
4756,1786717334.6967828,609006.24149842,485490497,1,0,0,8,6699DCEC7BD60000,can0
4757,1786717334.6980178,609006.24273617,485490497,1,0,0,8,6699DBEC3A780000,can0
4758,1786717334.6987925,609006.243505587,485490497,1,0,0,8,6699ECEC7D8D0000,can0
4759,1786717334.6994176,609006.244131337,485490497,1,0,0,8,6699EBEC107E0000,can0
4760,1786717334.7036386,609006.24835817,485490497,1,0,0,8,6699FBEC96550000,can0
4761,1786717334.7754984,609006.320220295,435295297,1,0,0,8,007C15DC0004742B,can0
4762,1786717334.7765903,609006.321304837,435294785,1,0,0,8,E00B2B0000FFFFFF,can0
4763,1786717334.7776022,609006.322316587,435294785,1,0,0,8,E1FF4700FFFFFFFF,can0
4764,1786717334.7785308,609006.323245545,435357505,1,0,0,8,2B01290C710000FF,can0
4765,1786717334.7804282,609006.32514542,435294785,1,0,0,8,E00B2B0103FFFFFF,can0
4766,1786717334.7812784,609006.325992503,435294785,1,0,0,8,E1FFFFFFFFFFFFFF,can0
4767,1786717334.7821624,609006.32687642,435357505,1,0,0,8,2B02060CB20000FF,can0
4768,1786717334.7831008,609006.32781542,435294785,1,0,0,8,C00B2B0203FFFFFF,can0
4769,1786717334.7847178,609006.329431962,435294785,1,0,0,8,C1FFFFFFFFFFFFFF,can0
4770,1786717334.7955225,609006.340255545,435357505,1,0,0,8,2B039C0C710000FF,can0
4771,1786717334.7965207,609006.341234753,435294785,1,0,0,8,C00B2B0303FFFFFF,can0
4772,1786717334.7972248,609006.341937753,435294785,1,0,0,8,C1FFFFFFFFFFFFFF,can0
4773,1786717334.7977188,609006.34243117,435357505,1,0,0,8,2B048F08000000FF,can0
4774,1786717334.79814,609006.342852128,435294785,1,0,0,8,C00B2B0403FFFFFF,can0
4775,1786717334.7985404,609006.343252003,435294785,1,0,0,8,C1FFFFFFFFFFFFFF,can0
4776,1786717334.7989244,609006.343637337,435357249,1,0,0,8,2BFFFC00FFFFFFFF,can0
4777,1786717334.7993057,609006.344017795,485490496,1,0,0,8,66998DED7D150000,can0
4778,1786717334.8057473,609006.350467045,485490496,1,0,0,8,66998FED02010000,can0
4779,1786717334.8585465,609006.403266503,485490496,1,0,0,8,6699BCED27FF0100,can0
4780,1786717334.8597803,609006.404495295,485490496,1,0,0,8,6699B1EDBE077A00,can0
4781,1786717334.8608236,609006.405539295,485490496,1,0,0,8,6699CCEC9BCB0000,can0
4782,1786717334.8616877,609006.406403087,485490496,1,0,0,8,6699CBEC48760000,can0
4783,1786717334.8624985,609006.407213837,485490496,1,0,0,8,6699DCEC11B80000,can0
4784,1786717334.8638215,609006.408535128,485490496,1,0,0,8,6699DBEC627A0000,can0
4785,1786717334.8644733,609006.409184878,485490496,1,0,0,8,6699ECEC937A0000,can0
4786,1786717334.8652663,609006.409979045,485490496,1,0,0,8,6699EBEC2A790000,can0
4787,1786717334.8661144,609006.410827295,485490496,1,0,0,8,6699FBEC20570000,can0
4788,1786717335.064991,609006.609712045,485490657,1,0,0,8,6699FF0FAC260000,can0
4789,1786717335.0660248,609006.610738879,485490657,1,0,0,8,66991C20F042FFFF,can0
4790,1786717335.1889756,609006.73369942,773,0,0,0,8,0000000000000000,can0
4791,1786717335.1899443,609006.73465867,775,0,0,0,8,1234567856494300,can0
4792,1786717335.627696,609007.172416379,485490497,1,0,0,8,66998FEDDB000000,can0
4793,1786717335.6922877,609007.237006921,485490497,1,0,0,8,6699BCED43EB0100,can0
4794,1786717335.6932213,609007.237934879,485490497,1,0,0,8,6699B1ED236EF505,can0
4795,1786717335.6960757,609007.240791796,485490497,1,0,0,8,6699CCECB2870000,can0
4796,1786717335.6969662,609007.241680796,485490497,1,0,0,8,6699CBEC7B790000,can0
4797,1786717335.6977327,609007.242446671,485490497,1,0,0,8,6699DCEC32D60000,can0
4798,1786717335.6986055,609007.243320337,485490497,1,0,0,8,6699DBEC3D780000,can0
4799,1786717335.6993628,609007.244077629,485490497,1,0,0,8,6699ECEC8B8D0000,can0
4800,1786717335.7007406,609007.245457087,485490497,1,0,0,8,6699EBEC147E0000,can0
4801,1786717335.7035067,609007.248222046,485490497,1,0,0,8,6699FBEC95550000,can0
4802,1786717335.8052483,609007.349968546,485490496,1,0,0,8,66998FED03010000,can0
4803,1786717335.8575838,609007.402304629,485490496,1,0,0,8,6699BCED30EF0100,can0
4804,1786717335.8584814,609007.403195629,485490496,1,0,0,8,6699B1EDE9238200,can0
4805,1786717335.859453,609007.404166504,485490496,1,0,0,8,6699CCEC0CC80000,can0
4806,1786717335.8602004,609007.404915629,485490496,1,0,0,8,6699CBEC0A7C0000,can0
4807,1786717335.8609612,609007.405675754,485490496,1,0,0,8,6699DCECFDB40000,can0
4808,1786717335.8617368,609007.406451504,485490496,1,0,0,8,6699DBECE37E0000,can0
4809,1786717335.8624728,609007.407186171,485490496,1,0,0,8,6699ECECB8780000,can0
4810,1786717335.8634465,609007.408162296,485490496,1,0,0,8,6699EBECB37D0000,can0
4811,1786717335.867114,609007.411832546,485490496,1,0,0,8,6699FBEC1C570000,can0
4812,1786717336.0525563,609007.597275462,485490657,1,0,0,8,6699FF0FAC260000,can0
4813,1786717336.0538993,609007.598614046,485490657,1,0,0,8,66991C205443FFFF,can0
4814,1786717336.091533,609007.636252712,435295296,1,0,0,8,007D150101047422,can0
4815,1786717336.095623,609007.640340629,435294784,1,0,0,8,000B220000FFFFFF,can0
4816,1786717336.1026902,609007.647405629,435294784,1,0,0,8,01FF4B00FFFFFFFF,can0
4817,1786717336.106323,609007.651037421,435357504,1,0,0,8,2201670CA30000FF,can0
4818,1786717336.1071389,609007.651853712,435294784,1,0,0,8,000B220103FFFFFF,can0
4819,1786717336.1079726,609007.652687546,435294784,1,0,0,8,01FFFFFFFFFFFFFF,can0
4820,1786717336.1087103,609007.653425046,435357504,1,0,0,8,2202E00C860000FF,can0
4821,1786717336.1093998,609007.654113921,435294784,1,0,0,8,E00B220203FFFFFF,can0
4822,1786717336.110151,609007.654866087,435294784,1,0,0,8,E1FFFFFFFFFFFFFF,can0
4823,1786717336.110885,609007.655599712,435357504,1,0,0,8,2203BD0C5D0000FF,can0
4824,1786717336.1116204,609007.656333879,435294784,1,0,0,8,E00B220303FFFFFF,can0
4825,1786717336.1123235,609007.657037754,435294784,1,0,0,8,E1FFFFFFFFFFFFFF,can0
4826,1786717336.1129868,609007.657701754,435357504,1,0,0,8,2204B608000000FF,can0
4827,1786717336.1137328,609007.658446712,435294784,1,0,0,8,E00B220403FFFFFF,can0
4828,1786717336.1145835,609007.659297171,435294784,1,0,0,8,E1FFFFFFFFFFFFFF,can0
4829,1786717336.116315,609007.661033671,435357248,1,0,0,8,22FFFC00FFFFFFFF,can0
4830,1786717336.117205,609007.661919962,485490496,1,0,0,8,66998DED7C150000,can0
4831,1786717336.1826594,609007.727380796,485441761,1,0,0,8,66990100D0EDFCFF,can0
4832,1786717336.190425,609007.735140171,485441761,1,0,0,8,66990100DCEDFEFF,can0
4833,1786717336.1938622,609007.738577171,485441761,1,0,0,8,66990100DAEDFFFF,can0
4834,1786717336.1947818,609007.739496671,485441761,1,0,0,8,669901002720FFFF,can0
4835,1786717336.1999102,609007.744626504,773,0,0,0,8,0000000000000000,can0
4836,1786717336.2009764,609007.745690337,775,0,0,0,8,1234567856494300,can0
4837,1786717336.2019796,609007.746694087,485490496,1,0,0,8,6699DAED00000000,can0
4838,1786717336.2034273,609007.748142879,485490496,1,0,0,8,669927206DCA0300,can0
4839,1786717336.2340052,609007.778725879,485490497,1,0,0,8,66990102FC000000,can0
4840,1786717336.2351334,609007.779847754,485490497,1,0,0,8,66990A02FC000000,can0
4841,1786717336.2620847,609007.806803129,485490496,1,0,0,8,6699DCED80200000,can0
4842,1786717336.2633505,609007.808065587,485490496,1,0,0,8,6699DDEDD1830200,can0
4843,1786717336.2642336,609007.808947587,485490496,1,0,0,8,6699D0ED730E0000,can0
4844,1786717336.2649496,609007.809663379,485490496,1,0,0,8,6699D1EDF9030000,can0
4845,1786717336.2707121,609007.815426671,485490496,1,0,0,8,6699D2ED420E0000,can0
4846,1786717336.271452,609007.816166212,485490496,1,0,0,8,6699D3EDB4020000,can0
4847,1786717336.2752326,609007.819952712,435295297,1,0,0,8,007C15DB00047449,can0
4848,1786717336.2804725,609007.825188088,435294785,1,0,0,8,000B490000FFFFFF,can0
4849,1786717336.2878232,609007.832537213,435294785,1,0,0,8,01FF4700FFFFFFFF,can0
4850,1786717336.3074865,609007.852202838,435357505,1,0,0,8,4901250C700000FF,can0
4851,1786717336.3082454,609007.852959838,435294785,1,0,0,8,000B490103FFFFFF,can0
4852,1786717336.3088944,609007.853608796,435294785,1,0,0,8,01FFFFFFFFFFFFFF,can0
4853,1786717336.309517,609007.854230796,435357505,1,0,0,8,4902030CB10000FF,can0
4854,1786717336.3101268,609007.854841504,435294785,1,0,0,8,E00B490203FFFFFF,can0
4855,1786717336.3107276,609007.855442254,435294785,1,0,0,8,E1FFFFFFFFFFFFFF,can0
4856,1786717336.311326,609007.856039171,435357505,1,0,0,8,4903980C700000FF,can0
4857,1786717336.3119318,609007.856645171,435294785,1,0,0,8,E00B490303FFFFFF,can0
4858,1786717336.3126495,609007.857363379,435294785,1,0,0,8,E1FFFFFFFFFFFFFF,can0
4859,1786717336.3132885,609007.858002588,435357505,1,0,0,8,49048F08000000FF,can0
4860,1786717336.3138976,609007.858611379,435294785,1,0,0,8,E00B490403FFFFFF,can0
4861,1786717336.314503,609007.859216588,435294785,1,0,0,8,E1FFFFFFFFFFFFFF,can0
4862,1786717336.315122,609007.859836171,435357249,1,0,0,8,49FFFC00FFFFFFFF,can0
4863,1786717336.3319514,609007.876668338,233966913,1,0,0,8,0001FDFFFFFFFFFF,can0
4864,1786717336.3330064,609007.877721754,485490497,1,0,0,8,66998DED7B150000,can0
4865,1786717336.3338673,609007.878582921,485490497,1,0,0,8,6699000201000000,can0
4866,1786717336.3348088,609007.879523713,485490497,1,0,0,8,6699020200000000,can0
4867,1786717336.3556626,609007.900378004,485490497,1,0,0,8,6699070200000000,can0
4868,1786717336.3569672,609007.901681004,485490497,1,0,0,8,66991E0300000000,can0
4869,1786717336.357627,609007.902340213,485490497,1,0,0,8,66991C0300000000,can0
4870,1786717336.3583272,609007.903045963,485490497,1,0,0,8,66998DED7B150000,can0
4871,1786717336.3590372,609007.903750838,485490497,1,0,0,8,66998FEDDB000000,can0
4872,1786717336.359753,609007.904472338,485490497,1,0,0,8,6699ECED04740000,can0
4873,1786717336.3604455,609007.905160088,485490497,1,0,0,8,6699DAED00000000,can0
4874,1786717336.5344594,609008.079179754,485490497,1,0,0,8,6699B3ED01000000,can0
4875,1786717336.5355184,609008.080235171,485490497,1,0,0,8,6699BCED8AEA0100,can0
4876,1786717336.6266017,609008.171321588,502267713,1,0,0,8,E0266699501000EA,can0
4877,1786717336.6294005,609008.174117296,502267713,1,0,0,8,E1000000FFFFFFFF,can0
4878,1786717336.6364095,609008.181124379,502267713,1,0,0,8,E28515AF14000000,can0
4879,1786717336.6372135,609008.181927921,502267713,1,0,0,8,E30000C102000000,can0
4880,1786717336.63836,609008.183074838,502267713,1,0,0,8,E400350900009F01,can0
4881,1786717336.6390724,609008.183786171,502267713,1,0,0,8,E58A9A1300FFFFFF,can0
4882,1786717336.6397438,609008.184457629,485490497,1,0,0,8,6699DBED54100000,can0
4883,1786717336.6776695,609008.222390046,485490497,1,0,0,8,6699DBED4A100000,can0
4884,1786717336.6942155,609008.238936296,485490497,1,0,0,8,6699BCED8AEA0100,can0
4885,1786717336.6966336,609008.241366546,485490497,1,0,0,8,6699B1ED68C1F505,can0
4886,1786717336.7029326,609008.247652504,485490497,1,0,0,8,6699CCECBB870000,can0
4887,1786717336.703766,609008.248479004,485490497,1,0,0,8,6699CBEC5F790000,can0
4888,1786717336.7042732,609008.248986254,485490497,1,0,0,8,6699DCEC81D50000,can0
4889,1786717336.7057834,609008.250498838,485490497,1,0,0,8,6699DBEC2B780000,can0
4890,1786717336.7066438,609008.251356838,485490497,1,0,0,8,6699ECEC6B8D0000,can0
4891,1786717336.7073643,609008.252079046,485490497,1,0,0,8,6699EBEC017E0000,can0
4892,1786717336.7083354,609008.253051463,485490497,1,0,0,8,6699FBEC95550000,can0
4893,1786717336.7845204,609008.329239796,485490497,1,0,0,8,66994E0301000000,can0
4894,1786717336.809826,609008.354545171,485490496,1,0,0,8,66998FEDF6000000,can0
4895,1786717336.8578281,609008.402548963,485490496,1,0,0,8,6699BCEDFFD00100,can0
4896,1786717336.8594627,609008.404177588,485490496,1,0,0,8,6699B1ED7DEE8000,can0
4897,1786717336.8626873,609008.407403421,485490496,1,0,0,8,6699CCECF9BD0000,can0
4898,1786717336.863568,609008.408283046,485490496,1,0,0,8,6699CBEC187F0000,can0
4899,1786717336.8648558,609008.409570629,485490496,1,0,0,8,6699DCEC8BA30000,can0
4900,1786717336.8659272,609008.410641713,485490496,1,0,0,8,6699DBEC38830000,can0
4901,1786717336.8693898,609008.414105879,485490496,1,0,0,8,6699ECEC41700000,can0
4902,1786717336.870323,609008.415036338,485490496,1,0,0,8,6699EBEC56810000,can0
4903,1786717336.870859,609008.415571254,485490496,1,0,0,8,6699FBEC1C570000,can0
4904,1786717337.0440168,609008.588738046,485490496,1,0,0,8,66998DED7B150000,can0
4905,1786717337.053116,609008.597835588,485441761,1,0,0,8,6699152032030000,can0
4906,1786717337.0540886,609008.59880388,485490496,1,0,0,8,6699152032030000,can0
4907,1786717337.054819,609008.59953288,485442017,1,0,0,8,6699152018030000,can0
4908,1786717337.062666,609008.60738313,485490497,1,0,0,8,6699152018030000,can0
4909,1786717337.0637946,609008.60850938,485490657,1,0,0,8,6699FF0FAC260000,can0
4910,1786717337.0646033,609008.609318421,485490657,1,0,0,8,66991C20C441FFFF,can0
4911,1786717337.1605906,609008.705311338,485490657,1,0,0,8,669902207C150000,can0
4912,1786717337.1808362,609008.725555463,773,0,0,0,8,0000000000000000,can0
4913,1786717337.1820064,609008.72672138,775,0,0,0,8,1234567856494300,can0
4914,1786717337.3859184,609008.93063863,485490657,1,0,0,8,669901207C150000,can0
4915,1786717337.3877254,609008.93244138,485490657,1,0,0,8,66990E200D000000,can0
4916,1786717337.577159,609009.121880713,485490497,1,0,0,8,66998DED7C150000,can0
4917,1786717337.590985,609009.135704463,435295296,1,0,0,8,007B15F100047440,can0
4918,1786717337.592166,609009.136880463,435294784,1,0,0,8,200B400000FFFFFF,can0
4919,1786717337.5929835,609009.137697796,435294784,1,0,0,8,21FF4B00FFFFFFFF,can0
4920,1786717337.5937662,609009.138481046,435357504,1,0,0,8,4001B40C920000FF,can0
4921,1786717337.5945363,609009.139250338,435294784,1,0,0,8,200B400103FFFFFF,can0
4922,1786717337.5952768,609009.139991088,435294784,1,0,0,8,21FFFFFFFFFFFFFF,can0
4923,1786717337.5972085,609009.141924171,435357504,1,0,0,8,40021E0D7E0000FF,can0
4924,1786717337.598213,609009.142927088,435294784,1,0,0,8,000B400203FFFFFF,can0
4925,1786717337.5990663,609009.143780963,435294784,1,0,0,8,01FFFFFFFFFFFFFF,can0
4926,1786717337.5999842,609009.144698046,435357504,1,0,0,8,4003E00C5B0000FF,can0
4927,1786717337.600736,609009.145449588,435294784,1,0,0,8,000B400303FFFFFF,can0
4928,1786717337.6018872,609009.146603088,435294784,1,0,0,8,01FFFFFFFFFFFFFF,can0
4929,1786717337.6028056,609009.147520296,435357504,1,0,0,8,4004B608000000FF,can0
4930,1786717337.6035273,609009.148239713,435294784,1,0,0,8,000B400403FFFFFF,can0
4931,1786717337.6040454,609009.148757838,435294784,1,0,0,8,01FFFFFFFFFFFFFF,can0
4932,1786717337.604476,609009.14918863,435357248,1,0,0,8,40FFFC00FFFFFFFF,can0
4933,1786717337.6394343,609009.184153838,485490497,1,0,0,8,6699DBED54100000,can0
4934,1786717337.6926286,609009.237349588,485490497,1,0,0,8,6699BCED9EE90100,can0
4935,1786717337.6940217,609009.238737838,485490497,1,0,0,8,6699B1ED4FD8F505,can0
4936,1786717337.6970453,609009.241772963,485490497,1,0,0,8,6699CCEC77870000,can0
4937,1786717337.6987405,609009.243455088,485490497,1,0,0,8,6699CBEC53790000,can0
4938,1786717337.699561,609009.244275755,485490497,1,0,0,8,6699DCEC07D50000,can0
4939,1786717337.7003188,609009.245031922,485490497,1,0,0,8,6699DBEC1E780000,can0
4940,1786717337.7012773,609009.245990922,485490497,1,0,0,8,6699ECEC738D0000,can0
4941,1786717337.7018821,609009.246595588,485490497,1,0,0,8,6699EBECFA7D0000,can0
4942,1786717337.7024136,609009.247126172,485490497,1,0,0,8,6699FBEC94550000,can0
4943,1786717337.7783482,609009.323067797,435295297,1,0,0,8,007C15DB00047467,can0
4944,1786717337.7808664,609009.325579922,435294785,1,0,0,8,200B670000FFFFFF,can0
4945,1786717337.7836545,609009.328368422,435294785,1,0,0,8,21FF4700FFFFFFFF,can0
4946,1786717337.78448,609009.329194422,435357505,1,0,0,8,6701220C700000FF,can0
4947,1786717337.785247,609009.329962172,435294785,1,0,0,8,200B670103FFFFFF,can0
4948,1786717337.7874243,609009.332142255,435294785,1,0,0,8,21FFFFFFFFFFFFFF,can0
4949,1786717337.7969375,609009.34165263,435357505,1,0,0,8,6702030CB10000FF,can0
4950,1786717337.7980793,609009.342793713,435294785,1,0,0,8,000B670203FFFFFF,can0
4951,1786717337.7988374,609009.343550838,435294785,1,0,0,8,01FFFFFFFFFFFFFF,can0
4952,1786717337.7995262,609009.344240213,435357505,1,0,0,8,6703980C700000FF,can0
4953,1786717337.8002472,609009.344961463,435294785,1,0,0,8,000B670303FFFFFF,can0
4954,1786717337.801158,609009.345871797,435294785,1,0,0,8,01FFFFFFFFFFFFFF,can0
4955,1786717337.8018656,609009.346580213,435357505,1,0,0,8,67048F08000000FF,can0
4956,1786717337.802591,609009.347304672,435294785,1,0,0,8,000B670403FFFFFF,can0
4957,1786717337.8033118,609009.348026797,435294785,1,0,0,8,01FFFFFFFFFFFFFF,can0
4958,1786717337.8040147,609009.348729213,435357249,1,0,0,8,67FFFC00FFFFFFFF,can0
4959,1786717337.8047733,609009.349489005,485442017,1,0,0,8,66990100D0EDFCFF,can0
4960,1786717337.8057938,609009.350509713,485442017,1,0,0,8,66990100DCEDFEFF,can0
4961,1786717337.809806,609009.354525713,485442017,1,0,0,8,66990100DAEDFFFF,can0
4962,1786717337.8107264,609009.355441172,485442017,1,0,0,8,669901002720FFFF,can0
4963,1786717337.8114667,609009.356180588,485490497,1,0,0,8,6699DAED00000000,can0
4964,1786717337.8121161,609009.356830755,485490497,1,0,0,8,66992720BCBA0300,can0
4965,1786717337.812798,609009.357511547,485490496,1,0,0,8,66998FEDF1000000,can0
4966,1786717337.8202407,609009.364959838,485490497,1,0,0,8,6699DCED38110000,can0
4967,1786717337.823237,609009.367950213,485490497,1,0,0,8,6699DDEDBE280000,can0
4968,1786717337.8247807,609009.369497588,485490497,1,0,0,8,6699D0ED38080000,can0
4969,1786717337.825809,609009.370524005,485490497,1,0,0,8,6699D1ED29010000,can0
4970,1786717337.8266034,609009.37131713,485490497,1,0,0,8,6699D2ED35090000,can0
4971,1786717337.827634,609009.372347422,485490497,1,0,0,8,6699D3EDEA000000,can0
4972,1786717337.8578162,609009.402536463,485490496,1,0,0,8,6699BCED21D40100,can0
4973,1786717337.8587728,609009.403486963,485490496,1,0,0,8,6699B1EDECDE7B00,can0
4974,1786717337.8595786,609009.404292588,485490496,1,0,0,8,6699CCECEBBC0000,can0
4975,1786717337.8603358,609009.405050547,485490496,1,0,0,8,6699CBEC3B7F0000,can0
4976,1786717337.8637466,609009.40846638,485490496,1,0,0,8,6699DCECA2A30000,can0
4977,1786717337.864672,609009.409385297,485490496,1,0,0,8,6699DBEC16830000,can0
4978,1786717337.8657587,609009.410472672,485490496,1,0,0,8,6699ECEC22720000,can0
4979,1786717337.8663547,609009.411066297,485490496,1,0,0,8,6699EBEC96800000,can0
4980,1786717337.8730867,609009.41780563,485490496,1,0,0,8,6699FBEC1A570000,can0
4981,1786717338.057324,609009.602044088,485490657,1,0,0,8,6699FF0FAC260000,can0
4982,1786717338.0581954,609009.602909588,485490657,1,0,0,8,66991C20F042FFFF,can0
4983,1786717338.1809962,609009.72573863,773,0,0,0,8,0000000000000000,can0
4984,1786717338.1822503,609009.726964755,775,0,0,0,8,1234567856494300,can0
4985,1786717338.4044073,609009.949127547,502267712,1,0,0,8,A01D669942100194,can0
4986,1786717338.405558,609009.950274547,502267712,1,0,0,8,A19AA20135A00400,can0
4987,1786717338.4063501,609009.951063839,502267712,1,0,0,8,A200000000000000,can0
4988,1786717338.4070833,609009.951797005,502267712,1,0,0,8,A300110000000000,can0
4989,1786717338.4077952,609009.952508922,502267712,1,0,0,8,A40000FFFFFFFFFF,can0
4990,1786717338.5493484,609010.094070214,485490496,1,0,0,8,66990102FC000000,can0
4991,1786717338.550985,609010.095699172,485490496,1,0,0,8,66990A02FC000000,can0
4992,1786717338.5985794,609010.14329863,485490496,1,0,0,8,6699000201000000,can0
4993,1786717338.6001654,609010.144880005,485490496,1,0,0,8,6699020200000000,can0
4994,1786717338.6009727,609010.145687255,485490496,1,0,0,8,6699070200000000,can0
4995,1786717338.6018891,609010.146604672,485490496,1,0,0,8,66991E0300000000,can0
4996,1786717338.6027524,609010.147466505,485490496,1,0,0,8,66991C0300000000,can0
4997,1786717338.6035502,609010.148264714,485490496,1,0,0,8,66998DED7B150000,can0
4998,1786717338.6395009,609010.184220089,485490497,1,0,0,8,6699DBED4A100000,can0
4999,1786717338.6465755,609010.191294339,485490496,1,0,0,8,66998FEDF2000000,can0
5000,1786717338.647748,609010.192461672,485490496,1,0,0,8,6699ECED04740000,can0
5001,1786717338.6509833,609010.19569913,485490496,1,0,0,8,6699DAED00000000,can0
5002,1786717338.6954758,609010.240195172,485490497,1,0,0,8,6699BCED7BE90100,can0
5003,1786717338.6967335,609010.24144863,485490497,1,0,0,8,6699B1ED9CDEF505,can0
5004,1786717338.6975558,609010.242268547,485490497,1,0,0,8,6699CCEC5E870000,can0
5005,1786717338.6981304,609010.242842922,485490497,1,0,0,8,6699CBEC53790000,can0
5006,1786717338.6987455,609010.243458839,485490497,1,0,0,8,6699DCEC81D40000,can0
5007,1786717338.6994245,609010.244138505,485490497,1,0,0,8,6699DBEC1E780000,can0
5008,1786717338.701334,609010.24604863,485490497,1,0,0,8,6699ECEC518D0000,can0
5009,1786717338.7021983,609010.246912214,485490497,1,0,0,8,6699EBECF27D0000,can0
5010,1786717338.7033498,609010.248063297,485490497,1,0,0,8,6699FBEC94550000,can0
5011,1786717338.805832,609010.350551714,485490496,1,0,0,8,66998FEDF3000000,can0
5012,1786717338.8275385,609010.37226338,485490497,1,0,0,8,66998FEDDA000000,can0
5013,1786717338.850599,609010.395319797,485490496,1,0,0,8,6699B3ED01000000,can0
5014,1786717338.8515453,609010.396259505,485490496,1,0,0,8,6699BCED7CD70100,can0
5015,1786717338.8635223,609010.408243547,485490496,1,0,0,8,6699BCED7CD70100,can0
5016,1786717338.8644903,609010.409204755,485490496,1,0,0,8,6699B1ED47FF7900,can0
5017,1786717338.8670523,609010.411770255,485490496,1,0,0,8,6699CCEC0EBD0000,can0
5018,1786717338.8679602,609010.412674797,485490496,1,0,0,8,6699CBEC207F0000,can0
5019,1786717338.8748147,609010.419531464,485490496,1,0,0,8,6699DCEC7CA70000,can0
5020,1786717338.8758283,609010.42054363,485490496,1,0,0,8,6699DBEC65820000,can0
5021,1786717338.8765645,609010.421278214,485490496,1,0,0,8,6699ECEC2E740000,can0
5022,1786717338.890924,609010.43564163,485490496,1,0,0,8,6699EBECDD7F0000,can0
5023,1786717338.8956473,609010.440366755,485490496,1,0,0,8,6699FBEC18570000,can0
5024,1786717338.9422195,609010.486939047,502267712,1,0,0,8,C0266699501000B4,can0
5025,1786717338.9430935,609010.48780688,502267712,1,0,0,8,C1020000FFFFFFFF,can0
5026,1786717338.9437916,609010.488505672,502267712,1,0,0,8,C28515AB14000000,can0
5027,1786717338.9445229,609010.48923688,502267712,1,0,0,8,C30000C202000000,can0
5028,1786717338.9452791,609010.489994047,502267712,1,0,0,8,C400420E00009602,can0
5029,1786717338.9572408,609010.501955964,502267712,1,0,0,8,C5EE9A4001FFFFFF,can0
5030,1786717339.0593386,609010.60405838,485490657,1,0,0,8,6699FF0FAC260000,can0
5031,1786717339.062454,609010.607173255,485490657,1,0,0,8,66991C203440FFFF,can0
5032,1786717339.0916862,609010.636406922,435295296,1,0,0,8,007B15F30004745E,can0
5033,1786717339.0926516,609010.637366214,435294784,1,0,0,8,400B5E0000FFFFFF,can0
5034,1786717339.0934336,609010.638147381,435294784,1,0,0,8,41FF4B00FFFFFFFF,can0
5035,1786717339.0941827,609010.638896964,435357504,1,0,0,8,5E01B60C960000FF,can0
5036,1786717339.095476,609010.640190172,435294784,1,0,0,8,400B5E0103FFFFFF,can0
5037,1786717339.0965676,609010.641282839,435294784,1,0,0,8,41FFFFFFFFFFFFFF,can0
5038,1786717339.0973656,609010.642079839,435357504,1,0,0,8,5E020A0D7D0000FF,can0
5039,1786717339.0981562,609010.643144381,435294784,1,0,0,8,200B5E0203FFFFFF,can0
5040,1786717339.099287,609010.644001672,435294784,1,0,0,8,21FFFFFFFFFFFFFF,can0
5041,1786717339.0999336,609010.644647006,435357504,1,0,0,8,5E03C60C590000FF,can0
5042,1786717339.100529,609010.645242881,435294784,1,0,0,8,200B5E0303FFFFFF,can0
5043,1786717339.1012812,609010.645995131,435294784,1,0,0,8,21FFFFFFFFFFFFFF,can0
5044,1786717339.1019034,609010.646616422,435357504,1,0,0,8,5E04B608000000FF,can0
5045,1786717339.103088,609010.647801964,435294784,1,0,0,8,200B5E0403FFFFFF,can0
5046,1786717339.1106038,609010.655333047,435294784,1,0,0,8,21FFFFFFFFFFFFFF,can0
5047,1786717339.1115575,609010.656272047,435357248,1,0,0,8,5EFFFC00FFFFFFFF,can0
5048,1786717339.112354,609010.657067797,485490496,1,0,0,8,66994E0301000000,can0
5049,1786717339.18397,609010.728691547,773,0,0,0,8,0000000000000000,can0
5050,1786717339.1848452,609010.729557964,775,0,0,0,8,1234567856494300,can0
5051,1786717339.2750866,609010.819807089,435295297,1,0,0,8,007C15DA00047485,can0
5052,1786717339.2775762,609010.822290964,435294785,1,0,0,8,400B850000FFFFFF,can0
5053,1786717339.2784898,609010.823203131,435294785,1,0,0,8,41FF4700FFFFFFFF,can0
5054,1786717339.2821732,609010.827047464,435357505,1,0,0,8,8501210C700000FF,can0
5055,1786717339.2859561,609010.830671131,435294785,1,0,0,8,400B850103FFFFFF,can0
5056,1786717339.2961657,609010.840880756,435294785,1,0,0,8,41FFFFFFFFFFFFFF,can0
5057,1786717339.2970724,609010.841787339,435357505,1,0,0,8,8502020CB00000FF,can0
5058,1786717339.2979565,609010.842670797,435294785,1,0,0,8,200B850203FFFFFF,can0
5059,1786717339.2985113,609010.843223672,435294785,1,0,0,8,21FFFFFFFFFFFFFF,can0
5060,1786717339.3047798,609010.849497089,435357505,1,0,0,8,8503990C6F0000FF,can0
5061,1786717339.305791,609010.850504922,435294785,1,0,0,8,200B850303FFFFFF,can0
5062,1786717339.3065252,609010.851239631,435294785,1,0,0,8,21FFFFFFFFFFFFFF,can0
5063,1786717339.3072822,609010.851995297,435357505,1,0,0,8,85048F08000000FF,can0
5064,1786717339.3080044,609010.852717714,435294785,1,0,0,8,200B850403FFFFFF,can0
5065,1786717339.3087516,609010.853466047,435294785,1,0,0,8,21FFFFFFFFFFFFFF,can0
5066,1786717339.3094764,609010.854190881,435357249,1,0,0,8,85FFFC00FFFFFFFF,can0
5067,1786717339.3427868,609010.887506089,485490496,1,0,0,8,66998DED7C150000,can0
5068,1786717339.6406136,609011.185332839,485490497,1,0,0,8,6699DBED54100000,can0
5069,1786717339.695164,609011.239883131,485490497,1,0,0,8,6699BCEDDCE80100,can0
5070,1786717339.6961956,609011.240909047,485490497,1,0,0,8,6699B1ED58E0F505,can0
5071,1786717339.6969018,609011.241616631,485490497,1,0,0,8,6699CCEC4C870000,can0
5072,1786717339.6976283,609011.242341464,485490497,1,0,0,8,6699CBEC55790000,can0
5073,1786717339.6987245,609011.243441881,485490497,1,0,0,8,6699DCEC15D40000,can0
5074,1786717339.699876,609011.244591006,485490497,1,0,0,8,6699DBEC1E780000,can0
5075,1786717339.7018266,609011.246540631,485490497,1,0,0,8,6699ECEC5F8D0000,can0
5076,1786717339.702645,609011.247360214,485490497,1,0,0,8,6699EBECF77D0000,can0
5077,1786717339.7032516,609011.247964464,485490497,1,0,0,8,6699FBEC93550000,can0
5078,1786717339.8036313,609011.348352256,485490496,1,0,0,8,66998DED7C150000,can0
5079,1786717339.8054693,609011.350193256,485490496,1,0,0,8,66998FEDF7000000,can0
5080,1786717339.8597927,609011.404512381,485490496,1,0,0,8,6699BCEDE0EC0100,can0
5081,1786717339.8607786,609011.405491964,485490496,1,0,0,8,6699B1EDE9FD7600,can0
5082,1786717339.8614252,609011.406138256,485490496,1,0,0,8,6699CCEC7BC40000,can0
5083,1786717339.8633494,609011.408070673,485490496,1,0,0,8,6699CBECDB7C0000,can0
5084,1786717339.8651776,609011.409891006,485490496,1,0,0,8,6699DCECEDAE0000,can0
5085,1786717339.8666675,609011.411383298,485490496,1,0,0,8,6699DBEC89800000,can0
5086,1786717339.8678706,609011.412586423,485490496,1,0,0,8,6699ECEC55770000,can0
5087,1786717339.8687108,609011.413425756,485490496,1,0,0,8,6699EBEC197E0000,can0
5088,1786717339.8696413,609011.414357798,485490496,1,0,0,8,6699FBEC16570000,can0
5089,1786717340.0589728,609011.603693381,485441761,1,0,0,8,669915202F030000,can0
5090,1786717340.0598996,609011.604615298,485490496,1,0,0,8,669915202F030000,can0
5091,1786717340.0606608,609011.605375548,485442017,1,0,0,8,669915201B030000,can0
5092,1786717340.0612907,609011.606004464,485490497,1,0,0,8,669915201B030000,can0
5093,1786717340.0688329,609011.613552673,485490657,1,0,0,8,6699FF0FAC260000,can0
5094,1786717340.070459,609011.615175506,485490657,1,0,0,8,66991C208C42FFFF,can0
5095,1786717340.1583247,609011.703043964,485490657,1,0,0,8,669902207B150000,can0
5096,1786717340.1824994,609011.727219964,773,0,0,0,8,0000000000000000,can0
5097,1786717340.1838343,609011.728547798,775,0,0,0,8,1234567856494300,can0
5098,1786717340.591531,609012.136250506,435295296,1,0,0,8,007C15FC0004747C,can0
5099,1786717340.5924306,609012.137144381,435294784,1,0,0,8,600B7C0000FFFFFF,can0
5100,1786717340.5931396,609012.137854215,435294784,1,0,0,8,61FF4B00FFFFFFFF,can0
5101,1786717340.5958695,609012.14058434,435357504,1,0,0,8,7C01680CA00000FF,can0
5102,1786717340.5968328,609012.141545798,435294784,1,0,0,8,600B7C0103FFFFFF,can0
5103,1786717340.597475,609012.142188256,435294784,1,0,0,8,61FFFFFFFFFFFFFF,can0
5104,1786717340.6054094,609012.15012434,435357504,1,0,0,8,7C02C00C8C0000FF,can0
5105,1786717340.6061382,609012.150851798,435294784,1,0,0,8,400B7C0203FFFFFF,can0
5106,1786717340.6066496,609012.151361673,435294784,1,0,0,8,41FFFFFFFFFFFFFF,can0
5107,1786717340.6070795,609012.151791673,435357504,1,0,0,8,7C03850C600000FF,can0
5108,1786717340.6074827,609012.15219434,435294784,1,0,0,8,400B7C0303FFFFFF,can0
5109,1786717340.607984,609012.152696048,435294784,1,0,0,8,41FFFFFFFFFFFFFF,can0
5110,1786717340.6084127,609012.153124631,435357504,1,0,0,8,7C04B608000000FF,can0
5111,1786717340.6088145,609012.15352659,435294784,1,0,0,8,400B7C0403FFFFFF,can0
5112,1786717340.6092005,609012.153912215,435294784,1,0,0,8,41FFFFFFFFFFFFFF,can0
5113,1786717340.6096294,609012.15434109,435357248,1,0,0,8,7CFFFC00FFFFFFFF,can0
5114,1786717340.6100485,609012.154760465,233966912,1,0,0,8,0001FDFFFFFFFFFF,can0
5115,1786717340.6273687,609012.172087965,485490497,1,0,0,8,66998DED7B150000,can0
5116,1786717340.6948743,609012.239594256,485490497,1,0,0,8,6699BCED18E90100,can0
5117,1786717340.6959622,609012.240676965,485490497,1,0,0,8,6699B1EDD2E0F505,can0
5118,1786717340.6967378,609012.241452631,485490497,1,0,0,8,6699CCEC68870000,can0
5119,1786717340.6974003,609012.242114256,485490497,1,0,0,8,6699CBEC58790000,can0
5120,1786717340.698633,609012.243347381,485490497,1,0,0,8,6699DCECBFD30000,can0
5121,1786717340.6995542,609012.244269048,485490497,1,0,0,8,6699DBEC13780000,can0
5122,1786717340.703121,609012.247841048,485490497,1,0,0,8,6699ECEC298D0000,can0
5123,1786717340.7040613,609012.248777298,485490497,1,0,0,8,6699EBECEA7D0000,can0
5124,1786717340.705537,609012.25025509,485490497,1,0,0,8,6699FBEC94550000,can0
5125,1786717340.7749882,609012.31970859,435295297,1,0,0,8,007B15DA000474A3,can0
5126,1786717340.7762928,609012.321007131,435294785,1,0,0,8,600BA30000FFFFFF,can0
5127,1786717340.777541,609012.322258131,435294785,1,0,0,8,61FF4700FFFFFFFF,can0
5128,1786717340.7783585,609012.32307234,435357505,1,0,0,8,A301220C700000FF,can0
5129,1786717340.7790575,609012.323770465,435294785,1,0,0,8,600BA30103FFFFFF,can0
5130,1786717340.7806237,609012.32533884,435294785,1,0,0,8,61FFFFFFFFFFFFFF,can0
5131,1786717340.7858384,609012.330565798,435357505,1,0,0,8,A302020CB00000FF,can0
5132,1786717340.786833,609012.331547756,435294785,1,0,0,8,400BA30203FFFFFF,can0
5133,1786717340.7875984,609012.332312881,435294785,1,0,0,8,41FFFFFFFFFFFFFF,can0
5134,1786717340.7954788,609012.340195006,435357505,1,0,0,8,A303970C700000FF,can0
5135,1786717340.7963977,609012.341112256,435294785,1,0,0,8,400BA30303FFFFFF,can0
5136,1786717340.7972043,609012.341918131,435294785,1,0,0,8,41FFFFFFFFFFFFFF,can0
5137,1786717340.7981982,609012.342914381,435357505,1,0,0,8,A3048F08000000FF,can0
5138,1786717340.79903,609012.343744006,435294785,1,0,0,8,400BA30403FFFFFF,can0
5139,1786717340.7998974,609012.344611048,435294785,1,0,0,8,41FFFFFFFFFFFFFF,can0
5140,1786717340.8006153,609012.345329756,435357249,1,0,0,8,A3FFFC00FFFFFFFF,can0
5141,1786717340.827397,609012.372117298,485490496,1,0,0,8,66998FEDFC000000,can0
5142,1786717340.8599827,609012.404703048,485490496,1,0,0,8,6699BCEDAFE00100,can0
5143,1786717340.8609016,609012.405615756,485490496,1,0,0,8,6699B1EDADED7A00,can0
5144,1786717340.861495,609012.406208715,485490496,1,0,0,8,6699CCECD8BF0000,can0
5145,1786717340.8623314,609012.407044548,485490496,1,0,0,8,6699CBEC3C7E0000,can0
5146,1786717340.8633282,609012.408040423,485490496,1,0,0,8,6699DCEC98AD0000,can0
5147,1786717340.8640218,609012.40873584,485490496,1,0,0,8,6699DBECAF800000,can0
5148,1786717340.8657255,609012.410443798,485490496,1,0,0,8,6699ECEC9E760000,can0
5149,1786717340.8666532,609012.411368673,485490496,1,0,0,8,6699EBEC5E7E0000,can0
5150,1786717340.8675013,609012.412215006,485490496,1,0,0,8,6699FBEC19570000,can0
5151,1786717341.0631833,609012.607903381,485490657,1,0,0,8,6699FF0FAC260000,can0
5152,1786717341.0642214,609012.608937173,485490657,1,0,0,8,66991C20F042FFFF,can0
5153,1786717341.177427,609012.722147132,773,0,0,0,8,0000000000000000,can0
5154,1786717341.1788218,609012.723536882,775,0,0,0,8,1234567856494300,can0
5155,1786717341.1806438,609012.725359257,485441761,1,0,0,8,66990100D0EDFCFF,can0
5156,1786717341.181852,609012.726568798,485441761,1,0,0,8,66990100DCEDFEFF,can0
5157,1786717341.1848905,609012.729607965,485441761,1,0,0,8,66990100DAEDFFFF,can0
5158,1786717341.1863396,609012.731055132,485441761,1,0,0,8,669901002720FFFF,can0
5159,1786717341.1871686,609012.731882382,485490496,1,0,0,8,6699DAED00000000,can0
5160,1786717341.187987,609012.732701048,485490496,1,0,0,8,66992720ADCD0300,can0
5161,1786717341.2014418,609012.746161257,485490496,1,0,0,8,6699DCED80200000,can0
5162,1786717341.2025266,609012.747242257,485490496,1,0,0,8,6699DDEDD1830200,can0
5163,1786717341.2033458,609012.748060798,485490496,1,0,0,8,6699D0ED730E0000,can0
5164,1786717341.204044,609012.74875734,485490496,1,0,0,8,6699D1EDF9030000,can0
5165,1786717341.204718,609012.749432257,485490496,1,0,0,8,6699D2ED420E0000,can0
5166,1786717341.2161403,609012.760859965,485490496,1,0,0,8,6699D3EDB4020000,can0
5167,1786717341.2323236,609012.777119215,485490497,1,0,0,8,66990102FC000000,can0
5168,1786717341.2333686,609012.77808409,485490497,1,0,0,8,66990A02FC000000,can0
5169,1786717341.2810745,609012.825795798,502267713,1,0,0,8,001D6699431001E3,can0
5170,1786717341.2870917,609012.831809382,502267713,1,0,0,8,010A0A00E21E0000,can0
5171,1786717341.2899773,609012.834692298,502267713,1,0,0,8,0200000000000000,can0
5172,1786717341.2922053,609012.83692034,502267713,1,0,0,8,0300000000000000,can0
5173,1786717341.294398,609012.839112382,502267713,1,0,0,8,040000FFFFFFFFFF,can0
5174,1786717341.2965639,609012.841279382,502267713,1,0,0,8,201D669942100166,can0
5175,1786717341.3012524,609012.845968715,502267713,1,0,0,8,217B1800C9480000,can0
5176,1786717341.3020418,609012.846755673,502267713,1,0,0,8,2200000000000000,can0
5177,1786717341.3027756,609012.847488965,502267713,1,0,0,8,2300010000000000,can0
5178,1786717341.303335,609012.848048215,502267713,1,0,0,8,240000FFFFFFFFFF,can0
5179,1786717341.3075008,609012.852216507,485490497,1,0,0,8,6699000201000000,can0
5180,1786717341.3083,609012.853016048,485490497,1,0,0,8,6699020200000000,can0
5181,1786717341.3090737,609012.853788257,485490497,1,0,0,8,6699070200000000,can0
5182,1786717341.3097947,609012.854508132,485490497,1,0,0,8,66991E0300000000,can0
5183,1786717341.3105042,609012.855218007,485490497,1,0,0,8,66991C0300000000,can0
5184,1786717341.3111846,609012.85589784,485490497,1,0,0,8,66998DED7B150000,can0
5185,1786717341.3292298,609012.873961965,485490497,1,0,0,8,66998FEDDA000000,can0
5186,1786717341.333558,609012.87827359,485490497,1,0,0,8,6699ECED04740000,can0
5187,1786717341.33436,609012.87907409,485490497,1,0,0,8,6699DAED00000000,can0
5188,1786717341.533422,609013.078140215,485490497,1,0,0,8,6699B3ED01000000,can0
5189,1786717341.5343802,609013.079095298,485490497,1,0,0,8,6699BCEDCCE70100,can0
5190,1786717341.6259482,609013.170668173,502267713,1,0,0,8,40266699501000EA,can0
5191,1786717341.6269386,609013.171652423,502267713,1,0,0,8,41000000FFFFFFFF,can0
5192,1786717341.6276076,609013.172320757,502267713,1,0,0,8,428515AF14000000,can0
5193,1786717341.628205,609013.172917798,502267713,1,0,0,8,430000C102000000,can0
5194,1786717341.628839,609013.17355184,502267713,1,0,0,8,4400350900009F01,can0
5195,1786717341.6294134,609013.174126423,502267713,1,0,0,8,458A9A1300FFFFFF,can0
5196,1786717341.6959617,609013.240680423,485490497,1,0,0,8,6699BCEDCCE70100,can0
5197,1786717341.6969223,609013.241636173,485490497,1,0,0,8,6699B1EDF3E0F505,can0
5198,1786717341.697645,609013.24235759,485490497,1,0,0,8,6699CCEC20870000,can0
5199,1786717341.6982543,609013.24296709,485490497,1,0,0,8,6699CBEC48790000,can0
5200,1786717341.6992362,609013.243949298,485490497,1,0,0,8,6699DCEC66D30000,can0
5201,1786717341.7020953,609013.246811298,485490497,1,0,0,8,6699DBEC13780000,can0
5202,1786717341.7039063,609013.248629298,485490497,1,0,0,8,6699ECEC258D0000,can0
5203,1786717341.7048166,609013.249530632,485490497,1,0,0,8,6699EBECF07D0000,can0
5204,1786717341.7059844,609013.250709965,485490497,1,0,0,8,6699FBEC95550000,can0
5205,1786717341.7851212,609013.32984159,485490497,1,0,0,8,66994E0301000000,can0
5206,1786717341.807667,609013.352387548,485490496,1,0,0,8,66998FEDFB000000,can0
5207,1786717341.8466663,609013.391385465,502267712,1,0,0,8,E01D669943100128,can0
5208,1786717341.8475356,609013.392249257,502267712,1,0,0,8,E10C0A00D33F0000,can0
5209,1786717341.848326,609013.393038257,502267712,1,0,0,8,E200000000000000,can0
5210,1786717341.8489046,609013.393618673,502267712,1,0,0,8,E300000000000000,can0
5211,1786717341.8495193,609013.394232048,502267712,1,0,0,8,E40000FFFFFFFFFF,can0
5212,1786717341.850059,609013.394770923,502267712,1,0,0,8,001D669942100197,can0
5213,1786717341.8508906,609013.395606548,502267712,1,0,0,8,019AA20136A00400,can0
5214,1786717341.8517041,609013.39641984,502267712,1,0,0,8,0200000000000000,can0
5215,1786717341.8525565,609013.397270632,502267712,1,0,0,8,0300110000000000,can0
5216,1786717341.8535202,609013.398236215,502267712,1,0,0,8,040000FFFFFFFFFF,can0
5217,1786717341.861791,609013.406510507,485490496,1,0,0,8,6699BCED9CF20100,can0
5218,1786717341.862723,609013.407437757,485490496,1,0,0,8,6699B1EDA89C7700,can0
5219,1786717341.8634894,609013.408204798,485490496,1,0,0,8,6699CCECFFC60000,can0
5220,1786717341.8642142,609013.40892884,485490496,1,0,0,8,6699CBEC947B0000,can0
5221,1786717341.8651145,609013.409830548,485490496,1,0,0,8,6699DCECA9B10000,can0
5222,1786717341.8660595,609013.41077434,485490496,1,0,0,8,6699DBEC627F0000,can0
5223,1786717341.8668067,609013.411520757,485490496,1,0,0,8,6699ECECC9780000,can0
5224,1786717341.8678126,609013.412526673,485490496,1,0,0,8,6699EBEC7E7C0000,can0
5225,1786717341.868858,609013.413574257,485490496,1,0,0,8,6699FBEC17570000,can0
5226,1786717342.0679333,609013.612653257,485490657,1,0,0,8,6699FF0FAC260000,can0
5227,1786717342.0688767,609013.613590924,485490657,1,0,0,8,66991C205443FFFF,can0
5228,1786717342.0919168,609013.63663734,435295296,1,0,0,8,007C15FC0004749A,can0
5229,1786717342.0933716,609013.638086549,435294784,1,0,0,8,800B9A0000FFFFFF,can0
5230,1786717342.0943892,609013.639107757,435294784,1,0,0,8,81FF4B00FFFFFFFF,can0
5231,1786717342.1079206,609013.65263659,435357504,1,0,0,8,9A015C0C9F0000FF,can0
5232,1786717342.1089315,609013.653646882,435294784,1,0,0,8,800B9A0103FFFFFF,can0
5233,1786717342.1097164,609013.65443109,435294784,1,0,0,8,81FFFFFFFFFFFFFF,can0
5234,1786717342.110528,609013.655242507,435357504,1,0,0,8,9A02B10C8F0000FF,can0
5235,1786717342.1112747,609013.655990632,435294784,1,0,0,8,600B9A0203FFFFFF,can0
5236,1786717342.1120586,609013.656772465,435294784,1,0,0,8,61FFFFFFFFFFFFFF,can0
5237,1786717342.1126568,609013.657369465,435357504,1,0,0,8,9A03670C620000FF,can0
5238,1786717342.113236,609013.657949674,435294784,1,0,0,8,600B9A0303FFFFFF,can0
5239,1786717342.1139777,609013.658691465,435294784,1,0,0,8,61FFFFFFFFFFFFFF,can0
5240,1786717342.1145308,609013.65924409,435357504,1,0,0,8,9A04B608000000FF,can0
5241,1786717342.1150823,609013.659796132,435294784,1,0,0,8,600B9A0403FFFFFF,can0
5242,1786717342.1302416,609013.674956549,435294784,1,0,0,8,61FFFFFFFFFFFFFF,can0
5243,1786717342.1350472,609013.679763132,435357248,1,0,0,8,9AFFFC00FFFFFFFF,can0
5244,1786717342.1826878,609013.727407882,773,0,0,0,8,0000000000000000,can0
5245,1786717342.1837213,609013.728435882,775,0,0,0,8,1234567856494300,can0
5246,1786717342.277421,609013.822140799,435295297,1,0,0,8,007B15DA000474C1,can0
5247,1786717342.2820292,609013.826746382,435294785,1,0,0,8,800BC10000FFFFFF,can0
5248,1786717342.283508,609013.828223132,435294785,1,0,0,8,81FF4700FFFFFFFF,can0
5249,1786717342.284283,609013.828996257,435357505,1,0,0,8,C101200C700000FF,can0
5250,1786717342.2886777,609013.833395257,435294785,1,0,0,8,800BC10103FFFFFF,can0
5251,1786717342.2902849,609013.835000424,435294785,1,0,0,8,81FFFFFFFFFFFFFF,can0
5252,1786717342.294993,609013.839712632,435357505,1,0,0,8,C102030CB00000FF,can0
5253,1786717342.2962813,609013.840995465,435294785,1,0,0,8,600BC10203FFFFFF,can0
5254,1786717342.296942,609013.841655174,435294785,1,0,0,8,61FFFFFFFFFFFFFF,can0
5255,1786717342.297818,609013.842542882,435357505,1,0,0,8,C103980C710000FF,can0
5256,1786717342.3032517,609013.847967549,435294785,1,0,0,8,600BC10303FFFFFF,can0
5257,1786717342.3040707,609013.848783465,435294785,1,0,0,8,61FFFFFFFFFFFFFF,can0
5258,1786717342.3048372,609013.84955309,435357505,1,0,0,8,C1048F08000000FF,can0
5259,1786717342.3100975,609013.85481309,435294785,1,0,0,8,600BC10403FFFFFF,can0
5260,1786717342.3110034,609013.855718132,435294785,1,0,0,8,61FFFFFFFFFFFFFF,can0
5261,1786717342.3118443,609013.856558299,435357249,1,0,0,8,C1FFFC00FFFFFFFF,can0
5262,1786717342.3124807,609013.857194465,233966913,1,0,0,8,0001FDFFFFFFFFFF,can0
5263,1786717342.390921,609013.935642007,485490657,1,0,0,8,669901207C150000,can0
5264,1786717342.3944333,609013.939152299,485490657,1,0,0,8,66990E200D000000,can0
5265,1786717342.6946058,609014.239325882,485490497,1,0,0,8,6699BCED85E70100,can0
5266,1786717342.6957426,609014.240458591,485490497,1,0,0,8,6699B1EDFDE0F505,can0
5267,1786717342.696615,609014.241328966,485490497,1,0,0,8,6699CCEC30870000,can0
5268,1786717342.7125692,609014.257288591,485490497,1,0,0,8,6699CBEC44790000,can0
5269,1786717342.713464,609014.258178257,485490497,1,0,0,8,6699DCEC04D30000,can0
5270,1786717342.7143779,609014.259092091,485490497,1,0,0,8,6699DBEC13780000,can0
5271,1786717342.715915,609014.260631841,485490497,1,0,0,8,6699ECEC0A8D0000,can0
5272,1786717342.7167296,609014.261443632,485490497,1,0,0,8,6699EBECED7D0000,can0
5273,1786717342.7175848,609014.262298007,485490497,1,0,0,8,6699FBEC94550000,can0
5274,1786717342.7805014,609014.325222007,485442017,1,0,0,8,66990100D0EDFCFF,can0
5275,1786717342.7817144,609014.326429007,485442017,1,0,0,8,66990100DCEDFEFF,can0
5276,1786717342.7827675,609014.327482924,485442017,1,0,0,8,66990100DAEDFFFF,can0
5277,1786717342.789396,609014.334112507,485442017,1,0,0,8,669901002720FFFF,can0
5278,1786717342.790223,609014.334936757,485490497,1,0,0,8,6699DAED00000000,can0
5279,1786717342.790901,609014.335616174,485490497,1,0,0,8,669927209BD90300,can0
5280,1786717342.8079221,609014.352642924,485490496,1,0,0,8,66998FEDFF000000,can0
5281,1786717342.81063,609014.355349174,485490497,1,0,0,8,6699DCED38110000,can0
5282,1786717342.8115416,609014.356256091,485490497,1,0,0,8,6699DDEDBE280000,can0
5283,1786717342.8121865,609014.356899341,485490497,1,0,0,8,6699D0ED38080000,can0
5284,1786717342.8127277,609014.357439591,485490497,1,0,0,8,6699D1ED29010000,can0
5285,1786717342.8132288,609014.357941757,485490497,1,0,0,8,6699D2ED35090000,can0
5286,1786717342.8136961,609014.358408132,485490497,1,0,0,8,6699D3EDEA000000,can0
5287,1786717342.8600962,609014.404816257,485490496,1,0,0,8,6699BCEDA2F50100,can0
5288,1786717342.8612285,609014.405943757,485490496,1,0,0,8,6699B1EDA2ED7700,can0
5289,1786717342.862285,609014.406999299,485490496,1,0,0,8,6699CCEC9FC70000,can0
5290,1786717342.8631425,609014.407856924,485490496,1,0,0,8,6699CBEC007B0000,can0
5291,1786717342.8639708,609014.408684632,485490496,1,0,0,8,6699DCECE3B30000,can0
5292,1786717342.864776,609014.409490049,485490496,1,0,0,8,6699DBEC367E0000,can0
5293,1786717342.8670943,609014.411808424,485490496,1,0,0,8,6699ECECB6790000,can0
5294,1786717342.8678026,609014.412514882,485490496,1,0,0,8,6699EBEC297B0000,can0
5295,1786717342.86829,609014.413002507,485490496,1,0,0,8,6699FBEC1A570000,can0
5296,1786717343.0683074,609014.613027132,485441761,1,0,0,8,6699152030030000,can0
5297,1786717343.069246,609014.613960132,485490496,1,0,0,8,6699152030030000,can0
5298,1786717343.073644,609014.618363549,485442017,1,0,0,8,669915201A030000,can0
5299,1786717343.075077,609014.619795382,485490497,1,0,0,8,669915201A030000,can0
5300,1786717343.1061578,609014.650878632,485490657,1,0,0,8,6699FF0FAC260000,can0
5301,1786717343.1170063,609014.661722882,485490657,1,0,0,8,66991C20F042FFFF,can0
5302,1786717343.179417,609014.724137132,485490657,1,0,0,8,669902207B150000,can0
5303,1786717343.1823018,609014.727016966,485490657,1,0,0,8,669903204C090000,can0
5304,1786717343.1831346,609014.727848174,773,0,0,0,8,0000000000000000,can0
5305,1786717343.1839583,609014.728672882,775,0,0,0,8,1234567856494300,can0
5306,1786717343.277059,609014.821779633,485490497,1,0,0,8,66998FEDD9000000,can0
5307,1786717343.4282224,609014.972942383,485490497,1,0,0,8,66998DED7C150000,can0
5308,1786717343.5487213,609015.093498049,485490496,1,0,0,8,66990102FC000000,can0
5309,1786717343.5559995,609015.100716883,485490496,1,0,0,8,66990A02FC000000,can0
5310,1786717343.591725,609015.136447216,435295296,1,0,0,8,007C15FF000474B8,can0
5311,1786717343.5930097,609015.137725383,435294784,1,0,0,8,A00BB80000FFFFFF,can0
5312,1786717343.594107,609015.138821424,435294784,1,0,0,8,A1FF4B00FFFFFFFF,can0
5313,1786717343.60551,609015.150233591,435357504,1,0,0,8,B801320CA70000FF,can0
5314,1786717343.6066566,609015.151372591,435294784,1,0,0,8,A00BB80103FFFFFF,can0
5315,1786717343.607481,609015.152197049,435294784,1,0,0,8,A1FFFFFFFFFFFFFF,can0
5316,1786717343.6082916,609015.153007008,435357504,1,0,0,8,B8027C0C920000FF,can0
5317,1786717343.609045,609015.153758424,435294784,1,0,0,8,800BB80203FFFFFF,can0
5318,1786717343.609727,609015.154440424,435294784,1,0,0,8,81FFFFFFFFFFFFFF,can0
5319,1786717343.6104665,609015.155181216,435357504,1,0,0,8,B803280C640000FF,can0
5320,1786717343.6111593,609015.155874674,435294784,1,0,0,8,800BB80303FFFFFF,can0
5321,1786717343.6119373,609015.156652008,435294784,1,0,0,8,81FFFFFFFFFFFFFF,can0
5322,1786717343.6125832,609015.157296674,435357504,1,0,0,8,B804B508000000FF,can0
5323,1786717343.6131954,609015.157908716,435294784,1,0,0,8,800BB80403FFFFFF,can0
5324,1786717343.6137993,609015.158512966,435294784,1,0,0,8,81FFFFFFFFFFFFFF,can0
5325,1786717343.6143925,609015.159106383,435357248,1,0,0,8,B8FFFC00FFFFFFFF,can0
5326,1786717343.6149924,609015.159706799,485490496,1,0,0,8,6699000201000000,can0
5327,1786717343.623635,609015.168351091,485490496,1,0,0,8,6699020200000000,can0
5328,1786717343.624505,609015.169226091,485490496,1,0,0,8,6699070200000000,can0
5329,1786717343.6252556,609015.169969841,485490496,1,0,0,8,66991E0300000000,can0
5330,1786717343.6264744,609015.171188424,485490496,1,0,0,8,66991C0300000000,can0
5331,1786717343.6376095,609015.182326174,485490496,1,0,0,8,66998DED7C150000,can0
5332,1786717343.6486409,609015.193361508,485490496,1,0,0,8,66998FEDFF000000,can0
5333,1786717343.649904,609015.194620799,485490496,1,0,0,8,6699ECED04740000,can0
5334,1786717343.650953,609015.195666716,485490496,1,0,0,8,6699DAED00000000,can0
5335,1786717343.6946282,609015.239348591,485490497,1,0,0,8,6699BCED0BE70100,can0
5336,1786717343.7011795,609015.245893966,485490497,1,0,0,8,6699B1EDFFE0F505,can0
5337,1786717343.7020776,609015.246793383,485490497,1,0,0,8,6699CCECFE860000,can0
5338,1786717343.702777,609015.247491258,485490497,1,0,0,8,6699CBEC44790000,can0
5339,1786717343.703422,609015.248134883,485490497,1,0,0,8,6699DCECD3D20000,can0
5340,1786717343.7040484,609015.248763008,485490497,1,0,0,8,6699DBEC14780000,can0
5341,1786717343.704653,609015.249365841,485490497,1,0,0,8,6699ECEC1B8D0000,can0
5342,1786717343.7236497,609015.268367383,485490497,1,0,0,8,6699EBECEB7D0000,can0
5343,1786717343.7245817,609015.269295258,485490497,1,0,0,8,6699FBEC94550000,can0
5344,1786717343.7792442,609015.323964299,435295297,1,0,0,8,007C15D9000474DF,can0
5345,1786717343.780453,609015.325168758,435294785,1,0,0,8,A00BDF0000FFFFFF,can0
5346,1786717343.7814162,609015.326132341,435294785,1,0,0,8,A1FF4700FFFFFFFF,can0
5347,1786717343.7824707,609015.327186633,435357505,1,0,0,8,DF01200C6F0000FF,can0
5348,1786717343.7964666,609015.341182216,435294785,1,0,0,8,A00BDF0103FFFFFF,can0
5349,1786717343.797219,609015.341931966,435294785,1,0,0,8,A1FFFFFFFFFFFFFF,can0
5350,1786717343.7980502,609015.342765466,435357505,1,0,0,8,DF02020CB10000FF,can0
5351,1786717343.798716,609015.343429258,435294785,1,0,0,8,800BDF0203FFFFFF,can0
5352,1786717343.799354,609015.344068133,435294785,1,0,0,8,81FFFFFFFFFFFFFF,can0
5353,1786717343.799957,609015.344669924,435357505,1,0,0,8,DF03990C700000FF,can0
5354,1786717343.8005748,609015.345288883,435294785,1,0,0,8,800BDF0303FFFFFF,can0
5355,1786717343.8011973,609015.345910424,435294785,1,0,0,8,81FFFFFFFFFFFFFF,can0
5356,1786717343.8018324,609015.346546091,435357505,1,0,0,8,DF048F08000000FF,can0
5357,1786717343.802544,609015.347258299,435294785,1,0,0,8,800BDF0403FFFFFF,can0
5358,1786717343.803227,609015.347940883,435294785,1,0,0,8,81FFFFFFFFFFFFFF,can0
5359,1786717343.8038247,609015.348536716,435357249,1,0,0,8,DFFFFC00FFFFFFFF,can0
5360,1786717343.8096125,609015.354330591,485490496,1,0,0,8,66998FED00010000,can0
5361,1786717343.8519886,609015.396708341,485490496,1,0,0,8,6699B3ED01000000,can0
5362,1786717343.853438,609015.398153758,485490496,1,0,0,8,6699BCEDFEF60100,can0
5363,1786717343.8648984,609015.409618633,485490496,1,0,0,8,6699BCEDFEF60100,can0
5364,1786717343.8661716,609015.410886466,485490496,1,0,0,8,6699B1ED7D557700,can0
5365,1786717343.8672743,609015.411990966,485490496,1,0,0,8,6699CCECA7C80000,can0
5366,1786717343.8680563,609015.412769133,485490496,1,0,0,8,6699CBECC8790000,can0
5367,1786717343.868952,609015.413665674,485490496,1,0,0,8,6699DCECA8B50000,can0
5368,1786717343.8695138,609015.414226341,485490496,1,0,0,8,6699DBEC827C0000,can0
5369,1786717343.869965,609015.414677883,485490496,1,0,0,8,6699ECECC8780000,can0
5370,1786717343.8703725,609015.415084258,485490496,1,0,0,8,6699EBEC41790000,can0
5371,1786717343.870759,609015.415471841,485490496,1,0,0,8,6699FBEC17570000,can0
5372,1786717343.9419012,609015.486627008,502267712,1,0,0,8,20266699501000B4,can0
5373,1786717343.9446428,609015.489359549,502267712,1,0,0,8,21020000FFFFFFFF,can0
5374,1786717343.945846,609015.490560424,502267712,1,0,0,8,228515AB14000000,can0
5375,1786717343.952244,609015.496964591,502267712,1,0,0,8,230000C202000000,can0
5376,1786717343.9531908,609015.497904924,502267712,1,0,0,8,2400420E00009602,can0
5377,1786717343.953795,609015.498508799,502267712,1,0,0,8,25EE9A4001FFFFFF,can0
5378,1786717344.0691795,609015.613899133,485490657,1,0,0,8,6699FF0FAC260000,can0
5379,1786717344.0705845,609015.615301758,485490657,1,0,0,8,66991C209840FFFF,can0
5380,1786717344.1069298,609015.651648966,485490496,1,0,0,8,66994E0301000000,can0
5381,1786717344.1770506,609015.721771466,773,0,0,0,8,0000000000000000,can0
5382,1786717344.1783614,609015.723075758,775,0,0,0,8,1234567856494300,can0
5383,1786717344.6942563,609016.238976342,485490497,1,0,0,8,6699BCED6EE60100,can0
5384,1786717344.6954417,609016.240157008,485490497,1,0,0,8,6699B1ED00E1F505,can0
5385,1786717344.6963062,609016.241021133,485490497,1,0,0,8,6699CCECD8860000,can0
5386,1786717344.6971066,609016.241821342,485490497,1,0,0,8,6699CBEC38790000,can0
5387,1786717344.6978867,609016.242601467,485490497,1,0,0,8,6699DCEC4ED20000,can0
5388,1786717344.6987886,609016.243503967,485490497,1,0,0,8,6699DBEC11780000,can0
5389,1786717344.699785,609016.244499925,485490497,1,0,0,8,6699ECEC2E8D0000,can0
5390,1786717344.700708,609016.245423717,485490497,1,0,0,8,6699EBECEA7D0000,can0
5391,1786717344.7017114,609016.246427467,485490497,1,0,0,8,6699FBEC94550000,can0
5392,1786717344.8072817,609016.352000925,485490496,1,0,0,8,66998FEDFF000000,can0
5393,1786717344.8599627,609016.404686092,485490496,1,0,0,8,6699BCED24F70100,can0
5394,1786717344.8610585,609016.405773467,485490496,1,0,0,8,6699B1EDC06C7700,can0
5395,1786717344.862198,609016.406915217,485490496,1,0,0,8,6699CCEC45C90000,can0
5396,1786717344.863053,609016.407767175,485490496,1,0,0,8,6699CBEC71780000,can0
5397,1786717344.8639624,609016.408675342,485490496,1,0,0,8,6699DCECEAB50000,can0
5398,1786717344.8647149,609016.409429883,485490496,1,0,0,8,6699DBEC8F7B0000,can0
5399,1786717344.8667917,609016.411506508,485490496,1,0,0,8,6699ECEC48780000,can0
5400,1786717344.8676896,609016.412403467,485490496,1,0,0,8,6699EBECB1780000,can0
5401,1786717344.8702931,609016.415009092,485490496,1,0,0,8,6699FBEC15570000,can0
5402,1786717344.8941233,609016.438842633,485490496,1,0,0,8,6699DBED1C110000,can0
5403,1786717345.0664263,609016.611163008,485490657,1,0,0,8,6699FF0FAC260000,can0
5404,1786717345.0697758,609016.614493133,485490657,1,0,0,8,66991C205443FFFF,can0
5405,1786717345.0912473,609016.635966758,435295296,1,0,0,8,007C15FF000474D6,can0
5406,1786717345.0960474,609016.640764467,435294784,1,0,0,8,C00BD60000FFFFFF,can0
5407,1786717345.0974565,609016.642170967,435294784,1,0,0,8,C1FF4B00FFFFFFFF,can0
5408,1786717345.1096044,609016.654318175,435357504,1,0,0,8,D6010B0CA70000FF,can0
5409,1786717345.110299,609016.655013592,435294784,1,0,0,8,C00BD60103FFFFFF,can0
5410,1786717345.1109793,609016.655693633,435294784,1,0,0,8,C1FFFFFFFFFFFFFF,can0
5411,1786717345.1116054,609016.656319258,435357504,1,0,0,8,D6024D0C930000FF,can0
5412,1786717345.1121325,609016.656844842,435294784,1,0,0,8,A00BD60203FFFFFF,can0
5413,1786717345.1127715,609016.6574853,435294784,1,0,0,8,A1FFFFFFFFFFFFFF,can0
5414,1786717345.1133974,609016.6581103,435357504,1,0,0,8,D603100C630000FF,can0
5415,1786717345.113975,609016.6586883,435294784,1,0,0,8,A00BD60303FFFFFF,can0
5416,1786717345.114596,609016.659308758,435294784,1,0,0,8,A1FFFFFFFFFFFFFF,can0
5417,1786717345.1258128,609016.670541717,435357504,1,0,0,8,D604B508000000FF,can0
5418,1786717345.1268191,609016.671534342,435294784,1,0,0,8,A00BD60403FFFFFF,can0
5419,1786717345.1277351,609016.6724493,435294784,1,0,0,8,A1FFFFFFFFFFFFFF,can0
5420,1786717345.1299686,609016.674685175,435357248,1,0,0,8,D6FFFC00FFFFFFFF,can0
5421,1786717345.1823673,609016.727108092,773,0,0,0,8,0000000000000000,can0
5422,1786717345.184137,609016.728855342,775,0,0,0,8,1234567856494300,can0
5423,1786717345.2749157,609016.819636425,435295297,1,0,0,8,007C15D900047401,can0
5424,1786717345.2762125,609016.8209838,435294785,1,0,0,8,C00B010000FFFFFF,can0
5425,1786717345.277128,609016.821843092,435294785,1,0,0,8,C1FF4700FFFFFFFF,can0
5426,1786717345.278027,609016.82274105,435357505,1,0,0,8,0101200C700000FF,can0
5427,1786717345.278822,609016.823535342,435294785,1,0,0,8,C00B010103FFFFFF,can0
5428,1786717345.2860923,609016.830808633,435294785,1,0,0,8,C1FFFFFFFFFFFFFF,can0
5429,1786717345.2872818,609016.831997008,435357505,1,0,0,8,0102030CAF0000FF,can0
5430,1786717345.2886722,609016.833387217,435294785,1,0,0,8,A00B010203FFFFFF,can0
5431,1786717345.2894394,609016.834153633,435294785,1,0,0,8,A1FFFFFFFFFFFFFF,can0
5432,1786717345.2900946,609016.8348068,435357505,1,0,0,8,0103980C710000FF,can0
5433,1786717345.290754,609016.835468217,435294785,1,0,0,8,A00B010303FFFFFF,can0
5434,1786717345.2913923,609016.836105467,435294785,1,0,0,8,A1FFFFFFFFFFFFFF,can0
5435,1786717345.292132,609016.836845758,435357505,1,0,0,8,01048F08000000FF,can0
5436,1786717345.2998486,609016.844563217,435294785,1,0,0,8,A00B010403FFFFFF,can0
5437,1786717345.3010454,609016.845759592,435294785,1,0,0,8,A1FFFFFFFFFFFFFF,can0
5438,1786717345.3018608,609016.846576592,435357249,1,0,0,8,01FFFC00FFFFFFFF,can0
5439,1786717345.5937805,609017.138501759,485490496,1,0,0,8,66998DED7B150000,can0
5440,1786717345.6945426,609017.239262634,485490497,1,0,0,8,6699BCED3DE60100,can0
5441,1786717345.6961207,609017.240839175,485490497,1,0,0,8,6699CCECD7860000,can0
5442,1786717345.6997223,609017.244440592,485490497,1,0,0,8,6699CBEC38790000,can0
5443,1786717345.7023523,609017.247070467,485490497,1,0,0,8,6699DCEC42D20000,can0
5444,1786717345.7031534,609017.247867509,485490497,1,0,0,8,6699DBEC10780000,can0
5445,1786717345.7042458,609017.248961675,485490497,1,0,0,8,6699ECEC338D0000,can0
5446,1786717345.7062187,609017.250933925,485490497,1,0,0,8,6699EBECE57D0000,can0
5447,1786717345.7072496,609017.251971009,485490497,1,0,0,8,6699FBEC94550000,can0
5448,1786717345.8075488,609017.352268842,485490496,1,0,0,8,6699DBED12110000,can0
5449,1786717345.843315,609017.388034925,485490496,1,0,0,8,66998FEDFE000000,can0
5450,1786717345.8601232,609017.40483955,485490496,1,0,0,8,6699BCEDA7F20100,can0
5451,1786717345.8611994,609017.405911675,485490496,1,0,0,8,6699B1ED40F47600,can0
5452,1786717345.8620374,609017.406751425,485490496,1,0,0,8,6699CCEC98C60000,can0
5453,1786717345.8629417,609017.407657342,485490496,1,0,0,8,6699CBEC45750000,can0
5454,1786717345.8639314,609017.40864555,485490496,1,0,0,8,6699DCEC75B30000,can0
5455,1786717345.8658857,609017.410602717,485490496,1,0,0,8,6699DBEC91790000,can0
5456,1786717345.8669634,609017.41167955,485490496,1,0,0,8,6699ECEC50780000,can0
5457,1786717345.8682811,609017.412995092,485490496,1,0,0,8,6699EBECA1780000,can0
5458,1786717345.86917,609017.413882592,485490496,1,0,0,8,6699FBEC17570000,can0
5459,1786717346.0662642,609017.610984884,485441761,1,0,0,8,6699152031030000,can0
5460,1786717346.0674262,609017.612141384,485442017,1,0,0,8,6699152019030000,can0
5461,1786717346.0684836,609017.613197926,485490496,1,0,0,8,6699152031030000,can0
5462,1786717346.077318,609017.622033134,485490497,1,0,0,8,6699152019030000,can0
5463,1786717346.1006916,609017.645411926,485490657,1,0,0,8,6699FF0FAC260000,can0
5464,1786717346.1017244,609017.646440092,485490657,1,0,0,8,66991C20F042FFFF,can0
5465,1786717346.1450646,609017.689783676,485490496,1,0,0,8,66998DED7C150000,can0
5466,1786717346.179754,609017.724473509,485490657,1,0,0,8,669902207B150000,can0
5467,1786717346.1861088,609017.730823759,485441761,1,0,0,8,66990100D0EDFCFF,can0
5468,1786717346.1896808,609017.734396717,485441761,1,0,0,8,66990100DCEDFEFF,can0
5469,1786717346.1905189,609017.735233676,485441761,1,0,0,8,66990100DAEDFFFF,can0
5470,1786717346.19128,609017.735994884,485441761,1,0,0,8,669901002720FFFF,can0
5471,1786717346.1920617,609017.736776051,773,0,0,0,8,0000000000000000,can0
5472,1786717346.1928103,609017.737524051,775,0,0,0,8,1234567856494300,can0
5473,1786717346.1934884,609017.738202801,485490496,1,0,0,8,6699DAED00000000,can0
5474,1786717346.194219,609017.738931551,485490496,1,0,0,8,6699272052D70300,can0
5475,1786717346.2052703,609017.749987384,485490496,1,0,0,8,6699DCED80200000,can0
5476,1786717346.2064095,609017.751124759,485490496,1,0,0,8,6699DDEDD1830200,can0
5477,1786717346.2073195,609017.752034301,485490496,1,0,0,8,6699D0ED730E0000,can0
5478,1786717346.2081022,609017.752817217,485490496,1,0,0,8,6699D1EDF9030000,can0
5479,1786717346.2088134,609017.753527092,485490496,1,0,0,8,6699D2ED420E0000,can0
5480,1786717346.2094808,609017.754194092,485490496,1,0,0,8,6699D3EDB4020000,can0
5481,1786717346.241583,609017.786303176,485490497,1,0,0,8,66990102FC000000,can0
5482,1786717346.2427206,609017.787469134,485490497,1,0,0,8,66990A02FC000000,can0
5483,1786717346.2844217,609017.829141342,485490497,1,0,0,8,6699000201000000,can0
5484,1786717346.2855113,609017.830227509,485490497,1,0,0,8,6699020200000000,can0
5485,1786717346.2960787,609017.840793051,485490497,1,0,0,8,6699070200000000,can0
5486,1786717346.296825,609017.841538717,485490497,1,0,0,8,66991E0300000000,can0
5487,1786717346.2974691,609017.842182051,485490497,1,0,0,8,66991C0300000000,can0
5488,1786717346.2980146,609017.842727634,485490497,1,0,0,8,66998DED7C150000,can0
5489,1786717346.329218,609017.873942009,485490497,1,0,0,8,66998FEDD9000000,can0
5490,1786717346.3310604,609017.875779342,485490497,1,0,0,8,6699ECED04740000,can0
5491,1786717346.3344126,609017.879133092,485490497,1,0,0,8,6699DAED00000000,can0
5492,1786717346.4986532,609018.043372551,485490497,1,0,0,8,6699DBED5E100000,can0
5493,1786717346.5340798,609018.078799926,485490497,1,0,0,8,6699B3ED01000000,can0
5494,1786717346.5363853,609018.081100467,485490497,1,0,0,8,6699BCED7FE50100,can0
5495,1786717346.590923,609018.135644592,435295296,1,0,0,8,007B15FD000474F4,can0
5496,1786717346.594438,609018.139158801,435294784,1,0,0,8,E00BF40000FFFFFF,can0
5497,1786717346.5975916,609018.142308009,435294784,1,0,0,8,E1FF4B00FFFFFFFF,can0
5498,1786717346.599595,609018.144315426,435357504,1,0,0,8,F401B00BA90000FF,can0
5499,1786717346.601827,609018.146903092,435294784,1,0,0,8,E00BF40103FFFFFF,can0
5500,1786717346.603371,609018.148085676,435294784,1,0,0,8,E1FFFFFFFFFFFFFF,can0
5501,1786717346.6072645,609018.151979217,435357504,1,0,0,8,F402280C940000FF,can0
5502,1786717346.608222,609018.152935384,435294784,1,0,0,8,C00BF40203FFFFFF,can0
5503,1786717346.608913,609018.153627217,435294784,1,0,0,8,C1FFFFFFFFFFFFFF,can0
5504,1786717346.60954,609018.154253176,435357504,1,0,0,8,F4030E0C640000FF,can0
5505,1786717346.6101232,609018.154837051,435294784,1,0,0,8,C00BF40303FFFFFF,can0
5506,1786717346.610757,609018.155470592,435294784,1,0,0,8,C1FFFFFFFFFFFFFF,can0
5507,1786717346.6113803,609018.156093176,435357504,1,0,0,8,F404B508000000FF,can0
5508,1786717346.6119878,609018.156701384,435294784,1,0,0,8,C00BF40403FFFFFF,can0
5509,1786717346.6127663,609018.157481676,435294784,1,0,0,8,C1FFFFFFFFFFFFFF,can0
5510,1786717346.6134088,609018.158121884,435357248,1,0,0,8,F4FFFC00FFFFFFFF,can0
5511,1786717346.6140158,609018.158729467,233966912,1,0,0,8,0001FDFFFFFFFFFF,can0
5512,1786717346.626113,609018.170832842,502267713,1,0,0,8,60266699501000EA,can0
5513,1786717346.6276705,609018.172386092,502267713,1,0,0,8,61000000FFFFFFFF,can0
5514,1786717346.6314268,609018.176144551,502267713,1,0,0,8,628515AF14000000,can0
5515,1786717346.632318,609018.177032217,502267713,1,0,0,8,630000C102000000,can0
5516,1786717346.6331913,609018.177906801,502267713,1,0,0,8,6400350900009F01,can0
5517,1786717346.634043,609018.178757301,502267713,1,0,0,8,658A9A1300FFFFFF,can0
5518,1786717346.641933,609018.186652634,485490497,1,0,0,8,6699DBED5E100000,can0
5519,1786717346.6953976,609018.240115592,485490497,1,0,0,8,6699BCEDB3E50100,can0
5520,1786717346.696591,609018.241307134,485490497,1,0,0,8,6699CCECD5860000,can0
5521,1786717346.6976988,609018.242414967,485490497,1,0,0,8,6699CBEC2D790000,can0
5522,1786717346.7001839,609018.244899592,485490497,1,0,0,8,6699DCECE7D10000,can0
5523,1786717346.7009795,609018.245692217,485490497,1,0,0,8,6699DBEC0D780000,can0
5524,1786717346.70173,609018.246442759,485490497,1,0,0,8,6699ECEC5C8D0000,can0
5525,1786717346.7022803,609018.246992509,485490497,1,0,0,8,6699EBECE57D0000,can0
5526,1786717346.7029421,609018.247654426,485490497,1,0,0,8,6699FBEC94550000,can0
5527,1786717346.7748837,609018.319603343,435295297,1,0,0,8,007C15D90004741F,can0
5528,1786717346.776019,609018.320733509,435294785,1,0,0,8,E00B1F0000FFFFFF,can0
5529,1786717346.7767289,609018.321441468,435294785,1,0,0,8,E1FF4700FFFFFFFF,can0
5530,1786717346.7775903,609018.322304009,435357505,1,0,0,8,1F011E0C6F0000FF,can0
5531,1786717346.7783554,609018.323067759,435294785,1,0,0,8,E00B1F0103FFFFFF,can0
5532,1786717346.7790515,609018.323765551,435294785,1,0,0,8,E1FFFFFFFFFFFFFF,can0
5533,1786717346.7923827,609018.337108426,435357505,1,0,0,8,1F02010CAE0000FF,can0
5534,1786717346.7933955,609018.338112259,435294785,1,0,0,8,C00B1F0203FFFFFF,can0
5535,1786717346.7943635,609018.339076218,435294785,1,0,0,8,C1FFFFFFFFFFFFFF,can0
5536,1786717346.7950935,609018.339814176,435357505,1,0,0,8,1F03980C700000FF,can0
5537,1786717346.7960312,609018.340744843,435294785,1,0,0,8,C00B1F0303FFFFFF,can0
5538,1786717346.7967095,609018.341426676,435294785,1,0,0,8,C1FFFFFFFFFFFFFF,can0
5539,1786717346.79777,609018.342484884,435357505,1,0,0,8,1F048F08000000FF,can0
5540,1786717346.7985518,609018.343265509,435294785,1,0,0,8,C00B1F0403FFFFFF,can0
5541,1786717346.7994308,609018.344145384,435294785,1,0,0,8,C1FFFFFFFFFFFFFF,can0
5542,1786717346.8003256,609018.345040468,435357249,1,0,0,8,1FFFFC00FFFFFFFF,can0
5543,1786717346.8010824,609018.345796884,485490497,1,0,0,8,66994E0301000000,can0
5544,1786717346.8060613,609018.350780051,485490496,1,0,0,8,66998DED7C150000,can0
5545,1786717346.8077168,609018.352433384,485490496,1,0,0,8,66998FEDFD000000,can0
5546,1786717346.8084102,609018.353123176,485490496,1,0,0,8,6699DBED12110000,can0
5547,1786717346.8644354,609018.409157218,485490496,1,0,0,8,6699BCED75F10100,can0
5548,1786717346.8695827,609018.414306968,485490496,1,0,0,8,6699B1ED5A497800,can0
5549,1786717346.8704908,609018.415205176,485490496,1,0,0,8,6699CCECD7C50000,can0
5550,1786717346.8710818,609018.415794968,485490496,1,0,0,8,6699CBECE3740000,can0
5551,1786717346.8718126,609018.416525926,485490496,1,0,0,8,6699DCEC70B30000,can0
5552,1786717346.8740203,609018.418735468,485490496,1,0,0,8,6699DBEC88790000,can0
5553,1786717346.8748507,609018.419564926,485490496,1,0,0,8,6699ECECD1770000,can0
5554,1786717346.8774672,609018.422182676,485490496,1,0,0,8,6699EBEC82780000,can0
5555,1786717346.8782034,609018.422918176,485490496,1,0,0,8,6699FBEC16570000,can0
5556,1786717347.0701475,609018.614866759,485490657,1,0,0,8,6699FF0FAC260000,can0
5557,1786717347.074618,609018.619333968,485490657,1,0,0,8,66991C202842FFFF,can0
5558,1786717347.1312733,609018.675993551,502267713,1,0,0,8,801D66994210016C,can0
5559,1786717347.1322017,609018.676917634,502267713,1,0,0,8,817B1800C9480000,can0
5560,1786717347.1329672,609018.677682009,502267713,1,0,0,8,8200000000000000,can0
5561,1786717347.1336887,609018.678402551,502267713,1,0,0,8,8300010000000000,can0
5562,1786717347.1344163,609018.679132051,502267713,1,0,0,8,840000FFFFFFFFFF,can0
5563,1786717347.1879566,609018.732676634,773,0,0,0,8,0000000000000000,can0
5564,1786717347.188915,609018.733628551,775,0,0,0,8,1234567856494300,can0
5565,1786717347.3846185,609018.929339218,485490657,1,0,0,8,669901207C150000,can0
5566,1786717347.3859763,609018.930691468,485490657,1,0,0,8,66990E200D000000,can0
5567,1786717347.6389904,609019.18371026,485490497,1,0,0,8,6699DBED54100000,can0
5568,1786717347.6941888,609019.238907926,485490497,1,0,0,8,6699BCED34E50100,can0
5569,1786717347.6954725,609019.240187676,485490497,1,0,0,8,6699CCECB7860000,can0
5570,1786717347.6961863,609019.240901301,485490497,1,0,0,8,6699CBEC2D790000,can0
5571,1786717347.6969135,609019.241627135,485490497,1,0,0,8,6699DCEC8AD10000,can0
5572,1786717347.6976292,609019.242342676,485490497,1,0,0,8,6699DBEC18780000,can0
5573,1786717347.698846,609019.243564593,485490497,1,0,0,8,6699ECEC548D0000,can0
5574,1786717347.699807,609019.244522843,485490497,1,0,0,8,6699EBECF07D0000,can0
5575,1786717347.700883,609019.245598051,485490497,1,0,0,8,6699FBEC94550000,can0
5576,1786717347.7768404,609019.32156001,485442017,1,0,0,8,66990100D0EDFCFF,can0
5577,1786717347.7778757,609019.32258976,485442017,1,0,0,8,66990100DCEDFEFF,can0
5578,1786717347.7786665,609019.32337926,485442017,1,0,0,8,66990100DAEDFFFF,can0
5579,1786717347.7803292,609019.32504626,485442017,1,0,0,8,669901002720FFFF,can0
5580,1786717347.7865682,609019.33128701,485490497,1,0,0,8,6699DAED00000000,can0
5581,1786717347.7875042,609019.332219426,485490497,1,0,0,8,6699272078D60300,can0
5582,1786717347.7956812,609019.340399218,485490497,1,0,0,8,6699DCED38110000,can0
5583,1786717347.7969756,609019.341688885,485490497,1,0,0,8,6699DDEDBE280000,can0
5584,1786717347.7977803,609019.342493801,485490497,1,0,0,8,6699D0ED38080000,can0
5585,1786717347.798953,609019.34366701,485490497,1,0,0,8,6699D1ED29010000,can0
5586,1786717347.7995615,609019.34427476,485490497,1,0,0,8,6699D2ED35090000,can0
5587,1786717347.8009267,609019.345640135,485490497,1,0,0,8,6699D3EDEA000000,can0
5588,1786717347.806162,609019.350879301,485490496,1,0,0,8,66998DED7C150000,can0
5589,1786717347.807825,609019.352538593,485490496,1,0,0,8,66998FEDFC000000,can0
5590,1786717347.808595,609019.353308801,485490496,1,0,0,8,6699DBED1C110000,can0
5591,1786717347.8594234,609019.40414376,485490496,1,0,0,8,6699BCED45F00100,can0
5592,1786717347.8609378,609019.405653218,485490496,1,0,0,8,6699B1ED2F257900,can0
5593,1786717347.8618834,609019.406597426,485490496,1,0,0,8,6699CCEC8EC50000,can0
5594,1786717347.862779,609019.407492468,485490496,1,0,0,8,6699CBECD5740000,can0
5595,1786717347.8638406,609019.408553593,485490496,1,0,0,8,6699DCECE6B20000,can0
5596,1786717347.8645484,609019.409261218,485490496,1,0,0,8,6699DBEC89790000,can0
5597,1786717347.8651843,609019.409896676,485490496,1,0,0,8,6699ECEC1A780000,can0
5598,1786717347.867293,609019.41200951,485490496,1,0,0,8,6699EBEC79780000,can0
5599,1786717347.8729525,609019.417672551,485490496,1,0,0,8,6699FBEC18570000,can0
5600,1786717348.0696254,609019.614347843,485490657,1,0,0,8,6699FF0FAC260000,can0
5601,1786717348.0729277,609019.617644843,485490657,1,0,0,8,66991C206041FFFF,can0
5602,1786717348.0915427,609019.636264968,435295296,1,0,0,8,007C15FC00047416,can0
5603,1786717348.1027725,609019.647489843,435294784,1,0,0,8,000B160000FFFFFF,can0
5604,1786717348.1035843,609019.648298551,435294784,1,0,0,8,01FF4B00FFFFFFFF,can0
5605,1786717348.1041007,609019.648813635,435357504,1,0,0,8,1601AF0BAA0000FF,can0
5606,1786717348.1045396,609019.649251218,435294784,1,0,0,8,000B160103FFFFFF,can0
5607,1786717348.1049507,609019.649662593,435294784,1,0,0,8,01FFFFFFFFFFFFFF,can0
5608,1786717348.1067877,609019.651506676,435357504,1,0,0,8,1602270C950000FF,can0
5609,1786717348.107662,609019.65237576,435294784,1,0,0,8,E00B160203FFFFFF,can0
5610,1786717348.1083362,609019.653049176,435294784,1,0,0,8,E1FFFFFFFFFFFFFF,can0
5611,1786717348.1089096,609019.653621968,435357504,1,0,0,8,16030C0C650000FF,can0
5612,1786717348.109446,609019.65416001,435294784,1,0,0,8,E00B160303FFFFFF,can0
5613,1786717348.1101387,609019.654853635,435294784,1,0,0,8,E1FFFFFFFFFFFFFF,can0
5614,1786717348.1108754,609019.655589218,435357504,1,0,0,8,1604B508000000FF,can0
5615,1786717348.1115832,609019.65629651,435294784,1,0,0,8,E00B160403FFFFFF,can0
5616,1786717348.1122837,609019.65699776,435294784,1,0,0,8,E1FFFFFFFFFFFFFF,can0
5617,1786717348.112975,609019.657689051,435357248,1,0,0,8,16FFFC00FFFFFFFF,can0
5618,1786717348.1812954,609019.726015427,773,0,0,0,8,0000000000000000,can0
5619,1786717348.182299,609019.727012885,775,0,0,0,8,1234567856494300,can0
5620,1786717348.274625,609019.819345343,435295297,1,0,0,8,007C15D90004743D,can0
5621,1786717348.2762315,609019.820947385,435294785,1,0,0,8,000B3D0000FFFFFF,can0
5622,1786717348.2793458,609019.824062093,435294785,1,0,0,8,01FF4700FFFFFFFF,can0
5623,1786717348.2837727,609019.82848951,435357505,1,0,0,8,3D011E0C700000FF,can0
5624,1786717348.2846892,609019.829405052,435294785,1,0,0,8,000B3D0103FFFFFF,can0
5625,1786717348.289947,609019.834663885,435294785,1,0,0,8,01FFFFFFFFFFFFFF,can0
5626,1786717348.2908556,609019.835569968,435357505,1,0,0,8,3D02020CAE0000FF,can0
5627,1786717348.291598,609019.836311927,435294785,1,0,0,8,E00B3D0203FFFFFF,can0
5628,1786717348.2923963,609019.837110677,435294785,1,0,0,8,E1FFFFFFFFFFFFFF,can0
5629,1786717348.2930882,609019.837800718,435357505,1,0,0,8,3D03970C700000FF,can0
5630,1786717348.2936845,609019.838397093,435294785,1,0,0,8,E00B3D0303FFFFFF,can0
5631,1786717348.2943244,609019.839038052,435294785,1,0,0,8,E1FFFFFFFFFFFFFF,can0
5632,1786717348.2949333,609019.839647677,435357505,1,0,0,8,3D048F08000000FF,can0
5633,1786717348.2960482,609019.840763343,435294785,1,0,0,8,E00B3D0403FFFFFF,can0
5634,1786717348.2980452,609019.842758968,435294785,1,0,0,8,E1FFFFFFFFFFFFFF,can0
5635,1786717348.2994504,609019.844164052,435357249,1,0,0,8,3DFFFC00FFFFFFFF,can0
5636,1786717348.3002214,609019.844934218,233966913,1,0,0,8,0001FDFFFFFFFFFF,can0
5637,1786717348.551365,609020.096084718,485490496,1,0,0,8,66990102FC000000,can0
5638,1786717348.552874,609020.097589885,485490496,1,0,0,8,66990A02FC000000,can0
5639,1786717348.600612,609020.145332135,485490496,1,0,0,8,6699000201000000,can0
5640,1786717348.605,609020.149720885,485490496,1,0,0,8,6699020200000000,can0
5641,1786717348.6063664,609020.151081927,485490496,1,0,0,8,6699070200000000,can0
5642,1786717348.607786,609020.15250976,485490496,1,0,0,8,66991E0300000000,can0
5643,1786717348.6086752,609020.153897968,485490496,1,0,0,8,66991C0300000000,can0
5644,1786717348.6100981,609020.15481401,485490496,1,0,0,8,66998DED7C150000,can0
5645,1786717348.638992,609020.183712135,485490497,1,0,0,8,6699DBED5E100000,can0
5646,1786717348.6464636,609020.191183427,485490496,1,0,0,8,66998FEDFC000000,can0
5647,1786717348.6473057,609020.192018302,485490496,1,0,0,8,6699ECED04740000,can0
5648,1786717348.6493595,609020.194074427,485490496,1,0,0,8,6699DAED00000000,can0
5649,1786717348.695426,609020.240148135,485490497,1,0,0,8,6699BCED9AE40100,can0
5650,1786717348.696904,609020.241620302,485490497,1,0,0,8,6699CCEC76860000,can0
5651,1786717348.6980214,609020.242735677,485490497,1,0,0,8,6699CBEC24790000,can0
5652,1786717348.6988227,609020.243536843,485490497,1,0,0,8,6699DCEC4CD10000,can0
5653,1786717348.6998963,609020.244612427,485490497,1,0,0,8,6699DBEC13780000,can0
5654,1786717348.7043095,609020.249030218,485490497,1,0,0,8,6699ECEC2F8D0000,can0
5655,1786717348.7052214,609020.24993626,485490497,1,0,0,8,6699EBECF07D0000,can0
5656,1786717348.7061725,609020.250886968,485490497,1,0,0,8,6699FBEC93550000,can0
5657,1786717348.8067935,609020.351513218,485490496,1,0,0,8,66998DED7B150000,can0
5658,1786717348.8089013,609020.353624052,485490496,1,0,0,8,6699DBED12110000,can0
5659,1786717348.8269758,609020.371694302,485490497,1,0,0,8,66998FEDD8000000,can0
5660,1786717348.8504095,609020.39512951,485490496,1,0,0,8,6699B3ED01000000,can0
5661,1786717348.8527389,609020.397454385,485490496,1,0,0,8,6699BCED26F00100,can0
5662,1786717348.8608916,609020.40561151,485490496,1,0,0,8,6699BCED26F00100,can0
5663,1786717348.8618212,609020.406536719,485490496,1,0,0,8,6699B1ED138F7900,can0
5664,1786717348.8625546,609020.40726976,485490496,1,0,0,8,6699CCEC72C50000,can0
5665,1786717348.8633065,609020.408019885,485490496,1,0,0,8,6699CBECD6740000,can0
5666,1786717348.8639102,609020.408622927,485490496,1,0,0,8,6699DCECEAB20000,can0
5667,1786717348.8643835,609020.409096177,485490496,1,0,0,8,6699DBEC81790000,can0
5668,1786717348.8652425,609020.409958344,485490496,1,0,0,8,6699ECEC9F770000,can0
5669,1786717348.866338,609020.411052635,485490496,1,0,0,8,6699EBEC7E780000,can0
5670,1786717348.8715441,609020.416265052,485490496,1,0,0,8,6699FBEC15570000,can0
5671,1786717348.9431925,609020.487912302,502267712,1,0,0,8,40266699501000B4,can0
5672,1786717348.9476645,609020.492381927,502267712,1,0,0,8,41020000FFFFFFFF,can0
5673,1786717348.9485266,609020.493241052,502267712,1,0,0,8,428515AB14000000,can0
5674,1786717348.9492214,609020.493934552,502267712,1,0,0,8,430000C202000000,can0
5675,1786717348.9503765,609020.495092302,502267712,1,0,0,8,4400420E00009602,can0
5676,1786717348.9511535,609020.495867719,502267712,1,0,0,8,45EE9A4001FFFFFF,can0
5677,1786717349.0649748,609020.609693135,485441761,1,0,0,8,6699152031030000,can0
5678,1786717349.066103,609020.610818302,485442017,1,0,0,8,6699152019030000,can0
5679,1786717349.0668945,609020.611609177,485490496,1,0,0,8,6699152031030000,can0
5680,1786717349.0675602,609020.612273927,485490497,1,0,0,8,6699152019030000,can0
5681,1786717349.0820644,609020.626785427,485490657,1,0,0,8,6699FF0FAC260000,can0
5682,1786717349.0829878,609020.627701885,485490657,1,0,0,8,66991C205443FFFF,can0
5683,1786717349.1017365,609020.646455802,485490496,1,0,0,8,66994E0301000000,can0
5684,1786717349.1726425,609020.717361427,485490657,1,0,0,8,669902207B150000,can0
5685,1786717349.185597,609020.730316385,773,0,0,0,8,0000000000000000,can0
5686,1786717349.1865983,609020.73131451,775,0,0,0,8,1234567856494300,can0
5687,1786717349.2952297,609020.839949427,485490496,1,0,0,8,66998FEDFB000000,can0
5688,1786717349.591162,609021.135883552,435295296,1,0,0,8,007B15FB00047434,can0
5689,1786717349.5923378,609021.137053136,435294784,1,0,0,8,200B340000FFFFFF,can0
5690,1786717349.594039,609021.138754636,435294784,1,0,0,8,21FF4B00FFFFFFFF,can0
5691,1786717349.5963109,609021.141024552,435357504,1,0,0,8,3401AE0BA90000FF,can0
5692,1786717349.5971532,609021.141867386,435294784,1,0,0,8,200B340103FFFFFF,can0
5693,1786717349.5978103,609021.142522886,435294784,1,0,0,8,21FFFFFFFFFFFFFF,can0
5694,1786717349.5985322,609021.143246427,435357504,1,0,0,8,3402270C940000FF,can0
5695,1786717349.5994422,609021.144155886,435294784,1,0,0,8,000B340203FFFFFF,can0
5696,1786717349.6002276,609021.144942302,435294784,1,0,0,8,01FFFFFFFFFFFFFF,can0
5697,1786717349.6008763,609021.145588594,435357504,1,0,0,8,34030D0C630000FF,can0
5698,1786717349.6013567,609021.146069386,435294784,1,0,0,8,000B340303FFFFFF,can0
5699,1786717349.6017835,609021.146495511,435294784,1,0,0,8,01FFFFFFFFFFFFFF,can0
5700,1786717349.602284,609021.146996636,435357504,1,0,0,8,3404B508000000FF,can0
5701,1786717349.6065247,609021.151241302,435294784,1,0,0,8,000B340403FFFFFF,can0
5702,1786717349.6075854,609021.152299386,435294784,1,0,0,8,01FFFFFFFFFFFFFF,can0
5703,1786717349.6083674,609021.153080719,435357248,1,0,0,8,34FFFC00FFFFFFFF,can0
5704,1786717349.6955903,609021.240311011,485490497,1,0,0,8,6699BCED72E40100,can0
5705,1786717349.6966357,609021.241350886,485490497,1,0,0,8,6699CCEC7E860000,can0
5706,1786717349.697433,609021.242147469,485490497,1,0,0,8,6699CBEC22790000,can0
5707,1786717349.69853,609021.243246677,485490497,1,0,0,8,6699DCECF2D00000,can0
5708,1786717349.699489,609021.244203136,485490497,1,0,0,8,6699DBEC12780000,can0
5709,1786717349.700259,609021.244974094,485490497,1,0,0,8,6699ECEC238D0000,can0
5710,1786717349.7012975,609021.246012969,485490497,1,0,0,8,6699EBECF37D0000,can0
5711,1786717349.7020686,609021.246782761,485490497,1,0,0,8,6699FBEC91550000,can0
5712,1786717349.7740674,609021.318787094,435295297,1,0,0,8,007C15D80004745B,can0
5713,1786717349.7751355,609021.319849344,435294785,1,0,0,8,200B5B0000FFFFFF,can0
5714,1786717349.7759511,609021.320665094,435294785,1,0,0,8,21FF4700FFFFFFFF,can0
5715,1786717349.7767003,609021.321414761,435357505,1,0,0,8,5B011D0C6F0000FF,can0
5716,1786717349.7774599,609021.322174344,435294785,1,0,0,8,200B5B0103FFFFFF,can0
5717,1786717349.7782,609021.322914427,435294785,1,0,0,8,21FFFFFFFFFFFFFF,can0
5718,1786717349.7789335,609021.323647927,435357505,1,0,0,8,5B02020CAE0000FF,can0
5719,1786717349.7798617,609021.324577136,435294785,1,0,0,8,000B5B0203FFFFFF,can0
5720,1786717349.7812433,609021.325958761,435294785,1,0,0,8,01FFFFFFFFFFFFFF,can0
5721,1786717349.7820876,609021.326800761,435357505,1,0,0,8,5B03980C700000FF,can0
5722,1786717349.7828224,609021.327537552,435294785,1,0,0,8,000B5B0303FFFFFF,can0
5723,1786717349.7835064,609021.328219802,435294785,1,0,0,8,01FFFFFFFFFFFFFF,can0
5724,1786717349.7841945,609021.328907677,435357505,1,0,0,8,5B048F08000000FF,can0
5725,1786717349.784873,609021.329587844,435294785,1,0,0,8,000B5B0403FFFFFF,can0
5726,1786717349.7857385,609021.330453969,435294785,1,0,0,8,01FFFFFFFFFFFFFF,can0
5727,1786717349.7865324,609021.331247511,435357249,1,0,0,8,5BFFFC00FFFFFFFF,can0
5728,1786717349.806384,609021.351104219,485490496,1,0,0,8,6699DBED1C110000,can0
5729,1786717349.8579395,609021.402660344,485490496,1,0,0,8,6699BCED9AEF0100,can0
5730,1786717349.8590727,609021.403787094,485490496,1,0,0,8,6699B1ED6FA37900,can0
5731,1786717349.8598099,609021.404523802,485490496,1,0,0,8,6699CCEC35C50000,can0
5732,1786717349.8612545,609021.405970719,485490496,1,0,0,8,6699CBECE1740000,can0
5733,1786717349.8621027,609021.406816344,485490496,1,0,0,8,6699DCEC75B20000,can0
5734,1786717349.862852,609021.407566677,485490496,1,0,0,8,6699DBEC7C790000,can0
5735,1786717349.8636367,609021.408352011,485490496,1,0,0,8,6699ECECCD770000,can0
5736,1786717349.8643906,609021.409104761,485490496,1,0,0,8,6699EBEC74780000,can0
5737,1786717349.8651083,609021.409822011,485490496,1,0,0,8,6699FBEC16570000,can0
5738,1786717350.068281,609021.613001052,485490657,1,0,0,8,6699FF0FAC260000,can0
5739,1786717350.0693269,609021.614041969,485490657,1,0,0,8,66991C202842FFFF,can0
5740,1786717350.1819189,609021.726639427,773,0,0,0,8,0000000000000000,can0
5741,1786717350.183507,609021.728221302,775,0,0,0,8,1234567856494300,can0
5742,1786717350.228596,609021.773316386,485490497,1,0,0,8,66998DED7B150000,can0
5743,1786717350.6371498,609022.181870594,485490497,1,0,0,8,66998DED7C150000,can0
5744,1786717350.6967428,609022.241462636,485490497,1,0,0,8,6699BCED4DE40100,can0
5745,1786717350.697855,609022.242568969,485490497,1,0,0,8,6699CCEC6B860000,can0
5746,1786717350.7025654,609022.247282886,485490497,1,0,0,8,6699CBEC1A790000,can0
5747,1786717350.7158885,609022.260612511,485490497,1,0,0,8,6699DCECDFD00000,can0
5748,1786717350.7175834,609022.262298511,485490497,1,0,0,8,6699DBEC13780000,can0
5749,1786717350.7192423,609022.263960553,485490497,1,0,0,8,6699ECEC2B8D0000,can0
5750,1786717350.7205122,609022.265226303,485490497,1,0,0,8,6699EBECED7D0000,can0
5751,1786717350.7212,609022.265912803,485490497,1,0,0,8,6699FBEC91550000,can0
5752,1786717350.8571608,609022.401879886,485490496,1,0,0,8,6699BCED8BEE0100,can0
5753,1786717350.8582234,609022.402938844,485490496,1,0,0,8,6699B1EDA6987900,can0
5754,1786717350.8614886,609022.406219136,485490496,1,0,0,8,6699CCECC0C40000,can0
5755,1786717350.8625746,609022.407287678,485490496,1,0,0,8,6699CBECD1740000,can0
5756,1786717350.863349,609022.408062594,485490496,1,0,0,8,6699DCECD8B20000,can0
5757,1786717350.8638515,609022.408563303,485490496,1,0,0,8,6699DBEC7C790000,can0
5758,1786717350.8643868,609022.409099386,485490496,1,0,0,8,6699ECEC76770000,can0
5759,1786717350.8649921,609022.409704469,485490496,1,0,0,8,6699EBEC6F780000,can0
5760,1786717350.871252,609022.415966636,485490496,1,0,0,8,6699FBEC14570000,can0
5761,1786717351.0802515,609022.624971511,485490657,1,0,0,8,6699FF0FAC260000,can0
5762,1786717351.0812304,609022.625946136,485490657,1,0,0,8,66991C208C42FFFF,can0
5763,1786717351.0923305,609022.637050345,435295296,1,0,0,8,007B15FB00047452,can0
5764,1786717351.0932493,609022.637964136,435294784,1,0,0,8,400B520000FFFFFF,can0
5765,1786717351.0939655,609022.638679303,435294784,1,0,0,8,41FF4B00FFFFFFFF,can0
5766,1786717351.1074243,609022.652144511,435357504,1,0,0,8,5201AD0BA70000FF,can0
5767,1786717351.1084073,609022.653122095,435294784,1,0,0,8,400B520103FFFFFF,can0
5768,1786717351.1091838,609022.653897553,435294784,1,0,0,8,41FFFFFFFFFFFFFF,can0
5769,1786717351.1099122,609022.654625886,435357504,1,0,0,8,5202260C940000FF,can0
5770,1786717351.1105971,609022.655311511,435294784,1,0,0,8,200B520203FFFFFF,can0
5771,1786717351.1112766,609022.655989678,435294784,1,0,0,8,21FFFFFFFFFFFFFF,can0
5772,1786717351.111966,609022.656679678,435357504,1,0,0,8,52030C0C630000FF,can0
5773,1786717351.112723,609022.657437553,435294784,1,0,0,8,200B520303FFFFFF,can0
5774,1786717351.1134384,609022.658151678,435294784,1,0,0,8,21FFFFFFFFFFFFFF,can0
5775,1786717351.1141484,609022.658862595,435357504,1,0,0,8,5204B508000000FF,can0
5776,1786717351.114832,609022.659546678,435294784,1,0,0,8,200B520403FFFFFF,can0
5777,1786717351.1330698,609022.677787386,435294784,1,0,0,8,21FFFFFFFFFFFFFF,can0
5778,1786717351.1339269,609022.678642011,435357248,1,0,0,8,52FFFC00FFFFFFFF,can0
5779,1786717351.1913173,609022.73603697,485441761,1,0,0,8,66990100D0EDFCFF,can0
5780,1786717351.192368,609022.737084761,485441761,1,0,0,8,66990100DCEDFEFF,can0
5781,1786717351.193283,609022.737998386,485441761,1,0,0,8,66990100DAEDFFFF,can0
5782,1786717351.1940725,609022.738787095,485441761,1,0,0,8,669901002720FFFF,can0
5783,1786717351.1949282,609022.739642636,485490496,1,0,0,8,6699DAED00000000,can0
5784,1786717351.201418,609022.746133178,485490496,1,0,0,8,66992720C1D20300,can0
5785,1786717351.202499,609022.747214178,773,0,0,0,8,0000000000000000,can0
5786,1786717351.2032895,609022.748004678,775,0,0,0,8,1234567856494300,can0
5787,1786717351.2040744,609022.748790928,485490496,1,0,0,8,6699DCED80200000,can0
5788,1786717351.22928,609022.773995178,485490496,1,0,0,8,6699DDEDD1830200,can0
5789,1786717351.2301002,609022.774814845,485490496,1,0,0,8,6699D0ED730E0000,can0
5790,1786717351.2411206,609022.785836095,485490496,1,0,0,8,6699D1EDF9030000,can0
5791,1786717351.2418957,609022.786610636,485490496,1,0,0,8,6699D2ED420E0000,can0
5792,1786717351.2427092,609022.787422261,485490496,1,0,0,8,6699D3EDB4020000,can0
5793,1786717351.2617369,609022.806452678,485490497,1,0,0,8,66990102FC000000,can0
5794,1786717351.2625766,609022.807291011,485490497,1,0,0,8,66990A02FC000000,can0
5795,1786717351.2749212,609022.819640511,435295297,1,0,0,8,007C15D800047479,can0
5796,1786717351.288008,609022.832728886,435294785,1,0,0,8,400B790000FFFFFF,can0
5797,1786717351.2933383,609022.838053345,435294785,1,0,0,8,41FF4700FFFFFFFF,can0
5798,1786717351.3027823,609022.84750897,435357505,1,0,0,8,79011C0C6F0000FF,can0
5799,1786717351.3038905,609022.848604345,435294785,1,0,0,8,400B790103FFFFFF,can0
5800,1786717351.3048081,609022.849523386,435294785,1,0,0,8,41FFFFFFFFFFFFFF,can0
5801,1786717351.3208172,609022.865532386,435357505,1,0,0,8,7902020CAE0000FF,can0
5802,1786717351.3217497,609022.866464636,435294785,1,0,0,8,200B790203FFFFFF,can0
5803,1786717351.3224127,609022.867127678,435294785,1,0,0,8,21FFFFFFFFFFFFFF,can0
5804,1786717351.3231742,609022.86788897,435357505,1,0,0,8,7903970C700000FF,can0
5805,1786717351.328991,609022.873710178,435294785,1,0,0,8,200B790303FFFFFF,can0
5806,1786717351.3330238,609022.877740845,435294785,1,0,0,8,21FFFFFFFFFFFFFF,can0
5807,1786717351.3361044,609022.880821261,435357505,1,0,0,8,79048F08000000FF,can0
5808,1786717351.33697,609022.881685636,435294785,1,0,0,8,200B790403FFFFFF,can0
5809,1786717351.3411293,609022.885848345,435294785,1,0,0,8,21FFFFFFFFFFFFFF,can0
5810,1786717351.3468537,609022.891571886,435357249,1,0,0,8,79FFFC00FFFFFFFF,can0
5811,1786717351.3578458,609022.902561011,485490497,1,0,0,8,6699000201000000,can0
5812,1786717351.358672,609022.903384928,485490497,1,0,0,8,6699020200000000,can0
5813,1786717351.3594322,609022.904145428,485490497,1,0,0,8,6699070200000000,can0
5814,1786717351.360052,609022.904765511,485490497,1,0,0,8,66991E0300000000,can0
5815,1786717351.374499,609022.919227553,485490497,1,0,0,8,66991C0300000000,can0
5816,1786717351.3756125,609022.920327553,485490497,1,0,0,8,66998DED7C150000,can0
5817,1786717351.376413,609022.92112747,485490497,1,0,0,8,66998FEDD8000000,can0
5818,1786717351.3771296,609022.921843761,485490497,1,0,0,8,6699ECED04740000,can0
5819,1786717351.3778243,609022.922537303,485490497,1,0,0,8,6699DAED00000000,can0
5820,1786717351.536189,609023.080908803,485490497,1,0,0,8,6699B3ED01000000,can0
5821,1786717351.5370555,609023.081769886,485490497,1,0,0,8,6699BCED07E40100,can0
5822,1786717351.6257336,609023.170453511,502267713,1,0,0,8,A0266699501000EA,can0
5823,1786717351.6282713,609023.172986136,502267713,1,0,0,8,A1000000FFFFFFFF,can0
5824,1786717351.6291218,609023.173836636,502267713,1,0,0,8,A28515AF14000000,can0
5825,1786717351.6298635,609023.17457722,502267713,1,0,0,8,A30000C102000000,can0
5826,1786717351.6307755,609023.175489761,502267713,1,0,0,8,A400350900009F01,can0
5827,1786717351.6329956,609023.177710178,502267713,1,0,0,8,A58A9A1300FFFFFF,can0
5828,1786717351.6394215,609023.18414172,485490497,1,0,0,8,66998DED7C150000,can0
5829,1786717351.6934147,609023.23813447,485490497,1,0,0,8,6699BCEDB2E40100,can0
5830,1786717351.6965334,609023.241248637,485490497,1,0,0,8,6699CCEC8D860000,can0
5831,1786717351.6977463,609023.242460303,485490497,1,0,0,8,6699CBEC1E790000,can0
5832,1786717351.7039628,609023.248679178,485490497,1,0,0,8,6699DCECADD00000,can0
5833,1786717351.7048056,609023.249520678,485490497,1,0,0,8,6699DBEC12780000,can0
5834,1786717351.7058115,609023.250526512,485490497,1,0,0,8,6699ECEC238D0000,can0
5835,1786717351.7065873,609023.251300887,485490497,1,0,0,8,6699EBECEA7D0000,can0
5836,1786717351.7072897,609023.252003553,485490497,1,0,0,8,6699FBEC92550000,can0
5837,1786717351.7947989,609023.339518512,485490497,1,0,0,8,66994E0301000000,can0
5838,1786717351.8569846,609023.401704553,485490496,1,0,0,8,6699BCEDF6ED0100,can0
5839,1786717351.8578365,609023.402550053,485490496,1,0,0,8,6699B1ED13AD7900,can0
5840,1786717351.858791,609023.403506678,485490496,1,0,0,8,6699CCEC6CC40000,can0
5841,1786717351.8596208,609023.404337137,485490496,1,0,0,8,6699CBECBC740000,can0
5842,1786717351.8604355,609023.405151387,485490496,1,0,0,8,6699DCEC36B20000,can0
5843,1786717351.8614223,609023.406135678,485490496,1,0,0,8,6699DBEC7A790000,can0
5844,1786717351.862205,609023.40691872,485490496,1,0,0,8,6699ECEC6D770000,can0
5845,1786717351.8637455,609023.408459553,485490496,1,0,0,8,6699EBEC70780000,can0
5846,1786717351.8646026,609023.409315303,485490496,1,0,0,8,6699FBEC13570000,can0
5847,1786717352.1056128,609023.650332595,485441761,1,0,0,8,6699152031030000,can0
5848,1786717352.1065273,609023.651241303,485442017,1,0,0,8,6699152019030000,can0
5849,1786717352.1072009,609023.651914387,485490496,1,0,0,8,6699152031030000,can0
5850,1786717352.1077816,609023.652494762,485490497,1,0,0,8,6699152019030000,can0
5851,1786717352.1206393,609023.665359262,485490657,1,0,0,8,6699FF0FAC260000,can0
5852,1786717352.121573,609023.66628822,485490657,1,0,0,8,66991C20FC40FFFF,can0
5853,1786717352.1848567,609023.72957672,773,0,0,0,8,0000000000000000,can0
5854,1786717352.1906993,609023.73541397,775,0,0,0,8,1234567856494300,can0
5855,1786717352.1937149,609023.73843372,485490657,1,0,0,8,669902207B150000,can0
5856,1786717352.2056665,609023.75038722,485490657,1,0,0,8,669903204C090000,can0
5857,1786717352.378545,609023.923265679,485490657,1,0,0,8,669901207C150000,can0
5858,1786717352.3844793,609023.929197179,485490657,1,0,0,8,66990E200D000000,can0
5859,1786717352.5904398,609024.13515622,435295296,1,0,0,8,007B15FB00047470,can0
5860,1786717352.5913184,609024.136032345,435294784,1,0,0,8,600B700000FFFFFF,can0
5861,1786717352.591939,609024.136652137,435294784,1,0,0,8,61FF4B00FFFFFFFF,can0
5862,1786717352.592485,609024.13719772,435357504,1,0,0,8,7001AD0BAA0000FF,can0
5863,1786717352.5930102,609024.13772297,435294784,1,0,0,8,600B700103FFFFFF,can0
5864,1786717352.5935352,609024.138247387,435294784,1,0,0,8,61FFFFFFFFFFFFFF,can0
5865,1786717352.5944574,609024.139171012,435357504,1,0,0,8,7002240C930000FF,can0
5866,1786717352.5950496,609024.13976297,435294784,1,0,0,8,400B700203FFFFFF,can0
5867,1786717352.5980158,609024.142731095,435294784,1,0,0,8,41FFFFFFFFFFFFFF,can0
5868,1786717352.5988932,609024.14361247,435357504,1,0,0,8,70030A0C620000FF,can0
5869,1786717352.5998096,609024.144524387,435294784,1,0,0,8,400B700303FFFFFF,can0
5870,1786717352.6010103,609024.145725054,435294784,1,0,0,8,41FFFFFFFFFFFFFF,can0
5871,1786717352.6018765,609024.146591179,435357504,1,0,0,8,7004B508000000FF,can0
5872,1786717352.6028862,609024.147599762,435294784,1,0,0,8,400B700403FFFFFF,can0
5873,1786717352.6036775,609024.14839172,435294784,1,0,0,8,41FFFFFFFFFFFFFF,can0
5874,1786717352.6044507,609024.149166054,435357248,1,0,0,8,70FFFC00FFFFFFFF,can0
5875,1786717352.6052287,609024.149941804,233966912,1,0,0,8,0001FDFFFFFFFFFF,can0
5876,1786717352.6374943,609024.18221447,485490497,1,0,0,8,66998DED7B150000,can0
5877,1786717352.691756,609024.236474012,485490497,1,0,0,8,6699BCEDDDE30100,can0
5878,1786717352.6927898,609024.237504637,485490497,1,0,0,8,6699CCEC83860000,can0
5879,1786717352.6934443,609024.23815847,485490497,1,0,0,8,6699CBEC15790000,can0
5880,1786717352.6942768,609024.238994179,485490497,1,0,0,8,6699DCEC68D00000,can0
5881,1786717352.6950707,609024.239785095,485490497,1,0,0,8,6699DBEC0E780000,can0
5882,1786717352.6968787,609024.241594262,485490497,1,0,0,8,6699ECEC1F8D0000,can0
5883,1786717352.6977465,609024.242461929,485490497,1,0,0,8,6699EBECEB7D0000,can0
5884,1786717352.6987412,609024.243457179,485490497,1,0,0,8,6699FBEC92550000,can0
5885,1786717352.774179,609024.318899304,435295297,1,0,0,8,007B15D800047497,can0
5886,1786717352.775034,609024.319747804,435294785,1,0,0,8,600B970000FFFFFF,can0
5887,1786717352.775797,609024.320510929,435294785,1,0,0,8,61FF4700FFFFFFFF,can0
5888,1786717352.776534,609024.321249262,435357505,1,0,0,8,97011C0C700000FF,can0
5889,1786717352.7772274,609024.321940679,435294785,1,0,0,8,600B970103FFFFFF,can0
5890,1786717352.7781887,609024.322903637,435294785,1,0,0,8,61FFFFFFFFFFFFFF,can0
5891,1786717352.7790596,609024.323774387,435357505,1,0,0,8,9702010CAE0000FF,can0
5892,1786717352.7798245,609024.324538387,435294785,1,0,0,8,400B970203FFFFFF,can0
5893,1786717352.783731,609024.32844597,435294785,1,0,0,8,41FFFFFFFFFFFFFF,can0
5894,1786717352.784554,609024.32926922,435357505,1,0,0,8,9703960C710000FF,can0
5895,1786717352.7939055,609024.338625345,435294785,1,0,0,8,400B970303FFFFFF,can0
5896,1786717352.795163,609024.339891012,435294785,1,0,0,8,41FFFFFFFFFFFFFF,can0
5897,1786717352.7964594,609024.341174345,435357505,1,0,0,8,97048F08000000FF,can0
5898,1786717352.7972884,609024.342002512,435294785,1,0,0,8,400B970403FFFFFF,can0
5899,1786717352.7983017,609024.343021345,435294785,1,0,0,8,41FFFFFFFFFFFFFF,can0
5900,1786717352.7992506,609024.34396497,435357249,1,0,0,8,97FFFC00FFFFFFFF,can0
5901,1786717352.8022442,609024.346960137,485442017,1,0,0,8,66990100D0EDFCFF,can0
5902,1786717352.8040326,609024.348748262,485442017,1,0,0,8,66990100DCEDFEFF,can0
5903,1786717352.8049889,609024.349714929,485442017,1,0,0,8,66990100DAEDFFFF,can0
5904,1786717352.809254,609024.353970012,485442017,1,0,0,8,669901002720FFFF,can0
5905,1786717352.8102715,609024.35498722,485490497,1,0,0,8,6699DAED00000000,can0
5906,1786717352.8112526,609024.355968054,485490497,1,0,0,8,669927209DD10300,can0
5907,1786717352.842383,609024.387102387,485490497,1,0,0,8,6699DCED38110000,can0
5908,1786717352.8432794,609024.387992845,485490497,1,0,0,8,6699DDEDBE280000,can0
5909,1786717352.8440185,609024.388731054,485490497,1,0,0,8,6699D0ED38080000,can0
5910,1786717352.8450556,609024.38977047,485490497,1,0,0,8,6699D1ED29010000,can0
5911,1786717352.84632,609024.391041637,485490497,1,0,0,8,6699D2ED35090000,can0
5912,1786717352.847967,609024.392685887,485490497,1,0,0,8,6699D3EDEA000000,can0
5913,1786717352.8571832,609024.401903429,485490496,1,0,0,8,6699BCEDEAED0100,can0
5914,1786717352.8581293,609024.402843679,485490496,1,0,0,8,6699B1EDBCB87900,can0
5915,1786717352.8589146,609024.40362897,485490496,1,0,0,8,6699CCEC5DC40000,can0
5916,1786717352.8596628,609024.404376637,485490496,1,0,0,8,6699CBECB9740000,can0
5917,1786717352.8606122,609024.40532547,485490496,1,0,0,8,6699DCEC37B20000,can0
5918,1786717352.861532,609024.406246554,485490496,1,0,0,8,6699DBEC7B790000,can0
5919,1786717352.8624485,609024.407162804,485490496,1,0,0,8,6699ECEC80770000,can0
5920,1786717352.8645594,609024.409280304,485490496,1,0,0,8,6699EBEC73780000,can0
5921,1786717352.8668988,609024.411616429,485490496,1,0,0,8,6699FBEC14570000,can0
5922,1786717353.0738437,609024.618562762,485490657,1,0,0,8,6699FF0FAC260000,can0
5923,1786717353.0751145,609024.619831596,485490657,1,0,0,8,66991C209840FFFF,can0
5924,1786717353.1437845,609024.688503804,485490496,1,0,0,8,66998FEDFA000000,can0
5925,1786717353.1842327,609024.728952554,773,0,0,0,8,0000000000000000,can0
5926,1786717353.1858616,609024.730577387,775,0,0,0,8,1234567856494300,can0
5927,1786717353.5478742,609025.092594387,485490496,1,0,0,8,66990102FC000000,can0
5928,1786717353.5490286,609025.093743679,485490496,1,0,0,8,66990A02FC000000,can0
5929,1786717353.587537,609025.132257971,502267713,1,0,0,8,C0266699501000EB,can0
5930,1786717353.5990903,609025.143811346,502267713,1,0,0,8,C1000000FFFFFFFF,can0
5931,1786717353.6002476,609025.144962846,502267713,1,0,0,8,C28515AF14000000,can0
5932,1786717353.6023521,609025.147069054,502267713,1,0,0,8,C30000C102000000,can0
5933,1786717353.6035745,609025.148289596,502267713,1,0,0,8,C400350900009F01,can0
5934,1786717353.6045706,609025.149286637,502267713,1,0,0,8,C58A9A1300FFFFFF,can0
5935,1786717353.6063056,609025.151021637,502267713,1,0,0,8,E0286699A0100013,can0
5936,1786717353.6079798,609025.152696012,502267713,1,0,0,8,E1002B0036003100,can0
5937,1786717353.6088123,609025.153526679,502267713,1,0,0,8,E259007C01CE0298,can0
5938,1786717353.6096313,609025.154345179,502267713,1,0,0,8,E30148055799FB98,can0
5939,1786717353.6103473,609025.155060971,502267713,1,0,0,8,E48A9A9E5CFFFFFF,can0
5940,1786717353.6156332,609025.160354429,502267713,1,0,0,8,E5FFFFFFFFFFFFFF,can0
5941,1786717353.616798,609025.161523262,502267713,1,0,0,8,002666994F100100,can0
5942,1786717353.6178105,609025.162525554,502267713,1,0,0,8,0143000000391100,can0
5943,1786717353.6191676,609025.163884054,502267713,1,0,0,8,0200BF2800008A9A,can0
5944,1786717353.6202025,609025.164917221,502267713,1,0,0,8,03ED15088D11FFFF,can0
5945,1786717353.6293175,609025.174031971,502267713,1,0,0,8,04FFFFFFFFFFFFFF,can0
5946,1786717353.6312487,609025.175963221,502267713,1,0,0,8,05FFFFFFFFFFFFFF,can0
5947,1786717353.6319623,609025.176676637,485490497,1,0,0,8,6699DCED39110000,can0
5948,1786717353.6349747,609025.179689262,485490497,1,0,0,8,6699DDEDBF280000,can0
5949,1786717353.6377585,609025.182472846,485490497,1,0,0,8,6699D3EDEB000000,can0
5950,1786717353.6385276,609025.183241846,485490496,1,0,0,8,6699000201000000,can0
5951,1786717353.639336,609025.184050012,485490496,1,0,0,8,6699020200000000,can0
5952,1786717353.6425471,609025.187262137,485490496,1,0,0,8,6699070200000000,can0
5953,1786717353.6433797,609025.188094596,485490496,1,0,0,8,66991E0300000000,can0
5954,1786717353.6440659,609025.188779679,485490496,1,0,0,8,66991C0300000000,can0
5955,1786717353.6448314,609025.189544554,485490496,1,0,0,8,66998DED7B150000,can0
5956,1786717353.6510565,609025.195774804,485490496,1,0,0,8,66998DED7A150000,can0
5957,1786717353.651886,609025.196600221,485490496,1,0,0,8,66998FEDFA000000,can0
5958,1786717353.652668,609025.197380721,485490496,1,0,0,8,6699ECED04740000,can0
5959,1786717353.653318,609025.198030762,485490496,1,0,0,8,6699DAED00000000,can0
5960,1786717353.6920986,609025.236818971,485490497,1,0,0,8,6699BCEDA7E30100,can0
5961,1786717353.6948087,609025.239527012,485490497,1,0,0,8,6699CCEC6D860000,can0
5962,1786717353.69983,609025.244544971,485490497,1,0,0,8,6699CBEC13790000,can0
5963,1786717353.7007287,609025.245443554,485490497,1,0,0,8,6699DCEC2DD00000,can0
5964,1786717353.7014105,609025.246124679,485490497,1,0,0,8,6699DBEC02780000,can0
5965,1786717353.7020452,609025.246759887,485490497,1,0,0,8,6699ECEC0C8D0000,can0
5966,1786717353.7026644,609025.247377846,485490497,1,0,0,8,6699EBECDE7D0000,can0
5967,1786717353.7032676,609025.247981721,485490497,1,0,0,8,6699FBEC90550000,can0
5968,1786717353.8036509,609025.348374929,485490496,1,0,0,8,66998DED7B150000,can0
5969,1786717353.8511398,609025.395860971,485490496,1,0,0,8,6699B3ED01000000,can0
5970,1786717353.852229,609025.396941888,485490496,1,0,0,8,6699BCED29ED0100,can0
5971,1786717353.8588355,609025.403555096,485490496,1,0,0,8,6699BCED29ED0100,can0
5972,1786717353.8599172,609025.404631846,485490496,1,0,0,8,6699B1ED07B77900,can0
5973,1786717353.861605,609025.406318679,485490496,1,0,0,8,6699CCEC41C40000,can0
5974,1786717353.8631322,609025.407845179,485490496,1,0,0,8,6699CBECB4740000,can0
5975,1786717353.8712468,609025.415961388,485490496,1,0,0,8,6699DCECC4B10000,can0
5976,1786717353.8720136,609025.416727221,485490496,1,0,0,8,6699DBEC7A790000,can0
5977,1786717353.8727102,609025.417423554,485490496,1,0,0,8,6699ECEC32770000,can0
5978,1786717353.8733125,609025.418027221,485490496,1,0,0,8,6699EBEC72780000,can0
5979,1786717353.8739314,609025.418646263,485490496,1,0,0,8,6699FBEC14570000,can0
5980,1786717353.9411368,609025.485857221,502267712,1,0,0,8,60266699501000B4,can0
5981,1786717353.9435246,609025.488240429,502267712,1,0,0,8,61020000FFFFFFFF,can0
5982,1786717353.9445398,609025.489252596,502267712,1,0,0,8,628515AB14000000,can0
5983,1786717353.9452384,609025.489952054,502267712,1,0,0,8,630000C202000000,can0
5984,1786717353.9461286,609025.490844513,502267712,1,0,0,8,6400420E00009602,can0
5985,1786717353.94683,609025.491544346,502267712,1,0,0,8,65EE9A4001FFFFFF,can0
5986,1786717354.0799623,609025.624681763,485490657,1,0,0,8,6699FF0FAC260000,can0
5987,1786717354.0812118,609025.625926888,485490657,1,0,0,8,66991C20083FFFFF,can0
5988,1786717354.0902925,609025.635012179,435295296,1,0,0,8,007B15FA0004748E,can0
5989,1786717354.0912175,609025.635931138,435294784,1,0,0,8,800B8E0000FFFFFF,can0
5990,1786717354.0919561,609025.636670763,435294784,1,0,0,8,81FF4B00FFFFFFFF,can0
5991,1786717354.0926883,609025.637400804,435357504,1,0,0,8,8E01AD0BA80000FF,can0
5992,1786717354.0933132,609025.638026221,435294784,1,0,0,8,800B8E0103FFFFFF,can0
5993,1786717354.0939336,609025.638646513,435294784,1,0,0,8,81FFFFFFFFFFFFFF,can0
5994,1786717354.0946836,609025.639396263,435357504,1,0,0,8,8E02260C930000FF,can0
5995,1786717354.0968661,609025.641586888,435294784,1,0,0,8,600B8E0203FFFFFF,can0
5996,1786717354.098862,609025.643577679,435294784,1,0,0,8,61FFFFFFFFFFFFFF,can0
5997,1786717354.1000028,609025.644716554,435357504,1,0,0,8,8E030B0C620000FF,can0
5998,1786717354.1013737,609025.646088721,435294784,1,0,0,8,600B8E0303FFFFFF,can0
5999,1786717354.1026554,609025.647372513,435294784,1,0,0,8,61FFFFFFFFFFFFFF,can0
6000,1786717354.1041622,609025.648876888,435357504,1,0,0,8,8E04B508000000FF,can0
6001,1786717354.1076057,609025.652321513,435294784,1,0,0,8,600B8E0403FFFFFF,can0
6002,1786717354.1124704,609025.657186929,435294784,1,0,0,8,61FFFFFFFFFFFFFF,can0
6003,1786717354.1132252,609025.657938804,435357248,1,0,0,8,8EFFFC00FFFFFFFF,can0
6004,1786717354.1139135,609025.658628429,485490496,1,0,0,8,66994E0301000000,can0
6005,1786717354.1806731,609025.725393013,773,0,0,0,8,0000000000000000,can0
6006,1786717354.1825309,609025.727244888,775,0,0,0,8,1234567856494300,can0
6007,1786717354.274316,609025.819035763,435295297,1,0,0,8,007B15D8000474B5,can0
6008,1786717354.276802,609025.821518596,435294785,1,0,0,8,800BB50000FFFFFF,can0
6009,1786717354.281607,609025.826323388,435294785,1,0,0,8,81FF4700FFFFFFFF,can0
6010,1786717354.2849858,609025.829699804,435357505,1,0,0,8,B5011B0C6F0000FF,can0
6011,1786717354.2880073,609025.832723179,435294785,1,0,0,8,800BB50103FFFFFF,can0
6012,1786717354.288747,609025.833460096,435294785,1,0,0,8,81FFFFFFFFFFFFFF,can0
6013,1786717354.2893753,609025.834089513,435357505,1,0,0,8,B502020CAE0000FF,can0
6014,1786717354.2899745,609025.834686638,435294785,1,0,0,8,600BB50203FFFFFF,can0
6015,1786717354.2905571,609025.835270263,435294785,1,0,0,8,61FFFFFFFFFFFFFF,can0
6016,1786717354.2911417,609025.835854888,435357505,1,0,0,8,B503970C6F0000FF,can0
6017,1786717354.291828,609025.836542679,435294785,1,0,0,8,600BB50303FFFFFF,can0
6018,1786717354.2926955,609025.837410971,435294785,1,0,0,8,61FFFFFFFFFFFFFF,can0
6019,1786717354.2934766,609025.838190471,435357505,1,0,0,8,B5048F08000000FF,can0
6020,1786717354.294302,609025.839015804,435294785,1,0,0,8,600BB50403FFFFFF,can0
6021,1786717354.2950485,609025.839762929,435294785,1,0,0,8,61FFFFFFFFFFFFFF,can0
6022,1786717354.307772,609025.852487013,435357249,1,0,0,8,B5FFFC00FFFFFFFF,can0
6023,1786717354.308671,609025.853385679,233966913,1,0,0,8,0001FDFFFFFFFFFF,can0
6024,1786717354.6920786,609026.23679818,485490497,1,0,0,8,6699BCED14E30100,can0
6025,1786717354.6955626,609026.240283471,485490497,1,0,0,8,6699CCEC22860000,can0
6026,1786717354.696799,609026.241517013,485490497,1,0,0,8,6699CBEC0A790000,can0
6027,1786717354.6977751,609026.242489055,485490497,1,0,0,8,6699DCECEECF0000,can0
6028,1786717354.6986585,609026.243374096,485490497,1,0,0,8,6699DBEC05780000,can0
6029,1786717354.7000463,609026.24476218,485490497,1,0,0,8,6699ECEC288D0000,can0
6030,1786717354.703891,609026.248609805,485490497,1,0,0,8,6699EBECE57D0000,can0
6031,1786717354.7049863,609026.249700346,485490497,1,0,0,8,6699FBEC91550000,can0
6032,1786717354.8564968,609026.401217221,485490496,1,0,0,8,6699BCEDB1EC0100,can0
6033,1786717354.8575313,609026.402246138,485490496,1,0,0,8,6699B1ED45B47900,can0
6034,1786717354.858335,609026.403048471,485490496,1,0,0,8,6699CCEC08C40000,can0
6035,1786717354.8590822,609026.403797346,485490496,1,0,0,8,6699CBECB8740000,can0
6036,1786717354.8598187,609026.404531971,485490496,1,0,0,8,6699DCECB0B10000,can0
6037,1786717354.8605752,609026.405290013,485490496,1,0,0,8,6699DBEC76790000,can0
6038,1786717354.8612936,609026.406006971,485490496,1,0,0,8,6699ECECE3760000,can0
6039,1786717354.8619907,609026.406704888,485490496,1,0,0,8,6699EBEC6C780000,can0
6040,1786717354.8634608,609026.408179388,485490496,1,0,0,8,6699FBEC13570000,can0
6041,1786717355.075017,609026.619738763,485441761,1,0,0,8,6699152031030000,can0
6042,1786717355.0780091,609026.622733513,485442017,1,0,0,8,6699152019030000,can0
6043,1786717355.0806015,609026.625316846,485490496,1,0,0,8,6699152031030000,can0
6044,1786717355.081472,609026.626186305,485490497,1,0,0,8,6699152019030000,can0
6045,1786717355.0944026,609026.639122888,485490657,1,0,0,8,6699FF0FAC260000,can0
6046,1786717355.0975506,609026.642266388,485490657,1,0,0,8,66991C203440FFFF,can0
6047,1786717355.1774843,609026.722203722,485490657,1,0,0,8,669902207A150000,can0
6048,1786717355.1823769,609026.727101347,485490497,1,0,0,8,6699DBED68100000,can0
6049,1786717355.1855392,609026.730261888,773,0,0,0,8,0000000000000000,can0
6050,1786717355.186405,609026.731118763,775,0,0,0,8,1234567856494300,can0
6051,1786717355.4764876,609027.021207513,485490497,1,0,0,8,66998DED7A150000,can0
6052,1786717355.590594,609027.135314722,435295296,1,0,0,8,007B15FA000474AC,can0
6053,1786717355.593701,609027.138417347,435294784,1,0,0,8,A00BAC0000FFFFFF,can0
6054,1786717355.5958722,609027.140589805,435294784,1,0,0,8,A1FF4B00FFFFFFFF,can0
6055,1786717355.5968287,609027.141542013,435357504,1,0,0,8,AC01AB0BA80000FF,can0
6056,1786717355.5976202,609027.142333472,435294784,1,0,0,8,A00BAC0103FFFFFF,can0
6057,1786717355.5984504,609027.143165263,435294784,1,0,0,8,A1FFFFFFFFFFFFFF,can0
6058,1786717355.5991657,609027.143879555,435357504,1,0,0,8,AC02230C920000FF,can0
6059,1786717355.60011,609027.144823555,435294784,1,0,0,8,800BAC0203FFFFFF,can0
6060,1786717355.60142,609027.146136805,435294784,1,0,0,8,81FFFFFFFFFFFFFF,can0
6061,1786717355.6022577,609027.146971347,435357504,1,0,0,8,AC030A0C620000FF,can0
6062,1786717355.6088934,609027.15361618,435294784,1,0,0,8,800BAC0303FFFFFF,can0
6063,1786717355.61103,609027.155745972,435294784,1,0,0,8,81FFFFFFFFFFFFFF,can0
6064,1786717355.6119175,609027.156631555,435357504,1,0,0,8,AC04B508000000FF,can0
6065,1786717355.6126702,609027.157385138,435294784,1,0,0,8,800BAC0403FFFFFF,can0
6066,1786717355.6133895,609027.158102805,435294784,1,0,0,8,81FFFFFFFFFFFFFF,can0
6067,1786717355.6140745,609027.158788555,435357248,1,0,0,8,ACFFFC00FFFFFFFF,can0
6068,1786717355.614767,609027.159480555,485490496,1,0,0,8,66998DED7A150000,can0
6069,1786717355.6389682,609027.183687847,485490497,1,0,0,8,6699DBED5E100000,can0
6070,1786717355.6922357,609027.236955472,485490497,1,0,0,8,6699BCED2AE30100,can0
6071,1786717355.6931899,609027.237904055,485490497,1,0,0,8,6699CCEC58860000,can0
6072,1786717355.6938848,609027.238598847,485490497,1,0,0,8,6699CBEC05790000,can0
6073,1786717355.6945474,609027.239261847,485490497,1,0,0,8,6699DCEC90CF0000,can0
6074,1786717355.6951606,609027.239874097,485490497,1,0,0,8,6699DBEC01780000,can0
6075,1786717355.695938,609027.240652513,485490497,1,0,0,8,6699ECEC2A8D0000,can0
6076,1786717355.696689,609027.241402555,485490497,1,0,0,8,6699EBECDD7D0000,can0
6077,1786717355.697783,609027.242498347,485490497,1,0,0,8,6699FBEC93550000,can0
6078,1786717355.774188,609027.318908138,435295297,1,0,0,8,007A15D8000474D3,can0
6079,1786717355.775431,609027.320146305,435294785,1,0,0,8,A00BD30000FFFFFF,can0
6080,1786717355.776913,609027.321628097,435294785,1,0,0,8,A1FF4700FFFFFFFF,can0
6081,1786717355.777754,609027.32246793,435357505,1,0,0,8,D3011A0C6F0000FF,can0
6082,1786717355.780787,609027.325503013,435294785,1,0,0,8,A00BD30103FFFFFF,can0
6083,1786717355.7824588,609027.327174597,435294785,1,0,0,8,A1FFFFFFFFFFFFFF,can0
6084,1786717355.7884958,609027.333211013,435357505,1,0,0,8,D302000CAC0000FF,can0
6085,1786717355.7893362,609027.334051097,435294785,1,0,0,8,800BD30203FFFFFF,can0
6086,1786717355.7925513,609027.337268555,435294785,1,0,0,8,81FFFFFFFFFFFFFF,can0
6087,1786717355.7933478,609027.338062138,435357505,1,0,0,8,D303960C6E0000FF,can0
6088,1786717355.7941976,609027.338911263,435294785,1,0,0,8,800BD30303FFFFFF,can0
6089,1786717355.7952397,609027.339957638,435294785,1,0,0,8,81FFFFFFFFFFFFFF,can0
6090,1786717355.796343,609027.341058347,435357505,1,0,0,8,D3048F08000000FF,can0
6091,1786717355.7973378,609027.342051638,435294785,1,0,0,8,800BD30403FFFFFF,can0
6092,1786717355.7982607,609027.342975555,435294785,1,0,0,8,81FFFFFFFFFFFFFF,can0
6093,1786717355.7990391,609027.343755055,435357249,1,0,0,8,D3FFFC00FFFFFFFF,can0
6094,1786717355.8567502,609027.401469847,485490496,1,0,0,8,6699BCED06EC0100,can0
6095,1786717355.8576412,609027.402354139,485490496,1,0,0,8,6699B1ED3CBA7900,can0
6096,1786717355.8584354,609027.403155514,485490496,1,0,0,8,6699CCECC2C30000,can0
6097,1786717355.8640423,609027.408755805,485490496,1,0,0,8,6699CBECB1740000,can0
6098,1786717355.864604,609027.409316347,485490496,1,0,0,8,6699DCEC1FB10000,can0
6099,1786717355.8650458,609027.409758222,485490496,1,0,0,8,6699DBEC73790000,can0
6100,1786717355.8656433,609027.410355389,485490496,1,0,0,8,6699ECEC84760000,can0
6101,1786717355.867954,609027.412668139,485490496,1,0,0,8,6699EBEC6A780000,can0
6102,1786717355.8688827,609027.41359818,485490496,1,0,0,8,6699FBEC12570000,can0
6103,1786717355.945105,609027.489824055,485490496,1,0,0,8,66998DED7B150000,can0
6104,1786717356.087788,609027.632508139,485490657,1,0,0,8,6699FF0FAC260000,can0
6105,1786717356.0891013,609027.633816347,485490657,1,0,0,8,66991C203440FFFF,can0
6106,1786717356.0970504,609027.64177368,502267712,1,0,0,8,801D669943100136,can0
6107,1786717356.1027384,609027.647458347,502267712,1,0,0,8,810C0A00D43F0000,can0
6108,1786717356.1036184,609027.648332722,502267712,1,0,0,8,8200000000000000,can0
6109,1786717356.1043007,609027.649015722,502267712,1,0,0,8,8300000000000000,can0
6110,1786717356.1082098,609027.652924764,502267712,1,0,0,8,840000FFFFFFFFFF,can0
6111,1786717356.1089659,609027.65367968,502267712,1,0,0,8,A01D6699421001A5,can0
6112,1786717356.1096482,609027.654361555,502267712,1,0,0,8,A19AA20137A00400,can0
6113,1786717356.1103094,609027.65502418,502267712,1,0,0,8,A200000000000000,can0
6114,1786717356.110928,609027.655640764,502267712,1,0,0,8,A300110000000000,can0
6115,1786717356.1115277,609027.656241972,502267712,1,0,0,8,A40000FFFFFFFFFF,can0
6116,1786717356.1427217,609027.687442847,485490496,1,0,0,8,6699042003000000,can0
6117,1786717356.1808665,609027.725586597,773,0,0,0,8,0000000000000000,can0
6118,1786717356.1829066,609027.727621639,775,0,0,0,8,1234567856494300,can0
6119,1786717356.1861842,609027.730900555,485441761,1,0,0,8,66990100D0EDFCFF,can0
6120,1786717356.1870365,609027.731751597,485441761,1,0,0,8,66990100DCEDFEFF,can0
6121,1786717356.187786,609027.732500055,485441761,1,0,0,8,66990100DAEDFFFF,can0
6122,1786717356.1885345,609027.733248305,485441761,1,0,0,8,669901002720FFFF,can0
6123,1786717356.189252,609027.73396543,485490496,1,0,0,8,6699DAED00000000,can0
6124,1786717356.1966338,609027.741348514,485490496,1,0,0,8,6699272078CE0300,can0
6125,1786717356.1975532,609027.742267347,485490496,1,0,0,8,6699DCED80200000,can0
6126,1786717356.1982465,609027.74296093,485490496,1,0,0,8,6699DDEDD1830200,can0
6127,1786717356.1989834,609027.74369793,485490496,1,0,0,8,6699D0ED730E0000,can0
6128,1786717356.199735,609027.744448222,485490496,1,0,0,8,6699D1EDF9030000,can0
6129,1786717356.2004683,609027.745183264,485490496,1,0,0,8,6699D2ED420E0000,can0
6130,1786717356.201172,609027.745887139,485490496,1,0,0,8,6699D3EDB4020000,can0
6131,1786717356.2335687,609027.778289264,485490497,1,0,0,8,66990102FC000000,can0
6132,1786717356.2346365,609027.779352764,485490497,1,0,0,8,66990A02FC000000,can0
6133,1786717356.2769027,609027.821625639,485490497,1,0,0,8,66998FEDD7000000,can0
6134,1786717356.2819471,609027.826667139,485490497,1,0,0,8,6699000201000000,can0
6135,1786717356.2859385,609027.830655722,485490497,1,0,0,8,6699020200000000,can0
6136,1786717356.2876554,609027.832369847,485490497,1,0,0,8,6699070200000000,can0
6137,1786717356.2952337,609027.839960222,485490497,1,0,0,8,66991E0300000000,can0
6138,1786717356.2966883,609027.841414014,485490497,1,0,0,8,66991C0300000000,can0
6139,1786717356.3008509,609027.845565722,485490497,1,0,0,8,66998DED7A150000,can0
6140,1786717356.3286996,609027.873419305,485490497,1,0,0,8,66998FEDD7000000,can0
6141,1786717356.3308012,609027.875520639,485490497,1,0,0,8,6699ECED04740000,can0
6142,1786717356.3335414,609027.878256389,485490497,1,0,0,8,6699DAED00000000,can0
6143,1786717356.532886,609028.077606055,485490497,1,0,0,8,6699B3ED01000000,can0
6144,1786717356.534252,609028.07896743,485490497,1,0,0,8,6699BCED0EE30100,can0
6145,1786717356.6292627,609028.173980014,502267713,1,0,0,8,20266699501000EB,can0
6146,1786717356.630215,609028.174929597,502267713,1,0,0,8,21000000FFFFFFFF,can0
6147,1786717356.6310368,609028.175751514,502267713,1,0,0,8,228515AF14000000,can0
6148,1786717356.631769,609028.176481764,502267713,1,0,0,8,230000C102000000,can0
6149,1786717356.632487,609028.177201556,502267713,1,0,0,8,2400350900009F01,can0
6150,1786717356.63323,609028.177944722,502267713,1,0,0,8,258A9A1300FFFFFF,can0
6151,1786717356.6424258,609028.187146056,485490497,1,0,0,8,6699DBED5E100000,can0
6152,1786717356.6927097,609028.237431389,485490497,1,0,0,8,6699BCEDF8E20100,can0
6153,1786717356.694017,609028.238736139,485490497,1,0,0,8,6699CCEC46860000,can0
6154,1786717356.6961575,609028.240871764,485490497,1,0,0,8,6699CBECFE780000,can0
6155,1786717356.6967716,609028.241484722,485490497,1,0,0,8,6699DCEC9ECF0000,can0
6156,1786717356.6974382,609028.242151889,485490497,1,0,0,8,6699DBECFE770000,can0
6157,1786717356.6980302,609028.242743139,485490497,1,0,0,8,6699ECEC168D0000,can0
6158,1786717356.6985006,609028.243212639,485490497,1,0,0,8,6699EBECD97D0000,can0
6159,1786717356.6989703,609028.243682389,485490497,1,0,0,8,6699FBEC92550000,can0
6160,1786717356.7826633,609028.327383389,485490497,1,0,0,8,66994E0301000000,can0
6161,1786717356.802525,609028.347244389,485490496,1,0,0,8,66998DED7A150000,can0
6162,1786717356.856637,609028.401358097,485490496,1,0,0,8,6699BCEDD9EB0100,can0
6163,1786717356.8577907,609028.402504097,485490496,1,0,0,8,6699B1ED787B7900,can0
6164,1786717356.858772,609028.403494056,485490496,1,0,0,8,6699CCECA4C30000,can0
6165,1786717356.859754,609028.404466847,485490496,1,0,0,8,6699CBECB1740000,can0
6166,1786717356.8603973,609028.405110764,485490496,1,0,0,8,6699DCEC09B10000,can0
6167,1786717356.8610709,609028.405783181,485490496,1,0,0,8,6699DBEC6A790000,can0
6168,1786717356.8622494,609028.406965681,485490496,1,0,0,8,6699ECECA4760000,can0
6169,1786717356.8630388,609028.407752681,485490496,1,0,0,8,6699EBEC60780000,can0
6170,1786717356.863788,609028.408501639,485490496,1,0,0,8,6699FBEC0E570000,can0
6171,1786717357.076291,609028.621011264,485490657,1,0,0,8,6699FF0FAC260000,can0
6172,1786717357.0839162,609028.628635514,485490657,1,0,0,8,66991C206041FFFF,can0
6173,1786717357.0905755,609028.635292722,435295296,1,0,0,8,007A15FA000474CA,can0
6174,1786717357.0921297,609028.636845222,435294784,1,0,0,8,C00BCA0000FFFFFF,can0
6175,1786717357.097836,609028.642555014,435294784,1,0,0,8,C1FF4B00FFFFFFFF,can0
6176,1786717357.0993931,609028.644108639,435357504,1,0,0,8,CA01AC0BA70000FF,can0
6177,1786717357.1033812,609028.648096306,435294784,1,0,0,8,C00BCA0103FFFFFF,can0
6178,1786717357.1041818,609028.648896014,435294784,1,0,0,8,C1FFFFFFFFFFFFFF,can0
6179,1786717357.1090643,609028.653780222,435357504,1,0,0,8,CA02240C930000FF,can0
6180,1786717357.1158617,609028.660579681,435294784,1,0,0,8,A00BCA0203FFFFFF,can0
6181,1786717357.119449,609028.664163222,435294784,1,0,0,8,A1FFFFFFFFFFFFFF,can0
6182,1786717357.120453,609028.665168972,435357504,1,0,0,8,CA03090C630000FF,can0
6183,1786717357.1213372,609028.666053806,435294784,1,0,0,8,A00BCA0303FFFFFF,can0
6184,1786717357.1358452,609028.680562139,435294784,1,0,0,8,A1FFFFFFFFFFFFFF,can0
6185,1786717357.1370006,609028.681715389,435357504,1,0,0,8,CA04B508000000FF,can0
6186,1786717357.1383567,609028.683071597,435294784,1,0,0,8,A00BCA0403FFFFFF,can0
6187,1786717357.1391675,609028.683882306,435294784,1,0,0,8,A1FFFFFFFFFFFFFF,can0
6188,1786717357.1398919,609028.684605931,435357248,1,0,0,8,CAFFFC00FFFFFFFF,can0
6189,1786717357.1810362,609028.725773014,773,0,0,0,8,0000000000000000,can0
6190,1786717357.1864502,609028.731166431,502267713,1,0,0,8,40266699501000EC,can0
6191,1786717357.1880167,609028.732731806,775,0,0,0,8,1234567856494300,can0
6192,1786717357.1892002,609028.733915389,502267713,1,0,0,8,41000000FFFFFFFF,can0
6193,1786717357.1900177,609028.734732181,502267713,1,0,0,8,428515AF14000000,can0
6194,1786717357.190783,609028.735497931,502267713,1,0,0,8,430000C102000000,can0
6195,1786717357.1918075,609028.736527431,502267713,1,0,0,8,4400350900009F01,can0
6196,1786717357.1926382,609028.737352347,502267713,1,0,0,8,458A9A1300FFFFFF,can0
6197,1786717357.193368,609028.738082806,502267713,1,0,0,8,60286699A0100013,can0
6198,1786717357.194094,609028.738808389,502267713,1,0,0,8,61002C0036003100,can0
6199,1786717357.194805,609028.739518806,502267713,1,0,0,8,6259007C01CE0298,can0
6200,1786717357.195694,609028.740409681,502267713,1,0,0,8,630148055799FB98,can0
6201,1786717357.2017534,609028.746469889,502267713,1,0,0,8,648A9A9E5CFFFFFF,can0
6202,1786717357.203428,609028.748154056,502267713,1,0,0,8,65FFFFFFFFFFFFFF,can0
6203,1786717357.204447,609028.749161181,502267713,1,0,0,8,802666994F100100,can0
6204,1786717357.2058065,609028.750523181,502267713,1,0,0,8,81430000003A1100,can0
6205,1786717357.2066586,609028.751372097,502267713,1,0,0,8,8200C02800008A9A,can0
6206,1786717357.2073734,609028.752087889,502267713,1,0,0,8,83ED15088D11FFFF,can0
6207,1786717357.2080722,609028.752784597,502267713,1,0,0,8,84FFFFFFFFFFFFFF,can0
6208,1786717357.2087464,609028.753460306,502267713,1,0,0,8,85FFFFFFFFFFFFFF,can0
6209,1786717357.209483,609028.754197181,485490497,1,0,0,8,6699DCED3A110000,can0
6210,1786717357.2102597,609028.754974222,485490497,1,0,0,8,6699DDEDC0280000,can0
6211,1786717357.2110362,609028.755750264,485490497,1,0,0,8,6699D3EDEC000000,can0
6212,1786717357.2744138,609028.819134139,435295297,1,0,0,8,007A15D7000474F1,can0
6213,1786717357.2772741,609028.821988723,435294785,1,0,0,8,C00BF10000FFFFFF,can0
6214,1786717357.2840176,609028.828743264,435294785,1,0,0,8,C1FF4700FFFFFFFF,can0
6215,1786717357.2848897,609028.829602806,435357505,1,0,0,8,F1011A0C6F0000FF,can0
6216,1786717357.2871606,609028.831874556,435294785,1,0,0,8,C00BF10103FFFFFF,can0
6217,1786717357.2878592,609028.832571889,435294785,1,0,0,8,C1FFFFFFFFFFFFFF,can0
6218,1786717357.293259,609028.837977848,435357505,1,0,0,8,F102000CAD0000FF,can0
6219,1786717357.2959476,609028.840676348,435294785,1,0,0,8,A00BF10203FFFFFF,can0
6220,1786717357.3019779,609028.846691514,435294785,1,0,0,8,A1FFFFFFFFFFFFFF,can0
6221,1786717357.3027313,609028.847443431,435357505,1,0,0,8,F103960C700000FF,can0
6222,1786717357.3032312,609028.847943056,435294785,1,0,0,8,A00BF10303FFFFFF,can0
6223,1786717357.303661,609028.848373223,435294785,1,0,0,8,A1FFFFFFFFFFFFFF,can0
6224,1786717357.3040626,609028.848774348,435357505,1,0,0,8,F1048F08000000FF,can0
6225,1786717357.3044493,609028.849160931,435294785,1,0,0,8,A00BF10403FFFFFF,can0
6226,1786717357.3049178,609028.849630014,435294785,1,0,0,8,A1FFFFFFFFFFFFFF,can0
6227,1786717357.3060076,609028.850722348,435357249,1,0,0,8,F1FFFC00FFFFFFFF,can0
6228,1786717357.3765764,609028.921343681,485490497,1,0,0,8,66998DED79150000,can0
6229,1786717357.384372,609028.929091389,485490657,1,0,0,8,669901207C150000,can0
6230,1786717357.3852513,609028.929963848,485490657,1,0,0,8,66990E200D000000,can0
6231,1786717357.4927626,609029.037482681,485490496,1,0,0,8,66998FEDF9000000,can0
6232,1786717357.6373599,609029.182078098,485490497,1,0,0,8,66998DED7A150000,can0
6233,1786717357.639163,609029.183877639,485490497,1,0,0,8,6699DBED68100000,can0
6234,1786717357.691769,609029.236490514,485490497,1,0,0,8,6699BCED60E20100,can0
6235,1786717357.6928916,609029.237605473,485490497,1,0,0,8,6699CCEC33860000,can0
6236,1786717357.6939142,609029.238628889,485490497,1,0,0,8,6699CBECFF780000,can0
6237,1786717357.6948376,609029.239552681,485490497,1,0,0,8,6699DCEC51CF0000,can0
6238,1786717357.6971471,609029.241864223,485490497,1,0,0,8,6699DBEC02780000,can0
6239,1786717357.6982844,609029.243000431,485490497,1,0,0,8,6699ECECEA8C0000,can0
6240,1786717357.6990633,609029.243776139,485490497,1,0,0,8,6699EBECDB7D0000,can0
6241,1786717357.7001584,609029.244872598,485490497,1,0,0,8,6699FBEC93550000,can0
6242,1786717357.7955787,609029.340300014,485442017,1,0,0,8,66990100D0EDFCFF,can0
6243,1786717357.7964485,609029.341163223,485442017,1,0,0,8,66990100DCEDFEFF,can0
6244,1786717357.8049276,609029.349646639,485442017,1,0,0,8,66990100DAEDFFFF,can0
6245,1786717357.8061109,609029.350824681,485442017,1,0,0,8,669901002720FFFF,can0
6246,1786717357.8067935,609029.351508389,485490497,1,0,0,8,6699DAED00000000,can0
6247,1786717357.807417,609029.352129639,485490497,1,0,0,8,669927202CCE0300,can0
6248,1786717357.8367643,609029.381484181,485490497,1,0,0,8,6699DCED3A110000,can0
6249,1786717357.8376474,609029.382362431,485490497,1,0,0,8,6699DDEDC0280000,can0
6250,1786717357.8382864,609029.382999056,485490497,1,0,0,8,6699D0ED38080000,can0
6251,1786717357.8388195,609029.383531681,485490497,1,0,0,8,6699D1ED29010000,can0
6252,1786717357.8394117,609029.384125514,485490497,1,0,0,8,6699D2ED35090000,can0
6253,1786717357.8399765,609029.384689681,485490497,1,0,0,8,6699D3EDEC000000,can0
6254,1786717357.8564863,609029.401204598,485490496,1,0,0,8,6699BCEDEDEA0100,can0
6255,1786717357.8574102,609029.402124473,485490496,1,0,0,8,6699B1EDD49F7900,can0
6256,1786717357.8581576,609029.402873389,485490496,1,0,0,8,6699CCEC4FC30000,can0
6257,1786717357.8589141,609029.403629514,485490496,1,0,0,8,6699CBECB0740000,can0
6258,1786717357.8598657,609029.404581973,485490496,1,0,0,8,6699DCECCEB00000,can0
6259,1786717357.860999,609029.405714514,485490496,1,0,0,8,6699DBEC5D790000,can0
6260,1786717357.861801,609029.406517139,485490496,1,0,0,8,6699ECEC63760000,can0
6261,1786717357.8626647,609029.407383764,485490496,1,0,0,8,6699EBEC57780000,can0
6262,1786717357.8635697,609029.408283098,485490496,1,0,0,8,6699FBEC11570000,can0
6263,1786717357.882166,609029.426894056,502267713,1,0,0,8,A01D6699431001F3,can0
6264,1786717357.8834147,609029.428130931,502267713,1,0,0,8,A10A0A00E31E0000,can0
6265,1786717357.8843634,609029.429079223,502267713,1,0,0,8,A200000000000000,can0
6266,1786717357.8852205,609029.429934514,502267713,1,0,0,8,A300000000000000,can0
6267,1786717357.886986,609029.431772223,502267713,1,0,0,8,A40000FFFFFFFFFF,can0
6268,1786717357.8877764,609029.432488723,502267713,1,0,0,8,C01D669942100176,can0
6269,1786717357.8882732,609029.432984389,502267713,1,0,0,8,C17B1800CA480000,can0
6270,1786717357.8886938,609029.433406806,502267713,1,0,0,8,C200000000000000,can0
6271,1786717357.8890872,609029.433799181,502267713,1,0,0,8,C300010000000000,can0
6272,1786717357.8894656,609029.434177889,502267713,1,0,0,8,C40000FFFFFFFFFF,can0
6273,1786717358.0731385,609029.617859306,485441761,1,0,0,8,6699152036030000,can0
6274,1786717358.0739875,609029.618702806,485442017,1,0,0,8,669915201E030000,can0
6275,1786717358.074676,609029.619390765,485490496,1,0,0,8,6699152036030000,can0
6276,1786717358.0775127,609029.622235848,485490497,1,0,0,8,669915201E030000,can0
6277,1786717358.0949738,609029.639697473,485490657,1,0,0,8,6699FF0FAC260000,can0
6278,1786717358.0993793,609029.644099098,485490657,1,0,0,8,66991C20A43EFFFF,can0
6279,1786717358.1797144,609029.724433931,485490657,1,0,0,8,669902207A150000,can0
6280,1786717358.1808064,609029.725520556,773,0,0,0,8,0000000000000000,can0
6281,1786717358.182549,609029.727263556,775,0,0,0,8,1234567856494300,can0
6282,1786717358.5482166,609030.092961306,485490496,1,0,0,8,66990102FC000000,can0
6283,1786717358.551903,609030.096617723,485490496,1,0,0,8,66990A02FC000000,can0
6284,1786717358.590709,609030.135429181,435295296,1,0,0,8,007A15F9000474E8,can0
6285,1786717358.5919268,609030.136642223,435294784,1,0,0,8,E00BE80000FFFFFF,can0
6286,1786717358.5969248,609030.141639598,435294784,1,0,0,8,E1FF4B00FFFFFFFF,can0
6287,1786717358.5984306,609030.14314639,435357504,1,0,0,8,E801AB0BA70000FF,can0
6288,1786717358.602258,609030.146973431,435294784,1,0,0,8,E00BE80103FFFFFF,can0
6289,1786717358.604988,609030.149703015,435294784,1,0,0,8,E1FFFFFFFFFFFFFF,can0
6290,1786717358.6094906,609030.15420664,435357504,1,0,0,8,E802240C930000FF,can0
6291,1786717358.610258,609030.15497414,435294784,1,0,0,8,C00BE80203FFFFFF,can0
6292,1786717358.6109445,609030.155659431,435294784,1,0,0,8,C1FFFFFFFFFFFFFF,can0
6293,1786717358.6117496,609030.156464098,435357504,1,0,0,8,E803090C640000FF,can0
6294,1786717358.612415,609030.157128348,435294784,1,0,0,8,C00BE80303FFFFFF,can0
6295,1786717358.6130414,609030.157754931,435294784,1,0,0,8,C1FFFFFFFFFFFFFF,can0
6296,1786717358.6136634,609030.158377056,435357504,1,0,0,8,E804B508000000FF,can0
6297,1786717358.6142895,609030.159003973,435294784,1,0,0,8,C00BE80403FFFFFF,can0
6298,1786717358.61491,609030.15962314,435294784,1,0,0,8,C1FFFFFFFFFFFFFF,can0
6299,1786717358.6233342,609030.168050098,435357248,1,0,0,8,E8FFFC00FFFFFFFF,can0
6300,1786717358.631569,609030.176286473,233966912,1,0,0,8,0001FDFFFFFFFFFF,can0
6301,1786717358.6416,609030.18631489,485490496,1,0,0,8,6699000201000000,can0
6302,1786717358.6436229,609030.18833964,485490496,1,0,0,8,6699020200000000,can0
6303,1786717358.6457493,609030.19046764,485490496,1,0,0,8,6699070200000000,can0
6304,1786717358.6470711,609030.191785015,485490496,1,0,0,8,66991E0300000000,can0
6305,1786717358.6481578,609030.192880223,485490496,1,0,0,8,66991C0300000000,can0
6306,1786717358.6491065,609030.193821807,485490496,1,0,0,8,66998DED7A150000,can0
6307,1786717358.6499403,609030.194656973,485490497,1,0,0,8,66998DED7A150000,can0
6308,1786717358.6510303,609030.195746265,485490496,1,0,0,8,66998FEDF9000000,can0
6309,1786717358.6518304,609030.196546348,485490496,1,0,0,8,6699ECED04740000,can0
6310,1786717358.6526084,609030.197322057,485490496,1,0,0,8,6699DAED00000000,can0
6311,1786717358.691808,609030.236528265,485490497,1,0,0,8,6699BCED0EE20100,can0
6312,1786717358.6956635,609030.240382515,485490497,1,0,0,8,6699CCEC1A860000,can0
6313,1786717358.700064,609030.244783473,485490497,1,0,0,8,6699CBECF9780000,can0
6314,1786717358.7011735,609030.245888432,485490497,1,0,0,8,6699DCEC0BCF0000,can0
6315,1786717358.7018554,609030.24656939,485490497,1,0,0,8,6699DBEC03780000,can0
6316,1786717358.7024932,609030.247207932,485490497,1,0,0,8,6699ECEC0B8D0000,can0
6317,1786717358.7031114,609030.247825307,485490497,1,0,0,8,6699EBECDE7D0000,can0
6318,1786717358.7039263,609030.248641432,485490497,1,0,0,8,6699FBEC92550000,can0
6319,1786717358.7742965,609030.319016807,435295297,1,0,0,8,007A15D700047413,can0
6320,1786717358.7897995,609030.334513765,435294785,1,0,0,8,E00B130000FFFFFF,can0
6321,1786717358.7910972,609030.335812682,435294785,1,0,0,8,E1FF4700FFFFFFFF,can0
6322,1786717358.7921808,609030.336986223,435357505,1,0,0,8,1301190C6F0000FF,can0
6323,1786717358.7946184,609030.339336348,435294785,1,0,0,8,E00B130103FFFFFF,can0
6324,1786717358.7995684,609030.34428514,435294785,1,0,0,8,E1FFFFFFFFFFFFFF,can0
6325,1786717358.811082,609030.355796807,435357505,1,0,0,8,1302010CAC0000FF,can0
6326,1786717358.8119981,609030.356713015,435294785,1,0,0,8,C00B130203FFFFFF,can0
6327,1786717358.8127582,609030.357471848,435294785,1,0,0,8,C1FFFFFFFFFFFFFF,can0
6328,1786717358.813527,609030.358241682,435357505,1,0,0,8,1303970C6F0000FF,can0
6329,1786717358.8143175,609030.359032765,435294785,1,0,0,8,C00B130303FFFFFF,can0
6330,1786717358.8151245,609030.359839307,435294785,1,0,0,8,C1FFFFFFFFFFFFFF,can0
6331,1786717358.8216686,609030.36638389,435357505,1,0,0,8,13048F08000000FF,can0
6332,1786717358.8225362,609030.36725039,435294785,1,0,0,8,C00B130403FFFFFF,can0
6333,1786717358.8232949,609030.36800864,435294785,1,0,0,8,C1FFFFFFFFFFFFFF,can0
6334,1786717358.8239372,609030.368650807,435357249,1,0,0,8,13FFFC00FFFFFFFF,can0
6335,1786717358.8484554,609030.393174432,485490496,1,0,0,8,6699B3ED01000000,can0
6336,1786717358.8561623,609030.400876682,485490496,1,0,0,8,6699BCED63EA0100,can0
6337,1786717358.858626,609030.403344223,485490496,1,0,0,8,6699BCED63EA0100,can0
6338,1786717358.8597708,609030.404484432,485490496,1,0,0,8,6699B1ED00BF7900,can0
6339,1786717358.8649223,609030.40963914,485490496,1,0,0,8,6699CCEC1CC30000,can0
6340,1786717358.8695128,609030.414228098,485490496,1,0,0,8,6699CBECB8740000,can0
6341,1786717358.8702583,609030.414971598,485490496,1,0,0,8,6699DCECC0B00000,can0
6342,1786717358.8708494,609030.415562932,485490496,1,0,0,8,6699DBEC61790000,can0
6343,1786717358.8714836,609030.416196848,485490496,1,0,0,8,6699ECECB2760000,can0
6344,1786717358.872094,609030.416807723,485490496,1,0,0,8,6699EBEC5A780000,can0
6345,1786717358.9417608,609030.486480473,502267712,1,0,0,8,C0266699501000B4,can0
6346,1786717358.949521,609030.49424164,502267712,1,0,0,8,C1020000FFFFFFFF,can0
6347,1786717358.9508493,609030.495564098,502267712,1,0,0,8,C28515AB14000000,can0
6348,1786717358.9515817,609030.496296807,502267712,1,0,0,8,C30000C202000000,can0
6349,1786717358.9523535,609030.497068682,502267712,1,0,0,8,C400420E00009602,can0
6350,1786717358.9565146,609030.501230348,502267712,1,0,0,8,C5EE9A4001FFFFFF,can0
6351,1786717359.096535,609030.641255473,485490657,1,0,0,8,6699FF0FAC260000,can0
6352,1786717359.0976968,609030.642410557,485490657,1,0,0,8,66991C20083FFFFF,can0
6353,1786717359.098594,609030.643309598,485490496,1,0,0,8,66994E0301000000,can0
6354,1786717359.1804216,609030.725142807,773,0,0,0,8,0000000000000000,can0
6355,1786717359.184742,609030.729458557,775,0,0,0,8,1234567856494300,can0
6356,1786717359.646209,609031.190926557,485490497,1,0,0,8,66998DED7B150000,can0
6357,1786717359.653665,609031.198379932,485490496,1,0,0,8,6699FBEC10570000,can0
6358,1786717359.69162,609031.236339765,485490497,1,0,0,8,6699BCEDC3E10100,can0
6359,1786717359.6925986,609031.23731364,485490497,1,0,0,8,6699CCECF8850000,can0
6360,1786717359.6935117,609031.238225724,485490497,1,0,0,8,6699CBECF6780000,can0
6361,1786717359.694308,609031.239022015,485490497,1,0,0,8,6699DCECEACE0000,can0
6362,1786717359.6991842,609031.243900724,485490497,1,0,0,8,6699DBEC01780000,can0
6363,1786717359.7000113,609031.244727974,485490497,1,0,0,8,6699ECEC0B8D0000,can0
6364,1786717359.700899,609031.245611765,485490497,1,0,0,8,6699EBECDE7D0000,can0
6365,1786717359.7015867,609031.246300349,485490497,1,0,0,8,6699FBEC8F550000,can0
6366,1786717359.856404,609031.401123474,485490496,1,0,0,8,6699BCED4DEA0100,can0
6367,1786717359.8573217,609031.402034724,485490496,1,0,0,8,6699B1ED0FF37900,can0
6368,1786717359.8579366,609031.402648849,485490496,1,0,0,8,6699CCEC33C30000,can0
6369,1786717359.8619084,609031.408269432,485490496,1,0,0,8,6699CBECB8740000,can0
6370,1786717359.8644354,609031.409149182,485490496,1,0,0,8,6699DCEC92B00000,can0
6371,1786717359.8649764,609031.409688182,485490496,1,0,0,8,6699DBEC5A790000,can0
6372,1786717359.8662217,609031.410937807,485490496,1,0,0,8,6699ECEC54760000,can0
6373,1786717359.8678505,609031.412567349,485490496,1,0,0,8,6699EBEC53780000,can0
6374,1786717359.8959851,609031.440709474,485490496,1,0,0,8,6699FBEC11570000,can0
6375,1786717360.0777252,609031.622444766,485490657,1,0,0,8,6699FF0FAC260000,can0
6376,1786717360.0826256,609031.627345557,485490657,1,0,0,8,66991C20FC40FFFF,can0
6377,1786717360.0904236,609031.635143724,435295296,1,0,0,8,007A15F90004740A,can0
6378,1786717360.0930693,609031.637789516,435294784,1,0,0,8,000B0A0000FFFFFF,can0
6379,1786717360.0949135,609031.639629474,435294784,1,0,0,8,01FF4B00FFFFFFFF,can0
6380,1786717360.0971029,609031.641818641,435357504,1,0,0,8,0A01AB0BA70000FF,can0
6381,1786717360.0990634,609031.643779974,435294784,1,0,0,8,000B0A0103FFFFFF,can0
6382,1786717360.0999131,609031.644626807,435294784,1,0,0,8,01FFFFFFFFFFFFFF,can0
6383,1786717360.1006367,609031.645350182,435357504,1,0,0,8,0A02230C910000FF,can0
6384,1786717360.101642,609031.646356141,435294784,1,0,0,8,E00B0A0203FFFFFF,can0
6385,1786717360.10239,609031.647104974,435294784,1,0,0,8,E1FFFFFFFFFFFFFF,can0
6386,1786717360.1030722,609031.647786932,435357504,1,0,0,8,0A03090C620000FF,can0
6387,1786717360.1038907,609031.648604599,435294784,1,0,0,8,E00B0A0303FFFFFF,can0
6388,1786717360.1051316,609031.649846641,435294784,1,0,0,8,E1FFFFFFFFFFFFFF,can0
6389,1786717360.1060371,609031.650750891,435357504,1,0,0,8,0A04B508000000FF,can0
6390,1786717360.1067863,609031.651500599,435294784,1,0,0,8,E00B0A0403FFFFFF,can0
6391,1786717360.1074848,609031.652197974,435294784,1,0,0,8,E1FFFFFFFFFFFFFF,can0
6392,1786717360.1084685,609031.653182349,435357248,1,0,0,8,0AFFFC00FFFFFFFF,can0
6393,1786717360.1856651,609031.730385057,773,0,0,0,8,0000000000000000,can0
6394,1786717360.1870298,609031.731744391,775,0,0,0,8,1234567856494300,can0
6395,1786717360.2740326,609031.818750932,435295297,1,0,0,8,007A15D700047431,can0
6396,1786717360.2751105,609031.819825307,435294785,1,0,0,8,000B310000FFFFFF,can0
6397,1786717360.2762475,609031.820964266,435294785,1,0,0,8,01FF4700FFFFFFFF,can0
6398,1786717360.2771177,609031.821831432,435357505,1,0,0,8,3101190C6F0000FF,can0
6399,1786717360.2780654,609031.822780057,435294785,1,0,0,8,000B310103FFFFFF,can0
6400,1786717360.2789943,609031.823709432,435294785,1,0,0,8,01FFFFFFFFFFFFFF,can0
6401,1786717360.2899609,609031.834677141,435357505,1,0,0,8,3102000CAB0000FF,can0
6402,1786717360.2913542,609031.836068891,435294785,1,0,0,8,E00B310203FFFFFF,can0
6403,1786717360.2920907,609031.836803974,435294785,1,0,0,8,E1FFFFFFFFFFFFFF,can0
6404,1786717360.3031917,609031.847912516,435357505,1,0,0,8,3103950C6F0000FF,can0
6405,1786717360.3041806,609031.848895307,435294785,1,0,0,8,E00B310303FFFFFF,can0
6406,1786717360.3050091,609031.849724432,435294785,1,0,0,8,E1FFFFFFFFFFFFFF,can0
6407,1786717360.308635,609031.853349974,435357505,1,0,0,8,31048F08000000FF,can0
6408,1786717360.309558,609031.854280641,435294785,1,0,0,8,E00B310403FFFFFF,can0
6409,1786717360.310411,609031.855130182,435294785,1,0,0,8,E1FFFFFFFFFFFFFF,can0
6410,1786717360.311316,609031.856030391,435357249,1,0,0,8,31FFFC00FFFFFFFF,can0
6411,1786717360.3121321,609031.856846182,233966913,1,0,0,8,0001FDFFFFFFFFFF,can0
6412,1786717360.6375444,609032.182263766,485490497,1,0,0,8,66998DED7A150000,can0
6413,1786717360.6917553,609032.236476016,485490497,1,0,0,8,6699BCEDB0E10100,can0
6414,1786717360.6928914,609032.237606849,485490497,1,0,0,8,6699CCEC11860000,can0
6415,1786717360.6939266,609032.238640891,485490497,1,0,0,8,6699CBECF2780000,can0
6416,1786717360.6949892,609032.239703849,485490497,1,0,0,8,6699DCEC91CE0000,can0
6417,1786717360.7031887,609032.247908849,485490497,1,0,0,8,6699DBEC03780000,can0
6418,1786717360.7041225,609032.248835474,485490497,1,0,0,8,6699ECEC3F8D0000,can0
6419,1786717360.7047975,609032.249510932,485490497,1,0,0,8,6699EBECDE7D0000,can0
6420,1786717360.7052596,609032.249972516,485490497,1,0,0,8,6699FBEC92550000,can0
6421,1786717360.8562052,609032.400926391,485490496,1,0,0,8,6699BCEDADE90100,can0
6422,1786717360.8573678,609032.402080974,485490496,1,0,0,8,6699B1ED9F257A00,can0
6423,1786717360.8583865,609032.403101683,485490496,1,0,0,8,6699CCECDBC20000,can0
6424,1786717360.8597338,609032.404448766,485490496,1,0,0,8,6699CBECB8740000,can0
6425,1786717360.8605494,609032.405262516,485490496,1,0,0,8,6699DCEC46B00000,can0
6426,1786717360.8612611,609032.405973141,485490496,1,0,0,8,6699DBEC59790000,can0
6427,1786717360.8619268,609032.406639891,485490496,1,0,0,8,6699ECEC76760000,can0
6428,1786717360.8624403,609032.407153516,485490496,1,0,0,8,6699EBEC56780000,can0
6429,1786717360.863011,609032.407724183,485490496,1,0,0,8,6699FBEC0F570000,can0
6430,1786717361.084968,609032.629687558,485441761,1,0,0,8,6699152031030000,can0
6431,1786717361.0860505,609032.630765308,485442017,1,0,0,8,6699152019030000,can0
6432,1786717361.0868595,609032.631573558,485490496,1,0,0,8,6699152031030000,can0
6433,1786717361.0875988,609032.632313808,485490497,1,0,0,8,6699152019030000,can0
6434,1786717361.1112604,609032.655977516,485490657,1,0,0,8,6699FF0FAC260000,can0
6435,1786717361.1134832,609032.658198683,485490657,1,0,0,8,66991C208C42FFFF,can0
6436,1786717361.1787481,609032.723468349,485441761,1,0,0,8,66990100D0EDFCFF,can0
6437,1786717361.183918,609032.728633599,485441761,1,0,0,8,66990100DCEDFEFF,can0
6438,1786717361.1915681,609032.736282974,485441761,1,0,0,8,66990100DAEDFFFF,can0
6439,1786717361.1923995,609032.737113349,485441761,1,0,0,8,669901002720FFFF,can0
6440,1786717361.1931977,609032.737911016,773,0,0,0,8,0000000000000000,can0
6441,1786717361.1938806,609032.738595016,775,0,0,0,8,1234567856494300,can0
6442,1786717361.194532,609032.739245849,485490496,1,0,0,8,6699DAED00000000,can0
6443,1786717361.1951795,609032.739892891,485490496,1,0,0,8,66992720BECA0300,can0
6444,1786717361.2134008,609032.758115224,485490496,1,0,0,8,6699DCED80200000,can0
6445,1786717361.214139,609032.758853141,485490496,1,0,0,8,6699DDEDD1830200,can0
6446,1786717361.2148025,609032.759517016,485490496,1,0,0,8,6699D0ED730E0000,can0
6447,1786717361.2165742,609032.761288183,485490496,1,0,0,8,6699D1EDF9030000,can0
6448,1786717361.217514,609032.762230058,485490496,1,0,0,8,6699D2ED420E0000,can0
6449,1786717361.2231548,609032.767869891,485490496,1,0,0,8,6699D3EDB4020000,can0
6450,1786717361.2239792,609032.768693849,485490657,1,0,0,8,669902207A150000,can0
6451,1786717361.2289436,609032.773660558,485490657,1,0,0,8,669903204C090000,can0
6452,1786717361.2329223,609032.777643058,485490497,1,0,0,8,66990102FC000000,can0
6453,1786717361.2353997,609032.780122058,485490497,1,0,0,8,66990A02FC000000,can0
6454,1786717361.2474537,609032.792173891,502267712,1,0,0,8,E0266699501000B5,can0
6455,1786717361.2487082,609032.793423724,502267712,1,0,0,8,E1020000FFFFFFFF,can0
6456,1786717361.2497683,609032.794482724,502267712,1,0,0,8,E28515AB14000000,can0
6457,1786717361.250638,609032.795353849,502267712,1,0,0,8,E30000C202000000,can0
6458,1786717361.2514007,609032.796114141,502267712,1,0,0,8,E400420E00009602,can0
6459,1786717361.2521708,609032.796887474,502267712,1,0,0,8,E5EE9A4001FFFFFF,can0
6460,1786717361.2529101,609032.797624308,502267712,1,0,0,8,00286699A0100040,can0
6461,1786717361.253664,609032.798378641,502267712,1,0,0,8,0101390088002201,can0
6462,1786717361.2544694,609032.799183558,502267712,1,0,0,8,02D20015024A044E,can0
6463,1786717361.2552276,609032.799942058,502267712,1,0,0,8,030D750AB5980E9A,can0
6464,1786717361.2666063,609032.811321474,502267712,1,0,0,8,04EE9A9C5FFFFFFF,can0
6465,1786717361.2674012,609032.812115683,502267712,1,0,0,8,05FFFFFFFFFFFFFF,can0
6466,1786717361.2681193,609032.812833391,502267712,1,0,0,8,202666994F100100,can0
6467,1786717361.2687984,609032.813512683,502267712,1,0,0,8,2143000000812000,can0
6468,1786717361.2694983,609032.814212016,502267712,1,0,0,8,2200D2830200EE9A,can0
6469,1786717361.2702122,609032.814925974,502267712,1,0,0,8,23EE1508DE11FFFF,can0
6470,1786717361.2709963,609032.815710349,502267712,1,0,0,8,24FFFFFFFFFFFFFF,can0
6471,1786717361.2716491,609032.816363308,502267712,1,0,0,8,25FFFFFFFFFFFFFF,can0
6472,1786717361.2722836,609032.816998808,485490496,1,0,0,8,6699DCED81200000,can0
6473,1786717361.2729144,609032.817628516,485490496,1,0,0,8,6699DDEDD2830200,can0
6474,1786717361.2735333,609032.818247474,485490496,1,0,0,8,6699D3EDB5020000,can0
6475,1786717361.2898743,609032.834595349,485490497,1,0,0,8,6699000201000000,can0
6476,1786717361.2914174,609032.836132474,485490497,1,0,0,8,6699020200000000,can0
6477,1786717361.2922451,609032.836959683,485490497,1,0,0,8,6699070200000000,can0
6478,1786717361.2931423,609032.837855974,485490497,1,0,0,8,66991E0300000000,can0
6479,1786717361.2939515,609032.838663974,485490497,1,0,0,8,66991C0300000000,can0
6480,1786717361.294697,609032.839410224,485490497,1,0,0,8,66998DED7A150000,can0
6481,1786717361.328523,609032.873243766,485490497,1,0,0,8,66998FEDD7000000,can0
6482,1786717361.329789,609032.874505808,485490497,1,0,0,8,6699ECED04740000,can0
6483,1786717361.3315134,609032.876230891,485490497,1,0,0,8,6699DAED00000000,can0
6484,1786717361.5338464,609033.078566058,485490497,1,0,0,8,6699B3ED01000000,can0
6485,1786717361.5347648,609033.0794801,485490497,1,0,0,8,6699BCED70E10100,can0
6486,1786717361.591143,609033.135863266,435295296,1,0,0,8,007A15F900047428,can0
6487,1786717361.5921714,609033.136886766,435294784,1,0,0,8,200B280000FFFFFF,can0
6488,1786717361.5929644,609033.137678725,435294784,1,0,0,8,21FF4B00FFFFFFFF,can0
6489,1786717361.5937014,609033.13841485,435357504,1,0,0,8,2801AB0BA60000FF,can0
6490,1786717361.5944047,609033.139118516,435294784,1,0,0,8,200B280103FFFFFF,can0
6491,1786717361.5952556,609033.13996985,435294784,1,0,0,8,21FFFFFFFFFFFFFF,can0
6492,1786717361.5970852,609033.141800391,435357504,1,0,0,8,2802230C910000FF,can0
6493,1786717361.5982418,609033.142956516,435294784,1,0,0,8,000B280203FFFFFF,can0
6494,1786717361.598941,609033.143654808,435294784,1,0,0,8,01FFFFFFFFFFFFFF,can0
6495,1786717361.5995657,609033.144280183,435357504,1,0,0,8,2803090C630000FF,can0
6496,1786717361.6003106,609033.145024058,435294784,1,0,0,8,000B280303FFFFFF,can0
6497,1786717361.6010582,609033.145773308,435294784,1,0,0,8,01FFFFFFFFFFFFFF,can0
6498,1786717361.6026485,609033.147366475,435357504,1,0,0,8,2804B508000000FF,can0
6499,1786717361.6035013,609033.14821585,435294784,1,0,0,8,000B280403FFFFFF,can0
6500,1786717361.6044643,609033.149177975,435294784,1,0,0,8,01FFFFFFFFFFFFFF,can0
6501,1786717361.6076903,609033.152415225,435357248,1,0,0,8,28FFFC00FFFFFFFF,can0
6502,1786717361.609166,609033.1538806,485490496,1,0,0,8,66998DED7B150000,can0
6503,1786717361.6252334,609033.169953225,502267713,1,0,0,8,E0266699501000EC,can0
6504,1786717361.6265087,609033.1712241,502267713,1,0,0,8,E1000000FFFFFFFF,can0
6505,1786717361.627551,609033.1722661,502267713,1,0,0,8,E28515AF14000000,can0
6506,1786717361.6295033,609033.174220433,502267713,1,0,0,8,E30000C102000000,can0
6507,1786717361.6303911,609033.175105308,502267713,1,0,0,8,E400350900009F01,can0
6508,1786717361.6310694,609033.175782933,502267713,1,0,0,8,E58A9A1300FFFFFF,can0
6509,1786717361.6929026,609033.237621725,485490497,1,0,0,8,6699BCED66E10100,can0
6510,1786717361.6939747,609033.238688641,485490497,1,0,0,8,6699CCEC0C860000,can0
6511,1786717361.6947875,609033.239501475,485490497,1,0,0,8,6699CBECEC780000,can0
6512,1786717361.6959226,609033.240637016,485490497,1,0,0,8,6699DCEC81CE0000,can0
6513,1786717361.6966612,609033.241374475,485490497,1,0,0,8,6699DBEC05780000,can0
6514,1786717361.6976895,609033.242405933,485490497,1,0,0,8,6699ECECEB8C0000,can0
6515,1786717361.6982512,609033.242965183,485490497,1,0,0,8,6699EBECDC7D0000,can0
6516,1786717361.698906,609033.2436196,485490497,1,0,0,8,6699FBEC91550000,can0
6517,1786717361.7739205,609033.318640933,435295297,1,0,0,8,007A15D70004744F,can0
6518,1786717361.7749934,609033.319707725,435294785,1,0,0,8,200B4F0000FFFFFF,can0
6519,1786717361.7758503,609033.3205621,435294785,1,0,0,8,21FF4700FFFFFFFF,can0
6520,1786717361.7765021,609033.321268808,435357505,1,0,0,8,4F01180C700000FF,can0
6521,1786717361.777335,609033.322049391,435294785,1,0,0,8,200B4F0103FFFFFF,can0
6522,1786717361.7781072,609033.322821183,435294785,1,0,0,8,21FFFFFFFFFFFFFF,can0
6523,1786717361.7790334,609033.323748308,435357505,1,0,0,8,4F02010CAC0000FF,can0
6524,1786717361.7798464,609033.3245606,435294785,1,0,0,8,000B4F0203FFFFFF,can0
6525,1786717361.7860534,609033.330769558,435294785,1,0,0,8,01FFFFFFFFFFFFFF,can0
6526,1786717361.7868419,609033.331556141,435357505,1,0,0,8,4F03970C6F0000FF,can0
6527,1786717361.787732,609033.332446266,435294785,1,0,0,8,000B4F0303FFFFFF,can0
6528,1786717361.792715,609033.33743435,435294785,1,0,0,8,01FFFFFFFFFFFFFF,can0
6529,1786717361.793928,609033.338643641,435357505,1,0,0,8,4F048F08000000FF,can0
6530,1786717361.794724,609033.339438308,435294785,1,0,0,8,000B4F0403FFFFFF,can0
6531,1786717361.7963042,609033.3410186,435294785,1,0,0,8,01FFFFFFFFFFFFFF,can0
6532,1786717361.7972822,609033.341995725,435357249,1,0,0,8,4FFFFC00FFFFFFFF,can0
6533,1786717361.7978241,609033.342537225,485490497,1,0,0,8,66994E0301000000,can0
6534,1786717361.8560581,609033.400779016,485490496,1,0,0,8,6699BCED1DE90100,can0
6535,1786717361.8578205,609033.402536225,485490496,1,0,0,8,6699B1ED3D367A00,can0
6536,1786717361.85856,609033.403272808,485490496,1,0,0,8,6699CCEC97C20000,can0
6537,1786717361.8591268,609033.4038396,485490496,1,0,0,8,6699CBECB6740000,can0
6538,1786717361.8598273,609033.404540183,485490496,1,0,0,8,6699DCEC23B00000,can0
6539,1786717361.8603356,609033.405047475,485490496,1,0,0,8,6699DBEC63790000,can0
6540,1786717361.8607893,609033.405502975,485490496,1,0,0,8,6699ECECFD750000,can0
6541,1786717361.861498,609033.406211725,485490496,1,0,0,8,6699EBEC59780000,can0
6542,1786717361.8626199,609033.407334516,485490496,1,0,0,8,6699FBEC0F570000,can0
6543,1786717362.0802794,609033.624999308,485490657,1,0,0,8,6699FF0FAC260000,can0
6544,1786717362.0816262,609033.626342266,485490657,1,0,0,8,66991C203440FFFF,can0
6545,1786717362.182682,609033.7274016,773,0,0,0,8,0000000000000000,can0
6546,1786717362.183803,609033.7285186,775,0,0,0,8,1234567856494300,can0
6547,1786717362.37868,609033.923425558,485490657,1,0,0,8,669901207C150000,can0
6548,1786717362.3798292,609033.924542933,485490657,1,0,0,8,66990E200D000000,can0
6549,1786717362.5424018,609034.08712185,485490496,1,0,0,8,66998FEDF8000000,can0
6550,1786717362.6945121,609034.239230058,485490497,1,0,0,8,6699BCEDF0E00100,can0
6551,1786717362.6960332,609034.240750183,485490497,1,0,0,8,6699CCECF2850000,can0
6552,1786717362.6972132,609034.2419286,485490497,1,0,0,8,6699CBECE8780000,can0
6553,1786717362.6986058,609034.243320392,485490497,1,0,0,8,6699DCEC01CE0000,can0
6554,1786717362.6994648,609034.244178933,485490497,1,0,0,8,6699DBEC07780000,can0
6555,1786717362.7007632,609034.245477725,485490497,1,0,0,8,6699ECEC048D0000,can0
6556,1786717362.7016988,609034.246412058,485490497,1,0,0,8,6699EBECE17D0000,can0
6557,1786717362.7039473,609034.248663892,485490497,1,0,0,8,6699FBEC90550000,can0
6558,1786717362.7871113,609034.331831517,485442017,1,0,0,8,66990100D0EDFCFF,can0
6559,1786717362.7881773,609034.332892558,485442017,1,0,0,8,66990100DCEDFEFF,can0
6560,1786717362.7889032,609034.333617475,485442017,1,0,0,8,66990100DAEDFFFF,can0
6561,1786717362.7896013,609034.334314475,485442017,1,0,0,8,669901002720FFFF,can0
6562,1786717362.790148,609034.334860975,485490497,1,0,0,8,6699DAED00000000,can0
6563,1786717362.7909155,609034.33562835,485490497,1,0,0,8,6699272000CA0300,can0
6564,1786717362.8149633,609034.359683183,485490497,1,0,0,8,6699DCED3A110000,can0
6565,1786717362.81706,609034.361775683,485490497,1,0,0,8,6699DDEDC0280000,can0
6566,1786717362.818158,609034.362871267,485490497,1,0,0,8,6699D0ED38080000,can0
6567,1786717362.8190145,609034.363729017,485490497,1,0,0,8,6699D1ED29010000,can0
6568,1786717362.8196402,609034.364352725,485490497,1,0,0,8,6699D2ED35090000,can0
6569,1786717362.8201168,609034.364829517,485490497,1,0,0,8,6699D3EDEC000000,can0
6570,1786717362.8566976,609034.4014191,485490496,1,0,0,8,6699BCED46E80100,can0
6571,1786717362.8579638,609034.402682267,485490496,1,0,0,8,6699B1EDD7357A00,can0
6572,1786717362.858923,609034.403638309,485490496,1,0,0,8,6699CCEC71C20000,can0
6573,1786717362.8600397,609034.4047556,485490496,1,0,0,8,6699CBECB6740000,can0
6574,1786717362.8665032,609034.411218225,485490496,1,0,0,8,6699DCECF9AF0000,can0
6575,1786717362.8673582,609034.412072892,485490496,1,0,0,8,6699DBEC5E790000,can0
6576,1786717362.868157,609034.412871017,485490496,1,0,0,8,6699ECEC1D760000,can0
6577,1786717362.8689597,609034.4136751,485490496,1,0,0,8,6699EBEC55780000,can0
6578,1786717362.8697774,609034.414492559,485490496,1,0,0,8,6699FBEC11570000,can0
6579,1786717362.9775016,609034.522222475,485490497,1,0,0,8,66998FEDD6000000,can0
6580,1786717363.0840938,609034.628812475,485490657,1,0,0,8,6699FF0FAC260000,can0
6581,1786717363.08912,609034.633838725,485490657,1,0,0,8,66991C20D03FFFFF,can0
6582,1786717363.0934532,609034.6381731,435295296,1,0,0,8,007B15F800047446,can0
6583,1786717363.0945055,609034.639219975,435294784,1,0,0,8,400B460000FFFFFF,can0
6584,1786717363.1005554,609034.645275392,435294784,1,0,0,8,41FF4B00FFFFFFFF,can0
6585,1786717363.1016712,609034.646386809,435357504,1,0,0,8,4601AA0BA70000FF,can0
6586,1786717363.1039832,609034.648698975,435294784,1,0,0,8,400B460103FFFFFF,can0
6587,1786717363.107026,609034.65174635,435294784,1,0,0,8,41FFFFFFFFFFFFFF,can0
6588,1786717363.1082368,609034.652951892,435357504,1,0,0,8,4602230C920000FF,can0
6589,1786717363.1090698,609034.653785017,435294784,1,0,0,8,200B460203FFFFFF,can0
6590,1786717363.1100936,609034.654807934,435294784,1,0,0,8,21FFFFFFFFFFFFFF,can0
6591,1786717363.1110353,609034.655749059,435357504,1,0,0,8,4603080C610000FF,can0
6592,1786717363.1117792,609034.656494017,435294784,1,0,0,8,200B460303FFFFFF,can0
6593,1786717363.11261,609034.65732435,435294784,1,0,0,8,21FFFFFFFFFFFFFF,can0
6594,1786717363.1162248,609034.660939309,435357504,1,0,0,8,4604B508000000FF,can0
6595,1786717363.1170535,609034.661768225,435294784,1,0,0,8,200B460403FFFFFF,can0
6596,1786717363.1178703,609034.662585642,435294784,1,0,0,8,21FFFFFFFFFFFFFF,can0
6597,1786717363.118576,609034.663291225,435357248,1,0,0,8,46FFFC00FFFFFFFF,can0
6598,1786717363.17986,609034.724580434,773,0,0,0,8,0000000000000000,can0
6599,1786717363.180955,609034.725669809,775,0,0,0,8,1234567856494300,can0
6600,1786717363.274043,609034.8187636,435295297,1,0,0,8,007A15D60004746D,can0
6601,1786717363.283238,609034.827953142,435294785,1,0,0,8,400B6D0000FFFFFF,can0
6602,1786717363.2842004,609034.828913392,435294785,1,0,0,8,41FF4700FFFFFFFF,can0
6603,1786717363.2848237,609034.829536642,435357505,1,0,0,8,6D01170C6F0000FF,can0
6604,1786717363.2856443,609034.830359142,435294785,1,0,0,8,400B6D0103FFFFFF,can0
6605,1786717363.2863617,609034.8310751,435294785,1,0,0,8,41FFFFFFFFFFFFFF,can0
6606,1786717363.2889931,609034.833709475,435357505,1,0,0,8,6D02010CAB0000FF,can0
6607,1786717363.2946808,609034.839397184,435294785,1,0,0,8,200B6D0203FFFFFF,can0
6608,1786717363.2969468,609034.841663309,435294785,1,0,0,8,21FFFFFFFFFFFFFF,can0
6609,1786717363.3014102,609034.846130434,435357505,1,0,0,8,6D03960C700000FF,can0
6610,1786717363.3022552,609034.846968725,435294785,1,0,0,8,200B6D0303FFFFFF,can0
6611,1786717363.3028486,609034.84756235,435294785,1,0,0,8,21FFFFFFFFFFFFFF,can0
6612,1786717363.3033745,609034.84808785,435357505,1,0,0,8,6D048F08000000FF,can0
6613,1786717363.3044322,609034.849145809,435294785,1,0,0,8,200B6D0403FFFFFF,can0
6614,1786717363.3050206,609034.849733517,435294785,1,0,0,8,21FFFFFFFFFFFFFF,can0
6615,1786717363.3085957,609034.853312517,435357249,1,0,0,8,6DFFFC00FFFFFFFF,can0
6616,1786717363.5496309,609035.094350017,485490496,1,0,0,8,66990102FC000000,can0
6617,1786717363.5504932,609035.095208142,485490496,1,0,0,8,66990A02FC000000,can0
6618,1786717363.596941,609035.141661101,485490496,1,0,0,8,6699000201000000,can0
6619,1786717363.5990534,609035.143767226,485490496,1,0,0,8,6699020200000000,can0
6620,1786717363.6036253,609035.148345309,485490496,1,0,0,8,6699070200000000,can0
6621,1786717363.6046555,609035.149370976,485490496,1,0,0,8,66991E0300000000,can0
6622,1786717363.6119602,609035.156691267,485490496,1,0,0,8,66991C0300000000,can0
6623,1786717363.6134233,609035.158137851,485490496,1,0,0,8,66998DED7B150000,can0
6624,1786717363.6443975,609035.189138351,485490496,1,0,0,8,66998FEDF8000000,can0
6625,1786717363.6459203,609035.190635684,485490496,1,0,0,8,6699ECED04740000,can0
6626,1786717363.6524756,609035.197196392,485490496,1,0,0,8,6699DAED00000000,can0
6627,1786717363.6917937,609035.236514267,485490497,1,0,0,8,6699BCEDE7E00100,can0
6628,1786717363.6933448,609035.238060017,485490497,1,0,0,8,6699CCECFE850000,can0
6629,1786717363.694241,609035.238955642,485490497,1,0,0,8,6699CBECE5780000,can0
6630,1786717363.699997,609035.244715976,485490497,1,0,0,8,6699DCECF6CD0000,can0
6631,1786717363.7064402,609035.251157559,485490497,1,0,0,8,6699DBEC0B780000,can0
6632,1786717363.7073567,609035.252069601,485490497,1,0,0,8,6699ECEC118D0000,can0
6633,1786717363.7078772,609035.252589267,485490497,1,0,0,8,6699EBECE77D0000,can0
6634,1786717363.7085657,609035.253278726,485490497,1,0,0,8,6699FBEC91550000,can0
6635,1786717363.7425754,609035.287295559,485490496,1,0,0,8,6699DBED26110000,can0
6636,1786717363.7812312,609035.325951642,485490497,1,0,0,8,6699B3ED02000000,can0
6637,1786717363.7836983,609035.328416434,485490497,1,0,0,8,6699C3EC02000000,can0
6638,1786717363.7912972,609035.336015142,485490497,1,0,0,8,6699D3EC02000000,can0
6639,1786717363.7921922,609035.336906934,485490497,1,0,0,8,6699E3EC02000000,can0
6640,1786717363.8047516,609035.349471309,485490497,1,0,0,8,6699F3EC02000000,can0
6641,1786717363.8058274,609035.350541642,485490496,1,0,0,8,6699DBED1C110000,can0
6642,1786717363.848843,609035.393563101,485490496,1,0,0,8,6699B3ED01000000,can0
6643,1786717363.8497598,609035.394474434,485490496,1,0,0,8,6699BCEDC7E70100,can0
6644,1786717363.8588688,609035.403590434,485490496,1,0,0,8,6699BCEDC7E70100,can0
6645,1786717363.8602066,609035.404922392,485490496,1,0,0,8,6699B1ED4C3A7A00,can0
6646,1786717363.8610413,609035.405755101,485490496,1,0,0,8,6699CCEC2FC20000,can0
6647,1786717363.865652,609035.410372184,485490496,1,0,0,8,6699CBECAC740000,can0
6648,1786717363.8666122,609035.411326309,485490496,1,0,0,8,6699DCECBAAF0000,can0
6649,1786717363.8699272,609035.414642517,485490496,1,0,0,8,6699DBEC5F790000,can0
6650,1786717363.8707376,609035.415452601,485490496,1,0,0,8,6699ECECF0750000,can0
6651,1786717363.8717334,609035.416453767,485490496,1,0,0,8,6699EBEC5B780000,can0
6652,1786717363.8725195,609035.417233684,485490496,1,0,0,8,6699FBEC11570000,can0
6653,1786717363.942709,609035.487429226,502267712,1,0,0,8,40266699501000B5,can0
6654,1786717363.9442337,609035.488950017,502267712,1,0,0,8,41020000FFFFFFFF,can0
6655,1786717363.948447,609035.493164684,502267712,1,0,0,8,428515AB14000000,can0
6656,1786717363.949351,609035.494065601,502267712,1,0,0,8,430000C202000000,can0
6657,1786717363.9500768,609035.494790809,502267712,1,0,0,8,4400420E00009602,can0
6658,1786717363.9508774,609035.495591309,502267712,1,0,0,8,45EE9A4001FFFFFF,can0
6659,1786717364.0764644,609035.621184517,485490497,1,0,0,8,6699DBED72100000,can0
6660,1786717364.0842075,609035.628927017,485441761,1,0,0,8,6699152031030000,can0
6661,1786717364.085511,609035.630226809,485490496,1,0,0,8,6699152031030000,can0
6662,1786717364.0864372,609035.631150392,485442017,1,0,0,8,6699152019030000,can0
6663,1786717364.088243,609035.632956809,485490497,1,0,0,8,6699152019030000,can0
6664,1786717364.0991135,609035.643833601,485490496,1,0,0,8,66994E0301000000,can0
6665,1786717364.1071036,609035.651823851,485490657,1,0,0,8,6699FF0FAC260000,can0
6666,1786717364.1080046,609035.652719851,485490657,1,0,0,8,66991C205443FFFF,can0
6667,1786717364.17847,609035.723190559,773,0,0,0,8,0000000000000000,can0
6668,1786717364.1819181,609035.726633476,775,0,0,0,8,1234567856494300,can0
6669,1786717364.1838832,609035.728604642,485490657,1,0,0,8,6699022079150000,can0
6670,1786717364.4426725,609035.987392476,485490496,1,0,0,8,66998DED7A150000,can0
6671,1786717364.5902646,609036.134984768,435295296,1,0,0,8,007A15F800047464,can0
6672,1786717364.5925863,609036.137302726,435294784,1,0,0,8,600B640000FFFFFF,can0
6673,1786717364.5940864,609036.138801226,435294784,1,0,0,8,61FF4B00FFFFFFFF,can0
6674,1786717364.595539,609036.140255768,435357504,1,0,0,8,6401AC0BA70000FF,can0
6675,1786717364.5965147,609036.141231101,435294784,1,0,0,8,600B640103FFFFFF,can0
6676,1786717364.5985951,609036.143312059,435294784,1,0,0,8,61FFFFFFFFFFFFFF,can0
6677,1786717364.599536,609036.144249559,435357504,1,0,0,8,6402230C910000FF,can0
6678,1786717364.6002934,609036.145006559,435294784,1,0,0,8,400B640203FFFFFF,can0
6679,1786717364.601009,609036.145722226,435294784,1,0,0,8,41FFFFFFFFFFFFFF,can0
6680,1786717364.6016972,609036.146411101,435357504,1,0,0,8,6403080C610000FF,can0
6681,1786717364.6023862,609036.147100143,435294784,1,0,0,8,400B640303FFFFFF,can0
6682,1786717364.6030898,609036.147804809,435294784,1,0,0,8,41FFFFFFFFFFFFFF,can0
6683,1786717364.603804,609036.148517351,435357504,1,0,0,8,6404B508000000FF,can0
6684,1786717364.6044283,609036.149140851,435294784,1,0,0,8,400B640403FFFFFF,can0
6685,1786717364.6050904,609036.149802893,435294784,1,0,0,8,41FFFFFFFFFFFFFF,can0
6686,1786717364.6057897,609036.150503518,435357248,1,0,0,8,64FFFC00FFFFFFFF,can0
6687,1786717364.6062827,609036.150994643,233966912,1,0,0,8,0001FDFFFFFFFFFF,can0
6688,1786717364.6413426,609036.186062393,485490497,1,0,0,8,6699DBED68100000,can0
6689,1786717364.6917515,609036.236472768,485490497,1,0,0,8,6699B3ED01000000,can0
6690,1786717364.6929111,609036.237625726,485490497,1,0,0,8,6699BCEDC5E00100,can0
6691,1786717364.6964443,609036.241160226,485490497,1,0,0,8,6699C3EC01000000,can0
6692,1786717364.6982965,609036.243013101,485490497,1,0,0,8,6699CCECF0850000,can0
6693,1786717364.6992207,609036.243935101,485490497,1,0,0,8,6699CBECDD780000,can0
6694,1786717364.6999614,609036.244675851,485490497,1,0,0,8,6699D3EC01000000,can0
6695,1786717364.7008884,609036.245602851,485490497,1,0,0,8,6699DCECBCCD0000,can0
6696,1786717364.7027159,609036.247429143,485490497,1,0,0,8,6699DBEC4B780000,can0
6697,1786717364.7032437,609036.247955851,485490497,1,0,0,8,6699E3EC01000000,can0
6698,1786717364.7036726,609036.248384226,485490497,1,0,0,8,6699ECEC158D0000,can0
6699,1786717364.7040718,609036.248783809,485490497,1,0,0,8,6699EBECE27D0000,can0
6700,1786717364.7044528,609036.249164809,485490497,1,0,0,8,6699F3EC01000000,can0
6701,1786717364.7125435,609036.257258059,485490497,1,0,0,8,6699FBEC92550000,can0
6702,1786717364.7741916,609036.318911893,435295297,1,0,0,8,007A15D60004748B,can0
6703,1786717364.7763398,609036.321055684,435294785,1,0,0,8,600B8B0000FFFFFF,can0
6704,1786717364.7776713,609036.322397059,435294785,1,0,0,8,61FF4700FFFFFFFF,can0
6705,1786717364.7790816,609036.323796851,435357505,1,0,0,8,8B01160C6F0000FF,can0
6706,1786717364.7800145,609036.324727893,435294785,1,0,0,8,600B8B0103FFFFFF,can0
6707,1786717364.7826645,609036.327379976,435294785,1,0,0,8,61FFFFFFFFFFFFFF,can0
6708,1786717364.7848191,609036.329534893,435357505,1,0,0,8,8B02070CAC0000FF,can0
6709,1786717364.7860324,609036.330747643,435294785,1,0,0,8,400B8B0203FFFFFF,can0
6710,1786717364.7868562,609036.331571309,435294785,1,0,0,8,41FFFFFFFFFFFFFF,can0
6711,1786717364.7876372,609036.332351393,435357505,1,0,0,8,8B03950C6F0000FF,can0
6712,1786717364.789877,609036.334591768,435294785,1,0,0,8,400B8B0303FFFFFF,can0
6713,1786717364.791476,609036.336191059,435294785,1,0,0,8,41FFFFFFFFFFFFFF,can0
6714,1786717364.7922843,609036.336997726,435357505,1,0,0,8,8B048F08000000FF,can0
6715,1786717364.7933233,609036.338037393,435294785,1,0,0,8,400B8B0403FFFFFF,can0
6716,1786717364.7940178,609036.338731351,435294785,1,0,0,8,41FFFFFFFFFFFFFF,can0
6717,1786717364.7946587,609036.339372434,435357249,1,0,0,8,8BFFFC00FFFFFFFF,can0
6718,1786717364.8563688,609036.401088476,485490496,1,0,0,8,6699BCED6DE70100,can0
6719,1786717364.8573766,609036.402091726,485490496,1,0,0,8,6699B1ED82307A00,can0
6720,1786717364.8581583,609036.402871934,485490496,1,0,0,8,6699CCEC08C20000,can0
6721,1786717364.8588524,609036.403566351,485490496,1,0,0,8,6699CBECA9740000,can0
6722,1786717364.8597114,609036.404426018,485490496,1,0,0,8,6699DCEC8EAF0000,can0
6723,1786717364.8609738,609036.405696393,485490496,1,0,0,8,6699DBEC5F790000,can0
6724,1786717364.862078,609036.406794726,485490496,1,0,0,8,6699ECEC1F760000,can0
6725,1786717364.863282,609036.407996309,485490496,1,0,0,8,6699EBEC5B780000,can0
6726,1786717364.864321,609036.409044934,485490496,1,0,0,8,6699FBEC0E570000,can0
6727,1786717364.9926412,609036.537362768,485490496,1,0,0,8,6699DBED26110000,can0
6728,1786717365.0890396,609036.633760601,485490657,1,0,0,8,6699FF0FAC260000,can0
6729,1786717365.0899417,609036.634656351,485490657,1,0,0,8,66991C201C44FFFF,can0
6730,1786717365.1846566,609036.729376351,773,0,0,0,8,0000000000000000,can0
6731,1786717365.1858861,609036.730601185,775,0,0,0,8,1234567856494300,can0
6732,1786717365.6385708,609037.183291518,485490497,1,0,0,8,6699DBED72100000,can0
6733,1786717365.6917312,609037.236447393,485490497,1,0,0,8,6699BCED3EE00100,can0
6734,1786717365.695876,609037.240591518,485490497,1,0,0,8,6699CCECD9850000,can0
6735,1786717365.6974826,609037.242197477,485490497,1,0,0,8,6699CBECDA780000,can0
6736,1786717365.6982143,609037.24292781,485490497,1,0,0,8,6699DCEC94CD0000,can0
6737,1786717365.6987367,609037.243450643,485490497,1,0,0,8,6699DBEC4A780000,can0
6738,1786717365.6992648,609037.243976602,485490497,1,0,0,8,6699ECECE78C0000,can0
6739,1786717365.6996772,609037.244389143,485490497,1,0,0,8,6699EBECE37D0000,can0
6740,1786717365.700215,609037.24493506,485490497,1,0,0,8,6699FBEC91550000,can0
6741,1786717365.780309,609037.325030352,485490497,1,0,0,8,6699D3EC02000000,can0
6742,1786717365.7817786,609037.326494268,485490497,1,0,0,8,6699E3EC02000000,can0
6743,1786717365.7888193,609037.333534643,485490497,1,0,0,8,6699F3EC02000000,can0
6744,1786717365.8035498,609037.348269477,485490496,1,0,0,8,6699DBED26110000,can0
6745,1786717365.8334792,609037.37819981,485490497,1,0,0,8,6699FCECBE000000,can0
6746,1786717365.8561335,609037.400852227,485490496,1,0,0,8,6699BCED8CE60100,can0
6747,1786717365.8570538,609037.401766977,485490496,1,0,0,8,6699B1ED40417A00,can0
6748,1786717365.8576787,609037.402392768,485490496,1,0,0,8,6699CCEC99C10000,can0
6749,1786717365.858387,609037.403100435,485490496,1,0,0,8,6699CBECAB740000,can0
6750,1786717365.8599741,609037.404689935,485490496,1,0,0,8,6699DCEC3CAF0000,can0
6751,1786717365.8606315,609037.405344102,485490496,1,0,0,8,6699DBEC65790000,can0
6752,1786717365.8656602,609037.410381685,485490496,1,0,0,8,6699ECECBB750000,can0
6753,1786717365.867022,609037.411735893,485490496,1,0,0,8,6699EBEC5F780000,can0
6754,1786717365.867803,609037.412516852,485490496,1,0,0,8,6699FBEC11570000,can0
6755,1786717366.0762465,609037.62103531,485490497,1,0,0,8,66998FEDD7000000,can0
6756,1786717366.0907855,609037.635505518,435295296,1,0,0,8,007A15F800047482,can0
6757,1786717366.0919864,609037.63670056,435294784,1,0,0,8,800B820000FFFFFF,can0
6758,1786717366.104131,609037.648846893,435294784,1,0,0,8,81FF4B00FFFFFFFF,can0
6759,1786717366.104941,609037.649654893,435357504,1,0,0,8,8201AB0BA60000FF,can0
6760,1786717366.1103761,609037.655091102,435294784,1,0,0,8,800B820103FFFFFF,can0
6761,1786717366.1111474,609037.655862727,435294784,1,0,0,8,81FFFFFFFFFFFFFF,can0
6762,1786717366.1118102,609037.656524685,435357504,1,0,0,8,8202240C910000FF,can0
6763,1786717366.112444,609037.657157852,435294784,1,0,0,8,600B820203FFFFFF,can0
6764,1786717366.1130624,609037.65777706,435294784,1,0,0,8,61FFFFFFFFFFFFFF,can0
6765,1786717366.113687,609037.658400393,435357504,1,0,0,8,82030A0C620000FF,can0
6766,1786717366.114314,609037.659028227,435294784,1,0,0,8,600B820303FFFFFF,can0
6767,1786717366.1149302,609037.659644643,435294784,1,0,0,8,61FFFFFFFFFFFFFF,can0
6768,1786717366.1291814,609037.673897852,435357504,1,0,0,8,8204B508000000FF,can0
6769,1786717366.137961,609037.682676352,435294784,1,0,0,8,600B820403FFFFFF,can0
6770,1786717366.1387503,609037.683463685,435294784,1,0,0,8,61FFFFFFFFFFFFFF,can0
6771,1786717366.1396346,609037.684349352,435357248,1,0,0,8,82FFFC00FFFFFFFF,can0
6772,1786717366.1456993,609037.690419102,485490657,1,0,0,8,6699FF0FAC260000,can0
6773,1786717366.1465647,609037.691278477,485490657,1,0,0,8,66991C20FC40FFFF,can0
6774,1786717366.1833143,609037.728035227,485441761,1,0,0,8,66990100D0EDFCFF,can0
6775,1786717366.1845105,609037.72923181,485441761,1,0,0,8,66990100DCEDFEFF,can0
6776,1786717366.1957831,609037.740510977,485441761,1,0,0,8,66990100DAEDFFFF,can0
6777,1786717366.196782,609037.74149781,485441761,1,0,0,8,669901002720FFFF,can0
6778,1786717366.1975431,609037.742257352,773,0,0,0,8,0000000000000000,can0
6779,1786717366.1982899,609037.743005018,485490496,1,0,0,8,6699DAED00000000,can0
6780,1786717366.199022,609037.743736685,775,0,0,0,8,1234567856494300,can0
6781,1786717366.199705,609037.74441881,485490496,1,0,0,8,66992720B5C60300,can0
6782,1786717366.2037592,609037.74847931,485490496,1,0,0,8,6699DCED81200000,can0
6783,1786717366.204712,609037.749426935,485490496,1,0,0,8,6699DDEDD2830200,can0
6784,1786717366.2058096,609037.750523852,485490496,1,0,0,8,6699D0ED730E0000,can0
6785,1786717366.2066195,609037.751334185,485490496,1,0,0,8,6699D1EDF9030000,can0
6786,1786717366.2073922,609037.75210706,485490496,1,0,0,8,6699D2ED420E0000,can0
6787,1786717366.208155,609037.752868518,485490496,1,0,0,8,6699D3EDB5020000,can0
6788,1786717366.235018,609037.779737935,485490497,1,0,0,8,66990102FC000000,can0
6789,1786717366.2361076,609037.78082181,485490497,1,0,0,8,66990A02FC000000,can0
6790,1786717366.274095,609037.818816518,435295297,1,0,0,8,007A15D7000474A9,can0
6791,1786717366.275068,609037.81978281,435294785,1,0,0,8,800BA90000FFFFFF,can0
6792,1786717366.286268,609037.830982643,435294785,1,0,0,8,81FF4700FFFFFFFF,can0
6793,1786717366.2871614,609037.831885518,435357505,1,0,0,8,A901150C6F0000FF,can0
6794,1786717366.2880814,609037.832795435,435294785,1,0,0,8,800BA90103FFFFFF,can0
6795,1786717366.289672,609037.834385602,435294785,1,0,0,8,81FFFFFFFFFFFFFF,can0
6796,1786717366.2904418,609037.835161727,435357505,1,0,0,8,A902380CA90000FF,can0
6797,1786717366.2913003,609037.836014102,435294785,1,0,0,8,600BA90203FFFFFF,can0
6798,1786717366.2918513,609037.836564227,435294785,1,0,0,8,61FFFFFFFFFFFFFF,can0
6799,1786717366.2923906,609037.837106393,435357505,1,0,0,8,A903BA0C6F0000FF,can0
6800,1786717366.2930186,609037.837731185,435294785,1,0,0,8,600BA90303FFFFFF,can0
6801,1786717366.3158934,609037.860609352,435294785,1,0,0,8,61FFFFFFFFFFFFFF,can0
6802,1786717366.3170075,609037.861724018,435357505,1,0,0,8,A9048208090000FF,can0
6803,1786717366.318161,609037.86287631,435294785,1,0,0,8,600BA90403FFFFFF,can0
6804,1786717366.3189883,609037.863702018,435294785,1,0,0,8,61FFFFFFFFFFFFFF,can0
6805,1786717366.3199687,609037.864681393,435357249,1,0,0,8,A9FFFC00FFFFFFFF,can0
6806,1786717366.3205187,609037.865231768,233966913,1,0,0,8,0001FDFFFFFFFFFF,can0
6807,1786717366.321004,609037.865718602,485490497,1,0,0,8,6699000201000000,can0
6808,1786717366.3215106,609037.866222643,485490497,1,0,0,8,6699020200000000,can0
6809,1786717366.321915,609037.86662656,485490497,1,0,0,8,6699070200000000,can0
6810,1786717366.322313,609037.867025768,485490497,1,0,0,8,66991E0300000000,can0
6811,1786717366.3227687,609037.867480477,485490497,1,0,0,8,66991C0300000000,can0
6812,1786717366.3233016,609037.868014227,485490497,1,0,0,8,66998DED7A150000,can0
6813,1786717366.3357325,609037.880453518,485490497,1,0,0,8,66998FEDD7000000,can0
6814,1786717366.3367183,609037.88143381,485490497,1,0,0,8,6699ECED04740000,can0
6815,1786717366.337727,609037.882443769,485490497,1,0,0,8,6699DAED00000000,can0
6816,1786717366.5455885,609038.090308977,485490497,1,0,0,8,6699B3ED01000000,can0
6817,1786717366.5465255,609038.091239394,485490497,1,0,0,8,6699BCEDFAED0100,can0
6818,1786717366.5794754,609038.124196519,485490497,1,0,0,8,6699B1ED1120F505,can0
6819,1786717366.6247306,609038.169449394,502267713,1,0,0,8,00266699501000EC,can0
6820,1786717366.6257648,609038.170478477,502267713,1,0,0,8,01000000FFFFFFFF,can0
6821,1786717366.6264951,609038.171207935,502267713,1,0,0,8,028515AF14000000,can0
6822,1786717366.6271596,609038.171872352,502267713,1,0,0,8,030000C102000000,can0
6823,1786717366.627732,609038.17244481,502267713,1,0,0,8,0400350900009F01,can0
6824,1786717366.6285162,609038.173230144,502267713,1,0,0,8,058A9A1300FFFFFF,can0
6825,1786717366.6416287,609038.186347935,485490497,1,0,0,8,66998FEDD9000000,can0
6826,1786717366.692279,609038.236998769,485490497,1,0,0,8,6699BCEDD9EF0100,can0
6827,1786717366.6931798,609038.237892352,485490497,1,0,0,8,6699B1ED9DE9DE05,can0
6828,1786717366.6941721,609038.238888519,485490497,1,0,0,8,6699CCECBD850000,can0
6829,1786717366.69529,609038.240082894,485490497,1,0,0,8,6699CBECD3780000,can0
6830,1786717366.6962278,609038.240942769,485490497,1,0,0,8,6699D3EC01000000,can0
6831,1786717366.702615,609038.247331102,485490497,1,0,0,8,6699DCEC3CCD0000,can0
6832,1786717366.7062042,609038.250920394,485490497,1,0,0,8,6699DBEC8E780000,can0
6833,1786717366.7069967,609038.25171156,485490497,1,0,0,8,6699ECEC568E0000,can0
6834,1786717366.7077196,609038.252432477,485490497,1,0,0,8,6699EBEC4B800000,can0
6835,1786717366.7084062,609038.253119935,485490497,1,0,0,8,6699F3EC01000000,can0
6836,1786717366.7090805,609038.25379481,485490497,1,0,0,8,6699FCEC900F0000,can0
6837,1786717366.7099843,609038.25469756,485490497,1,0,0,8,6699FBEC98540000,can0
6838,1786717366.7343326,609038.279052227,485490497,1,0,0,8,6699E3EC01000000,can0
6839,1786717366.782611,609038.327330935,485490497,1,0,0,8,66994E0301000000,can0
6840,1786717366.8038142,609038.34853356,485490496,1,0,0,8,6699DBED26110000,can0
6841,1786717366.8419423,609038.38666181,485490496,1,0,0,8,66998FEDF7000000,can0
6842,1786717366.8570437,609038.40176306,485490496,1,0,0,8,6699BCEDF1E60100,can0
6843,1786717366.8578956,609038.40260906,485490496,1,0,0,8,6699B1ED10037A00,can0
6844,1786717366.8587406,609038.403454602,485490496,1,0,0,8,6699CCEC9DC10000,can0
6845,1786717366.8593037,609038.404016685,485490496,1,0,0,8,6699CBECA7740000,can0
6846,1786717366.8601527,609038.404866185,485490496,1,0,0,8,6699DCEC0CAF0000,can0
6847,1786717366.8612933,609038.40600631,485490496,1,0,0,8,6699DBEC66790000,can0
6848,1786717366.8627746,609038.407492644,485490496,1,0,0,8,6699ECECCC750000,can0
6849,1786717366.8637395,609038.408453935,485490496,1,0,0,8,6699EBEC60780000,can0
6850,1786717366.864776,609038.409492727,485490496,1,0,0,8,6699FBEC10570000,can0
6851,1786717367.090336,609038.635055644,485441761,1,0,0,8,6699152030030000,can0
6852,1786717367.0912695,609038.635983019,485490496,1,0,0,8,6699152030030000,can0
6853,1786717367.095618,609038.640338936,485442017,1,0,0,8,669915201A030000,can0
6854,1786717367.096473,609038.641187686,485490497,1,0,0,8,669915201A030000,can0
6855,1786717367.120515,609038.665235019,485490657,1,0,0,8,6699FF0FAC260000,can0
6856,1786717367.121622,609038.666336436,485490657,1,0,0,8,66991C208C42FFFF,can0
6857,1786717367.1859157,609038.730635769,773,0,0,0,8,0000000000000000,can0
6858,1786717367.188974,609038.733693727,775,0,0,0,8,1234567856494300,can0
6859,1786717367.190889,609038.735603061,485490657,1,0,0,8,6699022079150000,can0
6860,1786717367.3817987,609038.926518936,485490657,1,0,0,8,669901207C150000,can0
6861,1786717367.3828404,609038.927556269,485490657,1,0,0,8,66990E200D000000,can0
6862,1786717367.589517,609039.134237227,435295296,1,0,0,8,007A15F7000474A0,can0
6863,1786717367.5904078,609039.135122977,435294784,1,0,0,8,A00BA00000FFFFFF,can0
6864,1786717367.5910387,609039.135752227,435294784,1,0,0,8,A1FF4B00FFFFFFFF,can0
6865,1786717367.5915961,609039.136308977,435357504,1,0,0,8,A001AA0BA60000FF,can0
6866,1786717367.5920997,609039.136811686,435294784,1,0,0,8,A00BA00103FFFFFF,can0
6867,1786717367.5926259,609039.137337769,435294784,1,0,0,8,A1FFFFFFFFFFFFFF,can0
6868,1786717367.5931494,609039.137861644,435357504,1,0,0,8,A002220C900000FF,can0
6869,1786717367.5936663,609039.138377852,435294784,1,0,0,8,800BA00203FFFFFF,can0
6870,1786717367.5941765,609039.138889061,435294784,1,0,0,8,81FFFFFFFFFFFFFF,can0
6871,1786717367.5948038,609039.139516602,435357504,1,0,0,8,A003090C610000FF,can0
6872,1786717367.595737,609039.140453394,435294784,1,0,0,8,800BA00303FFFFFF,can0
6873,1786717367.5965588,609039.141271436,435294784,1,0,0,8,81FFFFFFFFFFFFFF,can0
6874,1786717367.5971425,609039.141855436,435357504,1,0,0,8,A004B508000000FF,can0
6875,1786717367.5978844,609039.142600019,435294784,1,0,0,8,800BA00403FFFFFF,can0
6876,1786717367.5985816,609039.143294436,435294784,1,0,0,8,81FFFFFFFFFFFFFF,can0
6877,1786717367.5990937,609039.143807852,435357248,1,0,0,8,A0FFFC00FFFFFFFF,can0
6878,1786717367.6385026,609039.183221727,485490497,1,0,0,8,66998FEDDD000000,can0
6879,1786717367.6915226,609039.236243019,485490497,1,0,0,8,6699BCED53EF0100,can0
6880,1786717367.692648,609039.237363144,485490497,1,0,0,8,6699B1EDD38FEF05,can0
6881,1786717367.705045,609039.249762727,485490497,1,0,0,8,6699CCEC90850000,can0
6882,1786717367.706092,609039.250806894,485490497,1,0,0,8,6699CBECC5780000,can0
6883,1786717367.7074397,609039.252155311,485490497,1,0,0,8,6699DCEC2ECD0000,can0
6884,1786717367.7088969,609039.253610519,485490497,1,0,0,8,6699DBECCA780000,can0
6885,1786717367.7099395,609039.254666394,485490497,1,0,0,8,6699ECECC58C0000,can0
6886,1786717367.7194421,609039.264156769,485490497,1,0,0,8,6699EBECDA7D0000,can0
6887,1786717367.7202692,609039.264983477,485490497,1,0,0,8,6699FCECA80F0000,can0
6888,1786717367.7209594,609039.265674061,485490497,1,0,0,8,6699FBEC96540000,can0
6889,1786717367.774095,609039.318815978,435295297,1,0,0,8,007A15DD000474C7,can0
6890,1786717367.7774339,609039.322152269,435294785,1,0,0,8,A00BC70000FFFFFF,can0
6891,1786717367.7816906,609039.326407644,435294785,1,0,0,8,A1FF4700FFFFFFFF,can0
6892,1786717367.7876623,609039.332378561,435357505,1,0,0,8,C701140C6F0000FF,can0
6893,1786717367.7885108,609039.333224644,435294785,1,0,0,8,A00BC70103FFFFFF,can0
6894,1786717367.79637,609039.341085019,435294785,1,0,0,8,A1FFFFFFFFFFFFFF,can0
6895,1786717367.7983134,609039.343032394,435357505,1,0,0,8,C702140CAA0000FF,can0
6896,1786717367.7997594,609039.344475561,435294785,1,0,0,8,800BC70203FFFFFF,can0
6897,1786717367.8006318,609039.345345394,435294785,1,0,0,8,81FFFFFFFFFFFFFF,can0
6898,1786717367.8017251,609039.346439644,435357505,1,0,0,8,C703960C700000FF,can0
6899,1786717367.802531,609039.347246269,435294785,1,0,0,8,800BC70303FFFFFF,can0
6900,1786717367.8037696,609039.348484019,435294785,1,0,0,8,81FFFFFFFFFFFFFF,can0
6901,1786717367.807096,609039.351812978,435357505,1,0,0,8,C7047608130000FF,can0
6902,1786717367.8080058,609039.352719478,435294785,1,0,0,8,800BC70403FFFFFF,can0
6903,1786717367.8087819,609039.353495269,435294785,1,0,0,8,81FFFFFFFFFFFFFF,can0
6904,1786717367.8094735,609039.354187894,435357249,1,0,0,8,C7FFFC00FFFFFFFF,can0
6905,1786717367.818308,609039.363027478,485442017,1,0,0,8,66990100D0EDFCFF,can0
6906,1786717367.8192642,609039.363979186,485442017,1,0,0,8,66990100DCEDFEFF,can0
6907,1786717367.8200793,609039.364793228,485442017,1,0,0,8,66990100DAEDFFFF,can0
6908,1786717367.820736,609039.365450478,485442017,1,0,0,8,669901002720FFFF,can0
6909,1786717367.8214376,609039.366153103,485490497,1,0,0,8,6699DAED00000000,can0
6910,1786717367.8220866,609039.366799853,485490497,1,0,0,8,669927200BD60300,can0
6911,1786717367.822735,609039.367449269,485490496,1,0,0,8,6699DBED26110000,can0
6912,1786717367.8483763,609039.393096353,485490497,1,0,0,8,6699DCED3A110000,can0
6913,1786717367.856158,609039.400872353,485490497,1,0,0,8,6699DDEDC0280000,can0
6914,1786717367.8571892,609039.401905561,485490497,1,0,0,8,6699D0ED38080000,can0
6915,1786717367.85799,609039.402704269,485490497,1,0,0,8,6699D1ED29010000,can0
6916,1786717367.858904,609039.403618603,485490497,1,0,0,8,6699D2ED35090000,can0
6917,1786717367.859838,609039.404552269,485490497,1,0,0,8,6699D3EDEC000000,can0
6918,1786717367.860669,609039.405383394,485490496,1,0,0,8,6699BCED96E50100,can0
6919,1786717367.861512,609039.406225436,485490496,1,0,0,8,6699B1EDCC3A7A00,can0
6920,1786717367.8623402,609039.407053561,485490496,1,0,0,8,6699CCEC34C10000,can0
6921,1786717367.8631124,609039.407825936,485490496,1,0,0,8,6699CBECA6740000,can0
6922,1786717367.8638191,609039.408532978,485490496,1,0,0,8,6699DCEC4CAF0000,can0
6923,1786717367.8773499,609039.422065144,485490496,1,0,0,8,6699DBEC68790000,can0
6924,1786717367.8785079,609039.423223019,485490496,1,0,0,8,6699ECEC99750000,can0
6925,1786717367.8804996,609039.425214603,485490496,1,0,0,8,6699EBEC61780000,can0
6926,1786717367.8823235,609039.427040978,485490496,1,0,0,8,6699FBEC0F570000,can0
6927,1786717368.0907345,609039.635461644,485490657,1,0,0,8,6699FF0FAC260000,can0
6928,1786717368.0980499,609039.642769144,485490657,1,0,0,8,66991C209840FFFF,can0
6929,1786717368.1862776,609039.730995853,773,0,0,0,8,0000000000000000,can0
